load_balancer,target_group,metric_name,period_start_utc,period_end_utc,value
app/bodegaai-production-alb/31b69d3d76ab5ed1,,RequestCount,2026-05-01T00:00:00Z,2026-05-01T01:00:00Z,0
app/bodegaai-production-alb/31b69d3d76ab5ed1,,RequestCount,2026-05-01T01:00:00Z,2026-05-01T02:00:00Z,0
app/bodegaai-production-alb/31b69d3d76ab5ed1,,RequestCount,2026-05-01T02:00:00Z,2026-05-01T03:00:00Z,0
app/bodegaai-production-alb/31b69d3d76ab5ed1,,RequestCount,2026-05-01T03:00:00Z,2026-05-01T04:00:00Z,0
app/bodegaai-production-alb/31b69d3d76ab5ed1,,RequestCount,2026-05-01T04:00:00Z,2026-05-01T05:00:00Z,0
app/bodegaai-production-alb/31b69d3d76ab5ed1,,RequestCount,2026-05-01T05:00:00Z,2026-05-01T06:00:00Z,0
app/bodegaai-production-alb/31b69d3d76ab5ed1,,RequestCount,2026-05-01T06:00:00Z,2026-05-01T07:00:00Z,0
app/bodegaai-production-alb/31b69d3d76ab5ed1,,RequestCount,2026-05-01T07:00:00Z,2026-05-01T08:00:00Z,0
app/bodegaai-production-alb/31b69d3d76ab5ed1,,RequestCount,2026-05-01T08:00:00Z,2026-05-01T09:00:00Z,0
app/bodegaai-production-alb/31b69d3d76ab5ed1,,RequestCount,2026-05-01T09:00:00Z,2026-05-01T10:00:00Z,0
app/bodegaai-production-alb/31b69d3d76ab5ed1,,RequestCount,2026-05-01T10:00:00Z,2026-05-01T11:00:00Z,0
app/bodegaai-production-alb/31b69d3d76ab5ed1,,RequestCount,2026-05-01T11:00:00Z,2026-05-01T12:00:00Z,0
app/bodegaai-production-alb/31b69d3d76ab5ed1,,RequestCount,2026-05-01T12:00:00Z,2026-05-01T13:00:00Z,0
app/bodegaai-production-alb/31b69d3d76ab5ed1,,RequestCount,2026-05-01T13:00:00Z,2026-05-01T14:00:00Z,0
app/bodegaai-production-alb/31b69d3d76ab5ed1,,RequestCount,2026-05-01T14:00:00Z,2026-05-01T15:00:00Z,0
app/bodegaai-production-alb/31b69d3d76ab5ed1,,RequestCount,2026-05-01T15:00:00Z,2026-05-01T16:00:00Z,0
app/bodegaai-production-alb/31b69d3d76ab5ed1,,RequestCount,2026-05-01T16:00:00Z,2026-05-01T17:00:00Z,0
app/bodegaai-production-alb/31b69d3d76ab5ed1,,RequestCount,2026-05-01T17:00:00Z,2026-05-01T18:00:00Z,0
app/bodegaai-production-alb/31b69d3d76ab5ed1,,RequestCount,2026-05-01T18:00:00Z,2026-05-01T19:00:00Z,0
app/bodegaai-production-alb/31b69d3d76ab5ed1,,RequestCount,2026-05-01T19:00:00Z,2026-05-01T20:00:00Z,0
app/bodegaai-production-alb/31b69d3d76ab5ed1,,RequestCount,2026-05-01T20:00:00Z,2026-05-01T21:00:00Z,0
app/bodegaai-production-alb/31b69d3d76ab5ed1,,RequestCount,2026-05-01T21:00:00Z,2026-05-01T22:00:00Z,0
app/bodegaai-production-alb/31b69d3d76ab5ed1,,RequestCount,2026-05-01T22:00:00Z,2026-05-01T23:00:00Z,0
app/bodegaai-production-alb/31b69d3d76ab5ed1,,RequestCount,2026-05-01T23:00:00Z,2026-05-02T00:00:00Z,0
app/bodegaai-production-alb/31b69d3d76ab5ed1,,RequestCount,2026-05-02T00:00:00Z,2026-05-02T01:00:00Z,0
app/bodegaai-production-alb/31b69d3d76ab5ed1,,RequestCount,2026-05-02T01:00:00Z,2026-05-02T02:00:00Z,0
app/bodegaai-production-alb/31b69d3d76ab5ed1,,RequestCount,2026-05-02T02:00:00Z,2026-05-02T03:00:00Z,0
app/bodegaai-production-alb/31b69d3d76ab5ed1,,RequestCount,2026-05-02T03:00:00Z,2026-05-02T04:00:00Z,0
app/bodegaai-production-alb/31b69d3d76ab5ed1,,RequestCount,2026-05-02T04:00:00Z,2026-05-02T05:00:00Z,0
app/bodegaai-production-alb/31b69d3d76ab5ed1,,RequestCount,2026-05-02T05:00:00Z,2026-05-02T06:00:00Z,0
app/bodegaai-production-alb/31b69d3d76ab5ed1,,RequestCount,2026-05-02T06:00:00Z,2026-05-02T07:00:00Z,0
app/bodegaai-production-alb/31b69d3d76ab5ed1,,RequestCount,2026-05-02T07:00:00Z,2026-05-02T08:00:00Z,0
app/bodegaai-production-alb/31b69d3d76ab5ed1,,RequestCount,2026-05-02T08:00:00Z,2026-05-02T09:00:00Z,0
app/bodegaai-production-alb/31b69d3d76ab5ed1,,RequestCount,2026-05-02T09:00:00Z,2026-05-02T10:00:00Z,0
app/bodegaai-production-alb/31b69d3d76ab5ed1,,RequestCount,2026-05-02T10:00:00Z,2026-05-02T11:00:00Z,0
app/bodegaai-production-alb/31b69d3d76ab5ed1,,RequestCount,2026-05-02T11:00:00Z,2026-05-02T12:00:00Z,0
app/bodegaai-production-alb/31b69d3d76ab5ed1,,RequestCount,2026-05-02T12:00:00Z,2026-05-02T13:00:00Z,0
app/bodegaai-production-alb/31b69d3d76ab5ed1,,RequestCount,2026-05-02T13:00:00Z,2026-05-02T14:00:00Z,0
app/bodegaai-production-alb/31b69d3d76ab5ed1,,RequestCount,2026-05-02T14:00:00Z,2026-05-02T15:00:00Z,0
app/bodegaai-production-alb/31b69d3d76ab5ed1,,RequestCount,2026-05-02T15:00:00Z,2026-05-02T16:00:00Z,0
app/bodegaai-production-alb/31b69d3d76ab5ed1,,RequestCount,2026-05-02T16:00:00Z,2026-05-02T17:00:00Z,0
app/bodegaai-production-alb/31b69d3d76ab5ed1,,RequestCount,2026-05-02T17:00:00Z,2026-05-02T18:00:00Z,0
app/bodegaai-production-alb/31b69d3d76ab5ed1,,RequestCount,2026-05-02T18:00:00Z,2026-05-02T19:00:00Z,0
app/bodegaai-production-alb/31b69d3d76ab5ed1,,RequestCount,2026-05-02T19:00:00Z,2026-05-02T20:00:00Z,0
app/bodegaai-production-alb/31b69d3d76ab5ed1,,RequestCount,2026-05-02T20:00:00Z,2026-05-02T21:00:00Z,0
app/bodegaai-production-alb/31b69d3d76ab5ed1,,RequestCount,2026-05-02T21:00:00Z,2026-05-02T22:00:00Z,0
app/bodegaai-production-alb/31b69d3d76ab5ed1,,RequestCount,2026-05-02T22:00:00Z,2026-05-02T23:00:00Z,0
app/bodegaai-production-alb/31b69d3d76ab5ed1,,RequestCount,2026-05-02T23:00:00Z,2026-05-03T00:00:00Z,0
app/bodegaai-production-alb/31b69d3d76ab5ed1,,RequestCount,2026-05-03T00:00:00Z,2026-05-03T01:00:00Z,0
app/bodegaai-production-alb/31b69d3d76ab5ed1,,RequestCount,2026-05-03T01:00:00Z,2026-05-03T02:00:00Z,0
app/bodegaai-production-alb/31b69d3d76ab5ed1,,RequestCount,2026-05-03T02:00:00Z,2026-05-03T03:00:00Z,0
app/bodegaai-production-alb/31b69d3d76ab5ed1,,RequestCount,2026-05-03T03:00:00Z,2026-05-03T04:00:00Z,0
app/bodegaai-production-alb/31b69d3d76ab5ed1,,RequestCount,2026-05-03T04:00:00Z,2026-05-03T05:00:00Z,0
app/bodegaai-production-alb/31b69d3d76ab5ed1,,RequestCount,2026-05-03T05:00:00Z,2026-05-03T06:00:00Z,0
app/bodegaai-production-alb/31b69d3d76ab5ed1,,RequestCount,2026-05-03T06:00:00Z,2026-05-03T07:00:00Z,0
app/bodegaai-production-alb/31b69d3d76ab5ed1,,RequestCount,2026-05-03T07:00:00Z,2026-05-03T08:00:00Z,0
app/bodegaai-production-alb/31b69d3d76ab5ed1,,RequestCount,2026-05-03T08:00:00Z,2026-05-03T09:00:00Z,0
app/bodegaai-production-alb/31b69d3d76ab5ed1,,RequestCount,2026-05-03T09:00:00Z,2026-05-03T10:00:00Z,0
app/bodegaai-production-alb/31b69d3d76ab5ed1,,RequestCount,2026-05-03T10:00:00Z,2026-05-03T11:00:00Z,0
app/bodegaai-production-alb/31b69d3d76ab5ed1,,RequestCount,2026-05-03T11:00:00Z,2026-05-03T12:00:00Z,0
app/bodegaai-production-alb/31b69d3d76ab5ed1,,RequestCount,2026-05-03T12:00:00Z,2026-05-03T13:00:00Z,0
app/bodegaai-production-alb/31b69d3d76ab5ed1,,RequestCount,2026-05-03T13:00:00Z,2026-05-03T14:00:00Z,0
app/bodegaai-production-alb/31b69d3d76ab5ed1,,RequestCount,2026-05-03T14:00:00Z,2026-05-03T15:00:00Z,0
app/bodegaai-production-alb/31b69d3d76ab5ed1,,RequestCount,2026-05-03T15:00:00Z,2026-05-03T16:00:00Z,0
app/bodegaai-production-alb/31b69d3d76ab5ed1,,RequestCount,2026-05-03T16:00:00Z,2026-05-03T17:00:00Z,0
app/bodegaai-production-alb/31b69d3d76ab5ed1,,RequestCount,2026-05-03T17:00:00Z,2026-05-03T18:00:00Z,0
app/bodegaai-production-alb/31b69d3d76ab5ed1,,RequestCount,2026-05-03T18:00:00Z,2026-05-03T19:00:00Z,0
app/bodegaai-production-alb/31b69d3d76ab5ed1,,RequestCount,2026-05-03T19:00:00Z,2026-05-03T20:00:00Z,0
app/bodegaai-production-alb/31b69d3d76ab5ed1,,RequestCount,2026-05-03T20:00:00Z,2026-05-03T21:00:00Z,0
app/bodegaai-production-alb/31b69d3d76ab5ed1,,RequestCount,2026-05-03T21:00:00Z,2026-05-03T22:00:00Z,0
app/bodegaai-production-alb/31b69d3d76ab5ed1,,RequestCount,2026-05-03T22:00:00Z,2026-05-03T23:00:00Z,0
app/bodegaai-production-alb/31b69d3d76ab5ed1,,RequestCount,2026-05-03T23:00:00Z,2026-05-04T00:00:00Z,0
app/bodegaai-production-alb/31b69d3d76ab5ed1,,RequestCount,2026-05-04T00:00:00Z,2026-05-04T01:00:00Z,0
app/bodegaai-production-alb/31b69d3d76ab5ed1,,RequestCount,2026-05-04T01:00:00Z,2026-05-04T02:00:00Z,0
app/bodegaai-production-alb/31b69d3d76ab5ed1,,RequestCount,2026-05-04T02:00:00Z,2026-05-04T03:00:00Z,0
app/bodegaai-production-alb/31b69d3d76ab5ed1,,RequestCount,2026-05-04T03:00:00Z,2026-05-04T04:00:00Z,0
app/bodegaai-production-alb/31b69d3d76ab5ed1,,RequestCount,2026-05-04T04:00:00Z,2026-05-04T05:00:00Z,0
app/bodegaai-production-alb/31b69d3d76ab5ed1,,RequestCount,2026-05-04T05:00:00Z,2026-05-04T06:00:00Z,0
app/bodegaai-production-alb/31b69d3d76ab5ed1,,RequestCount,2026-05-04T06:00:00Z,2026-05-04T07:00:00Z,0
app/bodegaai-production-alb/31b69d3d76ab5ed1,,RequestCount,2026-05-04T07:00:00Z,2026-05-04T08:00:00Z,0
app/bodegaai-production-alb/31b69d3d76ab5ed1,,RequestCount,2026-05-04T08:00:00Z,2026-05-04T09:00:00Z,0
app/bodegaai-production-alb/31b69d3d76ab5ed1,,RequestCount,2026-05-04T09:00:00Z,2026-05-04T10:00:00Z,0
app/bodegaai-production-alb/31b69d3d76ab5ed1,,RequestCount,2026-05-04T10:00:00Z,2026-05-04T11:00:00Z,0
app/bodegaai-production-alb/31b69d3d76ab5ed1,,RequestCount,2026-05-04T11:00:00Z,2026-05-04T12:00:00Z,0
app/bodegaai-production-alb/31b69d3d76ab5ed1,,RequestCount,2026-05-04T12:00:00Z,2026-05-04T13:00:00Z,0
app/bodegaai-production-alb/31b69d3d76ab5ed1,,RequestCount,2026-05-04T13:00:00Z,2026-05-04T14:00:00Z,0
app/bodegaai-production-alb/31b69d3d76ab5ed1,,RequestCount,2026-05-04T14:00:00Z,2026-05-04T15:00:00Z,0
app/bodegaai-production-alb/31b69d3d76ab5ed1,,RequestCount,2026-05-04T15:00:00Z,2026-05-04T16:00:00Z,0
app/bodegaai-production-alb/31b69d3d76ab5ed1,,RequestCount,2026-05-04T16:00:00Z,2026-05-04T17:00:00Z,0
app/bodegaai-production-alb/31b69d3d76ab5ed1,,RequestCount,2026-05-04T17:00:00Z,2026-05-04T18:00:00Z,0
app/bodegaai-production-alb/31b69d3d76ab5ed1,,RequestCount,2026-05-04T18:00:00Z,2026-05-04T19:00:00Z,0
app/bodegaai-production-alb/31b69d3d76ab5ed1,,RequestCount,2026-05-04T19:00:00Z,2026-05-04T20:00:00Z,0
app/bodegaai-production-alb/31b69d3d76ab5ed1,,RequestCount,2026-05-04T20:00:00Z,2026-05-04T21:00:00Z,0
app/bodegaai-production-alb/31b69d3d76ab5ed1,,RequestCount,2026-05-04T21:00:00Z,2026-05-04T22:00:00Z,0
app/bodegaai-production-alb/31b69d3d76ab5ed1,,RequestCount,2026-05-04T22:00:00Z,2026-05-04T23:00:00Z,0
app/bodegaai-production-alb/31b69d3d76ab5ed1,,RequestCount,2026-05-04T23:00:00Z,2026-05-05T00:00:00Z,0
app/bodegaai-production-alb/31b69d3d76ab5ed1,,RequestCount,2026-05-05T00:00:00Z,2026-05-05T01:00:00Z,0
app/bodegaai-production-alb/31b69d3d76ab5ed1,,RequestCount,2026-05-05T01:00:00Z,2026-05-05T02:00:00Z,0
app/bodegaai-production-alb/31b69d3d76ab5ed1,,RequestCount,2026-05-05T02:00:00Z,2026-05-05T03:00:00Z,0
app/bodegaai-production-alb/31b69d3d76ab5ed1,,RequestCount,2026-05-05T03:00:00Z,2026-05-05T04:00:00Z,0
app/bodegaai-production-alb/31b69d3d76ab5ed1,,RequestCount,2026-05-05T04:00:00Z,2026-05-05T05:00:00Z,0
app/bodegaai-production-alb/31b69d3d76ab5ed1,,RequestCount,2026-05-05T05:00:00Z,2026-05-05T06:00:00Z,0
app/bodegaai-production-alb/31b69d3d76ab5ed1,,RequestCount,2026-05-05T06:00:00Z,2026-05-05T07:00:00Z,0
app/bodegaai-production-alb/31b69d3d76ab5ed1,,RequestCount,2026-05-05T07:00:00Z,2026-05-05T08:00:00Z,0
app/bodegaai-production-alb/31b69d3d76ab5ed1,,RequestCount,2026-05-05T08:00:00Z,2026-05-05T09:00:00Z,0
app/bodegaai-production-alb/31b69d3d76ab5ed1,,RequestCount,2026-05-05T09:00:00Z,2026-05-05T10:00:00Z,0
app/bodegaai-production-alb/31b69d3d76ab5ed1,,RequestCount,2026-05-05T10:00:00Z,2026-05-05T11:00:00Z,0
app/bodegaai-production-alb/31b69d3d76ab5ed1,,RequestCount,2026-05-05T11:00:00Z,2026-05-05T12:00:00Z,0
app/bodegaai-production-alb/31b69d3d76ab5ed1,,RequestCount,2026-05-05T12:00:00Z,2026-05-05T13:00:00Z,0
app/bodegaai-production-alb/31b69d3d76ab5ed1,,RequestCount,2026-05-05T13:00:00Z,2026-05-05T14:00:00Z,0
app/bodegaai-production-alb/31b69d3d76ab5ed1,,RequestCount,2026-05-05T14:00:00Z,2026-05-05T15:00:00Z,0
app/bodegaai-production-alb/31b69d3d76ab5ed1,,RequestCount,2026-05-05T15:00:00Z,2026-05-05T16:00:00Z,0
app/bodegaai-production-alb/31b69d3d76ab5ed1,,RequestCount,2026-05-05T16:00:00Z,2026-05-05T17:00:00Z,0
app/bodegaai-production-alb/31b69d3d76ab5ed1,,RequestCount,2026-05-05T17:00:00Z,2026-05-05T18:00:00Z,0
app/bodegaai-production-alb/31b69d3d76ab5ed1,,RequestCount,2026-05-05T18:00:00Z,2026-05-05T19:00:00Z,0
app/bodegaai-production-alb/31b69d3d76ab5ed1,,RequestCount,2026-05-05T19:00:00Z,2026-05-05T20:00:00Z,0
app/bodegaai-production-alb/31b69d3d76ab5ed1,,RequestCount,2026-05-05T20:00:00Z,2026-05-05T21:00:00Z,0
app/bodegaai-production-alb/31b69d3d76ab5ed1,,RequestCount,2026-05-05T21:00:00Z,2026-05-05T22:00:00Z,0
app/bodegaai-production-alb/31b69d3d76ab5ed1,,RequestCount,2026-05-05T22:00:00Z,2026-05-05T23:00:00Z,0
app/bodegaai-production-alb/31b69d3d76ab5ed1,,RequestCount,2026-05-05T23:00:00Z,2026-05-06T00:00:00Z,0
app/bodegaai-production-alb/31b69d3d76ab5ed1,,RequestCount,2026-05-06T00:00:00Z,2026-05-06T01:00:00Z,0
app/bodegaai-production-alb/31b69d3d76ab5ed1,,RequestCount,2026-05-06T01:00:00Z,2026-05-06T02:00:00Z,0
app/bodegaai-production-alb/31b69d3d76ab5ed1,,RequestCount,2026-05-06T02:00:00Z,2026-05-06T03:00:00Z,0
app/bodegaai-production-alb/31b69d3d76ab5ed1,,RequestCount,2026-05-06T03:00:00Z,2026-05-06T04:00:00Z,0
app/bodegaai-production-alb/31b69d3d76ab5ed1,,RequestCount,2026-05-06T04:00:00Z,2026-05-06T05:00:00Z,0
app/bodegaai-production-alb/31b69d3d76ab5ed1,,RequestCount,2026-05-06T05:00:00Z,2026-05-06T06:00:00Z,0
app/bodegaai-production-alb/31b69d3d76ab5ed1,,RequestCount,2026-05-06T06:00:00Z,2026-05-06T07:00:00Z,0
app/bodegaai-production-alb/31b69d3d76ab5ed1,,RequestCount,2026-05-06T07:00:00Z,2026-05-06T08:00:00Z,0
app/bodegaai-production-alb/31b69d3d76ab5ed1,,RequestCount,2026-05-06T08:00:00Z,2026-05-06T09:00:00Z,0
app/bodegaai-production-alb/31b69d3d76ab5ed1,,RequestCount,2026-05-06T09:00:00Z,2026-05-06T10:00:00Z,0
app/bodegaai-production-alb/31b69d3d76ab5ed1,,RequestCount,2026-05-06T10:00:00Z,2026-05-06T11:00:00Z,0
app/bodegaai-production-alb/31b69d3d76ab5ed1,,RequestCount,2026-05-06T11:00:00Z,2026-05-06T12:00:00Z,0
app/bodegaai-production-alb/31b69d3d76ab5ed1,,RequestCount,2026-05-06T12:00:00Z,2026-05-06T13:00:00Z,0
app/bodegaai-production-alb/31b69d3d76ab5ed1,,RequestCount,2026-05-06T13:00:00Z,2026-05-06T14:00:00Z,0
app/bodegaai-production-alb/31b69d3d76ab5ed1,,RequestCount,2026-05-06T14:00:00Z,2026-05-06T15:00:00Z,0
app/bodegaai-production-alb/31b69d3d76ab5ed1,,RequestCount,2026-05-06T15:00:00Z,2026-05-06T16:00:00Z,0
app/bodegaai-production-alb/31b69d3d76ab5ed1,,RequestCount,2026-05-06T16:00:00Z,2026-05-06T17:00:00Z,0
app/bodegaai-production-alb/31b69d3d76ab5ed1,,RequestCount,2026-05-06T17:00:00Z,2026-05-06T18:00:00Z,0
app/bodegaai-production-alb/31b69d3d76ab5ed1,,RequestCount,2026-05-06T18:00:00Z,2026-05-06T19:00:00Z,0
app/bodegaai-production-alb/31b69d3d76ab5ed1,,RequestCount,2026-05-06T19:00:00Z,2026-05-06T20:00:00Z,0
app/bodegaai-production-alb/31b69d3d76ab5ed1,,RequestCount,2026-05-06T20:00:00Z,2026-05-06T21:00:00Z,0
app/bodegaai-production-alb/31b69d3d76ab5ed1,,RequestCount,2026-05-06T21:00:00Z,2026-05-06T22:00:00Z,0
app/bodegaai-production-alb/31b69d3d76ab5ed1,,RequestCount,2026-05-06T22:00:00Z,2026-05-06T23:00:00Z,0
app/bodegaai-production-alb/31b69d3d76ab5ed1,,RequestCount,2026-05-06T23:00:00Z,2026-05-07T00:00:00Z,0
app/bodegaai-production-alb/31b69d3d76ab5ed1,,RequestCount,2026-05-07T00:00:00Z,2026-05-07T01:00:00Z,0
app/bodegaai-production-alb/31b69d3d76ab5ed1,,RequestCount,2026-05-07T01:00:00Z,2026-05-07T02:00:00Z,0
app/bodegaai-production-alb/31b69d3d76ab5ed1,,RequestCount,2026-05-07T02:00:00Z,2026-05-07T03:00:00Z,0
app/bodegaai-production-alb/31b69d3d76ab5ed1,,RequestCount,2026-05-07T03:00:00Z,2026-05-07T04:00:00Z,0
app/bodegaai-production-alb/31b69d3d76ab5ed1,,RequestCount,2026-05-07T04:00:00Z,2026-05-07T05:00:00Z,0
app/bodegaai-production-alb/31b69d3d76ab5ed1,,RequestCount,2026-05-07T05:00:00Z,2026-05-07T06:00:00Z,0
app/bodegaai-production-alb/31b69d3d76ab5ed1,,RequestCount,2026-05-07T06:00:00Z,2026-05-07T07:00:00Z,0
app/bodegaai-production-alb/31b69d3d76ab5ed1,,RequestCount,2026-05-07T07:00:00Z,2026-05-07T08:00:00Z,0
app/bodegaai-production-alb/31b69d3d76ab5ed1,,RequestCount,2026-05-07T08:00:00Z,2026-05-07T09:00:00Z,0
app/bodegaai-production-alb/31b69d3d76ab5ed1,,RequestCount,2026-05-07T09:00:00Z,2026-05-07T10:00:00Z,0
app/bodegaai-production-alb/31b69d3d76ab5ed1,,RequestCount,2026-05-07T10:00:00Z,2026-05-07T11:00:00Z,0
app/bodegaai-production-alb/31b69d3d76ab5ed1,,RequestCount,2026-05-07T11:00:00Z,2026-05-07T12:00:00Z,0
app/bodegaai-production-alb/31b69d3d76ab5ed1,,RequestCount,2026-05-07T12:00:00Z,2026-05-07T13:00:00Z,0
app/bodegaai-production-alb/31b69d3d76ab5ed1,,RequestCount,2026-05-07T13:00:00Z,2026-05-07T14:00:00Z,0
app/bodegaai-production-alb/31b69d3d76ab5ed1,,RequestCount,2026-05-07T14:00:00Z,2026-05-07T15:00:00Z,0
app/bodegaai-production-alb/31b69d3d76ab5ed1,,RequestCount,2026-05-07T15:00:00Z,2026-05-07T16:00:00Z,0
app/bodegaai-production-alb/31b69d3d76ab5ed1,,RequestCount,2026-05-07T16:00:00Z,2026-05-07T17:00:00Z,0
app/bodegaai-production-alb/31b69d3d76ab5ed1,,RequestCount,2026-05-07T17:00:00Z,2026-05-07T18:00:00Z,0
app/bodegaai-production-alb/31b69d3d76ab5ed1,,RequestCount,2026-05-07T18:00:00Z,2026-05-07T19:00:00Z,0
app/bodegaai-production-alb/31b69d3d76ab5ed1,,RequestCount,2026-05-07T19:00:00Z,2026-05-07T20:00:00Z,0
app/bodegaai-production-alb/31b69d3d76ab5ed1,,RequestCount,2026-05-07T20:00:00Z,2026-05-07T21:00:00Z,0
app/bodegaai-production-alb/31b69d3d76ab5ed1,,RequestCount,2026-05-07T21:00:00Z,2026-05-07T22:00:00Z,0
app/bodegaai-production-alb/31b69d3d76ab5ed1,,RequestCount,2026-05-07T22:00:00Z,2026-05-07T23:00:00Z,0
app/bodegaai-production-alb/31b69d3d76ab5ed1,,RequestCount,2026-05-07T23:00:00Z,2026-05-08T00:00:00Z,0
app/bodegaai-production-alb/31b69d3d76ab5ed1,,RequestCount,2026-05-08T00:00:00Z,2026-05-08T01:00:00Z,0
app/bodegaai-production-alb/31b69d3d76ab5ed1,,RequestCount,2026-05-08T01:00:00Z,2026-05-08T02:00:00Z,0
app/bodegaai-production-alb/31b69d3d76ab5ed1,,RequestCount,2026-05-08T02:00:00Z,2026-05-08T03:00:00Z,0
app/bodegaai-production-alb/31b69d3d76ab5ed1,,RequestCount,2026-05-08T03:00:00Z,2026-05-08T04:00:00Z,0
app/bodegaai-production-alb/31b69d3d76ab5ed1,,RequestCount,2026-05-08T04:00:00Z,2026-05-08T05:00:00Z,0
app/bodegaai-production-alb/31b69d3d76ab5ed1,,RequestCount,2026-05-08T05:00:00Z,2026-05-08T06:00:00Z,0
app/bodegaai-production-alb/31b69d3d76ab5ed1,,RequestCount,2026-05-08T06:00:00Z,2026-05-08T07:00:00Z,0
app/bodegaai-production-alb/31b69d3d76ab5ed1,,RequestCount,2026-05-08T07:00:00Z,2026-05-08T08:00:00Z,0
app/bodegaai-production-alb/31b69d3d76ab5ed1,,RequestCount,2026-05-08T08:00:00Z,2026-05-08T09:00:00Z,0
app/bodegaai-production-alb/31b69d3d76ab5ed1,,RequestCount,2026-05-08T09:00:00Z,2026-05-08T10:00:00Z,0
app/bodegaai-production-alb/31b69d3d76ab5ed1,,RequestCount,2026-05-08T10:00:00Z,2026-05-08T11:00:00Z,0
app/bodegaai-production-alb/31b69d3d76ab5ed1,,RequestCount,2026-05-08T11:00:00Z,2026-05-08T12:00:00Z,0
app/bodegaai-production-alb/31b69d3d76ab5ed1,,RequestCount,2026-05-08T12:00:00Z,2026-05-08T13:00:00Z,0
app/bodegaai-production-alb/31b69d3d76ab5ed1,,RequestCount,2026-05-08T13:00:00Z,2026-05-08T14:00:00Z,0
app/bodegaai-production-alb/31b69d3d76ab5ed1,,RequestCount,2026-05-08T14:00:00Z,2026-05-08T15:00:00Z,0
app/bodegaai-production-alb/31b69d3d76ab5ed1,,RequestCount,2026-05-08T15:00:00Z,2026-05-08T16:00:00Z,0
app/bodegaai-production-alb/31b69d3d76ab5ed1,,RequestCount,2026-05-08T16:00:00Z,2026-05-08T17:00:00Z,0
app/bodegaai-production-alb/31b69d3d76ab5ed1,,RequestCount,2026-05-08T17:00:00Z,2026-05-08T18:00:00Z,0
app/bodegaai-production-alb/31b69d3d76ab5ed1,,RequestCount,2026-05-08T18:00:00Z,2026-05-08T19:00:00Z,0
app/bodegaai-production-alb/31b69d3d76ab5ed1,,RequestCount,2026-05-08T19:00:00Z,2026-05-08T20:00:00Z,0
app/bodegaai-production-alb/31b69d3d76ab5ed1,,RequestCount,2026-05-08T20:00:00Z,2026-05-08T21:00:00Z,0
app/bodegaai-production-alb/31b69d3d76ab5ed1,,RequestCount,2026-05-08T21:00:00Z,2026-05-08T22:00:00Z,0
app/bodegaai-production-alb/31b69d3d76ab5ed1,,RequestCount,2026-05-08T22:00:00Z,2026-05-08T23:00:00Z,0
app/bodegaai-production-alb/31b69d3d76ab5ed1,,RequestCount,2026-05-08T23:00:00Z,2026-05-09T00:00:00Z,0
app/bodegaai-production-alb/31b69d3d76ab5ed1,,RequestCount,2026-05-09T00:00:00Z,2026-05-09T01:00:00Z,0
app/bodegaai-production-alb/31b69d3d76ab5ed1,,RequestCount,2026-05-09T01:00:00Z,2026-05-09T02:00:00Z,0
app/bodegaai-production-alb/31b69d3d76ab5ed1,,RequestCount,2026-05-09T02:00:00Z,2026-05-09T03:00:00Z,0
app/bodegaai-production-alb/31b69d3d76ab5ed1,,RequestCount,2026-05-09T03:00:00Z,2026-05-09T04:00:00Z,0
app/bodegaai-production-alb/31b69d3d76ab5ed1,,RequestCount,2026-05-09T04:00:00Z,2026-05-09T05:00:00Z,0
app/bodegaai-production-alb/31b69d3d76ab5ed1,,RequestCount,2026-05-09T05:00:00Z,2026-05-09T06:00:00Z,0
app/bodegaai-production-alb/31b69d3d76ab5ed1,,RequestCount,2026-05-09T06:00:00Z,2026-05-09T07:00:00Z,0
app/bodegaai-production-alb/31b69d3d76ab5ed1,,RequestCount,2026-05-09T07:00:00Z,2026-05-09T08:00:00Z,0
app/bodegaai-production-alb/31b69d3d76ab5ed1,,RequestCount,2026-05-09T08:00:00Z,2026-05-09T09:00:00Z,0
app/bodegaai-production-alb/31b69d3d76ab5ed1,,RequestCount,2026-05-09T09:00:00Z,2026-05-09T10:00:00Z,0
app/bodegaai-production-alb/31b69d3d76ab5ed1,,RequestCount,2026-05-09T10:00:00Z,2026-05-09T11:00:00Z,0
app/bodegaai-production-alb/31b69d3d76ab5ed1,,RequestCount,2026-05-09T11:00:00Z,2026-05-09T12:00:00Z,0
app/bodegaai-production-alb/31b69d3d76ab5ed1,,RequestCount,2026-05-09T12:00:00Z,2026-05-09T13:00:00Z,0
app/bodegaai-production-alb/31b69d3d76ab5ed1,,RequestCount,2026-05-09T13:00:00Z,2026-05-09T14:00:00Z,0
app/bodegaai-production-alb/31b69d3d76ab5ed1,,RequestCount,2026-05-09T14:00:00Z,2026-05-09T15:00:00Z,0
app/bodegaai-production-alb/31b69d3d76ab5ed1,,RequestCount,2026-05-09T15:00:00Z,2026-05-09T16:00:00Z,0
app/bodegaai-production-alb/31b69d3d76ab5ed1,,RequestCount,2026-05-09T16:00:00Z,2026-05-09T17:00:00Z,0
app/bodegaai-production-alb/31b69d3d76ab5ed1,,RequestCount,2026-05-09T17:00:00Z,2026-05-09T18:00:00Z,0
app/bodegaai-production-alb/31b69d3d76ab5ed1,,RequestCount,2026-05-09T18:00:00Z,2026-05-09T19:00:00Z,0
app/bodegaai-production-alb/31b69d3d76ab5ed1,,RequestCount,2026-05-09T19:00:00Z,2026-05-09T20:00:00Z,0
app/bodegaai-production-alb/31b69d3d76ab5ed1,,RequestCount,2026-05-09T20:00:00Z,2026-05-09T21:00:00Z,0
app/bodegaai-production-alb/31b69d3d76ab5ed1,,RequestCount,2026-05-09T21:00:00Z,2026-05-09T22:00:00Z,0
app/bodegaai-production-alb/31b69d3d76ab5ed1,,RequestCount,2026-05-09T22:00:00Z,2026-05-09T23:00:00Z,0
app/bodegaai-production-alb/31b69d3d76ab5ed1,,RequestCount,2026-05-09T23:00:00Z,2026-05-10T00:00:00Z,0
app/bodegaai-production-alb/31b69d3d76ab5ed1,,RequestCount,2026-05-10T00:00:00Z,2026-05-10T01:00:00Z,0
app/bodegaai-production-alb/31b69d3d76ab5ed1,,RequestCount,2026-05-10T01:00:00Z,2026-05-10T02:00:00Z,0
app/bodegaai-production-alb/31b69d3d76ab5ed1,,RequestCount,2026-05-10T02:00:00Z,2026-05-10T03:00:00Z,0
app/bodegaai-production-alb/31b69d3d76ab5ed1,,RequestCount,2026-05-10T03:00:00Z,2026-05-10T04:00:00Z,0
app/bodegaai-production-alb/31b69d3d76ab5ed1,,RequestCount,2026-05-10T04:00:00Z,2026-05-10T05:00:00Z,0
app/bodegaai-production-alb/31b69d3d76ab5ed1,,RequestCount,2026-05-10T05:00:00Z,2026-05-10T06:00:00Z,0
app/bodegaai-production-alb/31b69d3d76ab5ed1,,RequestCount,2026-05-10T06:00:00Z,2026-05-10T07:00:00Z,0
app/bodegaai-production-alb/31b69d3d76ab5ed1,,RequestCount,2026-05-10T07:00:00Z,2026-05-10T08:00:00Z,0
app/bodegaai-production-alb/31b69d3d76ab5ed1,,RequestCount,2026-05-10T08:00:00Z,2026-05-10T09:00:00Z,0
app/bodegaai-production-alb/31b69d3d76ab5ed1,,RequestCount,2026-05-10T09:00:00Z,2026-05-10T10:00:00Z,0
app/bodegaai-production-alb/31b69d3d76ab5ed1,,RequestCount,2026-05-10T10:00:00Z,2026-05-10T11:00:00Z,0
app/bodegaai-production-alb/31b69d3d76ab5ed1,,RequestCount,2026-05-10T11:00:00Z,2026-05-10T12:00:00Z,0
app/bodegaai-production-alb/31b69d3d76ab5ed1,,RequestCount,2026-05-10T12:00:00Z,2026-05-10T13:00:00Z,0
app/bodegaai-production-alb/31b69d3d76ab5ed1,,RequestCount,2026-05-10T13:00:00Z,2026-05-10T14:00:00Z,0
app/bodegaai-production-alb/31b69d3d76ab5ed1,,RequestCount,2026-05-10T14:00:00Z,2026-05-10T15:00:00Z,0
app/bodegaai-production-alb/31b69d3d76ab5ed1,,RequestCount,2026-05-10T15:00:00Z,2026-05-10T16:00:00Z,0
app/bodegaai-production-alb/31b69d3d76ab5ed1,,RequestCount,2026-05-10T16:00:00Z,2026-05-10T17:00:00Z,0
app/bodegaai-production-alb/31b69d3d76ab5ed1,,RequestCount,2026-05-10T17:00:00Z,2026-05-10T18:00:00Z,0
app/bodegaai-production-alb/31b69d3d76ab5ed1,,RequestCount,2026-05-10T18:00:00Z,2026-05-10T19:00:00Z,0
app/bodegaai-production-alb/31b69d3d76ab5ed1,,RequestCount,2026-05-10T19:00:00Z,2026-05-10T20:00:00Z,0
app/bodegaai-production-alb/31b69d3d76ab5ed1,,RequestCount,2026-05-10T20:00:00Z,2026-05-10T21:00:00Z,0
app/bodegaai-production-alb/31b69d3d76ab5ed1,,RequestCount,2026-05-10T21:00:00Z,2026-05-10T22:00:00Z,0
app/bodegaai-production-alb/31b69d3d76ab5ed1,,RequestCount,2026-05-10T22:00:00Z,2026-05-10T23:00:00Z,0
app/bodegaai-production-alb/31b69d3d76ab5ed1,,RequestCount,2026-05-10T23:00:00Z,2026-05-11T00:00:00Z,0
app/bodegaai-production-alb/31b69d3d76ab5ed1,,RequestCount,2026-05-11T00:00:00Z,2026-05-11T01:00:00Z,0
app/bodegaai-production-alb/31b69d3d76ab5ed1,,RequestCount,2026-05-11T01:00:00Z,2026-05-11T02:00:00Z,0
app/bodegaai-production-alb/31b69d3d76ab5ed1,,RequestCount,2026-05-11T02:00:00Z,2026-05-11T03:00:00Z,0
app/bodegaai-production-alb/31b69d3d76ab5ed1,,RequestCount,2026-05-11T03:00:00Z,2026-05-11T04:00:00Z,0
app/bodegaai-production-alb/31b69d3d76ab5ed1,,RequestCount,2026-05-11T04:00:00Z,2026-05-11T05:00:00Z,0
app/bodegaai-production-alb/31b69d3d76ab5ed1,,RequestCount,2026-05-11T05:00:00Z,2026-05-11T06:00:00Z,0
app/bodegaai-production-alb/31b69d3d76ab5ed1,,RequestCount,2026-05-11T06:00:00Z,2026-05-11T07:00:00Z,0
app/bodegaai-production-alb/31b69d3d76ab5ed1,,RequestCount,2026-05-11T07:00:00Z,2026-05-11T08:00:00Z,0
app/bodegaai-production-alb/31b69d3d76ab5ed1,,RequestCount,2026-05-11T08:00:00Z,2026-05-11T09:00:00Z,0
app/bodegaai-production-alb/31b69d3d76ab5ed1,,RequestCount,2026-05-11T09:00:00Z,2026-05-11T10:00:00Z,0
app/bodegaai-production-alb/31b69d3d76ab5ed1,,RequestCount,2026-05-11T10:00:00Z,2026-05-11T11:00:00Z,0
app/bodegaai-production-alb/31b69d3d76ab5ed1,,RequestCount,2026-05-11T11:00:00Z,2026-05-11T12:00:00Z,0
app/bodegaai-production-alb/31b69d3d76ab5ed1,,RequestCount,2026-05-11T12:00:00Z,2026-05-11T13:00:00Z,0
app/bodegaai-production-alb/31b69d3d76ab5ed1,,RequestCount,2026-05-11T13:00:00Z,2026-05-11T14:00:00Z,0
app/bodegaai-production-alb/31b69d3d76ab5ed1,,RequestCount,2026-05-11T14:00:00Z,2026-05-11T15:00:00Z,0
app/bodegaai-production-alb/31b69d3d76ab5ed1,,RequestCount,2026-05-11T15:00:00Z,2026-05-11T16:00:00Z,0
app/bodegaai-production-alb/31b69d3d76ab5ed1,,RequestCount,2026-05-11T16:00:00Z,2026-05-11T17:00:00Z,0
app/bodegaai-production-alb/31b69d3d76ab5ed1,,RequestCount,2026-05-11T17:00:00Z,2026-05-11T18:00:00Z,0
app/bodegaai-production-alb/31b69d3d76ab5ed1,,RequestCount,2026-05-11T18:00:00Z,2026-05-11T19:00:00Z,0
app/bodegaai-production-alb/31b69d3d76ab5ed1,,RequestCount,2026-05-11T19:00:00Z,2026-05-11T20:00:00Z,0
app/bodegaai-production-alb/31b69d3d76ab5ed1,,RequestCount,2026-05-11T20:00:00Z,2026-05-11T21:00:00Z,0
app/bodegaai-production-alb/31b69d3d76ab5ed1,,RequestCount,2026-05-11T21:00:00Z,2026-05-11T22:00:00Z,0
app/bodegaai-production-alb/31b69d3d76ab5ed1,,RequestCount,2026-05-11T22:00:00Z,2026-05-11T23:00:00Z,0
app/bodegaai-production-alb/31b69d3d76ab5ed1,,RequestCount,2026-05-11T23:00:00Z,2026-05-12T00:00:00Z,0
app/bodegaai-production-alb/31b69d3d76ab5ed1,,RequestCount,2026-05-12T00:00:00Z,2026-05-12T01:00:00Z,0
app/bodegaai-production-alb/31b69d3d76ab5ed1,,RequestCount,2026-05-12T01:00:00Z,2026-05-12T02:00:00Z,0
app/bodegaai-production-alb/31b69d3d76ab5ed1,,RequestCount,2026-05-12T02:00:00Z,2026-05-12T03:00:00Z,0
app/bodegaai-production-alb/31b69d3d76ab5ed1,,RequestCount,2026-05-12T03:00:00Z,2026-05-12T04:00:00Z,0
app/bodegaai-production-alb/31b69d3d76ab5ed1,,RequestCount,2026-05-12T04:00:00Z,2026-05-12T05:00:00Z,0
app/bodegaai-production-alb/31b69d3d76ab5ed1,,RequestCount,2026-05-12T05:00:00Z,2026-05-12T06:00:00Z,0
app/bodegaai-production-alb/31b69d3d76ab5ed1,,RequestCount,2026-05-12T06:00:00Z,2026-05-12T07:00:00Z,0
app/bodegaai-production-alb/31b69d3d76ab5ed1,,RequestCount,2026-05-12T07:00:00Z,2026-05-12T08:00:00Z,0
app/bodegaai-production-alb/31b69d3d76ab5ed1,,RequestCount,2026-05-12T08:00:00Z,2026-05-12T09:00:00Z,0
app/bodegaai-production-alb/31b69d3d76ab5ed1,,RequestCount,2026-05-12T09:00:00Z,2026-05-12T10:00:00Z,0
app/bodegaai-production-alb/31b69d3d76ab5ed1,,RequestCount,2026-05-12T10:00:00Z,2026-05-12T11:00:00Z,0
app/bodegaai-production-alb/31b69d3d76ab5ed1,,RequestCount,2026-05-12T11:00:00Z,2026-05-12T12:00:00Z,0
app/bodegaai-production-alb/31b69d3d76ab5ed1,,RequestCount,2026-05-12T12:00:00Z,2026-05-12T13:00:00Z,0
app/bodegaai-production-alb/31b69d3d76ab5ed1,,RequestCount,2026-05-12T13:00:00Z,2026-05-12T14:00:00Z,0
app/bodegaai-production-alb/31b69d3d76ab5ed1,,RequestCount,2026-05-12T14:00:00Z,2026-05-12T15:00:00Z,0
app/bodegaai-production-alb/31b69d3d76ab5ed1,,RequestCount,2026-05-12T15:00:00Z,2026-05-12T16:00:00Z,0
app/bodegaai-production-alb/31b69d3d76ab5ed1,,RequestCount,2026-05-12T16:00:00Z,2026-05-12T17:00:00Z,0
app/bodegaai-production-alb/31b69d3d76ab5ed1,,RequestCount,2026-05-12T17:00:00Z,2026-05-12T18:00:00Z,0
app/bodegaai-production-alb/31b69d3d76ab5ed1,,RequestCount,2026-05-12T18:00:00Z,2026-05-12T19:00:00Z,0
app/bodegaai-production-alb/31b69d3d76ab5ed1,,RequestCount,2026-05-12T19:00:00Z,2026-05-12T20:00:00Z,0
app/bodegaai-production-alb/31b69d3d76ab5ed1,,RequestCount,2026-05-12T20:00:00Z,2026-05-12T21:00:00Z,0
app/bodegaai-production-alb/31b69d3d76ab5ed1,,RequestCount,2026-05-12T21:00:00Z,2026-05-12T22:00:00Z,0
app/bodegaai-production-alb/31b69d3d76ab5ed1,,RequestCount,2026-05-12T22:00:00Z,2026-05-12T23:00:00Z,0
app/bodegaai-production-alb/31b69d3d76ab5ed1,,RequestCount,2026-05-12T23:00:00Z,2026-05-13T00:00:00Z,0
app/bodegaai-production-alb/31b69d3d76ab5ed1,,RequestCount,2026-05-13T00:00:00Z,2026-05-13T01:00:00Z,0
app/bodegaai-production-alb/31b69d3d76ab5ed1,,RequestCount,2026-05-13T01:00:00Z,2026-05-13T02:00:00Z,0
app/bodegaai-production-alb/31b69d3d76ab5ed1,,RequestCount,2026-05-13T02:00:00Z,2026-05-13T03:00:00Z,0
app/bodegaai-production-alb/31b69d3d76ab5ed1,,RequestCount,2026-05-13T03:00:00Z,2026-05-13T04:00:00Z,0
app/bodegaai-production-alb/31b69d3d76ab5ed1,,RequestCount,2026-05-13T04:00:00Z,2026-05-13T05:00:00Z,0
app/bodegaai-production-alb/31b69d3d76ab5ed1,,RequestCount,2026-05-13T05:00:00Z,2026-05-13T06:00:00Z,0
app/bodegaai-production-alb/31b69d3d76ab5ed1,,RequestCount,2026-05-13T06:00:00Z,2026-05-13T07:00:00Z,0
app/bodegaai-production-alb/31b69d3d76ab5ed1,,RequestCount,2026-05-13T07:00:00Z,2026-05-13T08:00:00Z,0
app/bodegaai-production-alb/31b69d3d76ab5ed1,,RequestCount,2026-05-13T08:00:00Z,2026-05-13T09:00:00Z,0
app/bodegaai-production-alb/31b69d3d76ab5ed1,,RequestCount,2026-05-13T09:00:00Z,2026-05-13T10:00:00Z,0
app/bodegaai-production-alb/31b69d3d76ab5ed1,,RequestCount,2026-05-13T10:00:00Z,2026-05-13T11:00:00Z,0
app/bodegaai-production-alb/31b69d3d76ab5ed1,,RequestCount,2026-05-13T11:00:00Z,2026-05-13T12:00:00Z,0
app/bodegaai-production-alb/31b69d3d76ab5ed1,,RequestCount,2026-05-13T12:00:00Z,2026-05-13T13:00:00Z,0
app/bodegaai-production-alb/31b69d3d76ab5ed1,,RequestCount,2026-05-13T13:00:00Z,2026-05-13T14:00:00Z,0
app/bodegaai-production-alb/31b69d3d76ab5ed1,,RequestCount,2026-05-13T14:00:00Z,2026-05-13T15:00:00Z,0
app/bodegaai-production-alb/31b69d3d76ab5ed1,,RequestCount,2026-05-13T15:00:00Z,2026-05-13T16:00:00Z,0
app/bodegaai-production-alb/31b69d3d76ab5ed1,,RequestCount,2026-05-13T16:00:00Z,2026-05-13T17:00:00Z,0
app/bodegaai-production-alb/31b69d3d76ab5ed1,,RequestCount,2026-05-13T17:00:00Z,2026-05-13T18:00:00Z,0
app/bodegaai-production-alb/31b69d3d76ab5ed1,,RequestCount,2026-05-13T18:00:00Z,2026-05-13T19:00:00Z,0
app/bodegaai-production-alb/31b69d3d76ab5ed1,,RequestCount,2026-05-13T19:00:00Z,2026-05-13T20:00:00Z,0
app/bodegaai-production-alb/31b69d3d76ab5ed1,,RequestCount,2026-05-13T20:00:00Z,2026-05-13T21:00:00Z,0
app/bodegaai-production-alb/31b69d3d76ab5ed1,,RequestCount,2026-05-13T21:00:00Z,2026-05-13T22:00:00Z,0
app/bodegaai-production-alb/31b69d3d76ab5ed1,,RequestCount,2026-05-13T22:00:00Z,2026-05-13T23:00:00Z,0
app/bodegaai-production-alb/31b69d3d76ab5ed1,,RequestCount,2026-05-13T23:00:00Z,2026-05-14T00:00:00Z,0
app/bodegaai-production-alb/31b69d3d76ab5ed1,,RequestCount,2026-05-14T00:00:00Z,2026-05-14T01:00:00Z,0
app/bodegaai-production-alb/31b69d3d76ab5ed1,,RequestCount,2026-05-14T01:00:00Z,2026-05-14T02:00:00Z,0
app/bodegaai-production-alb/31b69d3d76ab5ed1,,RequestCount,2026-05-14T02:00:00Z,2026-05-14T03:00:00Z,0
app/bodegaai-production-alb/31b69d3d76ab5ed1,,RequestCount,2026-05-14T03:00:00Z,2026-05-14T04:00:00Z,0
app/bodegaai-production-alb/31b69d3d76ab5ed1,,RequestCount,2026-05-14T04:00:00Z,2026-05-14T05:00:00Z,0
app/bodegaai-production-alb/31b69d3d76ab5ed1,,RequestCount,2026-05-14T05:00:00Z,2026-05-14T06:00:00Z,0
app/bodegaai-production-alb/31b69d3d76ab5ed1,,RequestCount,2026-05-14T06:00:00Z,2026-05-14T07:00:00Z,0
app/bodegaai-production-alb/31b69d3d76ab5ed1,,RequestCount,2026-05-14T07:00:00Z,2026-05-14T08:00:00Z,0
app/bodegaai-production-alb/31b69d3d76ab5ed1,,RequestCount,2026-05-14T08:00:00Z,2026-05-14T09:00:00Z,0
app/bodegaai-production-alb/31b69d3d76ab5ed1,,RequestCount,2026-05-14T09:00:00Z,2026-05-14T10:00:00Z,0
app/bodegaai-production-alb/31b69d3d76ab5ed1,,RequestCount,2026-05-14T10:00:00Z,2026-05-14T11:00:00Z,0
app/bodegaai-production-alb/31b69d3d76ab5ed1,,RequestCount,2026-05-14T11:00:00Z,2026-05-14T12:00:00Z,0
app/bodegaai-production-alb/31b69d3d76ab5ed1,,RequestCount,2026-05-14T12:00:00Z,2026-05-14T13:00:00Z,0
app/bodegaai-production-alb/31b69d3d76ab5ed1,,RequestCount,2026-05-14T13:00:00Z,2026-05-14T14:00:00Z,0
app/bodegaai-production-alb/31b69d3d76ab5ed1,,RequestCount,2026-05-14T14:00:00Z,2026-05-14T15:00:00Z,0
app/bodegaai-production-alb/31b69d3d76ab5ed1,,RequestCount,2026-05-14T15:00:00Z,2026-05-14T16:00:00Z,0
app/bodegaai-production-alb/31b69d3d76ab5ed1,,RequestCount,2026-05-14T16:00:00Z,2026-05-14T17:00:00Z,0
app/bodegaai-production-alb/31b69d3d76ab5ed1,,RequestCount,2026-05-14T17:00:00Z,2026-05-14T18:00:00Z,0
app/bodegaai-production-alb/31b69d3d76ab5ed1,,RequestCount,2026-05-14T18:00:00Z,2026-05-14T19:00:00Z,0
app/bodegaai-production-alb/31b69d3d76ab5ed1,,RequestCount,2026-05-14T19:00:00Z,2026-05-14T20:00:00Z,0
app/bodegaai-production-alb/31b69d3d76ab5ed1,,RequestCount,2026-05-14T20:00:00Z,2026-05-14T21:00:00Z,0
app/bodegaai-production-alb/31b69d3d76ab5ed1,,RequestCount,2026-05-14T21:00:00Z,2026-05-14T22:00:00Z,0
app/bodegaai-production-alb/31b69d3d76ab5ed1,,RequestCount,2026-05-14T22:00:00Z,2026-05-14T23:00:00Z,0
app/bodegaai-production-alb/31b69d3d76ab5ed1,,RequestCount,2026-05-14T23:00:00Z,2026-05-15T00:00:00Z,0
app/bodegaai-production-alb/31b69d3d76ab5ed1,,RequestCount,2026-05-15T00:00:00Z,2026-05-15T01:00:00Z,0
app/bodegaai-production-alb/31b69d3d76ab5ed1,,RequestCount,2026-05-15T01:00:00Z,2026-05-15T02:00:00Z,0
app/bodegaai-production-alb/31b69d3d76ab5ed1,,RequestCount,2026-05-15T02:00:00Z,2026-05-15T03:00:00Z,0
app/bodegaai-production-alb/31b69d3d76ab5ed1,,RequestCount,2026-05-15T03:00:00Z,2026-05-15T04:00:00Z,0
app/bodegaai-production-alb/31b69d3d76ab5ed1,,RequestCount,2026-05-15T04:00:00Z,2026-05-15T05:00:00Z,0
app/bodegaai-production-alb/31b69d3d76ab5ed1,,RequestCount,2026-05-15T05:00:00Z,2026-05-15T06:00:00Z,0
app/bodegaai-production-alb/31b69d3d76ab5ed1,,RequestCount,2026-05-15T06:00:00Z,2026-05-15T07:00:00Z,0
app/bodegaai-production-alb/31b69d3d76ab5ed1,,RequestCount,2026-05-15T07:00:00Z,2026-05-15T08:00:00Z,0
app/bodegaai-production-alb/31b69d3d76ab5ed1,,RequestCount,2026-05-15T08:00:00Z,2026-05-15T09:00:00Z,0
app/bodegaai-production-alb/31b69d3d76ab5ed1,,RequestCount,2026-05-15T09:00:00Z,2026-05-15T10:00:00Z,0
app/bodegaai-production-alb/31b69d3d76ab5ed1,,RequestCount,2026-05-15T10:00:00Z,2026-05-15T11:00:00Z,0
app/bodegaai-production-alb/31b69d3d76ab5ed1,,RequestCount,2026-05-15T11:00:00Z,2026-05-15T12:00:00Z,0
app/bodegaai-production-alb/31b69d3d76ab5ed1,,RequestCount,2026-05-15T12:00:00Z,2026-05-15T13:00:00Z,0
app/bodegaai-production-alb/31b69d3d76ab5ed1,,RequestCount,2026-05-15T13:00:00Z,2026-05-15T14:00:00Z,0
app/bodegaai-production-alb/31b69d3d76ab5ed1,,RequestCount,2026-05-15T14:00:00Z,2026-05-15T15:00:00Z,0
app/bodegaai-production-alb/31b69d3d76ab5ed1,,RequestCount,2026-05-15T15:00:00Z,2026-05-15T16:00:00Z,0
app/bodegaai-production-alb/31b69d3d76ab5ed1,,RequestCount,2026-05-15T16:00:00Z,2026-05-15T17:00:00Z,0
app/bodegaai-production-alb/31b69d3d76ab5ed1,,RequestCount,2026-05-15T17:00:00Z,2026-05-15T18:00:00Z,0
app/bodegaai-production-alb/31b69d3d76ab5ed1,,RequestCount,2026-05-15T18:00:00Z,2026-05-15T19:00:00Z,0
app/bodegaai-production-alb/31b69d3d76ab5ed1,,RequestCount,2026-05-15T19:00:00Z,2026-05-15T20:00:00Z,0
app/bodegaai-production-alb/31b69d3d76ab5ed1,,RequestCount,2026-05-15T20:00:00Z,2026-05-15T21:00:00Z,0
app/bodegaai-production-alb/31b69d3d76ab5ed1,,RequestCount,2026-05-15T21:00:00Z,2026-05-15T22:00:00Z,0
app/bodegaai-production-alb/31b69d3d76ab5ed1,,RequestCount,2026-05-15T22:00:00Z,2026-05-15T23:00:00Z,0
app/bodegaai-production-alb/31b69d3d76ab5ed1,,RequestCount,2026-05-15T23:00:00Z,2026-05-16T00:00:00Z,0
app/bodegaai-production-alb/31b69d3d76ab5ed1,,RequestCount,2026-05-16T00:00:00Z,2026-05-16T01:00:00Z,0
app/bodegaai-production-alb/31b69d3d76ab5ed1,,RequestCount,2026-05-16T01:00:00Z,2026-05-16T02:00:00Z,0
app/bodegaai-production-alb/31b69d3d76ab5ed1,,RequestCount,2026-05-16T02:00:00Z,2026-05-16T03:00:00Z,0
app/bodegaai-production-alb/31b69d3d76ab5ed1,,RequestCount,2026-05-16T03:00:00Z,2026-05-16T04:00:00Z,0
app/bodegaai-production-alb/31b69d3d76ab5ed1,,RequestCount,2026-05-16T04:00:00Z,2026-05-16T05:00:00Z,0
app/bodegaai-production-alb/31b69d3d76ab5ed1,,RequestCount,2026-05-16T05:00:00Z,2026-05-16T06:00:00Z,0
app/bodegaai-production-alb/31b69d3d76ab5ed1,,RequestCount,2026-05-16T06:00:00Z,2026-05-16T07:00:00Z,0
app/bodegaai-production-alb/31b69d3d76ab5ed1,,RequestCount,2026-05-16T07:00:00Z,2026-05-16T08:00:00Z,0
app/bodegaai-production-alb/31b69d3d76ab5ed1,,RequestCount,2026-05-16T08:00:00Z,2026-05-16T09:00:00Z,0
app/bodegaai-production-alb/31b69d3d76ab5ed1,,RequestCount,2026-05-16T09:00:00Z,2026-05-16T10:00:00Z,0
app/bodegaai-production-alb/31b69d3d76ab5ed1,,RequestCount,2026-05-16T10:00:00Z,2026-05-16T11:00:00Z,0
app/bodegaai-production-alb/31b69d3d76ab5ed1,,RequestCount,2026-05-16T11:00:00Z,2026-05-16T12:00:00Z,0
app/bodegaai-production-alb/31b69d3d76ab5ed1,,RequestCount,2026-05-16T12:00:00Z,2026-05-16T13:00:00Z,0
app/bodegaai-production-alb/31b69d3d76ab5ed1,,RequestCount,2026-05-16T13:00:00Z,2026-05-16T14:00:00Z,0
app/bodegaai-production-alb/31b69d3d76ab5ed1,,RequestCount,2026-05-16T14:00:00Z,2026-05-16T15:00:00Z,0
app/bodegaai-production-alb/31b69d3d76ab5ed1,,RequestCount,2026-05-16T15:00:00Z,2026-05-16T16:00:00Z,0
app/bodegaai-production-alb/31b69d3d76ab5ed1,,RequestCount,2026-05-16T16:00:00Z,2026-05-16T17:00:00Z,0
app/bodegaai-production-alb/31b69d3d76ab5ed1,,RequestCount,2026-05-16T17:00:00Z,2026-05-16T18:00:00Z,0
app/bodegaai-production-alb/31b69d3d76ab5ed1,,RequestCount,2026-05-16T18:00:00Z,2026-05-16T19:00:00Z,0
app/bodegaai-production-alb/31b69d3d76ab5ed1,,RequestCount,2026-05-16T19:00:00Z,2026-05-16T20:00:00Z,0
app/bodegaai-production-alb/31b69d3d76ab5ed1,,RequestCount,2026-05-16T20:00:00Z,2026-05-16T21:00:00Z,0
app/bodegaai-production-alb/31b69d3d76ab5ed1,,RequestCount,2026-05-16T21:00:00Z,2026-05-16T22:00:00Z,0
app/bodegaai-production-alb/31b69d3d76ab5ed1,,RequestCount,2026-05-16T22:00:00Z,2026-05-16T23:00:00Z,0
app/bodegaai-production-alb/31b69d3d76ab5ed1,,RequestCount,2026-05-16T23:00:00Z,2026-05-17T00:00:00Z,0
app/bodegaai-production-alb/31b69d3d76ab5ed1,,RequestCount,2026-05-17T00:00:00Z,2026-05-17T01:00:00Z,0
app/bodegaai-production-alb/31b69d3d76ab5ed1,,RequestCount,2026-05-17T01:00:00Z,2026-05-17T02:00:00Z,0
app/bodegaai-production-alb/31b69d3d76ab5ed1,,RequestCount,2026-05-17T02:00:00Z,2026-05-17T03:00:00Z,0
app/bodegaai-production-alb/31b69d3d76ab5ed1,,RequestCount,2026-05-17T03:00:00Z,2026-05-17T04:00:00Z,0
app/bodegaai-production-alb/31b69d3d76ab5ed1,,RequestCount,2026-05-17T04:00:00Z,2026-05-17T05:00:00Z,0
app/bodegaai-production-alb/31b69d3d76ab5ed1,,RequestCount,2026-05-17T05:00:00Z,2026-05-17T06:00:00Z,0
app/bodegaai-production-alb/31b69d3d76ab5ed1,,RequestCount,2026-05-17T06:00:00Z,2026-05-17T07:00:00Z,0
app/bodegaai-production-alb/31b69d3d76ab5ed1,,RequestCount,2026-05-17T07:00:00Z,2026-05-17T08:00:00Z,0
app/bodegaai-production-alb/31b69d3d76ab5ed1,,RequestCount,2026-05-17T08:00:00Z,2026-05-17T09:00:00Z,0
app/bodegaai-production-alb/31b69d3d76ab5ed1,,RequestCount,2026-05-17T09:00:00Z,2026-05-17T10:00:00Z,0
app/bodegaai-production-alb/31b69d3d76ab5ed1,,RequestCount,2026-05-17T10:00:00Z,2026-05-17T11:00:00Z,0
app/bodegaai-production-alb/31b69d3d76ab5ed1,,RequestCount,2026-05-17T11:00:00Z,2026-05-17T12:00:00Z,0
app/bodegaai-production-alb/31b69d3d76ab5ed1,,RequestCount,2026-05-17T12:00:00Z,2026-05-17T13:00:00Z,0
app/bodegaai-production-alb/31b69d3d76ab5ed1,,RequestCount,2026-05-17T13:00:00Z,2026-05-17T14:00:00Z,0
app/bodegaai-production-alb/31b69d3d76ab5ed1,,RequestCount,2026-05-17T14:00:00Z,2026-05-17T15:00:00Z,0
app/bodegaai-production-alb/31b69d3d76ab5ed1,,RequestCount,2026-05-17T15:00:00Z,2026-05-17T16:00:00Z,0
app/bodegaai-production-alb/31b69d3d76ab5ed1,,RequestCount,2026-05-17T16:00:00Z,2026-05-17T17:00:00Z,0
app/bodegaai-production-alb/31b69d3d76ab5ed1,,RequestCount,2026-05-17T17:00:00Z,2026-05-17T18:00:00Z,0
app/bodegaai-production-alb/31b69d3d76ab5ed1,,RequestCount,2026-05-17T18:00:00Z,2026-05-17T19:00:00Z,0
app/bodegaai-production-alb/31b69d3d76ab5ed1,,RequestCount,2026-05-17T19:00:00Z,2026-05-17T20:00:00Z,0
app/bodegaai-production-alb/31b69d3d76ab5ed1,,RequestCount,2026-05-17T20:00:00Z,2026-05-17T21:00:00Z,0
app/bodegaai-production-alb/31b69d3d76ab5ed1,,RequestCount,2026-05-17T21:00:00Z,2026-05-17T22:00:00Z,0
app/bodegaai-production-alb/31b69d3d76ab5ed1,,RequestCount,2026-05-17T22:00:00Z,2026-05-17T23:00:00Z,0
app/bodegaai-production-alb/31b69d3d76ab5ed1,,RequestCount,2026-05-17T23:00:00Z,2026-05-18T00:00:00Z,0
app/bodegaai-production-alb/31b69d3d76ab5ed1,,RequestCount,2026-05-18T00:00:00Z,2026-05-18T01:00:00Z,0
app/bodegaai-production-alb/31b69d3d76ab5ed1,,RequestCount,2026-05-18T01:00:00Z,2026-05-18T02:00:00Z,0
app/bodegaai-production-alb/31b69d3d76ab5ed1,,RequestCount,2026-05-18T02:00:00Z,2026-05-18T03:00:00Z,0
app/bodegaai-production-alb/31b69d3d76ab5ed1,,RequestCount,2026-05-18T03:00:00Z,2026-05-18T04:00:00Z,0
app/bodegaai-production-alb/31b69d3d76ab5ed1,,RequestCount,2026-05-18T04:00:00Z,2026-05-18T05:00:00Z,0
app/bodegaai-production-alb/31b69d3d76ab5ed1,,RequestCount,2026-05-18T05:00:00Z,2026-05-18T06:00:00Z,0
app/bodegaai-production-alb/31b69d3d76ab5ed1,,RequestCount,2026-05-18T06:00:00Z,2026-05-18T07:00:00Z,0
app/bodegaai-production-alb/31b69d3d76ab5ed1,,RequestCount,2026-05-18T07:00:00Z,2026-05-18T08:00:00Z,0
app/bodegaai-production-alb/31b69d3d76ab5ed1,,RequestCount,2026-05-18T08:00:00Z,2026-05-18T09:00:00Z,0
app/bodegaai-production-alb/31b69d3d76ab5ed1,,RequestCount,2026-05-18T09:00:00Z,2026-05-18T10:00:00Z,0
app/bodegaai-production-alb/31b69d3d76ab5ed1,,RequestCount,2026-05-18T10:00:00Z,2026-05-18T11:00:00Z,0
app/bodegaai-production-alb/31b69d3d76ab5ed1,,RequestCount,2026-05-18T11:00:00Z,2026-05-18T12:00:00Z,0
app/bodegaai-production-alb/31b69d3d76ab5ed1,,RequestCount,2026-05-18T12:00:00Z,2026-05-18T13:00:00Z,0
app/bodegaai-production-alb/31b69d3d76ab5ed1,,RequestCount,2026-05-18T13:00:00Z,2026-05-18T14:00:00Z,0
app/bodegaai-production-alb/31b69d3d76ab5ed1,,RequestCount,2026-05-18T14:00:00Z,2026-05-18T15:00:00Z,0
app/bodegaai-production-alb/31b69d3d76ab5ed1,,RequestCount,2026-05-18T15:00:00Z,2026-05-18T16:00:00Z,0
app/bodegaai-production-alb/31b69d3d76ab5ed1,,RequestCount,2026-05-18T16:00:00Z,2026-05-18T17:00:00Z,0
app/bodegaai-production-alb/31b69d3d76ab5ed1,,RequestCount,2026-05-18T17:00:00Z,2026-05-18T18:00:00Z,0
app/bodegaai-production-alb/31b69d3d76ab5ed1,,RequestCount,2026-05-18T18:00:00Z,2026-05-18T19:00:00Z,0
app/bodegaai-production-alb/31b69d3d76ab5ed1,,RequestCount,2026-05-18T19:00:00Z,2026-05-18T20:00:00Z,0
app/bodegaai-production-alb/31b69d3d76ab5ed1,,RequestCount,2026-05-18T20:00:00Z,2026-05-18T21:00:00Z,0
app/bodegaai-production-alb/31b69d3d76ab5ed1,,RequestCount,2026-05-18T21:00:00Z,2026-05-18T22:00:00Z,0
app/bodegaai-production-alb/31b69d3d76ab5ed1,,RequestCount,2026-05-18T22:00:00Z,2026-05-18T23:00:00Z,0
app/bodegaai-production-alb/31b69d3d76ab5ed1,,RequestCount,2026-05-18T23:00:00Z,2026-05-19T00:00:00Z,0
app/bodegaai-production-alb/31b69d3d76ab5ed1,,RequestCount,2026-05-19T00:00:00Z,2026-05-19T01:00:00Z,0
app/bodegaai-production-alb/31b69d3d76ab5ed1,,RequestCount,2026-05-19T01:00:00Z,2026-05-19T02:00:00Z,0
app/bodegaai-production-alb/31b69d3d76ab5ed1,,RequestCount,2026-05-19T02:00:00Z,2026-05-19T03:00:00Z,0
app/bodegaai-production-alb/31b69d3d76ab5ed1,,RequestCount,2026-05-19T03:00:00Z,2026-05-19T04:00:00Z,0
app/bodegaai-production-alb/31b69d3d76ab5ed1,,RequestCount,2026-05-19T04:00:00Z,2026-05-19T05:00:00Z,0
app/bodegaai-production-alb/31b69d3d76ab5ed1,,RequestCount,2026-05-19T05:00:00Z,2026-05-19T06:00:00Z,0
app/bodegaai-production-alb/31b69d3d76ab5ed1,,RequestCount,2026-05-19T06:00:00Z,2026-05-19T07:00:00Z,0
app/bodegaai-production-alb/31b69d3d76ab5ed1,,RequestCount,2026-05-19T07:00:00Z,2026-05-19T08:00:00Z,0
app/bodegaai-production-alb/31b69d3d76ab5ed1,,RequestCount,2026-05-19T08:00:00Z,2026-05-19T09:00:00Z,0
app/bodegaai-production-alb/31b69d3d76ab5ed1,,RequestCount,2026-05-19T09:00:00Z,2026-05-19T10:00:00Z,0
app/bodegaai-production-alb/31b69d3d76ab5ed1,,RequestCount,2026-05-19T10:00:00Z,2026-05-19T11:00:00Z,0
app/bodegaai-production-alb/31b69d3d76ab5ed1,,RequestCount,2026-05-19T11:00:00Z,2026-05-19T12:00:00Z,0
app/bodegaai-production-alb/31b69d3d76ab5ed1,,RequestCount,2026-05-19T12:00:00Z,2026-05-19T13:00:00Z,0
app/bodegaai-production-alb/31b69d3d76ab5ed1,,RequestCount,2026-05-19T13:00:00Z,2026-05-19T14:00:00Z,0
app/bodegaai-production-alb/31b69d3d76ab5ed1,,RequestCount,2026-05-19T14:00:00Z,2026-05-19T15:00:00Z,0
app/bodegaai-production-alb/31b69d3d76ab5ed1,,RequestCount,2026-05-19T15:00:00Z,2026-05-19T16:00:00Z,0
app/bodegaai-production-alb/31b69d3d76ab5ed1,,RequestCount,2026-05-19T16:00:00Z,2026-05-19T17:00:00Z,0
app/bodegaai-production-alb/31b69d3d76ab5ed1,,RequestCount,2026-05-19T17:00:00Z,2026-05-19T18:00:00Z,0
app/bodegaai-production-alb/31b69d3d76ab5ed1,,RequestCount,2026-05-19T18:00:00Z,2026-05-19T19:00:00Z,0
app/bodegaai-production-alb/31b69d3d76ab5ed1,,RequestCount,2026-05-19T19:00:00Z,2026-05-19T20:00:00Z,0
app/bodegaai-production-alb/31b69d3d76ab5ed1,,RequestCount,2026-05-19T20:00:00Z,2026-05-19T21:00:00Z,0
app/bodegaai-production-alb/31b69d3d76ab5ed1,,RequestCount,2026-05-19T21:00:00Z,2026-05-19T22:00:00Z,0
app/bodegaai-production-alb/31b69d3d76ab5ed1,,RequestCount,2026-05-19T22:00:00Z,2026-05-19T23:00:00Z,0
app/bodegaai-production-alb/31b69d3d76ab5ed1,,RequestCount,2026-05-19T23:00:00Z,2026-05-20T00:00:00Z,0
app/bodegaai-production-alb/31b69d3d76ab5ed1,,RequestCount,2026-05-20T00:00:00Z,2026-05-20T01:00:00Z,0
app/bodegaai-production-alb/31b69d3d76ab5ed1,,RequestCount,2026-05-20T01:00:00Z,2026-05-20T02:00:00Z,0
app/bodegaai-production-alb/31b69d3d76ab5ed1,,RequestCount,2026-05-20T02:00:00Z,2026-05-20T03:00:00Z,0
app/bodegaai-production-alb/31b69d3d76ab5ed1,,RequestCount,2026-05-20T03:00:00Z,2026-05-20T04:00:00Z,0
app/bodegaai-production-alb/31b69d3d76ab5ed1,,RequestCount,2026-05-20T04:00:00Z,2026-05-20T05:00:00Z,0
app/bodegaai-production-alb/31b69d3d76ab5ed1,,RequestCount,2026-05-20T05:00:00Z,2026-05-20T06:00:00Z,0
app/bodegaai-production-alb/31b69d3d76ab5ed1,,RequestCount,2026-05-20T06:00:00Z,2026-05-20T07:00:00Z,0
app/bodegaai-production-alb/31b69d3d76ab5ed1,,RequestCount,2026-05-20T07:00:00Z,2026-05-20T08:00:00Z,0
app/bodegaai-production-alb/31b69d3d76ab5ed1,,RequestCount,2026-05-20T08:00:00Z,2026-05-20T09:00:00Z,0
app/bodegaai-production-alb/31b69d3d76ab5ed1,,RequestCount,2026-05-20T09:00:00Z,2026-05-20T10:00:00Z,0
app/bodegaai-production-alb/31b69d3d76ab5ed1,,RequestCount,2026-05-20T10:00:00Z,2026-05-20T11:00:00Z,0
app/bodegaai-production-alb/31b69d3d76ab5ed1,,RequestCount,2026-05-20T11:00:00Z,2026-05-20T12:00:00Z,0
app/bodegaai-production-alb/31b69d3d76ab5ed1,,RequestCount,2026-05-20T12:00:00Z,2026-05-20T13:00:00Z,0
app/bodegaai-production-alb/31b69d3d76ab5ed1,,RequestCount,2026-05-20T13:00:00Z,2026-05-20T14:00:00Z,0
app/bodegaai-production-alb/31b69d3d76ab5ed1,,RequestCount,2026-05-20T14:00:00Z,2026-05-20T15:00:00Z,0
app/bodegaai-production-alb/31b69d3d76ab5ed1,,RequestCount,2026-05-20T15:00:00Z,2026-05-20T16:00:00Z,0
app/bodegaai-production-alb/31b69d3d76ab5ed1,,RequestCount,2026-05-20T16:00:00Z,2026-05-20T17:00:00Z,0
app/bodegaai-production-alb/31b69d3d76ab5ed1,,RequestCount,2026-05-20T17:00:00Z,2026-05-20T18:00:00Z,0
app/bodegaai-production-alb/31b69d3d76ab5ed1,,RequestCount,2026-05-20T18:00:00Z,2026-05-20T19:00:00Z,0
app/bodegaai-production-alb/31b69d3d76ab5ed1,,RequestCount,2026-05-20T19:00:00Z,2026-05-20T20:00:00Z,0
app/bodegaai-production-alb/31b69d3d76ab5ed1,,RequestCount,2026-05-20T20:00:00Z,2026-05-20T21:00:00Z,0
app/bodegaai-production-alb/31b69d3d76ab5ed1,,RequestCount,2026-05-20T21:00:00Z,2026-05-20T22:00:00Z,0
app/bodegaai-production-alb/31b69d3d76ab5ed1,,RequestCount,2026-05-20T22:00:00Z,2026-05-20T23:00:00Z,0
app/bodegaai-production-alb/31b69d3d76ab5ed1,,RequestCount,2026-05-20T23:00:00Z,2026-05-21T00:00:00Z,0
app/bodegaai-production-alb/31b69d3d76ab5ed1,,RequestCount,2026-05-21T00:00:00Z,2026-05-21T01:00:00Z,0
app/bodegaai-production-alb/31b69d3d76ab5ed1,,RequestCount,2026-05-21T01:00:00Z,2026-05-21T02:00:00Z,0
app/bodegaai-production-alb/31b69d3d76ab5ed1,,RequestCount,2026-05-21T02:00:00Z,2026-05-21T03:00:00Z,0
app/bodegaai-production-alb/31b69d3d76ab5ed1,,RequestCount,2026-05-21T03:00:00Z,2026-05-21T04:00:00Z,0
app/bodegaai-production-alb/31b69d3d76ab5ed1,,RequestCount,2026-05-21T04:00:00Z,2026-05-21T05:00:00Z,0
app/bodegaai-production-alb/31b69d3d76ab5ed1,,RequestCount,2026-05-21T05:00:00Z,2026-05-21T06:00:00Z,0
app/bodegaai-production-alb/31b69d3d76ab5ed1,,RequestCount,2026-05-21T06:00:00Z,2026-05-21T07:00:00Z,0
app/bodegaai-production-alb/31b69d3d76ab5ed1,,RequestCount,2026-05-21T07:00:00Z,2026-05-21T08:00:00Z,0
app/bodegaai-production-alb/31b69d3d76ab5ed1,,RequestCount,2026-05-21T08:00:00Z,2026-05-21T09:00:00Z,0
app/bodegaai-production-alb/31b69d3d76ab5ed1,,RequestCount,2026-05-21T09:00:00Z,2026-05-21T10:00:00Z,0
app/bodegaai-production-alb/31b69d3d76ab5ed1,,RequestCount,2026-05-21T10:00:00Z,2026-05-21T11:00:00Z,0
app/bodegaai-production-alb/31b69d3d76ab5ed1,,RequestCount,2026-05-21T11:00:00Z,2026-05-21T12:00:00Z,0
app/bodegaai-production-alb/31b69d3d76ab5ed1,,RequestCount,2026-05-21T12:00:00Z,2026-05-21T13:00:00Z,0
app/bodegaai-production-alb/31b69d3d76ab5ed1,,RequestCount,2026-05-21T13:00:00Z,2026-05-21T14:00:00Z,0
app/bodegaai-production-alb/31b69d3d76ab5ed1,,RequestCount,2026-05-21T14:00:00Z,2026-05-21T15:00:00Z,0
app/bodegaai-production-alb/31b69d3d76ab5ed1,,RequestCount,2026-05-21T15:00:00Z,2026-05-21T16:00:00Z,0
app/bodegaai-production-alb/31b69d3d76ab5ed1,,RequestCount,2026-05-21T16:00:00Z,2026-05-21T17:00:00Z,0
app/bodegaai-production-alb/31b69d3d76ab5ed1,,RequestCount,2026-05-21T17:00:00Z,2026-05-21T18:00:00Z,0
app/bodegaai-production-alb/31b69d3d76ab5ed1,,RequestCount,2026-05-21T18:00:00Z,2026-05-21T19:00:00Z,0
app/bodegaai-production-alb/31b69d3d76ab5ed1,,RequestCount,2026-05-21T19:00:00Z,2026-05-21T20:00:00Z,0
app/bodegaai-production-alb/31b69d3d76ab5ed1,,RequestCount,2026-05-21T20:00:00Z,2026-05-21T21:00:00Z,0
app/bodegaai-production-alb/31b69d3d76ab5ed1,,RequestCount,2026-05-21T21:00:00Z,2026-05-21T22:00:00Z,0
app/bodegaai-production-alb/31b69d3d76ab5ed1,,RequestCount,2026-05-21T22:00:00Z,2026-05-21T23:00:00Z,0
app/bodegaai-production-alb/31b69d3d76ab5ed1,,RequestCount,2026-05-21T23:00:00Z,2026-05-22T00:00:00Z,0
app/bodegaai-production-alb/31b69d3d76ab5ed1,,RequestCount,2026-05-22T00:00:00Z,2026-05-22T01:00:00Z,0
app/bodegaai-production-alb/31b69d3d76ab5ed1,,RequestCount,2026-05-22T01:00:00Z,2026-05-22T02:00:00Z,0
app/bodegaai-production-alb/31b69d3d76ab5ed1,,RequestCount,2026-05-22T02:00:00Z,2026-05-22T03:00:00Z,0
app/bodegaai-production-alb/31b69d3d76ab5ed1,,RequestCount,2026-05-22T03:00:00Z,2026-05-22T04:00:00Z,0
app/bodegaai-production-alb/31b69d3d76ab5ed1,,RequestCount,2026-05-22T04:00:00Z,2026-05-22T05:00:00Z,0
app/bodegaai-production-alb/31b69d3d76ab5ed1,,RequestCount,2026-05-22T05:00:00Z,2026-05-22T06:00:00Z,0
app/bodegaai-production-alb/31b69d3d76ab5ed1,,RequestCount,2026-05-22T06:00:00Z,2026-05-22T07:00:00Z,0
app/bodegaai-production-alb/31b69d3d76ab5ed1,,RequestCount,2026-05-22T07:00:00Z,2026-05-22T08:00:00Z,0
app/bodegaai-production-alb/31b69d3d76ab5ed1,,RequestCount,2026-05-22T08:00:00Z,2026-05-22T09:00:00Z,0
app/bodegaai-production-alb/31b69d3d76ab5ed1,,RequestCount,2026-05-22T09:00:00Z,2026-05-22T10:00:00Z,0
app/bodegaai-production-alb/31b69d3d76ab5ed1,,RequestCount,2026-05-22T10:00:00Z,2026-05-22T11:00:00Z,0
app/bodegaai-production-alb/31b69d3d76ab5ed1,,RequestCount,2026-05-22T11:00:00Z,2026-05-22T12:00:00Z,0
app/bodegaai-production-alb/31b69d3d76ab5ed1,,RequestCount,2026-05-22T12:00:00Z,2026-05-22T13:00:00Z,0
app/bodegaai-production-alb/31b69d3d76ab5ed1,,RequestCount,2026-05-22T13:00:00Z,2026-05-22T14:00:00Z,0
app/bodegaai-production-alb/31b69d3d76ab5ed1,,RequestCount,2026-05-22T14:00:00Z,2026-05-22T15:00:00Z,0
app/bodegaai-production-alb/31b69d3d76ab5ed1,,RequestCount,2026-05-22T15:00:00Z,2026-05-22T16:00:00Z,0
app/bodegaai-production-alb/31b69d3d76ab5ed1,,RequestCount,2026-05-22T16:00:00Z,2026-05-22T17:00:00Z,0
app/bodegaai-production-alb/31b69d3d76ab5ed1,,RequestCount,2026-05-22T17:00:00Z,2026-05-22T18:00:00Z,0
app/bodegaai-production-alb/31b69d3d76ab5ed1,,RequestCount,2026-05-22T18:00:00Z,2026-05-22T19:00:00Z,0
app/bodegaai-production-alb/31b69d3d76ab5ed1,,RequestCount,2026-05-22T19:00:00Z,2026-05-22T20:00:00Z,0
app/bodegaai-production-alb/31b69d3d76ab5ed1,,RequestCount,2026-05-22T20:00:00Z,2026-05-22T21:00:00Z,0
app/bodegaai-production-alb/31b69d3d76ab5ed1,,RequestCount,2026-05-22T21:00:00Z,2026-05-22T22:00:00Z,0
app/bodegaai-production-alb/31b69d3d76ab5ed1,,RequestCount,2026-05-22T22:00:00Z,2026-05-22T23:00:00Z,0
app/bodegaai-production-alb/31b69d3d76ab5ed1,,RequestCount,2026-05-22T23:00:00Z,2026-05-23T00:00:00Z,0
app/bodegaai-production-alb/31b69d3d76ab5ed1,,RequestCount,2026-05-23T00:00:00Z,2026-05-23T01:00:00Z,0
app/bodegaai-production-alb/31b69d3d76ab5ed1,,RequestCount,2026-05-23T01:00:00Z,2026-05-23T02:00:00Z,0
app/bodegaai-production-alb/31b69d3d76ab5ed1,,RequestCount,2026-05-23T02:00:00Z,2026-05-23T03:00:00Z,0
app/bodegaai-production-alb/31b69d3d76ab5ed1,,RequestCount,2026-05-23T03:00:00Z,2026-05-23T04:00:00Z,0
app/bodegaai-production-alb/31b69d3d76ab5ed1,,RequestCount,2026-05-23T04:00:00Z,2026-05-23T05:00:00Z,0
app/bodegaai-production-alb/31b69d3d76ab5ed1,,RequestCount,2026-05-23T05:00:00Z,2026-05-23T06:00:00Z,0
app/bodegaai-production-alb/31b69d3d76ab5ed1,,RequestCount,2026-05-23T06:00:00Z,2026-05-23T07:00:00Z,0
app/bodegaai-production-alb/31b69d3d76ab5ed1,,RequestCount,2026-05-23T07:00:00Z,2026-05-23T08:00:00Z,0
app/bodegaai-production-alb/31b69d3d76ab5ed1,,RequestCount,2026-05-23T08:00:00Z,2026-05-23T09:00:00Z,0
app/bodegaai-production-alb/31b69d3d76ab5ed1,,RequestCount,2026-05-23T09:00:00Z,2026-05-23T10:00:00Z,0
app/bodegaai-production-alb/31b69d3d76ab5ed1,,RequestCount,2026-05-23T10:00:00Z,2026-05-23T11:00:00Z,0
app/bodegaai-production-alb/31b69d3d76ab5ed1,,RequestCount,2026-05-23T11:00:00Z,2026-05-23T12:00:00Z,0
app/bodegaai-production-alb/31b69d3d76ab5ed1,,RequestCount,2026-05-23T12:00:00Z,2026-05-23T13:00:00Z,0
app/bodegaai-production-alb/31b69d3d76ab5ed1,,RequestCount,2026-05-23T13:00:00Z,2026-05-23T14:00:00Z,0
app/bodegaai-production-alb/31b69d3d76ab5ed1,,RequestCount,2026-05-23T14:00:00Z,2026-05-23T15:00:00Z,0
app/bodegaai-production-alb/31b69d3d76ab5ed1,,RequestCount,2026-05-23T15:00:00Z,2026-05-23T16:00:00Z,0
app/bodegaai-production-alb/31b69d3d76ab5ed1,,RequestCount,2026-05-23T16:00:00Z,2026-05-23T17:00:00Z,0
app/bodegaai-production-alb/31b69d3d76ab5ed1,,RequestCount,2026-05-23T17:00:00Z,2026-05-23T18:00:00Z,0
app/bodegaai-production-alb/31b69d3d76ab5ed1,,RequestCount,2026-05-23T18:00:00Z,2026-05-23T19:00:00Z,0
app/bodegaai-production-alb/31b69d3d76ab5ed1,,RequestCount,2026-05-23T19:00:00Z,2026-05-23T20:00:00Z,0
app/bodegaai-production-alb/31b69d3d76ab5ed1,,RequestCount,2026-05-23T20:00:00Z,2026-05-23T21:00:00Z,0
app/bodegaai-production-alb/31b69d3d76ab5ed1,,RequestCount,2026-05-23T21:00:00Z,2026-05-23T22:00:00Z,0
app/bodegaai-production-alb/31b69d3d76ab5ed1,,RequestCount,2026-05-23T22:00:00Z,2026-05-23T23:00:00Z,0
app/bodegaai-production-alb/31b69d3d76ab5ed1,,RequestCount,2026-05-23T23:00:00Z,2026-05-24T00:00:00Z,0
app/bodegaai-production-alb/31b69d3d76ab5ed1,,RequestCount,2026-05-24T00:00:00Z,2026-05-24T01:00:00Z,0
app/bodegaai-production-alb/31b69d3d76ab5ed1,,RequestCount,2026-05-24T01:00:00Z,2026-05-24T02:00:00Z,0
app/bodegaai-production-alb/31b69d3d76ab5ed1,,RequestCount,2026-05-24T02:00:00Z,2026-05-24T03:00:00Z,0
app/bodegaai-production-alb/31b69d3d76ab5ed1,,RequestCount,2026-05-24T03:00:00Z,2026-05-24T04:00:00Z,0
app/bodegaai-production-alb/31b69d3d76ab5ed1,,RequestCount,2026-05-24T04:00:00Z,2026-05-24T05:00:00Z,0
app/bodegaai-production-alb/31b69d3d76ab5ed1,,RequestCount,2026-05-24T05:00:00Z,2026-05-24T06:00:00Z,0
app/bodegaai-production-alb/31b69d3d76ab5ed1,,RequestCount,2026-05-24T06:00:00Z,2026-05-24T07:00:00Z,0
app/bodegaai-production-alb/31b69d3d76ab5ed1,,RequestCount,2026-05-24T07:00:00Z,2026-05-24T08:00:00Z,0
app/bodegaai-production-alb/31b69d3d76ab5ed1,,RequestCount,2026-05-24T08:00:00Z,2026-05-24T09:00:00Z,0
app/bodegaai-production-alb/31b69d3d76ab5ed1,,RequestCount,2026-05-24T09:00:00Z,2026-05-24T10:00:00Z,0
app/bodegaai-production-alb/31b69d3d76ab5ed1,,RequestCount,2026-05-24T10:00:00Z,2026-05-24T11:00:00Z,0
app/bodegaai-production-alb/31b69d3d76ab5ed1,,RequestCount,2026-05-24T11:00:00Z,2026-05-24T12:00:00Z,0
app/bodegaai-production-alb/31b69d3d76ab5ed1,,RequestCount,2026-05-24T12:00:00Z,2026-05-24T13:00:00Z,0
app/bodegaai-production-alb/31b69d3d76ab5ed1,,RequestCount,2026-05-24T13:00:00Z,2026-05-24T14:00:00Z,0
app/bodegaai-production-alb/31b69d3d76ab5ed1,,RequestCount,2026-05-24T14:00:00Z,2026-05-24T15:00:00Z,0
app/bodegaai-production-alb/31b69d3d76ab5ed1,,RequestCount,2026-05-24T15:00:00Z,2026-05-24T16:00:00Z,0
app/bodegaai-production-alb/31b69d3d76ab5ed1,,RequestCount,2026-05-24T16:00:00Z,2026-05-24T17:00:00Z,0
app/bodegaai-production-alb/31b69d3d76ab5ed1,,RequestCount,2026-05-24T17:00:00Z,2026-05-24T18:00:00Z,0
app/bodegaai-production-alb/31b69d3d76ab5ed1,,RequestCount,2026-05-24T18:00:00Z,2026-05-24T19:00:00Z,0
app/bodegaai-production-alb/31b69d3d76ab5ed1,,RequestCount,2026-05-24T19:00:00Z,2026-05-24T20:00:00Z,0
app/bodegaai-production-alb/31b69d3d76ab5ed1,,RequestCount,2026-05-24T20:00:00Z,2026-05-24T21:00:00Z,0
app/bodegaai-production-alb/31b69d3d76ab5ed1,,RequestCount,2026-05-24T21:00:00Z,2026-05-24T22:00:00Z,0
app/bodegaai-production-alb/31b69d3d76ab5ed1,,RequestCount,2026-05-24T22:00:00Z,2026-05-24T23:00:00Z,0
app/bodegaai-production-alb/31b69d3d76ab5ed1,,RequestCount,2026-05-24T23:00:00Z,2026-05-25T00:00:00Z,0
app/bodegaai-production-alb/31b69d3d76ab5ed1,,RequestCount,2026-05-25T00:00:00Z,2026-05-25T01:00:00Z,0
app/bodegaai-production-alb/31b69d3d76ab5ed1,,RequestCount,2026-05-25T01:00:00Z,2026-05-25T02:00:00Z,0
app/bodegaai-production-alb/31b69d3d76ab5ed1,,RequestCount,2026-05-25T02:00:00Z,2026-05-25T03:00:00Z,0
app/bodegaai-production-alb/31b69d3d76ab5ed1,,RequestCount,2026-05-25T03:00:00Z,2026-05-25T04:00:00Z,0
app/bodegaai-production-alb/31b69d3d76ab5ed1,,RequestCount,2026-05-25T04:00:00Z,2026-05-25T05:00:00Z,0
app/bodegaai-production-alb/31b69d3d76ab5ed1,,RequestCount,2026-05-25T05:00:00Z,2026-05-25T06:00:00Z,0
app/bodegaai-production-alb/31b69d3d76ab5ed1,,RequestCount,2026-05-25T06:00:00Z,2026-05-25T07:00:00Z,0
app/bodegaai-production-alb/31b69d3d76ab5ed1,,RequestCount,2026-05-25T07:00:00Z,2026-05-25T08:00:00Z,0
app/bodegaai-production-alb/31b69d3d76ab5ed1,,RequestCount,2026-05-25T08:00:00Z,2026-05-25T09:00:00Z,0
app/bodegaai-production-alb/31b69d3d76ab5ed1,,RequestCount,2026-05-25T09:00:00Z,2026-05-25T10:00:00Z,0
app/bodegaai-production-alb/31b69d3d76ab5ed1,,RequestCount,2026-05-25T10:00:00Z,2026-05-25T11:00:00Z,0
app/bodegaai-production-alb/31b69d3d76ab5ed1,,RequestCount,2026-05-25T11:00:00Z,2026-05-25T12:00:00Z,0
app/bodegaai-production-alb/31b69d3d76ab5ed1,,RequestCount,2026-05-25T12:00:00Z,2026-05-25T13:00:00Z,0
app/bodegaai-production-alb/31b69d3d76ab5ed1,,RequestCount,2026-05-25T13:00:00Z,2026-05-25T14:00:00Z,0
app/bodegaai-production-alb/31b69d3d76ab5ed1,,RequestCount,2026-05-25T14:00:00Z,2026-05-25T15:00:00Z,0
app/bodegaai-production-alb/31b69d3d76ab5ed1,,RequestCount,2026-05-25T15:00:00Z,2026-05-25T16:00:00Z,0
app/bodegaai-production-alb/31b69d3d76ab5ed1,,RequestCount,2026-05-25T16:00:00Z,2026-05-25T17:00:00Z,0
app/bodegaai-production-alb/31b69d3d76ab5ed1,,RequestCount,2026-05-25T17:00:00Z,2026-05-25T18:00:00Z,0
app/bodegaai-production-alb/31b69d3d76ab5ed1,,RequestCount,2026-05-25T18:00:00Z,2026-05-25T19:00:00Z,0
app/bodegaai-production-alb/31b69d3d76ab5ed1,,RequestCount,2026-05-25T19:00:00Z,2026-05-25T20:00:00Z,0
app/bodegaai-production-alb/31b69d3d76ab5ed1,,RequestCount,2026-05-25T20:00:00Z,2026-05-25T21:00:00Z,0
app/bodegaai-production-alb/31b69d3d76ab5ed1,,RequestCount,2026-05-25T21:00:00Z,2026-05-25T22:00:00Z,0
app/bodegaai-production-alb/31b69d3d76ab5ed1,,RequestCount,2026-05-25T22:00:00Z,2026-05-25T23:00:00Z,0
app/bodegaai-production-alb/31b69d3d76ab5ed1,,RequestCount,2026-05-25T23:00:00Z,2026-05-26T00:00:00Z,0
app/bodegaai-production-alb/31b69d3d76ab5ed1,,RequestCount,2026-05-26T00:00:00Z,2026-05-26T01:00:00Z,0
app/bodegaai-production-alb/31b69d3d76ab5ed1,,RequestCount,2026-05-26T01:00:00Z,2026-05-26T02:00:00Z,0
app/bodegaai-production-alb/31b69d3d76ab5ed1,,RequestCount,2026-05-26T02:00:00Z,2026-05-26T03:00:00Z,0
app/bodegaai-production-alb/31b69d3d76ab5ed1,,RequestCount,2026-05-26T03:00:00Z,2026-05-26T04:00:00Z,0
app/bodegaai-production-alb/31b69d3d76ab5ed1,,RequestCount,2026-05-26T04:00:00Z,2026-05-26T05:00:00Z,0
app/bodegaai-production-alb/31b69d3d76ab5ed1,,RequestCount,2026-05-26T05:00:00Z,2026-05-26T06:00:00Z,0
app/bodegaai-production-alb/31b69d3d76ab5ed1,,RequestCount,2026-05-26T06:00:00Z,2026-05-26T07:00:00Z,0
app/bodegaai-production-alb/31b69d3d76ab5ed1,,RequestCount,2026-05-26T07:00:00Z,2026-05-26T08:00:00Z,0
app/bodegaai-production-alb/31b69d3d76ab5ed1,,RequestCount,2026-05-26T08:00:00Z,2026-05-26T09:00:00Z,0
app/bodegaai-production-alb/31b69d3d76ab5ed1,,RequestCount,2026-05-26T09:00:00Z,2026-05-26T10:00:00Z,0
app/bodegaai-production-alb/31b69d3d76ab5ed1,,RequestCount,2026-05-26T10:00:00Z,2026-05-26T11:00:00Z,0
app/bodegaai-production-alb/31b69d3d76ab5ed1,,RequestCount,2026-05-26T11:00:00Z,2026-05-26T12:00:00Z,0
app/bodegaai-production-alb/31b69d3d76ab5ed1,,RequestCount,2026-05-26T12:00:00Z,2026-05-26T13:00:00Z,0
app/bodegaai-production-alb/31b69d3d76ab5ed1,,RequestCount,2026-05-26T13:00:00Z,2026-05-26T14:00:00Z,0
app/bodegaai-production-alb/31b69d3d76ab5ed1,,RequestCount,2026-05-26T14:00:00Z,2026-05-26T15:00:00Z,0
app/bodegaai-production-alb/31b69d3d76ab5ed1,,RequestCount,2026-05-26T15:00:00Z,2026-05-26T16:00:00Z,0
app/bodegaai-production-alb/31b69d3d76ab5ed1,,RequestCount,2026-05-26T16:00:00Z,2026-05-26T17:00:00Z,0
app/bodegaai-production-alb/31b69d3d76ab5ed1,,RequestCount,2026-05-26T17:00:00Z,2026-05-26T18:00:00Z,0
app/bodegaai-production-alb/31b69d3d76ab5ed1,,RequestCount,2026-05-26T18:00:00Z,2026-05-26T19:00:00Z,0
app/bodegaai-production-alb/31b69d3d76ab5ed1,,RequestCount,2026-05-26T19:00:00Z,2026-05-26T20:00:00Z,0
app/bodegaai-production-alb/31b69d3d76ab5ed1,,RequestCount,2026-05-26T20:00:00Z,2026-05-26T21:00:00Z,0
app/bodegaai-production-alb/31b69d3d76ab5ed1,,RequestCount,2026-05-26T21:00:00Z,2026-05-26T22:00:00Z,0
app/bodegaai-production-alb/31b69d3d76ab5ed1,,RequestCount,2026-05-26T22:00:00Z,2026-05-26T23:00:00Z,0
app/bodegaai-production-alb/31b69d3d76ab5ed1,,RequestCount,2026-05-26T23:00:00Z,2026-05-27T00:00:00Z,0
app/bodegaai-production-alb/31b69d3d76ab5ed1,,RequestCount,2026-05-27T00:00:00Z,2026-05-27T01:00:00Z,0
app/bodegaai-production-alb/31b69d3d76ab5ed1,,RequestCount,2026-05-27T01:00:00Z,2026-05-27T02:00:00Z,0
app/bodegaai-production-alb/31b69d3d76ab5ed1,,RequestCount,2026-05-27T02:00:00Z,2026-05-27T03:00:00Z,0
app/bodegaai-production-alb/31b69d3d76ab5ed1,,RequestCount,2026-05-27T03:00:00Z,2026-05-27T04:00:00Z,0
app/bodegaai-production-alb/31b69d3d76ab5ed1,,RequestCount,2026-05-27T04:00:00Z,2026-05-27T05:00:00Z,0
app/bodegaai-production-alb/31b69d3d76ab5ed1,,RequestCount,2026-05-27T05:00:00Z,2026-05-27T06:00:00Z,0
app/bodegaai-production-alb/31b69d3d76ab5ed1,,RequestCount,2026-05-27T06:00:00Z,2026-05-27T07:00:00Z,0
app/bodegaai-production-alb/31b69d3d76ab5ed1,,RequestCount,2026-05-27T07:00:00Z,2026-05-27T08:00:00Z,0
app/bodegaai-production-alb/31b69d3d76ab5ed1,,RequestCount,2026-05-27T08:00:00Z,2026-05-27T09:00:00Z,0
app/bodegaai-production-alb/31b69d3d76ab5ed1,,RequestCount,2026-05-27T09:00:00Z,2026-05-27T10:00:00Z,0
app/bodegaai-production-alb/31b69d3d76ab5ed1,,RequestCount,2026-05-27T10:00:00Z,2026-05-27T11:00:00Z,0
app/bodegaai-production-alb/31b69d3d76ab5ed1,,RequestCount,2026-05-27T11:00:00Z,2026-05-27T12:00:00Z,0
app/bodegaai-production-alb/31b69d3d76ab5ed1,,RequestCount,2026-05-27T12:00:00Z,2026-05-27T13:00:00Z,0
app/bodegaai-production-alb/31b69d3d76ab5ed1,,RequestCount,2026-05-27T13:00:00Z,2026-05-27T14:00:00Z,0
app/bodegaai-production-alb/31b69d3d76ab5ed1,,RequestCount,2026-05-27T14:00:00Z,2026-05-27T15:00:00Z,0
app/bodegaai-production-alb/31b69d3d76ab5ed1,,RequestCount,2026-05-27T15:00:00Z,2026-05-27T16:00:00Z,0
app/bodegaai-production-alb/31b69d3d76ab5ed1,,RequestCount,2026-05-27T16:00:00Z,2026-05-27T17:00:00Z,0
app/bodegaai-production-alb/31b69d3d76ab5ed1,,RequestCount,2026-05-27T17:00:00Z,2026-05-27T18:00:00Z,0
app/bodegaai-production-alb/31b69d3d76ab5ed1,,RequestCount,2026-05-27T18:00:00Z,2026-05-27T19:00:00Z,0
app/bodegaai-production-alb/31b69d3d76ab5ed1,,RequestCount,2026-05-27T19:00:00Z,2026-05-27T20:00:00Z,0
app/bodegaai-production-alb/31b69d3d76ab5ed1,,RequestCount,2026-05-27T20:00:00Z,2026-05-27T21:00:00Z,0
app/bodegaai-production-alb/31b69d3d76ab5ed1,,RequestCount,2026-05-27T21:00:00Z,2026-05-27T22:00:00Z,0
app/bodegaai-production-alb/31b69d3d76ab5ed1,,RequestCount,2026-05-27T22:00:00Z,2026-05-27T23:00:00Z,0
app/bodegaai-production-alb/31b69d3d76ab5ed1,,RequestCount,2026-05-27T23:00:00Z,2026-05-28T00:00:00Z,0
app/bodegaai-production-alb/31b69d3d76ab5ed1,,RequestCount,2026-05-28T00:00:00Z,2026-05-28T01:00:00Z,0
app/bodegaai-production-alb/31b69d3d76ab5ed1,,RequestCount,2026-05-28T01:00:00Z,2026-05-28T02:00:00Z,0
app/bodegaai-production-alb/31b69d3d76ab5ed1,,RequestCount,2026-05-28T02:00:00Z,2026-05-28T03:00:00Z,0
app/bodegaai-production-alb/31b69d3d76ab5ed1,,RequestCount,2026-05-28T03:00:00Z,2026-05-28T04:00:00Z,0
app/bodegaai-production-alb/31b69d3d76ab5ed1,,RequestCount,2026-05-28T04:00:00Z,2026-05-28T05:00:00Z,0
app/bodegaai-production-alb/31b69d3d76ab5ed1,,RequestCount,2026-05-28T05:00:00Z,2026-05-28T06:00:00Z,0
app/bodegaai-production-alb/31b69d3d76ab5ed1,,RequestCount,2026-05-28T06:00:00Z,2026-05-28T07:00:00Z,0
app/bodegaai-production-alb/31b69d3d76ab5ed1,,RequestCount,2026-05-28T07:00:00Z,2026-05-28T08:00:00Z,0
app/bodegaai-production-alb/31b69d3d76ab5ed1,,RequestCount,2026-05-28T08:00:00Z,2026-05-28T09:00:00Z,0
app/bodegaai-production-alb/31b69d3d76ab5ed1,,RequestCount,2026-05-28T09:00:00Z,2026-05-28T10:00:00Z,0
app/bodegaai-production-alb/31b69d3d76ab5ed1,,RequestCount,2026-05-28T10:00:00Z,2026-05-28T11:00:00Z,0
app/bodegaai-production-alb/31b69d3d76ab5ed1,,RequestCount,2026-05-28T11:00:00Z,2026-05-28T12:00:00Z,0
app/bodegaai-production-alb/31b69d3d76ab5ed1,,RequestCount,2026-05-28T12:00:00Z,2026-05-28T13:00:00Z,0
app/bodegaai-production-alb/31b69d3d76ab5ed1,,RequestCount,2026-05-28T13:00:00Z,2026-05-28T14:00:00Z,0
app/bodegaai-production-alb/31b69d3d76ab5ed1,,RequestCount,2026-05-28T14:00:00Z,2026-05-28T15:00:00Z,0
app/bodegaai-production-alb/31b69d3d76ab5ed1,,RequestCount,2026-05-28T15:00:00Z,2026-05-28T16:00:00Z,0
app/bodegaai-production-alb/31b69d3d76ab5ed1,,RequestCount,2026-05-28T16:00:00Z,2026-05-28T17:00:00Z,0
app/bodegaai-production-alb/31b69d3d76ab5ed1,,RequestCount,2026-05-28T17:00:00Z,2026-05-28T18:00:00Z,0
app/bodegaai-production-alb/31b69d3d76ab5ed1,,RequestCount,2026-05-28T18:00:00Z,2026-05-28T19:00:00Z,0
app/bodegaai-production-alb/31b69d3d76ab5ed1,,RequestCount,2026-05-28T19:00:00Z,2026-05-28T20:00:00Z,0
app/bodegaai-production-alb/31b69d3d76ab5ed1,,RequestCount,2026-05-28T20:00:00Z,2026-05-28T21:00:00Z,0
app/bodegaai-production-alb/31b69d3d76ab5ed1,,RequestCount,2026-05-28T21:00:00Z,2026-05-28T22:00:00Z,0
app/bodegaai-production-alb/31b69d3d76ab5ed1,,RequestCount,2026-05-28T22:00:00Z,2026-05-28T23:00:00Z,0
app/bodegaai-production-alb/31b69d3d76ab5ed1,,RequestCount,2026-05-28T23:00:00Z,2026-05-29T00:00:00Z,0
app/bodegaai-production-alb/31b69d3d76ab5ed1,,RequestCount,2026-05-29T00:00:00Z,2026-05-29T01:00:00Z,0
app/bodegaai-production-alb/31b69d3d76ab5ed1,,RequestCount,2026-05-29T01:00:00Z,2026-05-29T02:00:00Z,0
app/bodegaai-production-alb/31b69d3d76ab5ed1,,RequestCount,2026-05-29T02:00:00Z,2026-05-29T03:00:00Z,0
app/bodegaai-production-alb/31b69d3d76ab5ed1,,RequestCount,2026-05-29T03:00:00Z,2026-05-29T04:00:00Z,0
app/bodegaai-production-alb/31b69d3d76ab5ed1,,RequestCount,2026-05-29T04:00:00Z,2026-05-29T05:00:00Z,0
app/bodegaai-production-alb/31b69d3d76ab5ed1,,RequestCount,2026-05-29T05:00:00Z,2026-05-29T06:00:00Z,0
app/bodegaai-production-alb/31b69d3d76ab5ed1,,RequestCount,2026-05-29T06:00:00Z,2026-05-29T07:00:00Z,0
app/bodegaai-production-alb/31b69d3d76ab5ed1,,RequestCount,2026-05-29T07:00:00Z,2026-05-29T08:00:00Z,0
app/bodegaai-production-alb/31b69d3d76ab5ed1,,RequestCount,2026-05-29T08:00:00Z,2026-05-29T09:00:00Z,0
app/bodegaai-production-alb/31b69d3d76ab5ed1,,RequestCount,2026-05-29T09:00:00Z,2026-05-29T10:00:00Z,0
app/bodegaai-production-alb/31b69d3d76ab5ed1,,RequestCount,2026-05-29T10:00:00Z,2026-05-29T11:00:00Z,0
app/bodegaai-production-alb/31b69d3d76ab5ed1,,RequestCount,2026-05-29T11:00:00Z,2026-05-29T12:00:00Z,0
app/bodegaai-production-alb/31b69d3d76ab5ed1,,RequestCount,2026-05-29T12:00:00Z,2026-05-29T13:00:00Z,0
app/bodegaai-production-alb/31b69d3d76ab5ed1,,RequestCount,2026-05-29T13:00:00Z,2026-05-29T14:00:00Z,0
app/bodegaai-production-alb/31b69d3d76ab5ed1,,RequestCount,2026-05-29T14:00:00Z,2026-05-29T15:00:00Z,0
app/bodegaai-production-alb/31b69d3d76ab5ed1,,RequestCount,2026-05-29T15:00:00Z,2026-05-29T16:00:00Z,0
app/bodegaai-production-alb/31b69d3d76ab5ed1,,RequestCount,2026-05-29T16:00:00Z,2026-05-29T17:00:00Z,0
app/bodegaai-production-alb/31b69d3d76ab5ed1,,RequestCount,2026-05-29T17:00:00Z,2026-05-29T18:00:00Z,0
app/bodegaai-production-alb/31b69d3d76ab5ed1,,RequestCount,2026-05-29T18:00:00Z,2026-05-29T19:00:00Z,0
app/bodegaai-production-alb/31b69d3d76ab5ed1,,RequestCount,2026-05-29T19:00:00Z,2026-05-29T20:00:00Z,0
app/bodegaai-production-alb/31b69d3d76ab5ed1,,RequestCount,2026-05-29T20:00:00Z,2026-05-29T21:00:00Z,0
app/bodegaai-production-alb/31b69d3d76ab5ed1,,RequestCount,2026-05-29T21:00:00Z,2026-05-29T22:00:00Z,0
app/bodegaai-production-alb/31b69d3d76ab5ed1,,RequestCount,2026-05-29T22:00:00Z,2026-05-29T23:00:00Z,0
app/bodegaai-production-alb/31b69d3d76ab5ed1,,RequestCount,2026-05-29T23:00:00Z,2026-05-30T00:00:00Z,0
app/bodegaai-production-alb/31b69d3d76ab5ed1,,RequestCount,2026-05-30T00:00:00Z,2026-05-30T01:00:00Z,0
app/bodegaai-production-alb/31b69d3d76ab5ed1,,RequestCount,2026-05-30T01:00:00Z,2026-05-30T02:00:00Z,0
app/bodegaai-production-alb/31b69d3d76ab5ed1,,RequestCount,2026-05-30T02:00:00Z,2026-05-30T03:00:00Z,0
app/bodegaai-production-alb/31b69d3d76ab5ed1,,RequestCount,2026-05-30T03:00:00Z,2026-05-30T04:00:00Z,0
app/bodegaai-production-alb/31b69d3d76ab5ed1,,RequestCount,2026-05-30T04:00:00Z,2026-05-30T05:00:00Z,0
app/bodegaai-production-alb/31b69d3d76ab5ed1,,RequestCount,2026-05-30T05:00:00Z,2026-05-30T06:00:00Z,0
app/bodegaai-production-alb/31b69d3d76ab5ed1,,RequestCount,2026-05-30T06:00:00Z,2026-05-30T07:00:00Z,0
app/bodegaai-production-alb/31b69d3d76ab5ed1,,RequestCount,2026-05-30T07:00:00Z,2026-05-30T08:00:00Z,0
app/bodegaai-production-alb/31b69d3d76ab5ed1,,RequestCount,2026-05-30T08:00:00Z,2026-05-30T09:00:00Z,0
app/bodegaai-production-alb/31b69d3d76ab5ed1,,RequestCount,2026-05-30T09:00:00Z,2026-05-30T10:00:00Z,0
app/bodegaai-production-alb/31b69d3d76ab5ed1,,RequestCount,2026-05-30T10:00:00Z,2026-05-30T11:00:00Z,0
app/bodegaai-production-alb/31b69d3d76ab5ed1,,RequestCount,2026-05-30T11:00:00Z,2026-05-30T12:00:00Z,0
app/bodegaai-production-alb/31b69d3d76ab5ed1,,RequestCount,2026-05-30T12:00:00Z,2026-05-30T13:00:00Z,0
app/bodegaai-production-alb/31b69d3d76ab5ed1,,RequestCount,2026-05-30T13:00:00Z,2026-05-30T14:00:00Z,0
app/bodegaai-production-alb/31b69d3d76ab5ed1,,RequestCount,2026-05-30T14:00:00Z,2026-05-30T15:00:00Z,0
app/bodegaai-production-alb/31b69d3d76ab5ed1,,RequestCount,2026-05-30T15:00:00Z,2026-05-30T16:00:00Z,0
app/bodegaai-production-alb/31b69d3d76ab5ed1,,RequestCount,2026-05-30T16:00:00Z,2026-05-30T17:00:00Z,0
app/bodegaai-production-alb/31b69d3d76ab5ed1,,RequestCount,2026-05-30T17:00:00Z,2026-05-30T18:00:00Z,0
app/bodegaai-production-alb/31b69d3d76ab5ed1,,RequestCount,2026-05-30T18:00:00Z,2026-05-30T19:00:00Z,0
app/bodegaai-production-alb/31b69d3d76ab5ed1,,RequestCount,2026-05-30T19:00:00Z,2026-05-30T20:00:00Z,0
app/bodegaai-production-alb/31b69d3d76ab5ed1,,RequestCount,2026-05-30T20:00:00Z,2026-05-30T21:00:00Z,0
app/bodegaai-production-alb/31b69d3d76ab5ed1,,RequestCount,2026-05-30T21:00:00Z,2026-05-30T22:00:00Z,0
app/bodegaai-production-alb/31b69d3d76ab5ed1,,RequestCount,2026-05-30T22:00:00Z,2026-05-30T23:00:00Z,0
app/bodegaai-production-alb/31b69d3d76ab5ed1,,RequestCount,2026-05-30T23:00:00Z,2026-05-31T00:00:00Z,0
app/bodegaai-production-alb/31b69d3d76ab5ed1,,RequestCount,2026-05-31T00:00:00Z,2026-05-31T01:00:00Z,0
app/bodegaai-production-alb/31b69d3d76ab5ed1,,RequestCount,2026-05-31T01:00:00Z,2026-05-31T02:00:00Z,0
app/bodegaai-production-alb/31b69d3d76ab5ed1,,RequestCount,2026-05-31T02:00:00Z,2026-05-31T03:00:00Z,0
app/bodegaai-production-alb/31b69d3d76ab5ed1,,RequestCount,2026-05-31T03:00:00Z,2026-05-31T04:00:00Z,0
app/bodegaai-production-alb/31b69d3d76ab5ed1,,RequestCount,2026-05-31T04:00:00Z,2026-05-31T05:00:00Z,0
app/bodegaai-production-alb/31b69d3d76ab5ed1,,RequestCount,2026-05-31T05:00:00Z,2026-05-31T06:00:00Z,0
app/bodegaai-production-alb/31b69d3d76ab5ed1,,RequestCount,2026-05-31T06:00:00Z,2026-05-31T07:00:00Z,0
app/bodegaai-production-alb/31b69d3d76ab5ed1,,RequestCount,2026-05-31T07:00:00Z,2026-05-31T08:00:00Z,0
app/bodegaai-production-alb/31b69d3d76ab5ed1,,RequestCount,2026-05-31T08:00:00Z,2026-05-31T09:00:00Z,0
app/bodegaai-production-alb/31b69d3d76ab5ed1,,RequestCount,2026-05-31T09:00:00Z,2026-05-31T10:00:00Z,0
app/bodegaai-production-alb/31b69d3d76ab5ed1,,RequestCount,2026-05-31T10:00:00Z,2026-05-31T11:00:00Z,0
app/bodegaai-production-alb/31b69d3d76ab5ed1,,RequestCount,2026-05-31T11:00:00Z,2026-05-31T12:00:00Z,0
app/bodegaai-production-alb/31b69d3d76ab5ed1,,RequestCount,2026-05-31T12:00:00Z,2026-05-31T13:00:00Z,0
app/bodegaai-production-alb/31b69d3d76ab5ed1,,RequestCount,2026-05-31T13:00:00Z,2026-05-31T14:00:00Z,0
app/bodegaai-production-alb/31b69d3d76ab5ed1,,RequestCount,2026-05-31T14:00:00Z,2026-05-31T15:00:00Z,0
app/bodegaai-production-alb/31b69d3d76ab5ed1,,RequestCount,2026-05-31T15:00:00Z,2026-05-31T16:00:00Z,0
app/bodegaai-production-alb/31b69d3d76ab5ed1,,RequestCount,2026-05-31T16:00:00Z,2026-05-31T17:00:00Z,0
app/bodegaai-production-alb/31b69d3d76ab5ed1,,RequestCount,2026-05-31T17:00:00Z,2026-05-31T18:00:00Z,0
app/bodegaai-production-alb/31b69d3d76ab5ed1,,RequestCount,2026-05-31T18:00:00Z,2026-05-31T19:00:00Z,0
app/bodegaai-production-alb/31b69d3d76ab5ed1,,RequestCount,2026-05-31T19:00:00Z,2026-05-31T20:00:00Z,0
app/bodegaai-production-alb/31b69d3d76ab5ed1,,RequestCount,2026-05-31T20:00:00Z,2026-05-31T21:00:00Z,0
app/bodegaai-production-alb/31b69d3d76ab5ed1,,RequestCount,2026-05-31T21:00:00Z,2026-05-31T22:00:00Z,0
app/bodegaai-production-alb/31b69d3d76ab5ed1,,RequestCount,2026-05-31T22:00:00Z,2026-05-31T23:00:00Z,0
app/bodegaai-production-alb/31b69d3d76ab5ed1,,RequestCount,2026-05-31T23:00:00Z,2026-06-01T00:00:00Z,0
app/bodegaai-production-alb/31b69d3d76ab5ed1,,RequestCount,2026-06-01T00:00:00Z,2026-06-01T01:00:00Z,0
app/bodegaai-production-alb/31b69d3d76ab5ed1,,RequestCount,2026-06-01T01:00:00Z,2026-06-01T02:00:00Z,0
app/bodegaai-production-alb/31b69d3d76ab5ed1,,RequestCount,2026-06-01T02:00:00Z,2026-06-01T03:00:00Z,0
app/bodegaai-production-alb/31b69d3d76ab5ed1,,RequestCount,2026-06-01T03:00:00Z,2026-06-01T04:00:00Z,0
app/bodegaai-production-alb/31b69d3d76ab5ed1,,RequestCount,2026-06-01T04:00:00Z,2026-06-01T05:00:00Z,0
app/bodegaai-production-alb/31b69d3d76ab5ed1,,RequestCount,2026-06-01T05:00:00Z,2026-06-01T06:00:00Z,0
app/bodegaai-production-alb/31b69d3d76ab5ed1,,RequestCount,2026-06-01T06:00:00Z,2026-06-01T07:00:00Z,0
app/bodegaai-production-alb/31b69d3d76ab5ed1,,RequestCount,2026-06-01T07:00:00Z,2026-06-01T08:00:00Z,0
app/bodegaai-production-alb/31b69d3d76ab5ed1,,RequestCount,2026-06-01T08:00:00Z,2026-06-01T09:00:00Z,0
app/bodegaai-production-alb/31b69d3d76ab5ed1,,RequestCount,2026-06-01T09:00:00Z,2026-06-01T10:00:00Z,0
app/bodegaai-production-alb/31b69d3d76ab5ed1,,RequestCount,2026-06-01T10:00:00Z,2026-06-01T11:00:00Z,0
app/bodegaai-production-alb/31b69d3d76ab5ed1,,RequestCount,2026-06-01T11:00:00Z,2026-06-01T12:00:00Z,0
app/bodegaai-production-alb/31b69d3d76ab5ed1,,RequestCount,2026-06-01T12:00:00Z,2026-06-01T13:00:00Z,0
app/bodegaai-production-alb/31b69d3d76ab5ed1,,RequestCount,2026-06-01T13:00:00Z,2026-06-01T14:00:00Z,0
app/bodegaai-production-alb/31b69d3d76ab5ed1,,RequestCount,2026-06-01T14:00:00Z,2026-06-01T15:00:00Z,0
app/bodegaai-production-alb/31b69d3d76ab5ed1,,RequestCount,2026-06-01T15:00:00Z,2026-06-01T16:00:00Z,0
app/bodegaai-production-alb/31b69d3d76ab5ed1,,RequestCount,2026-06-01T16:00:00Z,2026-06-01T17:00:00Z,0
app/bodegaai-production-alb/31b69d3d76ab5ed1,,RequestCount,2026-06-01T17:00:00Z,2026-06-01T18:00:00Z,0
app/bodegaai-production-alb/31b69d3d76ab5ed1,,RequestCount,2026-06-01T18:00:00Z,2026-06-01T19:00:00Z,0
app/bodegaai-production-alb/31b69d3d76ab5ed1,,RequestCount,2026-06-01T19:00:00Z,2026-06-01T20:00:00Z,0
app/bodegaai-production-alb/31b69d3d76ab5ed1,,RequestCount,2026-06-01T20:00:00Z,2026-06-01T21:00:00Z,0
app/bodegaai-production-alb/31b69d3d76ab5ed1,,RequestCount,2026-06-01T21:00:00Z,2026-06-01T22:00:00Z,0
app/bodegaai-production-alb/31b69d3d76ab5ed1,,RequestCount,2026-06-01T22:00:00Z,2026-06-01T23:00:00Z,0
app/bodegaai-production-alb/31b69d3d76ab5ed1,,RequestCount,2026-06-01T23:00:00Z,2026-06-02T00:00:00Z,0
app/bodegaai-production-alb/31b69d3d76ab5ed1,,RequestCount,2026-06-02T00:00:00Z,2026-06-02T01:00:00Z,0
app/bodegaai-production-alb/31b69d3d76ab5ed1,,RequestCount,2026-06-02T01:00:00Z,2026-06-02T02:00:00Z,0
app/bodegaai-production-alb/31b69d3d76ab5ed1,,RequestCount,2026-06-02T02:00:00Z,2026-06-02T03:00:00Z,0
app/bodegaai-production-alb/31b69d3d76ab5ed1,,RequestCount,2026-06-02T03:00:00Z,2026-06-02T04:00:00Z,0
app/bodegaai-production-alb/31b69d3d76ab5ed1,,RequestCount,2026-06-02T04:00:00Z,2026-06-02T05:00:00Z,0
app/bodegaai-production-alb/31b69d3d76ab5ed1,,RequestCount,2026-06-02T05:00:00Z,2026-06-02T06:00:00Z,0
app/bodegaai-production-alb/31b69d3d76ab5ed1,,RequestCount,2026-06-02T06:00:00Z,2026-06-02T07:00:00Z,0
app/bodegaai-production-alb/31b69d3d76ab5ed1,,RequestCount,2026-06-02T07:00:00Z,2026-06-02T08:00:00Z,0
app/bodegaai-production-alb/31b69d3d76ab5ed1,,RequestCount,2026-06-02T08:00:00Z,2026-06-02T09:00:00Z,0
app/bodegaai-production-alb/31b69d3d76ab5ed1,,RequestCount,2026-06-02T09:00:00Z,2026-06-02T10:00:00Z,0
app/bodegaai-production-alb/31b69d3d76ab5ed1,,RequestCount,2026-06-02T10:00:00Z,2026-06-02T11:00:00Z,0
app/bodegaai-production-alb/31b69d3d76ab5ed1,,RequestCount,2026-06-02T11:00:00Z,2026-06-02T12:00:00Z,0
app/bodegaai-production-alb/31b69d3d76ab5ed1,,RequestCount,2026-06-02T12:00:00Z,2026-06-02T13:00:00Z,0
app/bodegaai-production-alb/31b69d3d76ab5ed1,,RequestCount,2026-06-02T13:00:00Z,2026-06-02T14:00:00Z,0
app/bodegaai-production-alb/31b69d3d76ab5ed1,,RequestCount,2026-06-02T14:00:00Z,2026-06-02T15:00:00Z,0
app/bodegaai-production-alb/31b69d3d76ab5ed1,,RequestCount,2026-06-02T15:00:00Z,2026-06-02T16:00:00Z,0
app/bodegaai-production-alb/31b69d3d76ab5ed1,,RequestCount,2026-06-02T16:00:00Z,2026-06-02T17:00:00Z,0
app/bodegaai-production-alb/31b69d3d76ab5ed1,,RequestCount,2026-06-02T17:00:00Z,2026-06-02T18:00:00Z,0
app/bodegaai-production-alb/31b69d3d76ab5ed1,,RequestCount,2026-06-02T18:00:00Z,2026-06-02T19:00:00Z,0
app/bodegaai-production-alb/31b69d3d76ab5ed1,,RequestCount,2026-06-02T19:00:00Z,2026-06-02T20:00:00Z,0
app/bodegaai-production-alb/31b69d3d76ab5ed1,,RequestCount,2026-06-02T20:00:00Z,2026-06-02T21:00:00Z,0
app/bodegaai-production-alb/31b69d3d76ab5ed1,,RequestCount,2026-06-02T21:00:00Z,2026-06-02T22:00:00Z,0
app/bodegaai-production-alb/31b69d3d76ab5ed1,,RequestCount,2026-06-02T22:00:00Z,2026-06-02T23:00:00Z,0
app/bodegaai-production-alb/31b69d3d76ab5ed1,,RequestCount,2026-06-02T23:00:00Z,2026-06-03T00:00:00Z,0
app/bodegaai-production-alb/31b69d3d76ab5ed1,,RequestCount,2026-06-03T00:00:00Z,2026-06-03T01:00:00Z,0
app/bodegaai-production-alb/31b69d3d76ab5ed1,,RequestCount,2026-06-03T01:00:00Z,2026-06-03T02:00:00Z,0
app/bodegaai-production-alb/31b69d3d76ab5ed1,,RequestCount,2026-06-03T02:00:00Z,2026-06-03T03:00:00Z,0
app/bodegaai-production-alb/31b69d3d76ab5ed1,,RequestCount,2026-06-03T03:00:00Z,2026-06-03T04:00:00Z,0
app/bodegaai-production-alb/31b69d3d76ab5ed1,,RequestCount,2026-06-03T04:00:00Z,2026-06-03T05:00:00Z,0
app/bodegaai-production-alb/31b69d3d76ab5ed1,,RequestCount,2026-06-03T05:00:00Z,2026-06-03T06:00:00Z,0
app/bodegaai-production-alb/31b69d3d76ab5ed1,,RequestCount,2026-06-03T06:00:00Z,2026-06-03T07:00:00Z,0
app/bodegaai-production-alb/31b69d3d76ab5ed1,,RequestCount,2026-06-03T07:00:00Z,2026-06-03T08:00:00Z,0
app/bodegaai-production-alb/31b69d3d76ab5ed1,,RequestCount,2026-06-03T08:00:00Z,2026-06-03T09:00:00Z,0
app/bodegaai-production-alb/31b69d3d76ab5ed1,,RequestCount,2026-06-03T09:00:00Z,2026-06-03T10:00:00Z,0
app/bodegaai-production-alb/31b69d3d76ab5ed1,,RequestCount,2026-06-03T10:00:00Z,2026-06-03T11:00:00Z,0
app/bodegaai-production-alb/31b69d3d76ab5ed1,,RequestCount,2026-06-03T11:00:00Z,2026-06-03T12:00:00Z,0
app/bodegaai-production-alb/31b69d3d76ab5ed1,,RequestCount,2026-06-03T12:00:00Z,2026-06-03T13:00:00Z,0
app/bodegaai-production-alb/31b69d3d76ab5ed1,,RequestCount,2026-06-03T13:00:00Z,2026-06-03T14:00:00Z,0
app/bodegaai-production-alb/31b69d3d76ab5ed1,,RequestCount,2026-06-03T14:00:00Z,2026-06-03T15:00:00Z,0
app/bodegaai-production-alb/31b69d3d76ab5ed1,,RequestCount,2026-06-03T15:00:00Z,2026-06-03T16:00:00Z,0
app/bodegaai-production-alb/31b69d3d76ab5ed1,,RequestCount,2026-06-03T16:00:00Z,2026-06-03T17:00:00Z,0
app/bodegaai-production-alb/31b69d3d76ab5ed1,,RequestCount,2026-06-03T17:00:00Z,2026-06-03T18:00:00Z,0
app/bodegaai-production-alb/31b69d3d76ab5ed1,,RequestCount,2026-06-03T18:00:00Z,2026-06-03T19:00:00Z,0
app/bodegaai-production-alb/31b69d3d76ab5ed1,,RequestCount,2026-06-03T19:00:00Z,2026-06-03T20:00:00Z,0
app/bodegaai-production-alb/31b69d3d76ab5ed1,,RequestCount,2026-06-03T20:00:00Z,2026-06-03T21:00:00Z,0
app/bodegaai-production-alb/31b69d3d76ab5ed1,,RequestCount,2026-06-03T21:00:00Z,2026-06-03T22:00:00Z,0
app/bodegaai-production-alb/31b69d3d76ab5ed1,,RequestCount,2026-06-03T22:00:00Z,2026-06-03T23:00:00Z,0
app/bodegaai-production-alb/31b69d3d76ab5ed1,,RequestCount,2026-06-03T23:00:00Z,2026-06-04T00:00:00Z,0
app/bodegaai-production-alb/31b69d3d76ab5ed1,,RequestCount,2026-06-04T00:00:00Z,2026-06-04T01:00:00Z,0
app/bodegaai-production-alb/31b69d3d76ab5ed1,,RequestCount,2026-06-04T01:00:00Z,2026-06-04T02:00:00Z,0
app/bodegaai-production-alb/31b69d3d76ab5ed1,,RequestCount,2026-06-04T02:00:00Z,2026-06-04T03:00:00Z,0
app/bodegaai-production-alb/31b69d3d76ab5ed1,,RequestCount,2026-06-04T03:00:00Z,2026-06-04T04:00:00Z,0
app/bodegaai-production-alb/31b69d3d76ab5ed1,,RequestCount,2026-06-04T04:00:00Z,2026-06-04T05:00:00Z,0
app/bodegaai-production-alb/31b69d3d76ab5ed1,,RequestCount,2026-06-04T05:00:00Z,2026-06-04T06:00:00Z,0
app/bodegaai-production-alb/31b69d3d76ab5ed1,,RequestCount,2026-06-04T06:00:00Z,2026-06-04T07:00:00Z,0
app/bodegaai-production-alb/31b69d3d76ab5ed1,,RequestCount,2026-06-04T07:00:00Z,2026-06-04T08:00:00Z,0
app/bodegaai-production-alb/31b69d3d76ab5ed1,,RequestCount,2026-06-04T08:00:00Z,2026-06-04T09:00:00Z,0
app/bodegaai-production-alb/31b69d3d76ab5ed1,,RequestCount,2026-06-04T09:00:00Z,2026-06-04T10:00:00Z,0
app/bodegaai-production-alb/31b69d3d76ab5ed1,,RequestCount,2026-06-04T10:00:00Z,2026-06-04T11:00:00Z,0
app/bodegaai-production-alb/31b69d3d76ab5ed1,,RequestCount,2026-06-04T11:00:00Z,2026-06-04T12:00:00Z,0
app/bodegaai-production-alb/31b69d3d76ab5ed1,,RequestCount,2026-06-04T12:00:00Z,2026-06-04T13:00:00Z,0
app/bodegaai-production-alb/31b69d3d76ab5ed1,,RequestCount,2026-06-04T13:00:00Z,2026-06-04T14:00:00Z,0
app/bodegaai-production-alb/31b69d3d76ab5ed1,,RequestCount,2026-06-04T14:00:00Z,2026-06-04T15:00:00Z,0
app/bodegaai-production-alb/31b69d3d76ab5ed1,,RequestCount,2026-06-04T15:00:00Z,2026-06-04T16:00:00Z,0
app/bodegaai-production-alb/31b69d3d76ab5ed1,,RequestCount,2026-06-04T16:00:00Z,2026-06-04T17:00:00Z,0
app/bodegaai-production-alb/31b69d3d76ab5ed1,,RequestCount,2026-06-04T17:00:00Z,2026-06-04T18:00:00Z,0
app/bodegaai-production-alb/31b69d3d76ab5ed1,,RequestCount,2026-06-04T18:00:00Z,2026-06-04T19:00:00Z,0
app/bodegaai-production-alb/31b69d3d76ab5ed1,,RequestCount,2026-06-04T19:00:00Z,2026-06-04T20:00:00Z,0
app/bodegaai-production-alb/31b69d3d76ab5ed1,,RequestCount,2026-06-04T20:00:00Z,2026-06-04T21:00:00Z,0
app/bodegaai-production-alb/31b69d3d76ab5ed1,,RequestCount,2026-06-04T21:00:00Z,2026-06-04T22:00:00Z,0
app/bodegaai-production-alb/31b69d3d76ab5ed1,,RequestCount,2026-06-04T22:00:00Z,2026-06-04T23:00:00Z,0
app/bodegaai-production-alb/31b69d3d76ab5ed1,,RequestCount,2026-06-04T23:00:00Z,2026-06-05T00:00:00Z,0
app/bodegaai-production-alb/31b69d3d76ab5ed1,,RequestCount,2026-06-05T00:00:00Z,2026-06-05T01:00:00Z,0
app/bodegaai-production-alb/31b69d3d76ab5ed1,,RequestCount,2026-06-05T01:00:00Z,2026-06-05T02:00:00Z,0
app/bodegaai-production-alb/31b69d3d76ab5ed1,,RequestCount,2026-06-05T02:00:00Z,2026-06-05T03:00:00Z,0
app/bodegaai-production-alb/31b69d3d76ab5ed1,,RequestCount,2026-06-05T03:00:00Z,2026-06-05T04:00:00Z,0
app/bodegaai-production-alb/31b69d3d76ab5ed1,,RequestCount,2026-06-05T04:00:00Z,2026-06-05T05:00:00Z,0
app/bodegaai-production-alb/31b69d3d76ab5ed1,,RequestCount,2026-06-05T05:00:00Z,2026-06-05T06:00:00Z,0
app/bodegaai-production-alb/31b69d3d76ab5ed1,,RequestCount,2026-06-05T06:00:00Z,2026-06-05T07:00:00Z,0
app/bodegaai-production-alb/31b69d3d76ab5ed1,,RequestCount,2026-06-05T07:00:00Z,2026-06-05T08:00:00Z,0
app/bodegaai-production-alb/31b69d3d76ab5ed1,,RequestCount,2026-06-05T08:00:00Z,2026-06-05T09:00:00Z,0
app/bodegaai-production-alb/31b69d3d76ab5ed1,,RequestCount,2026-06-05T09:00:00Z,2026-06-05T10:00:00Z,0
app/bodegaai-production-alb/31b69d3d76ab5ed1,,RequestCount,2026-06-05T10:00:00Z,2026-06-05T11:00:00Z,0
app/bodegaai-production-alb/31b69d3d76ab5ed1,,RequestCount,2026-06-05T11:00:00Z,2026-06-05T12:00:00Z,0
app/bodegaai-production-alb/31b69d3d76ab5ed1,,RequestCount,2026-06-05T12:00:00Z,2026-06-05T13:00:00Z,0
app/bodegaai-production-alb/31b69d3d76ab5ed1,,RequestCount,2026-06-05T13:00:00Z,2026-06-05T14:00:00Z,0
app/bodegaai-production-alb/31b69d3d76ab5ed1,,RequestCount,2026-06-05T14:00:00Z,2026-06-05T15:00:00Z,0
app/bodegaai-production-alb/31b69d3d76ab5ed1,,RequestCount,2026-06-05T15:00:00Z,2026-06-05T16:00:00Z,0
app/bodegaai-production-alb/31b69d3d76ab5ed1,,RequestCount,2026-06-05T16:00:00Z,2026-06-05T17:00:00Z,0
app/bodegaai-production-alb/31b69d3d76ab5ed1,,RequestCount,2026-06-05T17:00:00Z,2026-06-05T18:00:00Z,0
app/bodegaai-production-alb/31b69d3d76ab5ed1,,RequestCount,2026-06-05T18:00:00Z,2026-06-05T19:00:00Z,0
app/bodegaai-production-alb/31b69d3d76ab5ed1,,RequestCount,2026-06-05T19:00:00Z,2026-06-05T20:00:00Z,0
app/bodegaai-production-alb/31b69d3d76ab5ed1,,RequestCount,2026-06-05T20:00:00Z,2026-06-05T21:00:00Z,0
app/bodegaai-production-alb/31b69d3d76ab5ed1,,RequestCount,2026-06-05T21:00:00Z,2026-06-05T22:00:00Z,0
app/bodegaai-production-alb/31b69d3d76ab5ed1,,RequestCount,2026-06-05T22:00:00Z,2026-06-05T23:00:00Z,0
app/bodegaai-production-alb/31b69d3d76ab5ed1,,RequestCount,2026-06-05T23:00:00Z,2026-06-06T00:00:00Z,0
app/bodegaai-production-alb/31b69d3d76ab5ed1,,RequestCount,2026-06-06T00:00:00Z,2026-06-06T01:00:00Z,0
app/bodegaai-production-alb/31b69d3d76ab5ed1,,RequestCount,2026-06-06T01:00:00Z,2026-06-06T02:00:00Z,0
app/bodegaai-production-alb/31b69d3d76ab5ed1,,RequestCount,2026-06-06T02:00:00Z,2026-06-06T03:00:00Z,0
app/bodegaai-production-alb/31b69d3d76ab5ed1,,RequestCount,2026-06-06T03:00:00Z,2026-06-06T04:00:00Z,0
app/bodegaai-production-alb/31b69d3d76ab5ed1,,RequestCount,2026-06-06T04:00:00Z,2026-06-06T05:00:00Z,0
app/bodegaai-production-alb/31b69d3d76ab5ed1,,RequestCount,2026-06-06T05:00:00Z,2026-06-06T06:00:00Z,0
app/bodegaai-production-alb/31b69d3d76ab5ed1,,RequestCount,2026-06-06T06:00:00Z,2026-06-06T07:00:00Z,0
app/bodegaai-production-alb/31b69d3d76ab5ed1,,RequestCount,2026-06-06T07:00:00Z,2026-06-06T08:00:00Z,0
app/bodegaai-production-alb/31b69d3d76ab5ed1,,RequestCount,2026-06-06T08:00:00Z,2026-06-06T09:00:00Z,0
app/bodegaai-production-alb/31b69d3d76ab5ed1,,RequestCount,2026-06-06T09:00:00Z,2026-06-06T10:00:00Z,0
app/bodegaai-production-alb/31b69d3d76ab5ed1,,RequestCount,2026-06-06T10:00:00Z,2026-06-06T11:00:00Z,0
app/bodegaai-production-alb/31b69d3d76ab5ed1,,RequestCount,2026-06-06T11:00:00Z,2026-06-06T12:00:00Z,0
app/bodegaai-production-alb/31b69d3d76ab5ed1,,RequestCount,2026-06-06T12:00:00Z,2026-06-06T13:00:00Z,0
app/bodegaai-production-alb/31b69d3d76ab5ed1,,RequestCount,2026-06-06T13:00:00Z,2026-06-06T14:00:00Z,0
app/bodegaai-production-alb/31b69d3d76ab5ed1,,RequestCount,2026-06-06T14:00:00Z,2026-06-06T15:00:00Z,0
app/bodegaai-production-alb/31b69d3d76ab5ed1,,RequestCount,2026-06-06T15:00:00Z,2026-06-06T16:00:00Z,0
app/bodegaai-production-alb/31b69d3d76ab5ed1,,RequestCount,2026-06-06T16:00:00Z,2026-06-06T17:00:00Z,0
app/bodegaai-production-alb/31b69d3d76ab5ed1,,RequestCount,2026-06-06T17:00:00Z,2026-06-06T18:00:00Z,0
app/bodegaai-production-alb/31b69d3d76ab5ed1,,RequestCount,2026-06-06T18:00:00Z,2026-06-06T19:00:00Z,0
app/bodegaai-production-alb/31b69d3d76ab5ed1,,RequestCount,2026-06-06T19:00:00Z,2026-06-06T20:00:00Z,0
app/bodegaai-production-alb/31b69d3d76ab5ed1,,RequestCount,2026-06-06T20:00:00Z,2026-06-06T21:00:00Z,0
app/bodegaai-production-alb/31b69d3d76ab5ed1,,RequestCount,2026-06-06T21:00:00Z,2026-06-06T22:00:00Z,0
app/bodegaai-production-alb/31b69d3d76ab5ed1,,RequestCount,2026-06-06T22:00:00Z,2026-06-06T23:00:00Z,0
app/bodegaai-production-alb/31b69d3d76ab5ed1,,RequestCount,2026-06-06T23:00:00Z,2026-06-07T00:00:00Z,0
app/bodegaai-production-alb/31b69d3d76ab5ed1,,RequestCount,2026-06-07T00:00:00Z,2026-06-07T01:00:00Z,0
app/bodegaai-production-alb/31b69d3d76ab5ed1,,RequestCount,2026-06-07T01:00:00Z,2026-06-07T02:00:00Z,0
app/bodegaai-production-alb/31b69d3d76ab5ed1,,RequestCount,2026-06-07T02:00:00Z,2026-06-07T03:00:00Z,0
app/bodegaai-production-alb/31b69d3d76ab5ed1,,RequestCount,2026-06-07T03:00:00Z,2026-06-07T04:00:00Z,0
app/bodegaai-production-alb/31b69d3d76ab5ed1,,RequestCount,2026-06-07T04:00:00Z,2026-06-07T05:00:00Z,0
app/bodegaai-production-alb/31b69d3d76ab5ed1,,RequestCount,2026-06-07T05:00:00Z,2026-06-07T06:00:00Z,0
app/bodegaai-production-alb/31b69d3d76ab5ed1,,RequestCount,2026-06-07T06:00:00Z,2026-06-07T07:00:00Z,0
app/bodegaai-production-alb/31b69d3d76ab5ed1,,RequestCount,2026-06-07T07:00:00Z,2026-06-07T08:00:00Z,0
app/bodegaai-production-alb/31b69d3d76ab5ed1,,RequestCount,2026-06-07T08:00:00Z,2026-06-07T09:00:00Z,0
app/bodegaai-production-alb/31b69d3d76ab5ed1,,RequestCount,2026-06-07T09:00:00Z,2026-06-07T10:00:00Z,0
app/bodegaai-production-alb/31b69d3d76ab5ed1,,RequestCount,2026-06-07T10:00:00Z,2026-06-07T11:00:00Z,0
app/bodegaai-production-alb/31b69d3d76ab5ed1,,RequestCount,2026-06-07T11:00:00Z,2026-06-07T12:00:00Z,0
app/bodegaai-production-alb/31b69d3d76ab5ed1,,RequestCount,2026-06-07T12:00:00Z,2026-06-07T13:00:00Z,0
app/bodegaai-production-alb/31b69d3d76ab5ed1,,RequestCount,2026-06-07T13:00:00Z,2026-06-07T14:00:00Z,0
app/bodegaai-production-alb/31b69d3d76ab5ed1,,RequestCount,2026-06-07T14:00:00Z,2026-06-07T15:00:00Z,0
app/bodegaai-production-alb/31b69d3d76ab5ed1,,RequestCount,2026-06-07T15:00:00Z,2026-06-07T16:00:00Z,0
app/bodegaai-production-alb/31b69d3d76ab5ed1,,RequestCount,2026-06-07T16:00:00Z,2026-06-07T17:00:00Z,0
app/bodegaai-production-alb/31b69d3d76ab5ed1,,RequestCount,2026-06-07T17:00:00Z,2026-06-07T18:00:00Z,0
app/bodegaai-production-alb/31b69d3d76ab5ed1,,RequestCount,2026-06-07T18:00:00Z,2026-06-07T19:00:00Z,0
app/bodegaai-production-alb/31b69d3d76ab5ed1,,RequestCount,2026-06-07T19:00:00Z,2026-06-07T20:00:00Z,0
app/bodegaai-production-alb/31b69d3d76ab5ed1,,RequestCount,2026-06-07T20:00:00Z,2026-06-07T21:00:00Z,0
app/bodegaai-production-alb/31b69d3d76ab5ed1,,RequestCount,2026-06-07T21:00:00Z,2026-06-07T22:00:00Z,0
app/bodegaai-production-alb/31b69d3d76ab5ed1,,RequestCount,2026-06-07T22:00:00Z,2026-06-07T23:00:00Z,0
app/bodegaai-production-alb/31b69d3d76ab5ed1,,RequestCount,2026-06-07T23:00:00Z,2026-06-08T00:00:00Z,0
app/bodegaai-production-alb/31b69d3d76ab5ed1,,RequestCount,2026-06-08T00:00:00Z,2026-06-08T01:00:00Z,0
app/bodegaai-production-alb/31b69d3d76ab5ed1,,RequestCount,2026-06-08T01:00:00Z,2026-06-08T02:00:00Z,0
app/bodegaai-production-alb/31b69d3d76ab5ed1,,RequestCount,2026-06-08T02:00:00Z,2026-06-08T03:00:00Z,0
app/bodegaai-production-alb/31b69d3d76ab5ed1,,RequestCount,2026-06-08T03:00:00Z,2026-06-08T04:00:00Z,0
app/bodegaai-production-alb/31b69d3d76ab5ed1,,RequestCount,2026-06-08T04:00:00Z,2026-06-08T05:00:00Z,0
app/bodegaai-production-alb/31b69d3d76ab5ed1,,RequestCount,2026-06-08T05:00:00Z,2026-06-08T06:00:00Z,0
app/bodegaai-production-alb/31b69d3d76ab5ed1,,RequestCount,2026-06-08T06:00:00Z,2026-06-08T07:00:00Z,0
app/bodegaai-production-alb/31b69d3d76ab5ed1,,RequestCount,2026-06-08T07:00:00Z,2026-06-08T08:00:00Z,0
app/bodegaai-production-alb/31b69d3d76ab5ed1,,RequestCount,2026-06-08T08:00:00Z,2026-06-08T09:00:00Z,0
app/bodegaai-production-alb/31b69d3d76ab5ed1,,RequestCount,2026-06-08T09:00:00Z,2026-06-08T10:00:00Z,0
app/bodegaai-production-alb/31b69d3d76ab5ed1,,RequestCount,2026-06-08T10:00:00Z,2026-06-08T11:00:00Z,0
app/bodegaai-production-alb/31b69d3d76ab5ed1,,RequestCount,2026-06-08T11:00:00Z,2026-06-08T12:00:00Z,0
app/bodegaai-production-alb/31b69d3d76ab5ed1,,RequestCount,2026-06-08T12:00:00Z,2026-06-08T13:00:00Z,0
app/bodegaai-production-alb/31b69d3d76ab5ed1,,RequestCount,2026-06-08T13:00:00Z,2026-06-08T14:00:00Z,0
app/bodegaai-production-alb/31b69d3d76ab5ed1,,RequestCount,2026-06-08T14:00:00Z,2026-06-08T15:00:00Z,0
app/bodegaai-production-alb/31b69d3d76ab5ed1,,RequestCount,2026-06-08T15:00:00Z,2026-06-08T16:00:00Z,0
app/bodegaai-production-alb/31b69d3d76ab5ed1,,RequestCount,2026-06-08T16:00:00Z,2026-06-08T17:00:00Z,0
app/bodegaai-production-alb/31b69d3d76ab5ed1,,RequestCount,2026-06-08T17:00:00Z,2026-06-08T18:00:00Z,0
app/bodegaai-production-alb/31b69d3d76ab5ed1,,RequestCount,2026-06-08T18:00:00Z,2026-06-08T19:00:00Z,0
app/bodegaai-production-alb/31b69d3d76ab5ed1,,RequestCount,2026-06-08T19:00:00Z,2026-06-08T20:00:00Z,0
app/bodegaai-production-alb/31b69d3d76ab5ed1,,RequestCount,2026-06-08T20:00:00Z,2026-06-08T21:00:00Z,0
app/bodegaai-production-alb/31b69d3d76ab5ed1,,RequestCount,2026-06-08T21:00:00Z,2026-06-08T22:00:00Z,0
app/bodegaai-production-alb/31b69d3d76ab5ed1,,RequestCount,2026-06-08T22:00:00Z,2026-06-08T23:00:00Z,0
app/bodegaai-production-alb/31b69d3d76ab5ed1,,RequestCount,2026-06-08T23:00:00Z,2026-06-09T00:00:00Z,0
app/bodegaai-production-alb/31b69d3d76ab5ed1,,RequestCount,2026-06-09T00:00:00Z,2026-06-09T01:00:00Z,0
app/bodegaai-production-alb/31b69d3d76ab5ed1,,RequestCount,2026-06-09T01:00:00Z,2026-06-09T02:00:00Z,0
app/bodegaai-production-alb/31b69d3d76ab5ed1,,RequestCount,2026-06-09T02:00:00Z,2026-06-09T03:00:00Z,0
app/bodegaai-production-alb/31b69d3d76ab5ed1,,RequestCount,2026-06-09T03:00:00Z,2026-06-09T04:00:00Z,0
app/bodegaai-production-alb/31b69d3d76ab5ed1,,RequestCount,2026-06-09T04:00:00Z,2026-06-09T05:00:00Z,0
app/bodegaai-production-alb/31b69d3d76ab5ed1,,RequestCount,2026-06-09T05:00:00Z,2026-06-09T06:00:00Z,0
app/bodegaai-production-alb/31b69d3d76ab5ed1,,RequestCount,2026-06-09T06:00:00Z,2026-06-09T07:00:00Z,0
app/bodegaai-production-alb/31b69d3d76ab5ed1,,RequestCount,2026-06-09T07:00:00Z,2026-06-09T08:00:00Z,0
app/bodegaai-production-alb/31b69d3d76ab5ed1,,RequestCount,2026-06-09T08:00:00Z,2026-06-09T09:00:00Z,0
app/bodegaai-production-alb/31b69d3d76ab5ed1,,RequestCount,2026-06-09T09:00:00Z,2026-06-09T10:00:00Z,0
app/bodegaai-production-alb/31b69d3d76ab5ed1,,RequestCount,2026-06-09T10:00:00Z,2026-06-09T11:00:00Z,0
app/bodegaai-production-alb/31b69d3d76ab5ed1,,RequestCount,2026-06-09T11:00:00Z,2026-06-09T12:00:00Z,0
app/bodegaai-production-alb/31b69d3d76ab5ed1,,RequestCount,2026-06-09T12:00:00Z,2026-06-09T13:00:00Z,0
app/bodegaai-production-alb/31b69d3d76ab5ed1,,RequestCount,2026-06-09T13:00:00Z,2026-06-09T14:00:00Z,0
app/bodegaai-production-alb/31b69d3d76ab5ed1,,RequestCount,2026-06-09T14:00:00Z,2026-06-09T15:00:00Z,0
app/bodegaai-production-alb/31b69d3d76ab5ed1,,RequestCount,2026-06-09T15:00:00Z,2026-06-09T16:00:00Z,0
app/bodegaai-production-alb/31b69d3d76ab5ed1,,RequestCount,2026-06-09T16:00:00Z,2026-06-09T17:00:00Z,0
app/bodegaai-production-alb/31b69d3d76ab5ed1,,RequestCount,2026-06-09T17:00:00Z,2026-06-09T18:00:00Z,0
app/bodegaai-production-alb/31b69d3d76ab5ed1,,RequestCount,2026-06-09T18:00:00Z,2026-06-09T19:00:00Z,0
app/bodegaai-production-alb/31b69d3d76ab5ed1,,RequestCount,2026-06-09T19:00:00Z,2026-06-09T20:00:00Z,0
app/bodegaai-production-alb/31b69d3d76ab5ed1,,RequestCount,2026-06-09T20:00:00Z,2026-06-09T21:00:00Z,0
app/bodegaai-production-alb/31b69d3d76ab5ed1,,RequestCount,2026-06-09T21:00:00Z,2026-06-09T22:00:00Z,0
app/bodegaai-production-alb/31b69d3d76ab5ed1,,RequestCount,2026-06-09T22:00:00Z,2026-06-09T23:00:00Z,0
app/bodegaai-production-alb/31b69d3d76ab5ed1,,RequestCount,2026-06-09T23:00:00Z,2026-06-10T00:00:00Z,0
app/bodegaai-production-alb/31b69d3d76ab5ed1,,RequestCount,2026-06-10T00:00:00Z,2026-06-10T01:00:00Z,0
app/bodegaai-production-alb/31b69d3d76ab5ed1,,RequestCount,2026-06-10T01:00:00Z,2026-06-10T02:00:00Z,0
app/bodegaai-production-alb/31b69d3d76ab5ed1,,RequestCount,2026-06-10T02:00:00Z,2026-06-10T03:00:00Z,0
app/bodegaai-production-alb/31b69d3d76ab5ed1,,RequestCount,2026-06-10T03:00:00Z,2026-06-10T04:00:00Z,0
app/bodegaai-production-alb/31b69d3d76ab5ed1,,RequestCount,2026-06-10T04:00:00Z,2026-06-10T05:00:00Z,0
app/bodegaai-production-alb/31b69d3d76ab5ed1,,RequestCount,2026-06-10T05:00:00Z,2026-06-10T06:00:00Z,0
app/bodegaai-production-alb/31b69d3d76ab5ed1,,RequestCount,2026-06-10T06:00:00Z,2026-06-10T07:00:00Z,0
app/bodegaai-production-alb/31b69d3d76ab5ed1,,RequestCount,2026-06-10T07:00:00Z,2026-06-10T08:00:00Z,0
app/bodegaai-production-alb/31b69d3d76ab5ed1,,RequestCount,2026-06-10T08:00:00Z,2026-06-10T09:00:00Z,0
app/bodegaai-production-alb/31b69d3d76ab5ed1,,RequestCount,2026-06-10T09:00:00Z,2026-06-10T10:00:00Z,0
app/bodegaai-production-alb/31b69d3d76ab5ed1,,RequestCount,2026-06-10T10:00:00Z,2026-06-10T11:00:00Z,0
app/bodegaai-production-alb/31b69d3d76ab5ed1,,RequestCount,2026-06-10T11:00:00Z,2026-06-10T12:00:00Z,0
app/bodegaai-production-alb/31b69d3d76ab5ed1,,RequestCount,2026-06-10T12:00:00Z,2026-06-10T13:00:00Z,0
app/bodegaai-production-alb/31b69d3d76ab5ed1,,RequestCount,2026-06-10T13:00:00Z,2026-06-10T14:00:00Z,0
app/bodegaai-production-alb/31b69d3d76ab5ed1,,RequestCount,2026-06-10T14:00:00Z,2026-06-10T15:00:00Z,0
app/bodegaai-production-alb/31b69d3d76ab5ed1,,RequestCount,2026-06-10T15:00:00Z,2026-06-10T16:00:00Z,0
app/bodegaai-production-alb/31b69d3d76ab5ed1,,RequestCount,2026-06-10T16:00:00Z,2026-06-10T17:00:00Z,0
app/bodegaai-production-alb/31b69d3d76ab5ed1,,RequestCount,2026-06-10T17:00:00Z,2026-06-10T18:00:00Z,0
app/bodegaai-production-alb/31b69d3d76ab5ed1,,RequestCount,2026-06-10T18:00:00Z,2026-06-10T19:00:00Z,0
app/bodegaai-production-alb/31b69d3d76ab5ed1,,RequestCount,2026-06-10T19:00:00Z,2026-06-10T20:00:00Z,0
app/bodegaai-production-alb/31b69d3d76ab5ed1,,RequestCount,2026-06-10T20:00:00Z,2026-06-10T21:00:00Z,0
app/bodegaai-production-alb/31b69d3d76ab5ed1,,RequestCount,2026-06-10T21:00:00Z,2026-06-10T22:00:00Z,0
app/bodegaai-production-alb/31b69d3d76ab5ed1,,RequestCount,2026-06-10T22:00:00Z,2026-06-10T23:00:00Z,0
app/bodegaai-production-alb/31b69d3d76ab5ed1,,RequestCount,2026-06-10T23:00:00Z,2026-06-11T00:00:00Z,0
app/bodegaai-production-alb/31b69d3d76ab5ed1,,RequestCount,2026-06-11T00:00:00Z,2026-06-11T01:00:00Z,0
app/bodegaai-production-alb/31b69d3d76ab5ed1,,RequestCount,2026-06-11T01:00:00Z,2026-06-11T02:00:00Z,0
app/bodegaai-production-alb/31b69d3d76ab5ed1,,RequestCount,2026-06-11T02:00:00Z,2026-06-11T03:00:00Z,0
app/bodegaai-production-alb/31b69d3d76ab5ed1,,RequestCount,2026-06-11T03:00:00Z,2026-06-11T04:00:00Z,0
app/bodegaai-production-alb/31b69d3d76ab5ed1,,RequestCount,2026-06-11T04:00:00Z,2026-06-11T05:00:00Z,0
app/bodegaai-production-alb/31b69d3d76ab5ed1,,RequestCount,2026-06-11T05:00:00Z,2026-06-11T06:00:00Z,0
app/bodegaai-production-alb/31b69d3d76ab5ed1,,RequestCount,2026-06-11T06:00:00Z,2026-06-11T07:00:00Z,0
app/bodegaai-production-alb/31b69d3d76ab5ed1,,RequestCount,2026-06-11T07:00:00Z,2026-06-11T08:00:00Z,0
app/bodegaai-production-alb/31b69d3d76ab5ed1,,RequestCount,2026-06-11T08:00:00Z,2026-06-11T09:00:00Z,0
app/bodegaai-production-alb/31b69d3d76ab5ed1,,RequestCount,2026-06-11T09:00:00Z,2026-06-11T10:00:00Z,0
app/bodegaai-production-alb/31b69d3d76ab5ed1,,RequestCount,2026-06-11T10:00:00Z,2026-06-11T11:00:00Z,0
app/bodegaai-production-alb/31b69d3d76ab5ed1,,RequestCount,2026-06-11T11:00:00Z,2026-06-11T12:00:00Z,0
app/bodegaai-production-alb/31b69d3d76ab5ed1,,RequestCount,2026-06-11T12:00:00Z,2026-06-11T13:00:00Z,0
app/bodegaai-production-alb/31b69d3d76ab5ed1,,RequestCount,2026-06-11T13:00:00Z,2026-06-11T14:00:00Z,0
app/bodegaai-production-alb/31b69d3d76ab5ed1,,RequestCount,2026-06-11T14:00:00Z,2026-06-11T15:00:00Z,0
app/bodegaai-production-alb/31b69d3d76ab5ed1,,RequestCount,2026-06-11T15:00:00Z,2026-06-11T16:00:00Z,0
app/bodegaai-production-alb/31b69d3d76ab5ed1,,RequestCount,2026-06-11T16:00:00Z,2026-06-11T17:00:00Z,0
app/bodegaai-production-alb/31b69d3d76ab5ed1,,RequestCount,2026-06-11T17:00:00Z,2026-06-11T18:00:00Z,0
app/bodegaai-production-alb/31b69d3d76ab5ed1,,RequestCount,2026-06-11T18:00:00Z,2026-06-11T19:00:00Z,0
app/bodegaai-production-alb/31b69d3d76ab5ed1,,RequestCount,2026-06-11T19:00:00Z,2026-06-11T20:00:00Z,0
app/bodegaai-production-alb/31b69d3d76ab5ed1,,RequestCount,2026-06-11T20:00:00Z,2026-06-11T21:00:00Z,0
app/bodegaai-production-alb/31b69d3d76ab5ed1,,RequestCount,2026-06-11T21:00:00Z,2026-06-11T22:00:00Z,0
app/bodegaai-production-alb/31b69d3d76ab5ed1,,RequestCount,2026-06-11T22:00:00Z,2026-06-11T23:00:00Z,0
app/bodegaai-production-alb/31b69d3d76ab5ed1,,RequestCount,2026-06-11T23:00:00Z,2026-06-12T00:00:00Z,0
app/bodegaai-production-alb/31b69d3d76ab5ed1,,RequestCount,2026-06-12T00:00:00Z,2026-06-12T01:00:00Z,0
app/bodegaai-production-alb/31b69d3d76ab5ed1,,RequestCount,2026-06-12T01:00:00Z,2026-06-12T02:00:00Z,0
app/bodegaai-production-alb/31b69d3d76ab5ed1,,RequestCount,2026-06-12T02:00:00Z,2026-06-12T03:00:00Z,0
app/bodegaai-production-alb/31b69d3d76ab5ed1,,RequestCount,2026-06-12T03:00:00Z,2026-06-12T04:00:00Z,0
app/bodegaai-production-alb/31b69d3d76ab5ed1,,RequestCount,2026-06-12T04:00:00Z,2026-06-12T05:00:00Z,0
app/bodegaai-production-alb/31b69d3d76ab5ed1,,RequestCount,2026-06-12T05:00:00Z,2026-06-12T06:00:00Z,0
app/bodegaai-production-alb/31b69d3d76ab5ed1,,RequestCount,2026-06-12T06:00:00Z,2026-06-12T07:00:00Z,0
app/bodegaai-production-alb/31b69d3d76ab5ed1,,RequestCount,2026-06-12T07:00:00Z,2026-06-12T08:00:00Z,0
app/bodegaai-production-alb/31b69d3d76ab5ed1,,RequestCount,2026-06-12T08:00:00Z,2026-06-12T09:00:00Z,0
app/bodegaai-production-alb/31b69d3d76ab5ed1,,RequestCount,2026-06-12T09:00:00Z,2026-06-12T10:00:00Z,0
app/bodegaai-production-alb/31b69d3d76ab5ed1,,RequestCount,2026-06-12T10:00:00Z,2026-06-12T11:00:00Z,0
app/bodegaai-production-alb/31b69d3d76ab5ed1,,RequestCount,2026-06-12T11:00:00Z,2026-06-12T12:00:00Z,0
app/bodegaai-production-alb/31b69d3d76ab5ed1,,RequestCount,2026-06-12T12:00:00Z,2026-06-12T13:00:00Z,0
app/bodegaai-production-alb/31b69d3d76ab5ed1,,RequestCount,2026-06-12T13:00:00Z,2026-06-12T14:00:00Z,0
app/bodegaai-production-alb/31b69d3d76ab5ed1,,RequestCount,2026-06-12T14:00:00Z,2026-06-12T15:00:00Z,0
app/bodegaai-production-alb/31b69d3d76ab5ed1,,RequestCount,2026-06-12T15:00:00Z,2026-06-12T16:00:00Z,0
app/bodegaai-production-alb/31b69d3d76ab5ed1,,RequestCount,2026-06-12T16:00:00Z,2026-06-12T17:00:00Z,0
app/bodegaai-production-alb/31b69d3d76ab5ed1,,RequestCount,2026-06-12T17:00:00Z,2026-06-12T18:00:00Z,0
app/bodegaai-production-alb/31b69d3d76ab5ed1,,RequestCount,2026-06-12T18:00:00Z,2026-06-12T19:00:00Z,0
app/bodegaai-production-alb/31b69d3d76ab5ed1,,RequestCount,2026-06-12T19:00:00Z,2026-06-12T20:00:00Z,0
app/bodegaai-production-alb/31b69d3d76ab5ed1,,RequestCount,2026-06-12T20:00:00Z,2026-06-12T21:00:00Z,0
app/bodegaai-production-alb/31b69d3d76ab5ed1,,RequestCount,2026-06-12T21:00:00Z,2026-06-12T22:00:00Z,0
app/bodegaai-production-alb/31b69d3d76ab5ed1,,RequestCount,2026-06-12T22:00:00Z,2026-06-12T23:00:00Z,0
app/bodegaai-production-alb/31b69d3d76ab5ed1,,RequestCount,2026-06-12T23:00:00Z,2026-06-13T00:00:00Z,0
app/bodegaai-production-alb/31b69d3d76ab5ed1,,RequestCount,2026-06-13T00:00:00Z,2026-06-13T01:00:00Z,0
app/bodegaai-production-alb/31b69d3d76ab5ed1,,RequestCount,2026-06-13T01:00:00Z,2026-06-13T02:00:00Z,0
app/bodegaai-production-alb/31b69d3d76ab5ed1,,RequestCount,2026-06-13T02:00:00Z,2026-06-13T03:00:00Z,0
app/bodegaai-production-alb/31b69d3d76ab5ed1,,RequestCount,2026-06-13T03:00:00Z,2026-06-13T04:00:00Z,0
app/bodegaai-production-alb/31b69d3d76ab5ed1,,RequestCount,2026-06-13T04:00:00Z,2026-06-13T05:00:00Z,0
app/bodegaai-production-alb/31b69d3d76ab5ed1,,RequestCount,2026-06-13T05:00:00Z,2026-06-13T06:00:00Z,0
app/bodegaai-production-alb/31b69d3d76ab5ed1,,RequestCount,2026-06-13T06:00:00Z,2026-06-13T07:00:00Z,0
app/bodegaai-production-alb/31b69d3d76ab5ed1,,RequestCount,2026-06-13T07:00:00Z,2026-06-13T08:00:00Z,0
app/bodegaai-production-alb/31b69d3d76ab5ed1,,RequestCount,2026-06-13T08:00:00Z,2026-06-13T09:00:00Z,0
app/bodegaai-production-alb/31b69d3d76ab5ed1,,RequestCount,2026-06-13T09:00:00Z,2026-06-13T10:00:00Z,0
app/bodegaai-production-alb/31b69d3d76ab5ed1,,RequestCount,2026-06-13T10:00:00Z,2026-06-13T11:00:00Z,0
app/bodegaai-production-alb/31b69d3d76ab5ed1,,RequestCount,2026-06-13T11:00:00Z,2026-06-13T12:00:00Z,0
app/bodegaai-production-alb/31b69d3d76ab5ed1,,RequestCount,2026-06-13T12:00:00Z,2026-06-13T13:00:00Z,0
app/bodegaai-production-alb/31b69d3d76ab5ed1,,RequestCount,2026-06-13T13:00:00Z,2026-06-13T14:00:00Z,0
app/bodegaai-production-alb/31b69d3d76ab5ed1,,RequestCount,2026-06-13T14:00:00Z,2026-06-13T15:00:00Z,0
app/bodegaai-production-alb/31b69d3d76ab5ed1,,RequestCount,2026-06-13T15:00:00Z,2026-06-13T16:00:00Z,0
app/bodegaai-production-alb/31b69d3d76ab5ed1,,RequestCount,2026-06-13T16:00:00Z,2026-06-13T17:00:00Z,0
app/bodegaai-production-alb/31b69d3d76ab5ed1,,RequestCount,2026-06-13T17:00:00Z,2026-06-13T18:00:00Z,0
app/bodegaai-production-alb/31b69d3d76ab5ed1,,RequestCount,2026-06-13T18:00:00Z,2026-06-13T19:00:00Z,0
app/bodegaai-production-alb/31b69d3d76ab5ed1,,RequestCount,2026-06-13T19:00:00Z,2026-06-13T20:00:00Z,0
app/bodegaai-production-alb/31b69d3d76ab5ed1,,RequestCount,2026-06-13T20:00:00Z,2026-06-13T21:00:00Z,0
app/bodegaai-production-alb/31b69d3d76ab5ed1,,RequestCount,2026-06-13T21:00:00Z,2026-06-13T22:00:00Z,0
app/bodegaai-production-alb/31b69d3d76ab5ed1,,RequestCount,2026-06-13T22:00:00Z,2026-06-13T23:00:00Z,0
app/bodegaai-production-alb/31b69d3d76ab5ed1,,RequestCount,2026-06-13T23:00:00Z,2026-06-14T00:00:00Z,0
app/bodegaai-production-alb/31b69d3d76ab5ed1,,RequestCount,2026-06-14T00:00:00Z,2026-06-14T01:00:00Z,0
app/bodegaai-production-alb/31b69d3d76ab5ed1,,RequestCount,2026-06-14T01:00:00Z,2026-06-14T02:00:00Z,0
app/bodegaai-production-alb/31b69d3d76ab5ed1,,RequestCount,2026-06-14T02:00:00Z,2026-06-14T03:00:00Z,0
app/bodegaai-production-alb/31b69d3d76ab5ed1,,RequestCount,2026-06-14T03:00:00Z,2026-06-14T04:00:00Z,0
app/bodegaai-production-alb/31b69d3d76ab5ed1,,RequestCount,2026-06-14T04:00:00Z,2026-06-14T05:00:00Z,0
app/bodegaai-production-alb/31b69d3d76ab5ed1,,RequestCount,2026-06-14T05:00:00Z,2026-06-14T06:00:00Z,0
app/bodegaai-production-alb/31b69d3d76ab5ed1,,RequestCount,2026-06-14T06:00:00Z,2026-06-14T07:00:00Z,0
app/bodegaai-production-alb/31b69d3d76ab5ed1,,RequestCount,2026-06-14T07:00:00Z,2026-06-14T08:00:00Z,0
app/bodegaai-production-alb/31b69d3d76ab5ed1,,RequestCount,2026-06-14T08:00:00Z,2026-06-14T09:00:00Z,0
app/bodegaai-production-alb/31b69d3d76ab5ed1,,RequestCount,2026-06-14T09:00:00Z,2026-06-14T10:00:00Z,0
app/bodegaai-production-alb/31b69d3d76ab5ed1,,RequestCount,2026-06-14T10:00:00Z,2026-06-14T11:00:00Z,0
app/bodegaai-production-alb/31b69d3d76ab5ed1,,RequestCount,2026-06-14T11:00:00Z,2026-06-14T12:00:00Z,0
app/bodegaai-production-alb/31b69d3d76ab5ed1,,RequestCount,2026-06-14T12:00:00Z,2026-06-14T13:00:00Z,0
app/bodegaai-production-alb/31b69d3d76ab5ed1,,RequestCount,2026-06-14T13:00:00Z,2026-06-14T14:00:00Z,0
app/bodegaai-production-alb/31b69d3d76ab5ed1,,RequestCount,2026-06-14T14:00:00Z,2026-06-14T15:00:00Z,0
app/bodegaai-production-alb/31b69d3d76ab5ed1,,RequestCount,2026-06-14T15:00:00Z,2026-06-14T16:00:00Z,0
app/bodegaai-production-alb/31b69d3d76ab5ed1,,RequestCount,2026-06-14T16:00:00Z,2026-06-14T17:00:00Z,0
app/bodegaai-production-alb/31b69d3d76ab5ed1,,RequestCount,2026-06-14T17:00:00Z,2026-06-14T18:00:00Z,0
app/bodegaai-production-alb/31b69d3d76ab5ed1,,RequestCount,2026-06-14T18:00:00Z,2026-06-14T19:00:00Z,0
app/bodegaai-production-alb/31b69d3d76ab5ed1,,RequestCount,2026-06-14T19:00:00Z,2026-06-14T20:00:00Z,0
app/bodegaai-production-alb/31b69d3d76ab5ed1,,RequestCount,2026-06-14T20:00:00Z,2026-06-14T21:00:00Z,0
app/bodegaai-production-alb/31b69d3d76ab5ed1,,RequestCount,2026-06-14T21:00:00Z,2026-06-14T22:00:00Z,0
app/bodegaai-production-alb/31b69d3d76ab5ed1,,RequestCount,2026-06-14T22:00:00Z,2026-06-14T23:00:00Z,0
app/bodegaai-production-alb/31b69d3d76ab5ed1,,RequestCount,2026-06-14T23:00:00Z,2026-06-15T00:00:00Z,0
app/bodegaai-production-alb/31b69d3d76ab5ed1,,RequestCount,2026-06-15T00:00:00Z,2026-06-15T01:00:00Z,0
app/bodegaai-production-alb/31b69d3d76ab5ed1,,RequestCount,2026-06-15T01:00:00Z,2026-06-15T02:00:00Z,0
app/bodegaai-production-alb/31b69d3d76ab5ed1,,RequestCount,2026-06-15T02:00:00Z,2026-06-15T03:00:00Z,0
app/bodegaai-production-alb/31b69d3d76ab5ed1,,RequestCount,2026-06-15T03:00:00Z,2026-06-15T04:00:00Z,0
app/bodegaai-production-alb/31b69d3d76ab5ed1,,RequestCount,2026-06-15T04:00:00Z,2026-06-15T05:00:00Z,0
app/bodegaai-production-alb/31b69d3d76ab5ed1,,RequestCount,2026-06-15T05:00:00Z,2026-06-15T06:00:00Z,0
app/bodegaai-production-alb/31b69d3d76ab5ed1,,RequestCount,2026-06-15T06:00:00Z,2026-06-15T07:00:00Z,0
app/bodegaai-production-alb/31b69d3d76ab5ed1,,RequestCount,2026-06-15T07:00:00Z,2026-06-15T08:00:00Z,0
app/bodegaai-production-alb/31b69d3d76ab5ed1,,RequestCount,2026-06-15T08:00:00Z,2026-06-15T09:00:00Z,0
app/bodegaai-production-alb/31b69d3d76ab5ed1,,RequestCount,2026-06-15T09:00:00Z,2026-06-15T10:00:00Z,0
app/bodegaai-production-alb/31b69d3d76ab5ed1,,RequestCount,2026-06-15T10:00:00Z,2026-06-15T11:00:00Z,0
app/bodegaai-production-alb/31b69d3d76ab5ed1,,RequestCount,2026-06-15T11:00:00Z,2026-06-15T12:00:00Z,0
app/bodegaai-production-alb/31b69d3d76ab5ed1,,RequestCount,2026-06-15T12:00:00Z,2026-06-15T13:00:00Z,0
app/bodegaai-production-alb/31b69d3d76ab5ed1,,RequestCount,2026-06-15T13:00:00Z,2026-06-15T14:00:00Z,0
app/bodegaai-production-alb/31b69d3d76ab5ed1,,RequestCount,2026-06-15T14:00:00Z,2026-06-15T15:00:00Z,0
app/bodegaai-production-alb/31b69d3d76ab5ed1,,RequestCount,2026-06-15T15:00:00Z,2026-06-15T16:00:00Z,0
app/bodegaai-production-alb/31b69d3d76ab5ed1,,RequestCount,2026-06-15T16:00:00Z,2026-06-15T17:00:00Z,0
app/bodegaai-production-alb/31b69d3d76ab5ed1,,RequestCount,2026-06-15T17:00:00Z,2026-06-15T18:00:00Z,0
app/bodegaai-production-alb/31b69d3d76ab5ed1,,RequestCount,2026-06-15T18:00:00Z,2026-06-15T19:00:00Z,0
app/bodegaai-production-alb/31b69d3d76ab5ed1,,RequestCount,2026-06-15T19:00:00Z,2026-06-15T20:00:00Z,0
app/bodegaai-production-alb/31b69d3d76ab5ed1,,RequestCount,2026-06-15T20:00:00Z,2026-06-15T21:00:00Z,0
app/bodegaai-production-alb/31b69d3d76ab5ed1,,RequestCount,2026-06-15T21:00:00Z,2026-06-15T22:00:00Z,0
app/bodegaai-production-alb/31b69d3d76ab5ed1,,RequestCount,2026-06-15T22:00:00Z,2026-06-15T23:00:00Z,0
app/bodegaai-production-alb/31b69d3d76ab5ed1,,RequestCount,2026-06-15T23:00:00Z,2026-06-16T00:00:00Z,0
app/bodegaai-production-alb/31b69d3d76ab5ed1,,RequestCount,2026-06-16T00:00:00Z,2026-06-16T01:00:00Z,0
app/bodegaai-production-alb/31b69d3d76ab5ed1,,RequestCount,2026-06-16T01:00:00Z,2026-06-16T02:00:00Z,0
app/bodegaai-production-alb/31b69d3d76ab5ed1,,RequestCount,2026-06-16T02:00:00Z,2026-06-16T03:00:00Z,0
app/bodegaai-production-alb/31b69d3d76ab5ed1,,RequestCount,2026-06-16T03:00:00Z,2026-06-16T04:00:00Z,0
app/bodegaai-production-alb/31b69d3d76ab5ed1,,RequestCount,2026-06-16T04:00:00Z,2026-06-16T05:00:00Z,0
app/bodegaai-production-alb/31b69d3d76ab5ed1,,RequestCount,2026-06-16T05:00:00Z,2026-06-16T06:00:00Z,0
app/bodegaai-production-alb/31b69d3d76ab5ed1,,RequestCount,2026-06-16T06:00:00Z,2026-06-16T07:00:00Z,0
app/bodegaai-production-alb/31b69d3d76ab5ed1,,RequestCount,2026-06-16T07:00:00Z,2026-06-16T08:00:00Z,0
app/bodegaai-production-alb/31b69d3d76ab5ed1,,RequestCount,2026-06-16T08:00:00Z,2026-06-16T09:00:00Z,0
app/bodegaai-production-alb/31b69d3d76ab5ed1,,RequestCount,2026-06-16T09:00:00Z,2026-06-16T10:00:00Z,0
app/bodegaai-production-alb/31b69d3d76ab5ed1,,RequestCount,2026-06-16T10:00:00Z,2026-06-16T11:00:00Z,0
app/bodegaai-production-alb/31b69d3d76ab5ed1,,RequestCount,2026-06-16T11:00:00Z,2026-06-16T12:00:00Z,0
app/bodegaai-production-alb/31b69d3d76ab5ed1,,RequestCount,2026-06-16T12:00:00Z,2026-06-16T13:00:00Z,0
app/bodegaai-production-alb/31b69d3d76ab5ed1,,RequestCount,2026-06-16T13:00:00Z,2026-06-16T14:00:00Z,0
app/bodegaai-production-alb/31b69d3d76ab5ed1,,RequestCount,2026-06-16T14:00:00Z,2026-06-16T15:00:00Z,0
app/bodegaai-production-alb/31b69d3d76ab5ed1,,RequestCount,2026-06-16T15:00:00Z,2026-06-16T16:00:00Z,0
app/bodegaai-production-alb/31b69d3d76ab5ed1,,RequestCount,2026-06-16T16:00:00Z,2026-06-16T17:00:00Z,0
app/bodegaai-production-alb/31b69d3d76ab5ed1,,RequestCount,2026-06-16T17:00:00Z,2026-06-16T18:00:00Z,0
app/bodegaai-production-alb/31b69d3d76ab5ed1,,RequestCount,2026-06-16T18:00:00Z,2026-06-16T19:00:00Z,0
app/bodegaai-production-alb/31b69d3d76ab5ed1,,RequestCount,2026-06-16T19:00:00Z,2026-06-16T20:00:00Z,0
app/bodegaai-production-alb/31b69d3d76ab5ed1,,RequestCount,2026-06-16T20:00:00Z,2026-06-16T21:00:00Z,0
app/bodegaai-production-alb/31b69d3d76ab5ed1,,RequestCount,2026-06-16T21:00:00Z,2026-06-16T22:00:00Z,0
app/bodegaai-production-alb/31b69d3d76ab5ed1,,RequestCount,2026-06-16T22:00:00Z,2026-06-16T23:00:00Z,0
app/bodegaai-production-alb/31b69d3d76ab5ed1,,RequestCount,2026-06-16T23:00:00Z,2026-06-17T00:00:00Z,0
app/bodegaai-production-alb/31b69d3d76ab5ed1,,RequestCount,2026-06-17T00:00:00Z,2026-06-17T01:00:00Z,0
app/bodegaai-production-alb/31b69d3d76ab5ed1,,RequestCount,2026-06-17T01:00:00Z,2026-06-17T02:00:00Z,0
app/bodegaai-production-alb/31b69d3d76ab5ed1,,RequestCount,2026-06-17T02:00:00Z,2026-06-17T03:00:00Z,0
app/bodegaai-production-alb/31b69d3d76ab5ed1,,RequestCount,2026-06-17T03:00:00Z,2026-06-17T04:00:00Z,0
app/bodegaai-production-alb/31b69d3d76ab5ed1,,RequestCount,2026-06-17T04:00:00Z,2026-06-17T05:00:00Z,0
app/bodegaai-production-alb/31b69d3d76ab5ed1,,RequestCount,2026-06-17T05:00:00Z,2026-06-17T06:00:00Z,0
app/bodegaai-production-alb/31b69d3d76ab5ed1,,RequestCount,2026-06-17T06:00:00Z,2026-06-17T07:00:00Z,0
app/bodegaai-production-alb/31b69d3d76ab5ed1,,RequestCount,2026-06-17T07:00:00Z,2026-06-17T08:00:00Z,0
app/bodegaai-production-alb/31b69d3d76ab5ed1,,RequestCount,2026-06-17T08:00:00Z,2026-06-17T09:00:00Z,0
app/bodegaai-production-alb/31b69d3d76ab5ed1,,RequestCount,2026-06-17T09:00:00Z,2026-06-17T10:00:00Z,0
app/bodegaai-production-alb/31b69d3d76ab5ed1,,RequestCount,2026-06-17T10:00:00Z,2026-06-17T11:00:00Z,0
app/bodegaai-production-alb/31b69d3d76ab5ed1,,RequestCount,2026-06-17T11:00:00Z,2026-06-17T12:00:00Z,0
app/bodegaai-production-alb/31b69d3d76ab5ed1,,RequestCount,2026-06-17T12:00:00Z,2026-06-17T13:00:00Z,0
app/bodegaai-production-alb/31b69d3d76ab5ed1,,RequestCount,2026-06-17T13:00:00Z,2026-06-17T14:00:00Z,0
app/bodegaai-production-alb/31b69d3d76ab5ed1,,RequestCount,2026-06-17T14:00:00Z,2026-06-17T15:00:00Z,0
app/bodegaai-production-alb/31b69d3d76ab5ed1,,RequestCount,2026-06-17T15:00:00Z,2026-06-17T16:00:00Z,0
app/bodegaai-production-alb/31b69d3d76ab5ed1,,RequestCount,2026-06-17T16:00:00Z,2026-06-17T17:00:00Z,0
app/bodegaai-production-alb/31b69d3d76ab5ed1,,RequestCount,2026-06-17T17:00:00Z,2026-06-17T18:00:00Z,0
app/bodegaai-production-alb/31b69d3d76ab5ed1,,RequestCount,2026-06-17T18:00:00Z,2026-06-17T19:00:00Z,0
app/bodegaai-production-alb/31b69d3d76ab5ed1,,RequestCount,2026-06-17T19:00:00Z,2026-06-17T20:00:00Z,0
app/bodegaai-production-alb/31b69d3d76ab5ed1,,RequestCount,2026-06-17T20:00:00Z,2026-06-17T21:00:00Z,0
app/bodegaai-production-alb/31b69d3d76ab5ed1,,RequestCount,2026-06-17T21:00:00Z,2026-06-17T22:00:00Z,0
app/bodegaai-production-alb/31b69d3d76ab5ed1,,RequestCount,2026-06-17T22:00:00Z,2026-06-17T23:00:00Z,0
app/bodegaai-production-alb/31b69d3d76ab5ed1,,RequestCount,2026-06-17T23:00:00Z,2026-06-18T00:00:00Z,0
app/bodegaai-production-alb/31b69d3d76ab5ed1,,RequestCount,2026-06-18T00:00:00Z,2026-06-18T01:00:00Z,0
app/bodegaai-production-alb/31b69d3d76ab5ed1,,RequestCount,2026-06-18T01:00:00Z,2026-06-18T02:00:00Z,0
app/bodegaai-production-alb/31b69d3d76ab5ed1,,RequestCount,2026-06-18T02:00:00Z,2026-06-18T03:00:00Z,0
app/bodegaai-production-alb/31b69d3d76ab5ed1,,RequestCount,2026-06-18T03:00:00Z,2026-06-18T04:00:00Z,0
app/bodegaai-production-alb/31b69d3d76ab5ed1,,RequestCount,2026-06-18T04:00:00Z,2026-06-18T05:00:00Z,0
app/bodegaai-production-alb/31b69d3d76ab5ed1,,RequestCount,2026-06-18T05:00:00Z,2026-06-18T06:00:00Z,0
app/bodegaai-production-alb/31b69d3d76ab5ed1,,RequestCount,2026-06-18T06:00:00Z,2026-06-18T07:00:00Z,0
app/bodegaai-production-alb/31b69d3d76ab5ed1,,RequestCount,2026-06-18T07:00:00Z,2026-06-18T08:00:00Z,0
app/bodegaai-production-alb/31b69d3d76ab5ed1,,RequestCount,2026-06-18T08:00:00Z,2026-06-18T09:00:00Z,0
app/bodegaai-production-alb/31b69d3d76ab5ed1,,RequestCount,2026-06-18T09:00:00Z,2026-06-18T10:00:00Z,0
app/bodegaai-production-alb/31b69d3d76ab5ed1,,RequestCount,2026-06-18T10:00:00Z,2026-06-18T11:00:00Z,0
app/bodegaai-production-alb/31b69d3d76ab5ed1,,RequestCount,2026-06-18T11:00:00Z,2026-06-18T12:00:00Z,0
app/bodegaai-production-alb/31b69d3d76ab5ed1,,RequestCount,2026-06-18T12:00:00Z,2026-06-18T13:00:00Z,0
app/bodegaai-production-alb/31b69d3d76ab5ed1,,RequestCount,2026-06-18T13:00:00Z,2026-06-18T14:00:00Z,0
app/bodegaai-production-alb/31b69d3d76ab5ed1,,RequestCount,2026-06-18T14:00:00Z,2026-06-18T15:00:00Z,0
app/bodegaai-production-alb/31b69d3d76ab5ed1,,RequestCount,2026-06-18T15:00:00Z,2026-06-18T16:00:00Z,0
app/bodegaai-production-alb/31b69d3d76ab5ed1,,RequestCount,2026-06-18T16:00:00Z,2026-06-18T17:00:00Z,0
app/bodegaai-production-alb/31b69d3d76ab5ed1,,RequestCount,2026-06-18T17:00:00Z,2026-06-18T18:00:00Z,0
app/bodegaai-production-alb/31b69d3d76ab5ed1,,RequestCount,2026-06-18T18:00:00Z,2026-06-18T19:00:00Z,0
app/bodegaai-production-alb/31b69d3d76ab5ed1,,RequestCount,2026-06-18T19:00:00Z,2026-06-18T20:00:00Z,0
app/bodegaai-production-alb/31b69d3d76ab5ed1,,RequestCount,2026-06-18T20:00:00Z,2026-06-18T21:00:00Z,0
app/bodegaai-production-alb/31b69d3d76ab5ed1,,RequestCount,2026-06-18T21:00:00Z,2026-06-18T22:00:00Z,0
app/bodegaai-production-alb/31b69d3d76ab5ed1,,RequestCount,2026-06-18T22:00:00Z,2026-06-18T23:00:00Z,0
app/bodegaai-production-alb/31b69d3d76ab5ed1,,RequestCount,2026-06-18T23:00:00Z,2026-06-19T00:00:00Z,0
app/bodegaai-production-alb/31b69d3d76ab5ed1,,RequestCount,2026-06-19T00:00:00Z,2026-06-19T01:00:00Z,0
app/bodegaai-production-alb/31b69d3d76ab5ed1,,RequestCount,2026-06-19T01:00:00Z,2026-06-19T02:00:00Z,0
app/bodegaai-production-alb/31b69d3d76ab5ed1,,RequestCount,2026-06-19T02:00:00Z,2026-06-19T03:00:00Z,0
app/bodegaai-production-alb/31b69d3d76ab5ed1,,RequestCount,2026-06-19T03:00:00Z,2026-06-19T04:00:00Z,0
app/bodegaai-production-alb/31b69d3d76ab5ed1,,RequestCount,2026-06-19T04:00:00Z,2026-06-19T05:00:00Z,0
app/bodegaai-production-alb/31b69d3d76ab5ed1,,RequestCount,2026-06-19T05:00:00Z,2026-06-19T06:00:00Z,0
app/bodegaai-production-alb/31b69d3d76ab5ed1,,RequestCount,2026-06-19T06:00:00Z,2026-06-19T07:00:00Z,0
app/bodegaai-production-alb/31b69d3d76ab5ed1,,RequestCount,2026-06-19T07:00:00Z,2026-06-19T08:00:00Z,0
app/bodegaai-production-alb/31b69d3d76ab5ed1,,RequestCount,2026-06-19T08:00:00Z,2026-06-19T09:00:00Z,0
app/bodegaai-production-alb/31b69d3d76ab5ed1,,RequestCount,2026-06-19T09:00:00Z,2026-06-19T10:00:00Z,0
app/bodegaai-production-alb/31b69d3d76ab5ed1,,RequestCount,2026-06-19T10:00:00Z,2026-06-19T11:00:00Z,0
app/bodegaai-production-alb/31b69d3d76ab5ed1,,RequestCount,2026-06-19T11:00:00Z,2026-06-19T12:00:00Z,0
app/bodegaai-production-alb/31b69d3d76ab5ed1,,RequestCount,2026-06-19T12:00:00Z,2026-06-19T13:00:00Z,0
app/bodegaai-production-alb/31b69d3d76ab5ed1,,RequestCount,2026-06-19T13:00:00Z,2026-06-19T14:00:00Z,0
app/bodegaai-production-alb/31b69d3d76ab5ed1,,RequestCount,2026-06-19T14:00:00Z,2026-06-19T15:00:00Z,0
app/bodegaai-production-alb/31b69d3d76ab5ed1,,RequestCount,2026-06-19T15:00:00Z,2026-06-19T16:00:00Z,0
app/bodegaai-production-alb/31b69d3d76ab5ed1,,RequestCount,2026-06-19T16:00:00Z,2026-06-19T17:00:00Z,0
app/bodegaai-production-alb/31b69d3d76ab5ed1,,RequestCount,2026-06-19T17:00:00Z,2026-06-19T18:00:00Z,0
app/bodegaai-production-alb/31b69d3d76ab5ed1,,RequestCount,2026-06-19T18:00:00Z,2026-06-19T19:00:00Z,0
app/bodegaai-production-alb/31b69d3d76ab5ed1,,RequestCount,2026-06-19T19:00:00Z,2026-06-19T20:00:00Z,0
app/bodegaai-production-alb/31b69d3d76ab5ed1,,RequestCount,2026-06-19T20:00:00Z,2026-06-19T21:00:00Z,0
app/bodegaai-production-alb/31b69d3d76ab5ed1,,RequestCount,2026-06-19T21:00:00Z,2026-06-19T22:00:00Z,0
app/bodegaai-production-alb/31b69d3d76ab5ed1,,RequestCount,2026-06-19T22:00:00Z,2026-06-19T23:00:00Z,0
app/bodegaai-production-alb/31b69d3d76ab5ed1,,RequestCount,2026-06-19T23:00:00Z,2026-06-20T00:00:00Z,0
app/bodegaai-production-alb/31b69d3d76ab5ed1,,RequestCount,2026-06-20T00:00:00Z,2026-06-20T01:00:00Z,0
app/bodegaai-production-alb/31b69d3d76ab5ed1,,RequestCount,2026-06-20T01:00:00Z,2026-06-20T02:00:00Z,0
app/bodegaai-production-alb/31b69d3d76ab5ed1,,RequestCount,2026-06-20T02:00:00Z,2026-06-20T03:00:00Z,0
app/bodegaai-production-alb/31b69d3d76ab5ed1,,RequestCount,2026-06-20T03:00:00Z,2026-06-20T04:00:00Z,0
app/bodegaai-production-alb/31b69d3d76ab5ed1,,RequestCount,2026-06-20T04:00:00Z,2026-06-20T05:00:00Z,0
app/bodegaai-production-alb/31b69d3d76ab5ed1,,RequestCount,2026-06-20T05:00:00Z,2026-06-20T06:00:00Z,0
app/bodegaai-production-alb/31b69d3d76ab5ed1,,RequestCount,2026-06-20T06:00:00Z,2026-06-20T07:00:00Z,0
app/bodegaai-production-alb/31b69d3d76ab5ed1,,RequestCount,2026-06-20T07:00:00Z,2026-06-20T08:00:00Z,0
app/bodegaai-production-alb/31b69d3d76ab5ed1,,RequestCount,2026-06-20T08:00:00Z,2026-06-20T09:00:00Z,0
app/bodegaai-production-alb/31b69d3d76ab5ed1,,RequestCount,2026-06-20T09:00:00Z,2026-06-20T10:00:00Z,0
app/bodegaai-production-alb/31b69d3d76ab5ed1,,RequestCount,2026-06-20T10:00:00Z,2026-06-20T11:00:00Z,0
app/bodegaai-production-alb/31b69d3d76ab5ed1,,RequestCount,2026-06-20T11:00:00Z,2026-06-20T12:00:00Z,0
app/bodegaai-production-alb/31b69d3d76ab5ed1,,RequestCount,2026-06-20T12:00:00Z,2026-06-20T13:00:00Z,0
app/bodegaai-production-alb/31b69d3d76ab5ed1,,RequestCount,2026-06-20T13:00:00Z,2026-06-20T14:00:00Z,0
app/bodegaai-production-alb/31b69d3d76ab5ed1,,RequestCount,2026-06-20T14:00:00Z,2026-06-20T15:00:00Z,0
app/bodegaai-production-alb/31b69d3d76ab5ed1,,RequestCount,2026-06-20T15:00:00Z,2026-06-20T16:00:00Z,0
app/bodegaai-production-alb/31b69d3d76ab5ed1,,RequestCount,2026-06-20T16:00:00Z,2026-06-20T17:00:00Z,0
app/bodegaai-production-alb/31b69d3d76ab5ed1,,RequestCount,2026-06-20T17:00:00Z,2026-06-20T18:00:00Z,0
app/bodegaai-production-alb/31b69d3d76ab5ed1,,RequestCount,2026-06-20T18:00:00Z,2026-06-20T19:00:00Z,0
app/bodegaai-production-alb/31b69d3d76ab5ed1,,RequestCount,2026-06-20T19:00:00Z,2026-06-20T20:00:00Z,0
app/bodegaai-production-alb/31b69d3d76ab5ed1,,RequestCount,2026-06-20T20:00:00Z,2026-06-20T21:00:00Z,0
app/bodegaai-production-alb/31b69d3d76ab5ed1,,RequestCount,2026-06-20T21:00:00Z,2026-06-20T22:00:00Z,0
app/bodegaai-production-alb/31b69d3d76ab5ed1,,RequestCount,2026-06-20T22:00:00Z,2026-06-20T23:00:00Z,0
app/bodegaai-production-alb/31b69d3d76ab5ed1,,RequestCount,2026-06-20T23:00:00Z,2026-06-21T00:00:00Z,0
app/bodegaai-production-alb/31b69d3d76ab5ed1,,RequestCount,2026-06-21T00:00:00Z,2026-06-21T01:00:00Z,0
app/bodegaai-production-alb/31b69d3d76ab5ed1,,RequestCount,2026-06-21T01:00:00Z,2026-06-21T02:00:00Z,0
app/bodegaai-production-alb/31b69d3d76ab5ed1,,RequestCount,2026-06-21T02:00:00Z,2026-06-21T03:00:00Z,0
app/bodegaai-production-alb/31b69d3d76ab5ed1,,RequestCount,2026-06-21T03:00:00Z,2026-06-21T04:00:00Z,0
app/bodegaai-production-alb/31b69d3d76ab5ed1,,RequestCount,2026-06-21T04:00:00Z,2026-06-21T05:00:00Z,0
app/bodegaai-production-alb/31b69d3d76ab5ed1,,RequestCount,2026-06-21T05:00:00Z,2026-06-21T06:00:00Z,0
app/bodegaai-production-alb/31b69d3d76ab5ed1,,RequestCount,2026-06-21T06:00:00Z,2026-06-21T07:00:00Z,0
app/bodegaai-production-alb/31b69d3d76ab5ed1,,RequestCount,2026-06-21T07:00:00Z,2026-06-21T08:00:00Z,0
app/bodegaai-production-alb/31b69d3d76ab5ed1,,RequestCount,2026-06-21T08:00:00Z,2026-06-21T09:00:00Z,0
app/bodegaai-production-alb/31b69d3d76ab5ed1,,RequestCount,2026-06-21T09:00:00Z,2026-06-21T10:00:00Z,0
app/bodegaai-production-alb/31b69d3d76ab5ed1,,RequestCount,2026-06-21T10:00:00Z,2026-06-21T11:00:00Z,0
app/bodegaai-production-alb/31b69d3d76ab5ed1,,RequestCount,2026-06-21T11:00:00Z,2026-06-21T12:00:00Z,0
app/bodegaai-production-alb/31b69d3d76ab5ed1,,RequestCount,2026-06-21T12:00:00Z,2026-06-21T13:00:00Z,0
app/bodegaai-production-alb/31b69d3d76ab5ed1,,RequestCount,2026-06-21T13:00:00Z,2026-06-21T14:00:00Z,0
app/bodegaai-production-alb/31b69d3d76ab5ed1,,RequestCount,2026-06-21T14:00:00Z,2026-06-21T15:00:00Z,0
app/bodegaai-production-alb/31b69d3d76ab5ed1,,RequestCount,2026-06-21T15:00:00Z,2026-06-21T16:00:00Z,0
app/bodegaai-production-alb/31b69d3d76ab5ed1,,RequestCount,2026-06-21T16:00:00Z,2026-06-21T17:00:00Z,0
app/bodegaai-production-alb/31b69d3d76ab5ed1,,RequestCount,2026-06-21T17:00:00Z,2026-06-21T18:00:00Z,0
app/bodegaai-production-alb/31b69d3d76ab5ed1,,RequestCount,2026-06-21T18:00:00Z,2026-06-21T19:00:00Z,0
app/bodegaai-production-alb/31b69d3d76ab5ed1,,RequestCount,2026-06-21T19:00:00Z,2026-06-21T20:00:00Z,0
app/bodegaai-production-alb/31b69d3d76ab5ed1,,RequestCount,2026-06-21T20:00:00Z,2026-06-21T21:00:00Z,0
app/bodegaai-production-alb/31b69d3d76ab5ed1,,RequestCount,2026-06-21T21:00:00Z,2026-06-21T22:00:00Z,0
app/bodegaai-production-alb/31b69d3d76ab5ed1,,RequestCount,2026-06-21T22:00:00Z,2026-06-21T23:00:00Z,0
app/bodegaai-production-alb/31b69d3d76ab5ed1,,RequestCount,2026-06-21T23:00:00Z,2026-06-22T00:00:00Z,0
app/bodegaai-production-alb/31b69d3d76ab5ed1,,RequestCount,2026-06-22T00:00:00Z,2026-06-22T01:00:00Z,0
app/bodegaai-production-alb/31b69d3d76ab5ed1,,RequestCount,2026-06-22T01:00:00Z,2026-06-22T02:00:00Z,0
app/bodegaai-production-alb/31b69d3d76ab5ed1,,RequestCount,2026-06-22T02:00:00Z,2026-06-22T03:00:00Z,0
app/bodegaai-production-alb/31b69d3d76ab5ed1,,RequestCount,2026-06-22T03:00:00Z,2026-06-22T04:00:00Z,0
app/bodegaai-production-alb/31b69d3d76ab5ed1,,RequestCount,2026-06-22T04:00:00Z,2026-06-22T05:00:00Z,0
app/bodegaai-production-alb/31b69d3d76ab5ed1,,RequestCount,2026-06-22T05:00:00Z,2026-06-22T06:00:00Z,0
app/bodegaai-production-alb/31b69d3d76ab5ed1,,RequestCount,2026-06-22T06:00:00Z,2026-06-22T07:00:00Z,0
app/bodegaai-production-alb/31b69d3d76ab5ed1,,RequestCount,2026-06-22T07:00:00Z,2026-06-22T08:00:00Z,0
app/bodegaai-production-alb/31b69d3d76ab5ed1,,RequestCount,2026-06-22T08:00:00Z,2026-06-22T09:00:00Z,0
app/bodegaai-production-alb/31b69d3d76ab5ed1,,RequestCount,2026-06-22T09:00:00Z,2026-06-22T10:00:00Z,0
app/bodegaai-production-alb/31b69d3d76ab5ed1,,RequestCount,2026-06-22T10:00:00Z,2026-06-22T11:00:00Z,0
app/bodegaai-production-alb/31b69d3d76ab5ed1,,RequestCount,2026-06-22T11:00:00Z,2026-06-22T12:00:00Z,0
app/bodegaai-production-alb/31b69d3d76ab5ed1,,RequestCount,2026-06-22T12:00:00Z,2026-06-22T13:00:00Z,0
app/bodegaai-production-alb/31b69d3d76ab5ed1,,RequestCount,2026-06-22T13:00:00Z,2026-06-22T14:00:00Z,0
app/bodegaai-production-alb/31b69d3d76ab5ed1,,RequestCount,2026-06-22T14:00:00Z,2026-06-22T15:00:00Z,1
app/bodegaai-production-alb/31b69d3d76ab5ed1,,RequestCount,2026-06-22T15:00:00Z,2026-06-22T16:00:00Z,11
app/bodegaai-production-alb/31b69d3d76ab5ed1,,RequestCount,2026-06-22T16:00:00Z,2026-06-22T17:00:00Z,19
app/bodegaai-production-alb/31b69d3d76ab5ed1,,RequestCount,2026-06-22T17:00:00Z,2026-06-22T18:00:00Z,226
app/bodegaai-production-alb/31b69d3d76ab5ed1,,RequestCount,2026-06-22T18:00:00Z,2026-06-22T19:00:00Z,493
app/bodegaai-production-alb/31b69d3d76ab5ed1,,RequestCount,2026-06-22T19:00:00Z,2026-06-22T20:00:00Z,595
app/bodegaai-production-alb/31b69d3d76ab5ed1,,RequestCount,2026-06-22T20:00:00Z,2026-06-22T21:00:00Z,660
app/bodegaai-production-alb/31b69d3d76ab5ed1,,RequestCount,2026-06-22T21:00:00Z,2026-06-22T22:00:00Z,417
app/bodegaai-production-alb/31b69d3d76ab5ed1,,RequestCount,2026-06-22T22:00:00Z,2026-06-22T23:00:00Z,0
app/bodegaai-production-alb/31b69d3d76ab5ed1,,RequestCount,2026-06-22T23:00:00Z,2026-06-23T00:00:00Z,0
app/bodegaai-production-alb/31b69d3d76ab5ed1,,RequestCount,2026-06-23T00:00:00Z,2026-06-23T01:00:00Z,0
app/bodegaai-production-alb/31b69d3d76ab5ed1,,RequestCount,2026-06-23T01:00:00Z,2026-06-23T02:00:00Z,0
app/bodegaai-production-alb/31b69d3d76ab5ed1,,RequestCount,2026-06-23T02:00:00Z,2026-06-23T03:00:00Z,1
app/bodegaai-production-alb/31b69d3d76ab5ed1,,RequestCount,2026-06-23T03:00:00Z,2026-06-23T04:00:00Z,0
app/bodegaai-production-alb/31b69d3d76ab5ed1,,RequestCount,2026-06-23T04:00:00Z,2026-06-23T05:00:00Z,0
app/bodegaai-production-alb/31b69d3d76ab5ed1,,RequestCount,2026-06-23T05:00:00Z,2026-06-23T06:00:00Z,0
app/bodegaai-production-alb/31b69d3d76ab5ed1,,RequestCount,2026-06-23T06:00:00Z,2026-06-23T07:00:00Z,0
app/bodegaai-production-alb/31b69d3d76ab5ed1,,RequestCount,2026-06-23T07:00:00Z,2026-06-23T08:00:00Z,0
app/bodegaai-production-alb/31b69d3d76ab5ed1,,RequestCount,2026-06-23T08:00:00Z,2026-06-23T09:00:00Z,1
app/bodegaai-production-alb/31b69d3d76ab5ed1,,RequestCount,2026-06-23T09:00:00Z,2026-06-23T10:00:00Z,0
app/bodegaai-production-alb/31b69d3d76ab5ed1,,RequestCount,2026-06-23T10:00:00Z,2026-06-23T11:00:00Z,0
app/bodegaai-production-alb/31b69d3d76ab5ed1,,RequestCount,2026-06-23T11:00:00Z,2026-06-23T12:00:00Z,0
app/bodegaai-production-alb/31b69d3d76ab5ed1,,RequestCount,2026-06-23T12:00:00Z,2026-06-23T13:00:00Z,15
app/bodegaai-production-alb/31b69d3d76ab5ed1,,RequestCount,2026-06-23T13:00:00Z,2026-06-23T14:00:00Z,13
app/bodegaai-production-alb/31b69d3d76ab5ed1,,RequestCount,2026-06-23T14:00:00Z,2026-06-23T15:00:00Z,5
app/bodegaai-production-alb/31b69d3d76ab5ed1,,RequestCount,2026-06-23T15:00:00Z,2026-06-23T16:00:00Z,0
app/bodegaai-production-alb/31b69d3d76ab5ed1,,RequestCount,2026-06-23T16:00:00Z,2026-06-23T17:00:00Z,85
app/bodegaai-production-alb/31b69d3d76ab5ed1,,RequestCount,2026-06-23T17:00:00Z,2026-06-23T18:00:00Z,0
app/bodegaai-production-alb/31b69d3d76ab5ed1,,RequestCount,2026-06-23T18:00:00Z,2026-06-23T19:00:00Z,3551
app/bodegaai-production-alb/31b69d3d76ab5ed1,,RequestCount,2026-06-23T19:00:00Z,2026-06-23T20:00:00Z,6163
app/bodegaai-production-alb/31b69d3d76ab5ed1,,RequestCount,2026-06-23T20:00:00Z,2026-06-23T21:00:00Z,6467
app/bodegaai-production-alb/31b69d3d76ab5ed1,,RequestCount,2026-06-23T21:00:00Z,2026-06-23T22:00:00Z,6432
app/bodegaai-production-alb/31b69d3d76ab5ed1,,RequestCount,2026-06-23T22:00:00Z,2026-06-23T23:00:00Z,8077
app/bodegaai-production-alb/31b69d3d76ab5ed1,,RequestCount,2026-06-23T23:00:00Z,2026-06-24T00:00:00Z,7499
app/bodegaai-production-alb/31b69d3d76ab5ed1,,RequestCount,2026-06-24T00:00:00Z,2026-06-24T01:00:00Z,6839
app/bodegaai-production-alb/31b69d3d76ab5ed1,,RequestCount,2026-06-24T01:00:00Z,2026-06-24T02:00:00Z,6737
app/bodegaai-production-alb/31b69d3d76ab5ed1,,RequestCount,2026-06-24T02:00:00Z,2026-06-24T03:00:00Z,5210
app/bodegaai-production-alb/31b69d3d76ab5ed1,,RequestCount,2026-06-24T03:00:00Z,2026-06-24T04:00:00Z,4122
app/bodegaai-production-alb/31b69d3d76ab5ed1,,RequestCount,2026-06-24T04:00:00Z,2026-06-24T05:00:00Z,3389
app/bodegaai-production-alb/31b69d3d76ab5ed1,,RequestCount,2026-06-24T05:00:00Z,2026-06-24T06:00:00Z,3178
app/bodegaai-production-alb/31b69d3d76ab5ed1,,RequestCount,2026-06-24T06:00:00Z,2026-06-24T07:00:00Z,3881
app/bodegaai-production-alb/31b69d3d76ab5ed1,,RequestCount,2026-06-24T07:00:00Z,2026-06-24T08:00:00Z,3797
app/bodegaai-production-alb/31b69d3d76ab5ed1,,RequestCount,2026-06-24T08:00:00Z,2026-06-24T09:00:00Z,3718
app/bodegaai-production-alb/31b69d3d76ab5ed1,,RequestCount,2026-06-24T09:00:00Z,2026-06-24T10:00:00Z,3935
app/bodegaai-production-alb/31b69d3d76ab5ed1,,RequestCount,2026-06-24T10:00:00Z,2026-06-24T11:00:00Z,4423
app/bodegaai-production-alb/31b69d3d76ab5ed1,,RequestCount,2026-06-24T11:00:00Z,2026-06-24T12:00:00Z,5693
app/bodegaai-production-alb/31b69d3d76ab5ed1,,RequestCount,2026-06-24T12:00:00Z,2026-06-24T13:00:00Z,6167
app/bodegaai-production-alb/31b69d3d76ab5ed1,,RequestCount,2026-06-24T13:00:00Z,2026-06-24T14:00:00Z,5922
app/bodegaai-production-alb/31b69d3d76ab5ed1,,RequestCount,2026-06-24T14:00:00Z,2026-06-24T15:00:00Z,15369
app/bodegaai-production-alb/31b69d3d76ab5ed1,,RequestCount,2026-06-24T15:00:00Z,2026-06-24T16:00:00Z,118324
app/bodegaai-production-alb/31b69d3d76ab5ed1,,RequestCount,2026-06-24T16:00:00Z,2026-06-24T17:00:00Z,176217
app/bodegaai-production-alb/31b69d3d76ab5ed1,,RequestCount,2026-06-24T17:00:00Z,2026-06-24T18:00:00Z,141401
app/bodegaai-production-alb/31b69d3d76ab5ed1,,RequestCount,2026-06-24T18:00:00Z,2026-06-24T19:00:00Z,163024
app/bodegaai-production-alb/31b69d3d76ab5ed1,,RequestCount,2026-06-24T19:00:00Z,2026-06-24T20:00:00Z,225943
app/bodegaai-production-alb/31b69d3d76ab5ed1,,RequestCount,2026-06-24T20:00:00Z,2026-06-24T21:00:00Z,294549
app/bodegaai-production-alb/31b69d3d76ab5ed1,,RequestCount,2026-06-24T21:00:00Z,2026-06-24T22:00:00Z,272839
app/bodegaai-production-alb/31b69d3d76ab5ed1,,RequestCount,2026-06-24T22:00:00Z,2026-06-24T23:00:00Z,283052
app/bodegaai-production-alb/31b69d3d76ab5ed1,,RequestCount,2026-06-24T23:00:00Z,2026-06-25T00:00:00Z,296537
app/bodegaai-production-alb/31b69d3d76ab5ed1,,RequestCount,2026-06-25T00:00:00Z,2026-06-25T01:00:00Z,302352
app/bodegaai-production-alb/31b69d3d76ab5ed1,,RequestCount,2026-06-25T01:00:00Z,2026-06-25T02:00:00Z,310641
app/bodegaai-production-alb/31b69d3d76ab5ed1,,RequestCount,2026-06-25T02:00:00Z,2026-06-25T03:00:00Z,304774
app/bodegaai-production-alb/31b69d3d76ab5ed1,,RequestCount,2026-06-25T03:00:00Z,2026-06-25T04:00:00Z,256385
app/bodegaai-production-alb/31b69d3d76ab5ed1,,RequestCount,2026-06-25T04:00:00Z,2026-06-25T05:00:00Z,303776
app/bodegaai-production-alb/31b69d3d76ab5ed1,,RequestCount,2026-06-25T05:00:00Z,2026-06-25T06:00:00Z,366429
app/bodegaai-production-alb/31b69d3d76ab5ed1,,RequestCount,2026-06-25T06:00:00Z,2026-06-25T07:00:00Z,346884
app/bodegaai-production-alb/31b69d3d76ab5ed1,,RequestCount,2026-06-25T07:00:00Z,2026-06-25T08:00:00Z,350451
app/bodegaai-production-alb/31b69d3d76ab5ed1,,RequestCount,2026-06-25T08:00:00Z,2026-06-25T09:00:00Z,355715
app/bodegaai-production-alb/31b69d3d76ab5ed1,,RequestCount,2026-06-25T09:00:00Z,2026-06-25T10:00:00Z,368720
app/bodegaai-production-alb/31b69d3d76ab5ed1,,RequestCount,2026-06-25T10:00:00Z,2026-06-25T11:00:00Z,359222
app/bodegaai-production-alb/31b69d3d76ab5ed1,,RequestCount,2026-06-25T11:00:00Z,2026-06-25T12:00:00Z,341693
app/bodegaai-production-alb/31b69d3d76ab5ed1,,RequestCount,2026-06-25T12:00:00Z,2026-06-25T13:00:00Z,335963
app/bodegaai-production-alb/31b69d3d76ab5ed1,,RequestCount,2026-06-25T13:00:00Z,2026-06-25T14:00:00Z,276854
app/bodegaai-production-alb/31b69d3d76ab5ed1,,RequestCount,2026-06-25T14:00:00Z,2026-06-25T15:00:00Z,297668
app/bodegaai-production-alb/31b69d3d76ab5ed1,,RequestCount,2026-06-25T15:00:00Z,2026-06-25T16:00:00Z,262462
app/bodegaai-production-alb/31b69d3d76ab5ed1,,RequestCount,2026-06-25T16:00:00Z,2026-06-25T17:00:00Z,262433
app/bodegaai-production-alb/31b69d3d76ab5ed1,,RequestCount,2026-06-25T17:00:00Z,2026-06-25T18:00:00Z,251899
app/bodegaai-production-alb/31b69d3d76ab5ed1,,RequestCount,2026-06-25T18:00:00Z,2026-06-25T19:00:00Z,242468
app/bodegaai-production-alb/31b69d3d76ab5ed1,,RequestCount,2026-06-25T19:00:00Z,2026-06-25T20:00:00Z,276341
app/bodegaai-production-alb/31b69d3d76ab5ed1,,RequestCount,2026-06-25T20:00:00Z,2026-06-25T21:00:00Z,284203
app/bodegaai-production-alb/31b69d3d76ab5ed1,,RequestCount,2026-06-25T21:00:00Z,2026-06-25T22:00:00Z,281367
app/bodegaai-production-alb/31b69d3d76ab5ed1,,RequestCount,2026-06-25T22:00:00Z,2026-06-25T23:00:00Z,300574
app/bodegaai-production-alb/31b69d3d76ab5ed1,,RequestCount,2026-06-25T23:00:00Z,2026-06-26T00:00:00Z,314513
app/bodegaai-production-alb/31b69d3d76ab5ed1,,RequestCount,2026-06-26T00:00:00Z,2026-06-26T01:00:00Z,296293
app/bodegaai-production-alb/31b69d3d76ab5ed1,,RequestCount,2026-06-26T01:00:00Z,2026-06-26T02:00:00Z,276108
app/bodegaai-production-alb/31b69d3d76ab5ed1,,RequestCount,2026-06-26T02:00:00Z,2026-06-26T03:00:00Z,294137
app/bodegaai-production-alb/31b69d3d76ab5ed1,,RequestCount,2026-06-26T03:00:00Z,2026-06-26T04:00:00Z,287165
app/bodegaai-production-alb/31b69d3d76ab5ed1,,RequestCount,2026-06-26T04:00:00Z,2026-06-26T05:00:00Z,256222
app/bodegaai-production-alb/31b69d3d76ab5ed1,,RequestCount,2026-06-26T05:00:00Z,2026-06-26T06:00:00Z,294958
app/bodegaai-production-alb/31b69d3d76ab5ed1,,RequestCount,2026-06-26T06:00:00Z,2026-06-26T07:00:00Z,332018
app/bodegaai-production-alb/31b69d3d76ab5ed1,,RequestCount,2026-06-26T07:00:00Z,2026-06-26T08:00:00Z,281460
app/bodegaai-production-alb/31b69d3d76ab5ed1,,RequestCount,2026-06-26T08:00:00Z,2026-06-26T09:00:00Z,362468
app/bodegaai-production-alb/31b69d3d76ab5ed1,,RequestCount,2026-06-26T09:00:00Z,2026-06-26T10:00:00Z,345278
app/bodegaai-production-alb/31b69d3d76ab5ed1,,RequestCount,2026-06-26T10:00:00Z,2026-06-26T11:00:00Z,348926
app/bodegaai-production-alb/31b69d3d76ab5ed1,,RequestCount,2026-06-26T11:00:00Z,2026-06-26T12:00:00Z,313410
app/bodegaai-production-alb/31b69d3d76ab5ed1,,RequestCount,2026-06-26T12:00:00Z,2026-06-26T13:00:00Z,330151
app/bodegaai-production-alb/31b69d3d76ab5ed1,,RequestCount,2026-06-26T13:00:00Z,2026-06-26T14:00:00Z,274865
app/bodegaai-production-alb/31b69d3d76ab5ed1,,RequestCount,2026-06-26T14:00:00Z,2026-06-26T15:00:00Z,302569
app/bodegaai-production-alb/31b69d3d76ab5ed1,,RequestCount,2026-06-26T15:00:00Z,2026-06-26T16:00:00Z,276656
app/bodegaai-production-alb/31b69d3d76ab5ed1,,RequestCount,2026-06-26T16:00:00Z,2026-06-26T17:00:00Z,270509
app/bodegaai-production-alb/31b69d3d76ab5ed1,,RequestCount,2026-06-26T17:00:00Z,2026-06-26T18:00:00Z,287057
app/bodegaai-production-alb/31b69d3d76ab5ed1,,RequestCount,2026-06-26T18:00:00Z,2026-06-26T19:00:00Z,238762
app/bodegaai-production-alb/31b69d3d76ab5ed1,,RequestCount,2026-06-26T19:00:00Z,2026-06-26T20:00:00Z,265456
app/bodegaai-production-alb/31b69d3d76ab5ed1,,RequestCount,2026-06-26T20:00:00Z,2026-06-26T21:00:00Z,268422
app/bodegaai-production-alb/31b69d3d76ab5ed1,,RequestCount,2026-06-26T21:00:00Z,2026-06-26T22:00:00Z,251641
app/bodegaai-production-alb/31b69d3d76ab5ed1,,RequestCount,2026-06-26T22:00:00Z,2026-06-26T23:00:00Z,267193
app/bodegaai-production-alb/31b69d3d76ab5ed1,,RequestCount,2026-06-26T23:00:00Z,2026-06-27T00:00:00Z,284235
app/bodegaai-production-alb/31b69d3d76ab5ed1,,RequestCount,2026-06-27T00:00:00Z,2026-06-27T01:00:00Z,313553
app/bodegaai-production-alb/31b69d3d76ab5ed1,,RequestCount,2026-06-27T01:00:00Z,2026-06-27T02:00:00Z,295597
app/bodegaai-production-alb/31b69d3d76ab5ed1,,RequestCount,2026-06-27T02:00:00Z,2026-06-27T03:00:00Z,283516
app/bodegaai-production-alb/31b69d3d76ab5ed1,,RequestCount,2026-06-27T03:00:00Z,2026-06-27T04:00:00Z,277534
app/bodegaai-production-alb/31b69d3d76ab5ed1,,RequestCount,2026-06-27T04:00:00Z,2026-06-27T05:00:00Z,301951
app/bodegaai-production-alb/31b69d3d76ab5ed1,,RequestCount,2026-06-27T05:00:00Z,2026-06-27T06:00:00Z,313557
app/bodegaai-production-alb/31b69d3d76ab5ed1,,RequestCount,2026-06-27T06:00:00Z,2026-06-27T07:00:00Z,341202
app/bodegaai-production-alb/31b69d3d76ab5ed1,,RequestCount,2026-06-27T07:00:00Z,2026-06-27T08:00:00Z,360074
app/bodegaai-production-alb/31b69d3d76ab5ed1,,RequestCount,2026-06-27T08:00:00Z,2026-06-27T09:00:00Z,306805
app/bodegaai-production-alb/31b69d3d76ab5ed1,,RequestCount,2026-06-27T09:00:00Z,2026-06-27T10:00:00Z,336341
app/bodegaai-production-alb/31b69d3d76ab5ed1,,RequestCount,2026-06-27T10:00:00Z,2026-06-27T11:00:00Z,313404
app/bodegaai-production-alb/31b69d3d76ab5ed1,,RequestCount,2026-06-27T11:00:00Z,2026-06-27T12:00:00Z,300126
app/bodegaai-production-alb/31b69d3d76ab5ed1,,RequestCount,2026-06-27T12:00:00Z,2026-06-27T13:00:00Z,266876
app/bodegaai-production-alb/31b69d3d76ab5ed1,,RequestCount,2026-06-27T13:00:00Z,2026-06-27T14:00:00Z,270189
app/bodegaai-production-alb/31b69d3d76ab5ed1,,RequestCount,2026-06-27T14:00:00Z,2026-06-27T15:00:00Z,255736
app/bodegaai-production-alb/31b69d3d76ab5ed1,,RequestCount,2026-06-27T15:00:00Z,2026-06-27T16:00:00Z,271715
app/bodegaai-production-alb/31b69d3d76ab5ed1,,RequestCount,2026-06-27T16:00:00Z,2026-06-27T17:00:00Z,253262
app/bodegaai-production-alb/31b69d3d76ab5ed1,,RequestCount,2026-06-27T17:00:00Z,2026-06-27T18:00:00Z,271470
app/bodegaai-production-alb/31b69d3d76ab5ed1,,RequestCount,2026-06-27T18:00:00Z,2026-06-27T19:00:00Z,279800
app/bodegaai-production-alb/31b69d3d76ab5ed1,,RequestCount,2026-06-27T19:00:00Z,2026-06-27T20:00:00Z,283326
app/bodegaai-production-alb/31b69d3d76ab5ed1,,RequestCount,2026-06-27T20:00:00Z,2026-06-27T21:00:00Z,275692
app/bodegaai-production-alb/31b69d3d76ab5ed1,,RequestCount,2026-06-27T21:00:00Z,2026-06-27T22:00:00Z,295541
app/bodegaai-production-alb/31b69d3d76ab5ed1,,RequestCount,2026-06-27T22:00:00Z,2026-06-27T23:00:00Z,267391
app/bodegaai-production-alb/31b69d3d76ab5ed1,,RequestCount,2026-06-27T23:00:00Z,2026-06-28T00:00:00Z,281264
app/bodegaai-production-alb/31b69d3d76ab5ed1,,RequestCount,2026-06-28T00:00:00Z,2026-06-28T01:00:00Z,279746
app/bodegaai-production-alb/31b69d3d76ab5ed1,,RequestCount,2026-06-28T01:00:00Z,2026-06-28T02:00:00Z,261125
app/bodegaai-production-alb/31b69d3d76ab5ed1,,RequestCount,2026-06-28T02:00:00Z,2026-06-28T03:00:00Z,273479
app/bodegaai-production-alb/31b69d3d76ab5ed1,,RequestCount,2026-06-28T03:00:00Z,2026-06-28T04:00:00Z,267545
app/bodegaai-production-alb/31b69d3d76ab5ed1,,RequestCount,2026-06-28T04:00:00Z,2026-06-28T05:00:00Z,245075
app/bodegaai-production-alb/31b69d3d76ab5ed1,,RequestCount,2026-06-28T05:00:00Z,2026-06-28T06:00:00Z,260876
app/bodegaai-production-alb/31b69d3d76ab5ed1,,RequestCount,2026-06-28T06:00:00Z,2026-06-28T07:00:00Z,248629
app/bodegaai-production-alb/31b69d3d76ab5ed1,,RequestCount,2026-06-28T07:00:00Z,2026-06-28T08:00:00Z,244923
app/bodegaai-production-alb/31b69d3d76ab5ed1,,RequestCount,2026-06-28T08:00:00Z,2026-06-28T09:00:00Z,231265
app/bodegaai-production-alb/31b69d3d76ab5ed1,,RequestCount,2026-06-28T09:00:00Z,2026-06-28T10:00:00Z,265243
app/bodegaai-production-alb/31b69d3d76ab5ed1,,RequestCount,2026-06-28T10:00:00Z,2026-06-28T11:00:00Z,282733
app/bodegaai-production-alb/31b69d3d76ab5ed1,,RequestCount,2026-06-28T11:00:00Z,2026-06-28T12:00:00Z,293289
app/bodegaai-production-alb/31b69d3d76ab5ed1,,RequestCount,2026-06-28T12:00:00Z,2026-06-28T13:00:00Z,274024
app/bodegaai-production-alb/31b69d3d76ab5ed1,,RequestCount,2026-06-28T13:00:00Z,2026-06-28T14:00:00Z,267605
app/bodegaai-production-alb/31b69d3d76ab5ed1,,RequestCount,2026-06-28T14:00:00Z,2026-06-28T15:00:00Z,266138
app/bodegaai-production-alb/31b69d3d76ab5ed1,,RequestCount,2026-06-28T15:00:00Z,2026-06-28T16:00:00Z,262465
app/bodegaai-production-alb/31b69d3d76ab5ed1,,RequestCount,2026-06-28T16:00:00Z,2026-06-28T17:00:00Z,267103
app/bodegaai-production-alb/31b69d3d76ab5ed1,,RequestCount,2026-06-28T17:00:00Z,2026-06-28T18:00:00Z,267873
app/bodegaai-production-alb/31b69d3d76ab5ed1,,RequestCount,2026-06-28T18:00:00Z,2026-06-28T19:00:00Z,278022
app/bodegaai-production-alb/31b69d3d76ab5ed1,,RequestCount,2026-06-28T19:00:00Z,2026-06-28T20:00:00Z,284840
app/bodegaai-production-alb/31b69d3d76ab5ed1,,RequestCount,2026-06-28T20:00:00Z,2026-06-28T21:00:00Z,289132
app/bodegaai-production-alb/31b69d3d76ab5ed1,,RequestCount,2026-06-28T21:00:00Z,2026-06-28T22:00:00Z,268123
app/bodegaai-production-alb/31b69d3d76ab5ed1,,RequestCount,2026-06-28T22:00:00Z,2026-06-28T23:00:00Z,294573
app/bodegaai-production-alb/31b69d3d76ab5ed1,,RequestCount,2026-06-28T23:00:00Z,2026-06-29T00:00:00Z,290784
app/bodegaai-production-alb/31b69d3d76ab5ed1,,RequestCount,2026-06-29T00:00:00Z,2026-06-29T01:00:00Z,321050
app/bodegaai-production-alb/31b69d3d76ab5ed1,,RequestCount,2026-06-29T01:00:00Z,2026-06-29T02:00:00Z,304912
app/bodegaai-production-alb/31b69d3d76ab5ed1,,RequestCount,2026-06-29T02:00:00Z,2026-06-29T03:00:00Z,326291
app/bodegaai-production-alb/31b69d3d76ab5ed1,,RequestCount,2026-06-29T03:00:00Z,2026-06-29T04:00:00Z,354625
app/bodegaai-production-alb/31b69d3d76ab5ed1,,RequestCount,2026-06-29T04:00:00Z,2026-06-29T05:00:00Z,360486
app/bodegaai-production-alb/31b69d3d76ab5ed1,,RequestCount,2026-06-29T05:00:00Z,2026-06-29T06:00:00Z,323022
app/bodegaai-production-alb/31b69d3d76ab5ed1,,RequestCount,2026-06-29T06:00:00Z,2026-06-29T07:00:00Z,363942
app/bodegaai-production-alb/31b69d3d76ab5ed1,,RequestCount,2026-06-29T07:00:00Z,2026-06-29T08:00:00Z,368227
app/bodegaai-production-alb/31b69d3d76ab5ed1,,RequestCount,2026-06-29T08:00:00Z,2026-06-29T09:00:00Z,324642
app/bodegaai-production-alb/31b69d3d76ab5ed1,,RequestCount,2026-06-29T09:00:00Z,2026-06-29T10:00:00Z,309151
app/bodegaai-production-alb/31b69d3d76ab5ed1,,RequestCount,2026-06-29T10:00:00Z,2026-06-29T11:00:00Z,292509
app/bodegaai-production-alb/31b69d3d76ab5ed1,,RequestCount,2026-06-29T11:00:00Z,2026-06-29T12:00:00Z,267254
app/bodegaai-production-alb/31b69d3d76ab5ed1,,RequestCount,2026-06-29T12:00:00Z,2026-06-29T13:00:00Z,300025
app/bodegaai-production-alb/31b69d3d76ab5ed1,,RequestCount,2026-06-29T13:00:00Z,2026-06-29T14:00:00Z,284918
app/bodegaai-production-alb/31b69d3d76ab5ed1,,RequestCount,2026-06-29T14:00:00Z,2026-06-29T15:00:00Z,285652
app/bodegaai-production-alb/31b69d3d76ab5ed1,,RequestCount,2026-06-29T15:00:00Z,2026-06-29T16:00:00Z,261871
app/bodegaai-production-alb/31b69d3d76ab5ed1,,RequestCount,2026-06-29T16:00:00Z,2026-06-29T17:00:00Z,243997
app/bodegaai-production-alb/31b69d3d76ab5ed1,,RequestCount,2026-06-29T17:00:00Z,2026-06-29T18:00:00Z,259350
app/bodegaai-production-alb/31b69d3d76ab5ed1,,RequestCount,2026-06-29T18:00:00Z,2026-06-29T19:00:00Z,249350
app/bodegaai-production-alb/31b69d3d76ab5ed1,,RequestCount,2026-06-29T19:00:00Z,2026-06-29T20:00:00Z,257577
app/bodegaai-production-alb/31b69d3d76ab5ed1,,RequestCount,2026-06-29T20:00:00Z,2026-06-29T21:00:00Z,260989
app/bodegaai-production-alb/31b69d3d76ab5ed1,,RequestCount,2026-06-29T21:00:00Z,2026-06-29T22:00:00Z,232293
app/bodegaai-production-alb/31b69d3d76ab5ed1,,RequestCount,2026-06-29T22:00:00Z,2026-06-29T23:00:00Z,265723
app/bodegaai-production-alb/31b69d3d76ab5ed1,,RequestCount,2026-06-29T23:00:00Z,2026-06-30T00:00:00Z,259723
app/bodegaai-production-alb/31b69d3d76ab5ed1,,RequestCount,2026-06-30T00:00:00Z,2026-06-30T01:00:00Z,186117
app/bodegaai-production-alb/31b69d3d76ab5ed1,,RequestCount,2026-06-30T01:00:00Z,2026-06-30T02:00:00Z,262824
app/bodegaai-production-alb/31b69d3d76ab5ed1,,RequestCount,2026-06-30T02:00:00Z,2026-06-30T03:00:00Z,298897
app/bodegaai-production-alb/31b69d3d76ab5ed1,,RequestCount,2026-06-30T03:00:00Z,2026-06-30T04:00:00Z,269063
app/bodegaai-production-alb/31b69d3d76ab5ed1,,RequestCount,2026-06-30T04:00:00Z,2026-06-30T05:00:00Z,326545
app/bodegaai-production-alb/31b69d3d76ab5ed1,,RequestCount,2026-06-30T05:00:00Z,2026-06-30T06:00:00Z,294577
app/bodegaai-production-alb/31b69d3d76ab5ed1,,RequestCount,2026-06-30T06:00:00Z,2026-06-30T07:00:00Z,293575
app/bodegaai-production-alb/31b69d3d76ab5ed1,,RequestCount,2026-06-30T07:00:00Z,2026-06-30T08:00:00Z,260988
app/bodegaai-production-alb/31b69d3d76ab5ed1,,RequestCount,2026-06-30T08:00:00Z,2026-06-30T09:00:00Z,284084
app/bodegaai-production-alb/31b69d3d76ab5ed1,,RequestCount,2026-06-30T09:00:00Z,2026-06-30T10:00:00Z,321501
app/bodegaai-production-alb/31b69d3d76ab5ed1,,RequestCount,2026-06-30T10:00:00Z,2026-06-30T11:00:00Z,307217
app/bodegaai-production-alb/31b69d3d76ab5ed1,,RequestCount,2026-06-30T11:00:00Z,2026-06-30T12:00:00Z,291083
app/bodegaai-production-alb/31b69d3d76ab5ed1,,RequestCount,2026-06-30T12:00:00Z,2026-06-30T13:00:00Z,250407
app/bodegaai-production-alb/31b69d3d76ab5ed1,,RequestCount,2026-06-30T13:00:00Z,2026-06-30T14:00:00Z,226799
app/bodegaai-production-alb/31b69d3d76ab5ed1,,RequestCount,2026-06-30T14:00:00Z,2026-06-30T15:00:00Z,298129
app/bodegaai-production-alb/31b69d3d76ab5ed1,,RequestCount,2026-06-30T15:00:00Z,2026-06-30T16:00:00Z,1124263
app/bodegaai-production-alb/31b69d3d76ab5ed1,,RequestCount,2026-06-30T16:00:00Z,2026-06-30T17:00:00Z,1376497
app/bodegaai-production-alb/31b69d3d76ab5ed1,,RequestCount,2026-06-30T17:00:00Z,2026-06-30T18:00:00Z,1065810
app/bodegaai-production-alb/31b69d3d76ab5ed1,,RequestCount,2026-06-30T18:00:00Z,2026-06-30T19:00:00Z,1082612
app/bodegaai-production-alb/31b69d3d76ab5ed1,,RequestCount,2026-06-30T19:00:00Z,2026-06-30T20:00:00Z,1063970
app/bodegaai-production-alb/31b69d3d76ab5ed1,,RequestCount,2026-06-30T20:00:00Z,2026-06-30T21:00:00Z,1032875
app/bodegaai-production-alb/31b69d3d76ab5ed1,,RequestCount,2026-06-30T21:00:00Z,2026-06-30T22:00:00Z,1127223
app/bodegaai-production-alb/31b69d3d76ab5ed1,,RequestCount,2026-06-30T22:00:00Z,2026-06-30T23:00:00Z,1098902
app/bodegaai-production-alb/31b69d3d76ab5ed1,,RequestCount,2026-06-30T23:00:00Z,2026-07-01T00:00:00Z,1110237
app/bodegaai-production-alb/31b69d3d76ab5ed1,,RequestCount,2026-07-01T00:00:00Z,2026-07-01T01:00:00Z,1083361
app/bodegaai-production-alb/31b69d3d76ab5ed1,,RequestCount,2026-07-01T01:00:00Z,2026-07-01T02:00:00Z,1079999
app/bodegaai-production-alb/31b69d3d76ab5ed1,,RequestCount,2026-07-01T02:00:00Z,2026-07-01T03:00:00Z,1076741
app/bodegaai-production-alb/31b69d3d76ab5ed1,,RequestCount,2026-07-01T03:00:00Z,2026-07-01T04:00:00Z,1057807
app/bodegaai-production-alb/31b69d3d76ab5ed1,,RequestCount,2026-07-01T04:00:00Z,2026-07-01T05:00:00Z,1057798
app/bodegaai-production-alb/31b69d3d76ab5ed1,,RequestCount,2026-07-01T05:00:00Z,2026-07-01T06:00:00Z,1058288
app/bodegaai-production-alb/31b69d3d76ab5ed1,,RequestCount,2026-07-01T06:00:00Z,2026-07-01T07:00:00Z,1089797
app/bodegaai-production-alb/31b69d3d76ab5ed1,,RequestCount,2026-07-01T07:00:00Z,2026-07-01T08:00:00Z,1071128
app/bodegaai-production-alb/31b69d3d76ab5ed1,,RequestCount,2026-07-01T08:00:00Z,2026-07-01T09:00:00Z,1069432
app/bodegaai-production-alb/31b69d3d76ab5ed1,,RequestCount,2026-07-01T09:00:00Z,2026-07-01T10:00:00Z,1063775
app/bodegaai-production-alb/31b69d3d76ab5ed1,,RequestCount,2026-07-01T10:00:00Z,2026-07-01T11:00:00Z,1091796
app/bodegaai-production-alb/31b69d3d76ab5ed1,,RequestCount,2026-07-01T11:00:00Z,2026-07-01T12:00:00Z,1092964
app/bodegaai-production-alb/31b69d3d76ab5ed1,,RequestCount,2026-07-01T12:00:00Z,2026-07-01T13:00:00Z,1128758
app/bodegaai-production-alb/31b69d3d76ab5ed1,,RequestCount,2026-07-01T13:00:00Z,2026-07-01T14:00:00Z,1080041
app/bodegaai-production-alb/31b69d3d76ab5ed1,,RequestCount,2026-07-01T14:00:00Z,2026-07-01T15:00:00Z,1064210
app/bodegaai-production-alb/31b69d3d76ab5ed1,,RequestCount,2026-07-01T15:00:00Z,2026-07-01T16:00:00Z,883045
app/bodegaai-production-alb/31b69d3d76ab5ed1,,RequestCount,2026-07-01T16:00:00Z,2026-07-01T17:00:00Z,1050961
app/bodegaai-production-alb/31b69d3d76ab5ed1,,RequestCount,2026-07-01T17:00:00Z,2026-07-01T18:00:00Z,1080863
app/bodegaai-production-alb/31b69d3d76ab5ed1,,RequestCount,2026-07-01T18:00:00Z,2026-07-01T19:00:00Z,1147177
app/bodegaai-production-alb/31b69d3d76ab5ed1,,RequestCount,2026-07-01T19:00:00Z,2026-07-01T20:00:00Z,1132210
app/bodegaai-production-alb/31b69d3d76ab5ed1,,RequestCount,2026-07-01T20:00:00Z,2026-07-01T21:00:00Z,1124266
app/bodegaai-production-alb/31b69d3d76ab5ed1,,RequestCount,2026-07-01T21:00:00Z,2026-07-01T22:00:00Z,1200408
app/bodegaai-production-alb/31b69d3d76ab5ed1,,RequestCount,2026-07-01T22:00:00Z,2026-07-01T23:00:00Z,1139047
app/bodegaai-production-alb/31b69d3d76ab5ed1,,RequestCount,2026-07-01T23:00:00Z,2026-07-02T00:00:00Z,1145304
app/bodegaai-production-alb/31b69d3d76ab5ed1,,RequestCount,2026-07-02T00:00:00Z,2026-07-02T01:00:00Z,1104666
app/bodegaai-production-alb/31b69d3d76ab5ed1,,RequestCount,2026-07-02T01:00:00Z,2026-07-02T02:00:00Z,1130056
app/bodegaai-production-alb/31b69d3d76ab5ed1,,RequestCount,2026-07-02T02:00:00Z,2026-07-02T03:00:00Z,1059770
app/bodegaai-production-alb/31b69d3d76ab5ed1,,RequestCount,2026-07-02T03:00:00Z,2026-07-02T04:00:00Z,990375
app/bodegaai-production-alb/31b69d3d76ab5ed1,,RequestCount,2026-07-02T04:00:00Z,2026-07-02T05:00:00Z,1055276
app/bodegaai-production-alb/31b69d3d76ab5ed1,,RequestCount,2026-07-02T05:00:00Z,2026-07-02T06:00:00Z,964605
app/bodegaai-production-alb/31b69d3d76ab5ed1,,RequestCount,2026-07-02T06:00:00Z,2026-07-02T07:00:00Z,984521
app/bodegaai-production-alb/31b69d3d76ab5ed1,,RequestCount,2026-07-02T07:00:00Z,2026-07-02T08:00:00Z,1012469
app/bodegaai-production-alb/31b69d3d76ab5ed1,,RequestCount,2026-07-02T08:00:00Z,2026-07-02T09:00:00Z,999905
app/bodegaai-production-alb/31b69d3d76ab5ed1,,RequestCount,2026-07-02T09:00:00Z,2026-07-02T10:00:00Z,1026154
app/bodegaai-production-alb/31b69d3d76ab5ed1,,RequestCount,2026-07-02T10:00:00Z,2026-07-02T11:00:00Z,1048205
app/bodegaai-production-alb/31b69d3d76ab5ed1,,RequestCount,2026-07-02T11:00:00Z,2026-07-02T12:00:00Z,1019001
app/bodegaai-production-alb/31b69d3d76ab5ed1,,RequestCount,2026-07-02T12:00:00Z,2026-07-02T13:00:00Z,1097547
app/bodegaai-production-alb/31b69d3d76ab5ed1,,RequestCount,2026-07-02T13:00:00Z,2026-07-02T14:00:00Z,1113195
app/bodegaai-production-alb/31b69d3d76ab5ed1,,RequestCount,2026-07-02T14:00:00Z,2026-07-02T15:00:00Z,1115090
app/bodegaai-production-alb/31b69d3d76ab5ed1,,RequestCount,2026-07-02T15:00:00Z,2026-07-02T16:00:00Z,1233887
app/bodegaai-production-alb/31b69d3d76ab5ed1,,RequestCount,2026-07-02T16:00:00Z,2026-07-02T17:00:00Z,1603722
app/bodegaai-production-alb/31b69d3d76ab5ed1,,RequestCount,2026-07-02T17:00:00Z,2026-07-02T18:00:00Z,1486694
app/bodegaai-production-alb/31b69d3d76ab5ed1,,RequestCount,2026-07-02T18:00:00Z,2026-07-02T19:00:00Z,1397659
app/bodegaai-production-alb/31b69d3d76ab5ed1,,RequestCount,2026-07-02T19:00:00Z,2026-07-02T20:00:00Z,2291980
app/bodegaai-production-alb/31b69d3d76ab5ed1,,RequestCount,2026-07-02T20:00:00Z,2026-07-02T21:00:00Z,2308869
app/bodegaai-production-alb/31b69d3d76ab5ed1,,RequestCount,2026-07-02T21:00:00Z,2026-07-02T22:00:00Z,2329432
app/bodegaai-production-alb/31b69d3d76ab5ed1,,RequestCount,2026-07-02T22:00:00Z,2026-07-02T23:00:00Z,2321950
app/bodegaai-production-alb/31b69d3d76ab5ed1,,RequestCount,2026-07-02T23:00:00Z,2026-07-03T00:00:00Z,2304852
app/bodegaai-production-alb/31b69d3d76ab5ed1,,RequestCount,2026-07-03T00:00:00Z,2026-07-03T01:00:00Z,2282203
app/bodegaai-production-alb/31b69d3d76ab5ed1,,RequestCount,2026-07-03T01:00:00Z,2026-07-03T02:00:00Z,2287644
app/bodegaai-production-alb/31b69d3d76ab5ed1,,RequestCount,2026-07-03T02:00:00Z,2026-07-03T03:00:00Z,2249579
app/bodegaai-production-alb/31b69d3d76ab5ed1,,RequestCount,2026-07-03T03:00:00Z,2026-07-03T04:00:00Z,2220696
app/bodegaai-production-alb/31b69d3d76ab5ed1,,RequestCount,2026-07-03T04:00:00Z,2026-07-03T05:00:00Z,2179627
app/bodegaai-production-alb/31b69d3d76ab5ed1,,RequestCount,2026-07-03T05:00:00Z,2026-07-03T06:00:00Z,2156489
app/bodegaai-production-alb/31b69d3d76ab5ed1,,RequestCount,2026-07-03T06:00:00Z,2026-07-03T07:00:00Z,2157332
app/bodegaai-production-alb/31b69d3d76ab5ed1,,RequestCount,2026-07-03T07:00:00Z,2026-07-03T08:00:00Z,2154045
app/bodegaai-production-alb/31b69d3d76ab5ed1,,RequestCount,2026-07-03T08:00:00Z,2026-07-03T09:00:00Z,2165699
app/bodegaai-production-alb/31b69d3d76ab5ed1,,RequestCount,2026-07-03T09:00:00Z,2026-07-03T10:00:00Z,2176038
app/bodegaai-production-alb/31b69d3d76ab5ed1,,RequestCount,2026-07-03T10:00:00Z,2026-07-03T11:00:00Z,2186315
app/bodegaai-production-alb/31b69d3d76ab5ed1,,RequestCount,2026-07-03T11:00:00Z,2026-07-03T12:00:00Z,2220823
app/bodegaai-production-alb/31b69d3d76ab5ed1,,RequestCount,2026-07-03T12:00:00Z,2026-07-03T13:00:00Z,2250444
app/bodegaai-production-alb/31b69d3d76ab5ed1,,RequestCount,2026-07-03T13:00:00Z,2026-07-03T14:00:00Z,2291044
app/bodegaai-production-alb/31b69d3d76ab5ed1,,RequestCount,2026-07-03T14:00:00Z,2026-07-03T15:00:00Z,2318560
app/bodegaai-production-alb/31b69d3d76ab5ed1,,RequestCount,2026-07-03T15:00:00Z,2026-07-03T16:00:00Z,2318065
app/bodegaai-production-alb/31b69d3d76ab5ed1,,RequestCount,2026-07-03T16:00:00Z,2026-07-03T17:00:00Z,2328609
app/bodegaai-production-alb/31b69d3d76ab5ed1,,RequestCount,2026-07-03T17:00:00Z,2026-07-03T18:00:00Z,2324014
app/bodegaai-production-alb/31b69d3d76ab5ed1,,RequestCount,2026-07-03T18:00:00Z,2026-07-03T19:00:00Z,2300117
app/bodegaai-production-alb/31b69d3d76ab5ed1,,RequestCount,2026-07-03T19:00:00Z,2026-07-03T20:00:00Z,2314917
app/bodegaai-production-alb/31b69d3d76ab5ed1,,RequestCount,2026-07-03T20:00:00Z,2026-07-03T21:00:00Z,2316464
app/bodegaai-production-alb/31b69d3d76ab5ed1,,RequestCount,2026-07-03T21:00:00Z,2026-07-03T22:00:00Z,2315983
app/bodegaai-production-alb/31b69d3d76ab5ed1,,RequestCount,2026-07-03T22:00:00Z,2026-07-03T23:00:00Z,2266961
app/bodegaai-production-alb/31b69d3d76ab5ed1,,RequestCount,2026-07-03T23:00:00Z,2026-07-04T00:00:00Z,2223789
app/bodegaai-production-alb/31b69d3d76ab5ed1,,RequestCount,2026-07-04T00:00:00Z,2026-07-04T01:00:00Z,2208661
app/bodegaai-production-alb/31b69d3d76ab5ed1,,RequestCount,2026-07-04T01:00:00Z,2026-07-04T02:00:00Z,2221977
app/bodegaai-production-alb/31b69d3d76ab5ed1,,RequestCount,2026-07-04T02:00:00Z,2026-07-04T03:00:00Z,2185076
app/bodegaai-production-alb/31b69d3d76ab5ed1,,RequestCount,2026-07-04T03:00:00Z,2026-07-04T04:00:00Z,2144038
app/bodegaai-production-alb/31b69d3d76ab5ed1,,RequestCount,2026-07-04T04:00:00Z,2026-07-04T05:00:00Z,2110261
app/bodegaai-production-alb/31b69d3d76ab5ed1,,RequestCount,2026-07-04T05:00:00Z,2026-07-04T06:00:00Z,2098176
app/bodegaai-production-alb/31b69d3d76ab5ed1,,RequestCount,2026-07-04T06:00:00Z,2026-07-04T07:00:00Z,2085613
app/bodegaai-production-alb/31b69d3d76ab5ed1,,RequestCount,2026-07-04T07:00:00Z,2026-07-04T08:00:00Z,2076392
app/bodegaai-production-alb/31b69d3d76ab5ed1,,RequestCount,2026-07-04T08:00:00Z,2026-07-04T09:00:00Z,2085231
app/bodegaai-production-alb/31b69d3d76ab5ed1,,RequestCount,2026-07-04T09:00:00Z,2026-07-04T10:00:00Z,2092234
app/bodegaai-production-alb/31b69d3d76ab5ed1,,RequestCount,2026-07-04T10:00:00Z,2026-07-04T11:00:00Z,2098105
app/bodegaai-production-alb/31b69d3d76ab5ed1,,RequestCount,2026-07-04T11:00:00Z,2026-07-04T12:00:00Z,2123187
app/bodegaai-production-alb/31b69d3d76ab5ed1,,RequestCount,2026-07-04T12:00:00Z,2026-07-04T13:00:00Z,2192982
app/bodegaai-production-alb/31b69d3d76ab5ed1,,RequestCount,2026-07-04T13:00:00Z,2026-07-04T14:00:00Z,2221116
app/bodegaai-production-alb/31b69d3d76ab5ed1,,RequestCount,2026-07-04T14:00:00Z,2026-07-04T15:00:00Z,2244060
app/bodegaai-production-alb/31b69d3d76ab5ed1,,RequestCount,2026-07-04T15:00:00Z,2026-07-04T16:00:00Z,2275126
app/bodegaai-production-alb/31b69d3d76ab5ed1,,RequestCount,2026-07-04T16:00:00Z,2026-07-04T17:00:00Z,2280449
app/bodegaai-production-alb/31b69d3d76ab5ed1,,RequestCount,2026-07-04T17:00:00Z,2026-07-04T18:00:00Z,2264023
app/bodegaai-production-alb/31b69d3d76ab5ed1,,RequestCount,2026-07-04T18:00:00Z,2026-07-04T19:00:00Z,2277412
app/bodegaai-production-alb/31b69d3d76ab5ed1,,RequestCount,2026-07-04T19:00:00Z,2026-07-04T20:00:00Z,2281640
app/bodegaai-production-alb/31b69d3d76ab5ed1,,RequestCount,2026-07-04T20:00:00Z,2026-07-04T21:00:00Z,2278313
app/bodegaai-production-alb/31b69d3d76ab5ed1,,RequestCount,2026-07-04T21:00:00Z,2026-07-04T22:00:00Z,2272693
app/bodegaai-production-alb/31b69d3d76ab5ed1,,RequestCount,2026-07-04T22:00:00Z,2026-07-04T23:00:00Z,2258533
app/bodegaai-production-alb/31b69d3d76ab5ed1,,RequestCount,2026-07-04T23:00:00Z,2026-07-05T00:00:00Z,2256402
app/bodegaai-production-alb/31b69d3d76ab5ed1,,RequestCount,2026-07-05T00:00:00Z,2026-07-05T01:00:00Z,2235113
app/bodegaai-production-alb/31b69d3d76ab5ed1,,RequestCount,2026-07-05T01:00:00Z,2026-07-05T02:00:00Z,2239531
app/bodegaai-production-alb/31b69d3d76ab5ed1,,RequestCount,2026-07-05T02:00:00Z,2026-07-05T03:00:00Z,2207254
app/bodegaai-production-alb/31b69d3d76ab5ed1,,RequestCount,2026-07-05T03:00:00Z,2026-07-05T04:00:00Z,2167356
app/bodegaai-production-alb/31b69d3d76ab5ed1,,RequestCount,2026-07-05T04:00:00Z,2026-07-05T05:00:00Z,2152914
app/bodegaai-production-alb/31b69d3d76ab5ed1,,RequestCount,2026-07-05T05:00:00Z,2026-07-05T06:00:00Z,2137045
app/bodegaai-production-alb/31b69d3d76ab5ed1,,RequestCount,2026-07-05T06:00:00Z,2026-07-05T07:00:00Z,2126490
app/bodegaai-production-alb/31b69d3d76ab5ed1,,RequestCount,2026-07-05T07:00:00Z,2026-07-05T08:00:00Z,2115554
app/bodegaai-production-alb/31b69d3d76ab5ed1,,RequestCount,2026-07-05T08:00:00Z,2026-07-05T09:00:00Z,2119199
app/bodegaai-production-alb/31b69d3d76ab5ed1,,RequestCount,2026-07-05T09:00:00Z,2026-07-05T10:00:00Z,2122135
app/bodegaai-production-alb/31b69d3d76ab5ed1,,RequestCount,2026-07-05T10:00:00Z,2026-07-05T11:00:00Z,2127860
app/bodegaai-production-alb/31b69d3d76ab5ed1,,RequestCount,2026-07-05T11:00:00Z,2026-07-05T12:00:00Z,2141237
app/bodegaai-production-alb/31b69d3d76ab5ed1,,RequestCount,2026-07-05T12:00:00Z,2026-07-05T13:00:00Z,2187869
app/bodegaai-production-alb/31b69d3d76ab5ed1,,RequestCount,2026-07-05T13:00:00Z,2026-07-05T14:00:00Z,2204630
app/bodegaai-production-alb/31b69d3d76ab5ed1,,RequestCount,2026-07-05T14:00:00Z,2026-07-05T15:00:00Z,2231787
app/bodegaai-production-alb/31b69d3d76ab5ed1,,RequestCount,2026-07-05T15:00:00Z,2026-07-05T16:00:00Z,2249889
app/bodegaai-production-alb/31b69d3d76ab5ed1,,RequestCount,2026-07-05T16:00:00Z,2026-07-05T17:00:00Z,2262192
app/bodegaai-production-alb/31b69d3d76ab5ed1,,RequestCount,2026-07-05T17:00:00Z,2026-07-05T18:00:00Z,2264135
app/bodegaai-production-alb/31b69d3d76ab5ed1,,RequestCount,2026-07-05T18:00:00Z,2026-07-05T19:00:00Z,2264713
app/bodegaai-production-alb/31b69d3d76ab5ed1,,RequestCount,2026-07-05T19:00:00Z,2026-07-05T20:00:00Z,2263948
app/bodegaai-production-alb/31b69d3d76ab5ed1,,RequestCount,2026-07-05T20:00:00Z,2026-07-05T21:00:00Z,2255528
app/bodegaai-production-alb/31b69d3d76ab5ed1,,RequestCount,2026-07-05T21:00:00Z,2026-07-05T22:00:00Z,2261201
app/bodegaai-production-alb/31b69d3d76ab5ed1,,RequestCount,2026-07-05T22:00:00Z,2026-07-05T23:00:00Z,2250131
app/bodegaai-production-alb/31b69d3d76ab5ed1,,RequestCount,2026-07-05T23:00:00Z,2026-07-06T00:00:00Z,2235832
app/bodegaai-production-alb/31b69d3d76ab5ed1,,RequestCount,2026-07-06T00:00:00Z,2026-07-06T01:00:00Z,2221826
app/bodegaai-production-alb/31b69d3d76ab5ed1,,RequestCount,2026-07-06T01:00:00Z,2026-07-06T02:00:00Z,2211964
app/bodegaai-production-alb/31b69d3d76ab5ed1,,RequestCount,2026-07-06T02:00:00Z,2026-07-06T03:00:00Z,2168244
app/bodegaai-production-alb/31b69d3d76ab5ed1,,RequestCount,2026-07-06T03:00:00Z,2026-07-06T04:00:00Z,2135903
app/bodegaai-production-alb/31b69d3d76ab5ed1,,RequestCount,2026-07-06T04:00:00Z,2026-07-06T05:00:00Z,2107444
app/bodegaai-production-alb/31b69d3d76ab5ed1,,RequestCount,2026-07-06T05:00:00Z,2026-07-06T06:00:00Z,2098001
app/bodegaai-production-alb/31b69d3d76ab5ed1,,RequestCount,2026-07-06T06:00:00Z,2026-07-06T07:00:00Z,2085878
app/bodegaai-production-alb/31b69d3d76ab5ed1,,RequestCount,2026-07-06T07:00:00Z,2026-07-06T08:00:00Z,2090908
app/bodegaai-production-alb/31b69d3d76ab5ed1,,RequestCount,2026-07-06T08:00:00Z,2026-07-06T09:00:00Z,2099061
app/bodegaai-production-alb/31b69d3d76ab5ed1,,RequestCount,2026-07-06T09:00:00Z,2026-07-06T10:00:00Z,2101331
app/bodegaai-production-alb/31b69d3d76ab5ed1,,RequestCount,2026-07-06T10:00:00Z,2026-07-06T11:00:00Z,2127528
app/bodegaai-production-alb/31b69d3d76ab5ed1,,RequestCount,2026-07-06T11:00:00Z,2026-07-06T12:00:00Z,2154349
app/bodegaai-production-alb/31b69d3d76ab5ed1,,RequestCount,2026-07-06T12:00:00Z,2026-07-06T13:00:00Z,2165058
app/bodegaai-production-alb/31b69d3d76ab5ed1,,RequestCount,2026-07-06T13:00:00Z,2026-07-06T14:00:00Z,2202312
app/bodegaai-production-alb/31b69d3d76ab5ed1,,RequestCount,2026-07-06T14:00:00Z,2026-07-06T15:00:00Z,2245195
app/bodegaai-production-alb/31b69d3d76ab5ed1,,RequestCount,2026-07-06T15:00:00Z,2026-07-06T16:00:00Z,2287072
app/bodegaai-production-alb/31b69d3d76ab5ed1,,RequestCount,2026-07-06T16:00:00Z,2026-07-06T17:00:00Z,2289383
app/bodegaai-production-alb/31b69d3d76ab5ed1,,RequestCount,2026-07-06T17:00:00Z,2026-07-06T18:00:00Z,2281553
app/bodegaai-production-alb/31b69d3d76ab5ed1,,RequestCount,2026-07-06T18:00:00Z,2026-07-06T19:00:00Z,2306867
app/bodegaai-production-alb/31b69d3d76ab5ed1,,RequestCount,2026-07-06T19:00:00Z,2026-07-06T20:00:00Z,2310315
app/bodegaai-production-alb/31b69d3d76ab5ed1,,RequestCount,2026-07-06T20:00:00Z,2026-07-06T21:00:00Z,2324361
app/bodegaai-production-alb/31b69d3d76ab5ed1,,RequestCount,2026-07-06T21:00:00Z,2026-07-06T22:00:00Z,2333117
app/bodegaai-production-alb/31b69d3d76ab5ed1,,RequestCount,2026-07-06T22:00:00Z,2026-07-06T23:00:00Z,2338496
app/bodegaai-production-alb/31b69d3d76ab5ed1,,RequestCount,2026-07-06T23:00:00Z,2026-07-07T00:00:00Z,2337271
app/bodegaai-production-alb/31b69d3d76ab5ed1,,RequestCount,2026-07-07T00:00:00Z,2026-07-07T01:00:00Z,2310127
app/bodegaai-production-alb/31b69d3d76ab5ed1,,RequestCount,2026-07-07T01:00:00Z,2026-07-07T02:00:00Z,2297735
app/bodegaai-production-alb/31b69d3d76ab5ed1,,RequestCount,2026-07-07T02:00:00Z,2026-07-07T03:00:00Z,2255625
app/bodegaai-production-alb/31b69d3d76ab5ed1,,RequestCount,2026-07-07T03:00:00Z,2026-07-07T04:00:00Z,2225286
app/bodegaai-production-alb/31b69d3d76ab5ed1,,RequestCount,2026-07-07T04:00:00Z,2026-07-07T05:00:00Z,2209492
app/bodegaai-production-alb/31b69d3d76ab5ed1,,RequestCount,2026-07-07T05:00:00Z,2026-07-07T06:00:00Z,2194819
app/bodegaai-production-alb/31b69d3d76ab5ed1,,RequestCount,2026-07-07T06:00:00Z,2026-07-07T07:00:00Z,2202847
app/bodegaai-production-alb/31b69d3d76ab5ed1,,RequestCount,2026-07-07T07:00:00Z,2026-07-07T08:00:00Z,2204445
app/bodegaai-production-alb/31b69d3d76ab5ed1,,RequestCount,2026-07-07T08:00:00Z,2026-07-07T09:00:00Z,2211216
app/bodegaai-production-alb/31b69d3d76ab5ed1,,RequestCount,2026-07-07T09:00:00Z,2026-07-07T10:00:00Z,2222113
app/bodegaai-production-alb/31b69d3d76ab5ed1,,RequestCount,2026-07-07T10:00:00Z,2026-07-07T11:00:00Z,2235824
app/bodegaai-production-alb/31b69d3d76ab5ed1,,RequestCount,2026-07-07T11:00:00Z,2026-07-07T12:00:00Z,2259157
app/bodegaai-production-alb/31b69d3d76ab5ed1,,RequestCount,2026-07-07T12:00:00Z,2026-07-07T13:00:00Z,2278755
app/bodegaai-production-alb/31b69d3d76ab5ed1,,RequestCount,2026-07-07T13:00:00Z,2026-07-07T14:00:00Z,2300126
app/bodegaai-production-alb/31b69d3d76ab5ed1,,RequestCount,2026-07-07T14:00:00Z,2026-07-07T15:00:00Z,2319221
app/bodegaai-production-alb/31b69d3d76ab5ed1,,RequestCount,2026-07-07T15:00:00Z,2026-07-07T16:00:00Z,2340091
app/bodegaai-production-alb/31b69d3d76ab5ed1,,RequestCount,2026-07-07T16:00:00Z,2026-07-07T17:00:00Z,2353057
app/bodegaai-production-alb/31b69d3d76ab5ed1,,RequestCount,2026-07-07T17:00:00Z,2026-07-07T18:00:00Z,2283865
app/bodegaai-production-alb/31b69d3d76ab5ed1,,RequestCount,2026-07-07T18:00:00Z,2026-07-07T19:00:00Z,2313970
app/bodegaai-production-alb/31b69d3d76ab5ed1,,RequestCount,2026-07-07T19:00:00Z,2026-07-07T20:00:00Z,2347446
app/bodegaai-production-alb/31b69d3d76ab5ed1,,RequestCount,2026-07-07T20:00:00Z,2026-07-07T21:00:00Z,2338997
app/bodegaai-production-alb/31b69d3d76ab5ed1,,RequestCount,2026-07-07T21:00:00Z,2026-07-07T22:00:00Z,2353609
app/bodegaai-production-alb/31b69d3d76ab5ed1,,RequestCount,2026-07-07T22:00:00Z,2026-07-07T23:00:00Z,2343241
app/bodegaai-production-alb/31b69d3d76ab5ed1,,RequestCount,2026-07-07T23:00:00Z,2026-07-08T00:00:00Z,2351793
app/bodegaai-production-alb/31b69d3d76ab5ed1,,RequestCount,2026-07-08T00:00:00Z,2026-07-08T01:00:00Z,2314986
app/bodegaai-production-alb/31b69d3d76ab5ed1,,RequestCount,2026-07-08T01:00:00Z,2026-07-08T02:00:00Z,2286579
app/bodegaai-production-alb/31b69d3d76ab5ed1,,RequestCount,2026-07-08T02:00:00Z,2026-07-08T03:00:00Z,2246949
app/bodegaai-production-alb/31b69d3d76ab5ed1,,RequestCount,2026-07-08T03:00:00Z,2026-07-08T04:00:00Z,2205810
app/bodegaai-production-alb/31b69d3d76ab5ed1,,RequestCount,2026-07-08T04:00:00Z,2026-07-08T05:00:00Z,2174161
app/bodegaai-production-alb/31b69d3d76ab5ed1,,RequestCount,2026-07-08T05:00:00Z,2026-07-08T06:00:00Z,2165848
app/bodegaai-production-alb/31b69d3d76ab5ed1,,RequestCount,2026-07-08T06:00:00Z,2026-07-08T07:00:00Z,2178938
app/bodegaai-production-alb/31b69d3d76ab5ed1,,RequestCount,2026-07-08T07:00:00Z,2026-07-08T08:00:00Z,2167458
app/bodegaai-production-alb/31b69d3d76ab5ed1,,RequestCount,2026-07-08T08:00:00Z,2026-07-08T09:00:00Z,2174179
app/bodegaai-production-alb/31b69d3d76ab5ed1,,RequestCount,2026-07-08T09:00:00Z,2026-07-08T10:00:00Z,2178921
app/bodegaai-production-alb/31b69d3d76ab5ed1,,RequestCount,2026-07-08T10:00:00Z,2026-07-08T11:00:00Z,2177924
app/bodegaai-production-alb/31b69d3d76ab5ed1,,RequestCount,2026-07-08T11:00:00Z,2026-07-08T12:00:00Z,2208596
app/bodegaai-production-alb/31b69d3d76ab5ed1,,RequestCount,2026-07-08T12:00:00Z,2026-07-08T13:00:00Z,2235510
app/bodegaai-production-alb/31b69d3d76ab5ed1,,RequestCount,2026-07-08T13:00:00Z,2026-07-08T14:00:00Z,2286243
app/bodegaai-production-alb/31b69d3d76ab5ed1,,RequestCount,2026-07-08T14:00:00Z,2026-07-08T15:00:00Z,2336217
app/bodegaai-production-alb/31b69d3d76ab5ed1,,RequestCount,2026-07-08T15:00:00Z,2026-07-08T16:00:00Z,2332885
app/bodegaai-production-alb/31b69d3d76ab5ed1,,RequestCount,2026-07-08T16:00:00Z,2026-07-08T17:00:00Z,2351137
app/bodegaai-production-alb/31b69d3d76ab5ed1,,RequestCount,2026-07-08T17:00:00Z,2026-07-08T18:00:00Z,2348422
app/bodegaai-production-alb/31b69d3d76ab5ed1,,RequestCount,2026-07-08T18:00:00Z,2026-07-08T19:00:00Z,2326815
app/bodegaai-production-alb/31b69d3d76ab5ed1,,RequestCount,2026-07-08T19:00:00Z,2026-07-08T20:00:00Z,2329355
app/bodegaai-production-alb/31b69d3d76ab5ed1,,RequestCount,2026-07-08T20:00:00Z,2026-07-08T21:00:00Z,2358733
app/bodegaai-production-alb/31b69d3d76ab5ed1,,RequestCount,2026-07-08T21:00:00Z,2026-07-08T22:00:00Z,2350760
app/bodegaai-production-alb/31b69d3d76ab5ed1,,RequestCount,2026-07-08T22:00:00Z,2026-07-08T23:00:00Z,2372244
app/bodegaai-production-alb/31b69d3d76ab5ed1,,RequestCount,2026-07-08T23:00:00Z,2026-07-09T00:00:00Z,2359775
app/bodegaai-production-alb/31b69d3d76ab5ed1,,RequestCount,2026-07-09T00:00:00Z,2026-07-09T01:00:00Z,2277927
app/bodegaai-production-alb/31b69d3d76ab5ed1,,RequestCount,2026-07-09T01:00:00Z,2026-07-09T02:00:00Z,2340166
app/bodegaai-production-alb/31b69d3d76ab5ed1,,RequestCount,2026-07-09T02:00:00Z,2026-07-09T03:00:00Z,2286488
app/bodegaai-production-alb/31b69d3d76ab5ed1,,RequestCount,2026-07-09T03:00:00Z,2026-07-09T04:00:00Z,2249690
app/bodegaai-production-alb/31b69d3d76ab5ed1,,RequestCount,2026-07-09T04:00:00Z,2026-07-09T05:00:00Z,2224100
app/bodegaai-production-alb/31b69d3d76ab5ed1,,RequestCount,2026-07-09T05:00:00Z,2026-07-09T06:00:00Z,2225745
app/bodegaai-production-alb/31b69d3d76ab5ed1,,RequestCount,2026-07-09T06:00:00Z,2026-07-09T07:00:00Z,2224715
app/bodegaai-production-alb/31b69d3d76ab5ed1,,RequestCount,2026-07-09T07:00:00Z,2026-07-09T08:00:00Z,2220302
app/bodegaai-production-alb/31b69d3d76ab5ed1,,RequestCount,2026-07-09T08:00:00Z,2026-07-09T09:00:00Z,2217767
app/bodegaai-production-alb/31b69d3d76ab5ed1,,RequestCount,2026-07-09T09:00:00Z,2026-07-09T10:00:00Z,2220454
app/bodegaai-production-alb/31b69d3d76ab5ed1,,RequestCount,2026-07-09T10:00:00Z,2026-07-09T11:00:00Z,2233475
app/bodegaai-production-alb/31b69d3d76ab5ed1,,RequestCount,2026-07-09T11:00:00Z,2026-07-09T12:00:00Z,2257690
app/bodegaai-production-alb/31b69d3d76ab5ed1,,RequestCount,2026-07-09T12:00:00Z,2026-07-09T13:00:00Z,2287611
app/bodegaai-production-alb/31b69d3d76ab5ed1,,RequestCount,2026-07-09T13:00:00Z,2026-07-09T14:00:00Z,2321195
app/bodegaai-production-alb/31b69d3d76ab5ed1,,RequestCount,2026-07-09T14:00:00Z,2026-07-09T15:00:00Z,2368369
app/bodegaai-production-alb/31b69d3d76ab5ed1,,RequestCount,2026-07-09T15:00:00Z,2026-07-09T16:00:00Z,2378027
app/bodegaai-production-alb/31b69d3d76ab5ed1,,RequestCount,2026-07-09T16:00:00Z,2026-07-09T17:00:00Z,2391352
app/bodegaai-production-alb/31b69d3d76ab5ed1,,RequestCount,2026-07-09T17:00:00Z,2026-07-09T18:00:00Z,2418949
app/bodegaai-production-alb/31b69d3d76ab5ed1,,RequestCount,2026-07-09T18:00:00Z,2026-07-09T19:00:00Z,2420796
app/bodegaai-production-alb/31b69d3d76ab5ed1,,RequestCount,2026-07-09T19:00:00Z,2026-07-09T20:00:00Z,2416256
app/bodegaai-production-alb/31b69d3d76ab5ed1,,RequestCount,2026-07-09T20:00:00Z,2026-07-09T21:00:00Z,2412241
app/bodegaai-production-alb/31b69d3d76ab5ed1,,RequestCount,2026-07-09T21:00:00Z,2026-07-09T22:00:00Z,2417228
app/bodegaai-production-alb/31b69d3d76ab5ed1,,RequestCount,2026-07-09T22:00:00Z,2026-07-09T23:00:00Z,2424706
app/bodegaai-production-alb/31b69d3d76ab5ed1,,RequestCount,2026-07-09T23:00:00Z,2026-07-10T00:00:00Z,2426077
app/bodegaai-production-alb/31b69d3d76ab5ed1,,RequestCount,2026-07-10T00:00:00Z,2026-07-10T01:00:00Z,2416718
app/bodegaai-production-alb/31b69d3d76ab5ed1,,RequestCount,2026-07-10T01:00:00Z,2026-07-10T02:00:00Z,2400299
app/bodegaai-production-alb/31b69d3d76ab5ed1,,RequestCount,2026-07-10T02:00:00Z,2026-07-10T03:00:00Z,2364647
app/bodegaai-production-alb/31b69d3d76ab5ed1,,RequestCount,2026-07-10T03:00:00Z,2026-07-10T04:00:00Z,2327588
app/bodegaai-production-alb/31b69d3d76ab5ed1,,RequestCount,2026-07-10T04:00:00Z,2026-07-10T05:00:00Z,2299565
app/bodegaai-production-alb/31b69d3d76ab5ed1,,RequestCount,2026-07-10T05:00:00Z,2026-07-10T06:00:00Z,2289783
app/bodegaai-production-alb/31b69d3d76ab5ed1,,RequestCount,2026-07-10T06:00:00Z,2026-07-10T07:00:00Z,2289309
app/bodegaai-production-alb/31b69d3d76ab5ed1,,RequestCount,2026-07-10T07:00:00Z,2026-07-10T08:00:00Z,2289775
app/bodegaai-production-alb/31b69d3d76ab5ed1,,RequestCount,2026-07-10T08:00:00Z,2026-07-10T09:00:00Z,2293557
app/bodegaai-production-alb/31b69d3d76ab5ed1,,RequestCount,2026-07-10T09:00:00Z,2026-07-10T10:00:00Z,2295691
app/bodegaai-production-alb/31b69d3d76ab5ed1,,RequestCount,2026-07-10T10:00:00Z,2026-07-10T11:00:00Z,2307008
app/bodegaai-production-alb/31b69d3d76ab5ed1,,RequestCount,2026-07-10T11:00:00Z,2026-07-10T12:00:00Z,2344606
app/bodegaai-production-alb/31b69d3d76ab5ed1,,RequestCount,2026-07-10T12:00:00Z,2026-07-10T13:00:00Z,2370519
app/bodegaai-production-alb/31b69d3d76ab5ed1,,RequestCount,2026-07-10T13:00:00Z,2026-07-10T14:00:00Z,2402532
app/bodegaai-production-alb/31b69d3d76ab5ed1,,RequestCount,2026-07-10T14:00:00Z,2026-07-10T15:00:00Z,2427700
app/bodegaai-production-alb/31b69d3d76ab5ed1,,RequestCount,2026-07-10T15:00:00Z,2026-07-10T16:00:00Z,2366466
app/bodegaai-production-alb/31b69d3d76ab5ed1,,RequestCount,2026-07-10T16:00:00Z,2026-07-10T17:00:00Z,2433683
app/bodegaai-production-alb/31b69d3d76ab5ed1,,RequestCount,2026-07-10T17:00:00Z,2026-07-10T18:00:00Z,2464418
app/bodegaai-production-alb/31b69d3d76ab5ed1,,RequestCount,2026-07-10T18:00:00Z,2026-07-10T19:00:00Z,2432579
app/bodegaai-production-alb/31b69d3d76ab5ed1,,RequestCount,2026-07-10T19:00:00Z,2026-07-10T20:00:00Z,2441295
app/bodegaai-production-alb/31b69d3d76ab5ed1,,RequestCount,2026-07-10T20:00:00Z,2026-07-10T21:00:00Z,2436481
app/bodegaai-production-alb/31b69d3d76ab5ed1,,RequestCount,2026-07-10T21:00:00Z,2026-07-10T22:00:00Z,2439036
app/bodegaai-production-alb/31b69d3d76ab5ed1,,RequestCount,2026-07-10T22:00:00Z,2026-07-10T23:00:00Z,2451920
app/bodegaai-production-alb/31b69d3d76ab5ed1,,RequestCount,2026-07-10T23:00:00Z,2026-07-11T00:00:00Z,2424317
app/bodegaai-production-alb/31b69d3d76ab5ed1,,RequestCount,2026-07-11T00:00:00Z,2026-07-11T01:00:00Z,2408731
app/bodegaai-production-alb/31b69d3d76ab5ed1,,RequestCount,2026-07-11T01:00:00Z,2026-07-11T02:00:00Z,2398110
app/bodegaai-production-alb/31b69d3d76ab5ed1,,RequestCount,2026-07-11T02:00:00Z,2026-07-11T03:00:00Z,2372055
app/bodegaai-production-alb/31b69d3d76ab5ed1,,RequestCount,2026-07-11T03:00:00Z,2026-07-11T04:00:00Z,2339774
app/bodegaai-production-alb/31b69d3d76ab5ed1,,RequestCount,2026-07-11T04:00:00Z,2026-07-11T05:00:00Z,2328094
app/bodegaai-production-alb/31b69d3d76ab5ed1,,RequestCount,2026-07-11T05:00:00Z,2026-07-11T06:00:00Z,2316411
app/bodegaai-production-alb/31b69d3d76ab5ed1,,RequestCount,2026-07-11T06:00:00Z,2026-07-11T07:00:00Z,2306106
app/bodegaai-production-alb/31b69d3d76ab5ed1,,RequestCount,2026-07-11T07:00:00Z,2026-07-11T08:00:00Z,2296706
app/bodegaai-production-alb/31b69d3d76ab5ed1,,RequestCount,2026-07-11T08:00:00Z,2026-07-11T09:00:00Z,2222180
app/bodegaai-production-alb/31b69d3d76ab5ed1,,RequestCount,2026-07-11T09:00:00Z,2026-07-11T10:00:00Z,2303108
app/bodegaai-production-alb/31b69d3d76ab5ed1,,RequestCount,2026-07-11T10:00:00Z,2026-07-11T11:00:00Z,2314942
app/bodegaai-production-alb/31b69d3d76ab5ed1,,RequestCount,2026-07-11T11:00:00Z,2026-07-11T12:00:00Z,2341347
app/bodegaai-production-alb/31b69d3d76ab5ed1,,RequestCount,2026-07-11T12:00:00Z,2026-07-11T13:00:00Z,2414107
app/bodegaai-production-alb/31b69d3d76ab5ed1,,RequestCount,2026-07-11T13:00:00Z,2026-07-11T14:00:00Z,2448239
app/bodegaai-production-alb/31b69d3d76ab5ed1,,RequestCount,2026-07-11T14:00:00Z,2026-07-11T15:00:00Z,2484863
app/bodegaai-production-alb/31b69d3d76ab5ed1,,RequestCount,2026-07-11T15:00:00Z,2026-07-11T16:00:00Z,2517358
app/bodegaai-production-alb/31b69d3d76ab5ed1,,RequestCount,2026-07-11T16:00:00Z,2026-07-11T17:00:00Z,2517373
app/bodegaai-production-alb/31b69d3d76ab5ed1,,RequestCount,2026-07-11T17:00:00Z,2026-07-11T18:00:00Z,2525727
app/bodegaai-production-alb/31b69d3d76ab5ed1,,RequestCount,2026-07-11T18:00:00Z,2026-07-11T19:00:00Z,2527354
app/bodegaai-production-alb/31b69d3d76ab5ed1,,RequestCount,2026-07-11T19:00:00Z,2026-07-11T20:00:00Z,2535564
app/bodegaai-production-alb/31b69d3d76ab5ed1,,RequestCount,2026-07-11T20:00:00Z,2026-07-11T21:00:00Z,2536631
app/bodegaai-production-alb/31b69d3d76ab5ed1,,RequestCount,2026-07-11T21:00:00Z,2026-07-11T22:00:00Z,2521745
app/bodegaai-production-alb/31b69d3d76ab5ed1,,RequestCount,2026-07-11T22:00:00Z,2026-07-11T23:00:00Z,2516350
app/bodegaai-production-alb/31b69d3d76ab5ed1,,RequestCount,2026-07-11T23:00:00Z,2026-07-12T00:00:00Z,2504153
app/bodegaai-production-alb/31b69d3d76ab5ed1,,RequestCount,2026-07-12T00:00:00Z,2026-07-12T01:00:00Z,2505428
app/bodegaai-production-alb/31b69d3d76ab5ed1,,RequestCount,2026-07-12T01:00:00Z,2026-07-12T02:00:00Z,2488049
app/bodegaai-production-alb/31b69d3d76ab5ed1,,RequestCount,2026-07-12T02:00:00Z,2026-07-12T03:00:00Z,2430049
app/bodegaai-production-alb/31b69d3d76ab5ed1,,RequestCount,2026-07-12T03:00:00Z,2026-07-12T04:00:00Z,2363826
app/bodegaai-production-alb/31b69d3d76ab5ed1,,RequestCount,2026-07-12T04:00:00Z,2026-07-12T05:00:00Z,2365251
app/bodegaai-production-alb/31b69d3d76ab5ed1,,RequestCount,2026-07-12T05:00:00Z,2026-07-12T06:00:00Z,2366018
app/bodegaai-production-alb/31b69d3d76ab5ed1,,RequestCount,2026-07-12T06:00:00Z,2026-07-12T07:00:00Z,2354677
app/bodegaai-production-alb/31b69d3d76ab5ed1,,RequestCount,2026-07-12T07:00:00Z,2026-07-12T08:00:00Z,2348454
app/bodegaai-production-alb/31b69d3d76ab5ed1,,RequestCount,2026-07-12T08:00:00Z,2026-07-12T09:00:00Z,2355052
app/bodegaai-production-alb/31b69d3d76ab5ed1,,RequestCount,2026-07-12T09:00:00Z,2026-07-12T10:00:00Z,2358657
app/bodegaai-production-alb/31b69d3d76ab5ed1,,RequestCount,2026-07-12T10:00:00Z,2026-07-12T11:00:00Z,2360483
app/bodegaai-production-alb/31b69d3d76ab5ed1,,RequestCount,2026-07-12T11:00:00Z,2026-07-12T12:00:00Z,2378412
app/bodegaai-production-alb/31b69d3d76ab5ed1,,RequestCount,2026-07-12T12:00:00Z,2026-07-12T13:00:00Z,2419311
app/bodegaai-production-alb/31b69d3d76ab5ed1,,RequestCount,2026-07-12T13:00:00Z,2026-07-12T14:00:00Z,2455215
app/bodegaai-production-alb/31b69d3d76ab5ed1,,RequestCount,2026-07-12T14:00:00Z,2026-07-12T15:00:00Z,2486151
app/bodegaai-production-alb/31b69d3d76ab5ed1,,RequestCount,2026-07-12T15:00:00Z,2026-07-12T16:00:00Z,2497784
app/bodegaai-production-alb/31b69d3d76ab5ed1,,RequestCount,2026-07-12T16:00:00Z,2026-07-12T17:00:00Z,2513549
app/bodegaai-production-alb/31b69d3d76ab5ed1,,RequestCount,2026-07-12T17:00:00Z,2026-07-12T18:00:00Z,2517664
app/bodegaai-production-alb/31b69d3d76ab5ed1,,RequestCount,2026-07-12T18:00:00Z,2026-07-12T19:00:00Z,2513598
app/bodegaai-production-alb/31b69d3d76ab5ed1,,RequestCount,2026-07-12T19:00:00Z,2026-07-12T20:00:00Z,2502116
app/bodegaai-production-alb/31b69d3d76ab5ed1,,RequestCount,2026-07-12T20:00:00Z,2026-07-12T21:00:00Z,2502913
app/bodegaai-production-alb/31b69d3d76ab5ed1,,RequestCount,2026-07-12T21:00:00Z,2026-07-12T22:00:00Z,2503926
app/bodegaai-production-alb/31b69d3d76ab5ed1,,RequestCount,2026-07-12T22:00:00Z,2026-07-12T23:00:00Z,2497330
app/bodegaai-production-alb/31b69d3d76ab5ed1,,RequestCount,2026-07-12T23:00:00Z,2026-07-13T00:00:00Z,2475572
app/bodegaai-production-alb/31b69d3d76ab5ed1,,RequestCount,2026-07-13T00:00:00Z,2026-07-13T01:00:00Z,2454933
app/bodegaai-production-alb/31b69d3d76ab5ed1,,RequestCount,2026-07-13T01:00:00Z,2026-07-13T02:00:00Z,2440680
app/bodegaai-production-alb/31b69d3d76ab5ed1,,RequestCount,2026-07-13T02:00:00Z,2026-07-13T03:00:00Z,2380036
app/bodegaai-production-alb/31b69d3d76ab5ed1,,RequestCount,2026-07-13T03:00:00Z,2026-07-13T04:00:00Z,2335760
app/bodegaai-production-alb/31b69d3d76ab5ed1,,RequestCount,2026-07-13T04:00:00Z,2026-07-13T05:00:00Z,2307919
app/bodegaai-production-alb/31b69d3d76ab5ed1,,RequestCount,2026-07-13T05:00:00Z,2026-07-13T06:00:00Z,2302177
app/bodegaai-production-alb/31b69d3d76ab5ed1,,RequestCount,2026-07-13T06:00:00Z,2026-07-13T07:00:00Z,2306850
app/bodegaai-production-alb/31b69d3d76ab5ed1,,RequestCount,2026-07-13T07:00:00Z,2026-07-13T08:00:00Z,2299824
app/bodegaai-production-alb/31b69d3d76ab5ed1,,RequestCount,2026-07-13T08:00:00Z,2026-07-13T09:00:00Z,2309295
app/bodegaai-production-alb/31b69d3d76ab5ed1,,RequestCount,2026-07-13T09:00:00Z,2026-07-13T10:00:00Z,2308413
app/bodegaai-production-alb/31b69d3d76ab5ed1,,RequestCount,2026-07-13T10:00:00Z,2026-07-13T11:00:00Z,2337215
app/bodegaai-production-alb/31b69d3d76ab5ed1,,RequestCount,2026-07-13T11:00:00Z,2026-07-13T12:00:00Z,2366589
app/bodegaai-production-alb/31b69d3d76ab5ed1,,RequestCount,2026-07-13T12:00:00Z,2026-07-13T13:00:00Z,2412097
app/bodegaai-production-alb/31b69d3d76ab5ed1,,RequestCount,2026-07-13T13:00:00Z,2026-07-13T14:00:00Z,2425075
app/bodegaai-production-alb/31b69d3d76ab5ed1,,RequestCount,2026-07-13T14:00:00Z,2026-07-13T15:00:00Z,2454796
app/bodegaai-production-alb/31b69d3d76ab5ed1,,RequestCount,2026-07-13T15:00:00Z,2026-07-13T16:00:00Z,2449334
app/bodegaai-production-alb/31b69d3d76ab5ed1,,RequestCount,2026-07-13T16:00:00Z,2026-07-13T17:00:00Z,2475966
app/bodegaai-production-alb/31b69d3d76ab5ed1,,RequestCount,2026-07-13T17:00:00Z,2026-07-13T18:00:00Z,2434928
app/bodegaai-production-alb/31b69d3d76ab5ed1,,RequestCount,2026-07-13T18:00:00Z,2026-07-13T19:00:00Z,2433512
app/bodegaai-production-alb/31b69d3d76ab5ed1,,RequestCount,2026-07-13T19:00:00Z,2026-07-13T20:00:00Z,2426239
app/bodegaai-production-alb/31b69d3d76ab5ed1,,RequestCount,2026-07-13T20:00:00Z,2026-07-13T21:00:00Z,2429679
app/bodegaai-production-alb/31b69d3d76ab5ed1,,RequestCount,2026-07-13T21:00:00Z,2026-07-13T22:00:00Z,2423727
app/bodegaai-production-alb/31b69d3d76ab5ed1,,RequestCount,2026-07-13T22:00:00Z,2026-07-13T23:00:00Z,2424772
app/bodegaai-production-alb/31b69d3d76ab5ed1,,RequestCount,2026-07-13T23:00:00Z,2026-07-14T00:00:00Z,2417440
app/bodegaai-production-alb/31b69d3d76ab5ed1,,RequestCount,2026-07-14T00:00:00Z,2026-07-14T01:00:00Z,2393374
app/bodegaai-production-alb/31b69d3d76ab5ed1,,RequestCount,2026-07-14T01:00:00Z,2026-07-14T02:00:00Z,2385515
app/bodegaai-production-alb/31b69d3d76ab5ed1,,RequestCount,2026-07-14T02:00:00Z,2026-07-14T03:00:00Z,2344068
app/bodegaai-production-alb/31b69d3d76ab5ed1,,RequestCount,2026-07-14T03:00:00Z,2026-07-14T04:00:00Z,2308896
app/bodegaai-production-alb/31b69d3d76ab5ed1,,RequestCount,2026-07-14T04:00:00Z,2026-07-14T05:00:00Z,2274242
app/bodegaai-production-alb/31b69d3d76ab5ed1,,RequestCount,2026-07-14T05:00:00Z,2026-07-14T06:00:00Z,2262987
app/bodegaai-production-alb/31b69d3d76ab5ed1,,RequestCount,2026-07-14T06:00:00Z,2026-07-14T07:00:00Z,2263816
app/bodegaai-production-alb/31b69d3d76ab5ed1,,RequestCount,2026-07-14T07:00:00Z,2026-07-14T08:00:00Z,2256651
app/bodegaai-production-alb/31b69d3d76ab5ed1,,RequestCount,2026-07-14T08:00:00Z,2026-07-14T09:00:00Z,2269370
app/bodegaai-production-alb/31b69d3d76ab5ed1,,RequestCount,2026-07-14T09:00:00Z,2026-07-14T10:00:00Z,2275556
app/bodegaai-production-alb/31b69d3d76ab5ed1,,RequestCount,2026-07-14T10:00:00Z,2026-07-14T11:00:00Z,2284948
app/bodegaai-production-alb/31b69d3d76ab5ed1,,RequestCount,2026-07-14T11:00:00Z,2026-07-14T12:00:00Z,2310194
app/bodegaai-production-alb/31b69d3d76ab5ed1,,RequestCount,2026-07-14T12:00:00Z,2026-07-14T13:00:00Z,2334018
app/bodegaai-production-alb/31b69d3d76ab5ed1,,RequestCount,2026-07-14T13:00:00Z,2026-07-14T14:00:00Z,2359781
app/bodegaai-production-alb/31b69d3d76ab5ed1,,RequestCount,2026-07-14T14:00:00Z,2026-07-14T15:00:00Z,2404563
app/bodegaai-production-alb/31b69d3d76ab5ed1,,RequestCount,2026-07-14T15:00:00Z,2026-07-14T16:00:00Z,2406942
app/bodegaai-production-alb/31b69d3d76ab5ed1,,RequestCount,2026-07-14T16:00:00Z,2026-07-14T17:00:00Z,2421814
app/bodegaai-production-alb/31b69d3d76ab5ed1,,RequestCount,2026-07-14T17:00:00Z,2026-07-14T18:00:00Z,2420910
app/bodegaai-production-alb/31b69d3d76ab5ed1,,RequestCount,2026-07-14T18:00:00Z,2026-07-14T19:00:00Z,2406298
app/bodegaai-production-alb/31b69d3d76ab5ed1,,RequestCount,2026-07-14T19:00:00Z,2026-07-14T20:00:00Z,2414623
app/bodegaai-production-alb/31b69d3d76ab5ed1,,RequestCount,2026-07-14T20:00:00Z,2026-07-14T21:00:00Z,2409343
app/bodegaai-production-alb/31b69d3d76ab5ed1,,RequestCount,2026-07-14T21:00:00Z,2026-07-14T22:00:00Z,2428575
app/bodegaai-production-alb/31b69d3d76ab5ed1,,RequestCount,2026-07-14T22:00:00Z,2026-07-14T23:00:00Z,2426720
app/bodegaai-production-alb/31b69d3d76ab5ed1,,RequestCount,2026-07-14T23:00:00Z,2026-07-15T00:00:00Z,2428442
app/bodegaai-production-alb/31b69d3d76ab5ed1,,RequestCount,2026-07-15T00:00:00Z,2026-07-15T01:00:00Z,2410596
app/bodegaai-production-alb/31b69d3d76ab5ed1,,RequestCount,2026-07-15T01:00:00Z,2026-07-15T02:00:00Z,2395971
app/bodegaai-production-alb/31b69d3d76ab5ed1,,RequestCount,2026-07-15T02:00:00Z,2026-07-15T03:00:00Z,2350145
app/bodegaai-production-alb/31b69d3d76ab5ed1,,RequestCount,2026-07-15T03:00:00Z,2026-07-15T04:00:00Z,2316960
app/bodegaai-production-alb/31b69d3d76ab5ed1,,RequestCount,2026-07-15T04:00:00Z,2026-07-15T05:00:00Z,2281385
app/bodegaai-production-alb/31b69d3d76ab5ed1,,RequestCount,2026-07-15T05:00:00Z,2026-07-15T06:00:00Z,2273327
app/bodegaai-production-alb/31b69d3d76ab5ed1,,RequestCount,2026-07-15T06:00:00Z,2026-07-15T07:00:00Z,2266926
app/bodegaai-production-alb/31b69d3d76ab5ed1,,RequestCount,2026-07-15T07:00:00Z,2026-07-15T08:00:00Z,2262569
app/bodegaai-production-alb/31b69d3d76ab5ed1,,RequestCount,2026-07-15T08:00:00Z,2026-07-15T09:00:00Z,2264075
app/bodegaai-production-alb/31b69d3d76ab5ed1,,RequestCount,2026-07-15T09:00:00Z,2026-07-15T10:00:00Z,2272149
app/bodegaai-production-alb/31b69d3d76ab5ed1,,RequestCount,2026-07-15T10:00:00Z,2026-07-15T11:00:00Z,2290216
app/bodegaai-production-alb/31b69d3d76ab5ed1,,RequestCount,2026-07-15T11:00:00Z,2026-07-15T12:00:00Z,2320374
app/bodegaai-production-alb/31b69d3d76ab5ed1,,RequestCount,2026-07-15T12:00:00Z,2026-07-15T13:00:00Z,2353868
app/bodegaai-production-alb/31b69d3d76ab5ed1,,RequestCount,2026-07-15T13:00:00Z,2026-07-15T14:00:00Z,2399837
app/bodegaai-production-alb/31b69d3d76ab5ed1,,RequestCount,2026-07-15T14:00:00Z,2026-07-15T15:00:00Z,2414863
app/bodegaai-production-alb/31b69d3d76ab5ed1,,RequestCount,2026-07-15T15:00:00Z,2026-07-15T16:00:00Z,2421378
app/bodegaai-production-alb/31b69d3d76ab5ed1,,RequestCount,2026-07-15T16:00:00Z,2026-07-15T17:00:00Z,2416879
app/bodegaai-production-alb/31b69d3d76ab5ed1,,RequestCount,2026-07-15T17:00:00Z,2026-07-15T18:00:00Z,2420036
app/bodegaai-production-alb/31b69d3d76ab5ed1,,RequestCount,2026-07-15T18:00:00Z,2026-07-15T19:00:00Z,2438488
app/bodegaai-production-alb/31b69d3d76ab5ed1,,RequestCount,2026-07-15T19:00:00Z,2026-07-15T20:00:00Z,2444591
app/bodegaai-production-alb/31b69d3d76ab5ed1,,RequestCount,2026-07-15T20:00:00Z,2026-07-15T21:00:00Z,2432241
app/bodegaai-production-alb/31b69d3d76ab5ed1,,RequestCount,2026-07-15T21:00:00Z,2026-07-15T22:00:00Z,2404508
app/bodegaai-production-alb/31b69d3d76ab5ed1,,RequestCount,2026-07-15T22:00:00Z,2026-07-15T23:00:00Z,2252557
app/bodegaai-production-alb/31b69d3d76ab5ed1,,RequestCount,2026-07-15T23:00:00Z,2026-07-16T00:00:00Z,2219270
app/bodegaai-production-alb/31b69d3d76ab5ed1,,RequestCount,2026-07-16T00:00:00Z,2026-07-16T01:00:00Z,2182083
app/bodegaai-production-alb/31b69d3d76ab5ed1,,RequestCount,2026-07-16T01:00:00Z,2026-07-16T02:00:00Z,2153776
app/bodegaai-production-alb/31b69d3d76ab5ed1,,RequestCount,2026-07-16T02:00:00Z,2026-07-16T03:00:00Z,2107458
app/bodegaai-production-alb/31b69d3d76ab5ed1,,RequestCount,2026-07-16T03:00:00Z,2026-07-16T04:00:00Z,2066846
app/bodegaai-production-alb/31b69d3d76ab5ed1,,RequestCount,2026-07-16T04:00:00Z,2026-07-16T05:00:00Z,2031120
app/bodegaai-production-alb/31b69d3d76ab5ed1,,RequestCount,2026-07-16T05:00:00Z,2026-07-16T06:00:00Z,2022017
app/bodegaai-production-alb/31b69d3d76ab5ed1,,RequestCount,2026-07-16T06:00:00Z,2026-07-16T07:00:00Z,2017103
app/bodegaai-production-alb/31b69d3d76ab5ed1,,RequestCount,2026-07-16T07:00:00Z,2026-07-16T08:00:00Z,2013337
app/bodegaai-production-alb/31b69d3d76ab5ed1,,RequestCount,2026-07-16T08:00:00Z,2026-07-16T09:00:00Z,2017588
app/bodegaai-production-alb/31b69d3d76ab5ed1,,RequestCount,2026-07-16T09:00:00Z,2026-07-16T10:00:00Z,2015305
app/bodegaai-production-alb/31b69d3d76ab5ed1,,RequestCount,2026-07-16T10:00:00Z,2026-07-16T11:00:00Z,2033941
app/bodegaai-production-alb/31b69d3d76ab5ed1,,RequestCount,2026-07-16T11:00:00Z,2026-07-16T12:00:00Z,2067417
app/bodegaai-production-alb/31b69d3d76ab5ed1,,RequestCount,2026-07-16T12:00:00Z,2026-07-16T13:00:00Z,2099388
app/bodegaai-production-alb/31b69d3d76ab5ed1,,RequestCount,2026-07-16T13:00:00Z,2026-07-16T14:00:00Z,2135065
app/bodegaai-production-alb/31b69d3d76ab5ed1,,RequestCount,2026-07-16T14:00:00Z,2026-07-16T15:00:00Z,2172405
app/bodegaai-production-alb/31b69d3d76ab5ed1,,RequestCount,2026-07-16T15:00:00Z,2026-07-16T16:00:00Z,2169272
app/bodegaai-production-alb/31b69d3d76ab5ed1,,RequestCount,2026-07-16T16:00:00Z,2026-07-16T17:00:00Z,2177260
app/bodegaai-production-alb/31b69d3d76ab5ed1,,RequestCount,2026-07-16T17:00:00Z,2026-07-16T18:00:00Z,2173612
app/bodegaai-production-alb/31b69d3d76ab5ed1,,RequestCount,2026-07-16T18:00:00Z,2026-07-16T19:00:00Z,2202799
app/bodegaai-production-alb/31b69d3d76ab5ed1,,RequestCount,2026-07-16T19:00:00Z,2026-07-16T20:00:00Z,2174779
app/bodegaai-production-alb/31b69d3d76ab5ed1,,RequestCount,2026-07-16T20:00:00Z,2026-07-16T21:00:00Z,2157027
app/bodegaai-production-alb/31b69d3d76ab5ed1,,RequestCount,2026-07-16T21:00:00Z,2026-07-16T22:00:00Z,2158510
app/bodegaai-production-alb/31b69d3d76ab5ed1,,RequestCount,2026-07-16T22:00:00Z,2026-07-16T23:00:00Z,2158842
app/bodegaai-production-alb/31b69d3d76ab5ed1,,RequestCount,2026-07-16T23:00:00Z,2026-07-17T00:00:00Z,2138537
app/bodegaai-production-alb/31b69d3d76ab5ed1,,RequestCount,2026-07-17T00:00:00Z,2026-07-17T01:00:00Z,2135068
app/bodegaai-production-alb/31b69d3d76ab5ed1,,RequestCount,2026-07-17T01:00:00Z,2026-07-17T02:00:00Z,2118232
app/bodegaai-production-alb/31b69d3d76ab5ed1,,RequestCount,2026-07-17T02:00:00Z,2026-07-17T03:00:00Z,2079496
app/bodegaai-production-alb/31b69d3d76ab5ed1,,RequestCount,2026-07-17T03:00:00Z,2026-07-17T04:00:00Z,2030507
app/bodegaai-production-alb/31b69d3d76ab5ed1,,RequestCount,2026-07-17T04:00:00Z,2026-07-17T05:00:00Z,1986725
app/bodegaai-production-alb/31b69d3d76ab5ed1,,RequestCount,2026-07-17T05:00:00Z,2026-07-17T06:00:00Z,1975734
app/bodegaai-production-alb/31b69d3d76ab5ed1,,RequestCount,2026-07-17T06:00:00Z,2026-07-17T07:00:00Z,1969252
app/bodegaai-production-alb/31b69d3d76ab5ed1,,RequestCount,2026-07-17T07:00:00Z,2026-07-17T08:00:00Z,1964031
app/bodegaai-production-alb/31b69d3d76ab5ed1,,RequestCount,2026-07-17T08:00:00Z,2026-07-17T09:00:00Z,1966441
app/bodegaai-production-alb/31b69d3d76ab5ed1,,RequestCount,2026-07-17T09:00:00Z,2026-07-17T10:00:00Z,1972134
app/bodegaai-production-alb/31b69d3d76ab5ed1,,RequestCount,2026-07-17T10:00:00Z,2026-07-17T11:00:00Z,1989510
app/bodegaai-production-alb/31b69d3d76ab5ed1,,RequestCount,2026-07-17T11:00:00Z,2026-07-17T12:00:00Z,2029908
app/bodegaai-production-alb/31b69d3d76ab5ed1,,RequestCount,2026-07-17T12:00:00Z,2026-07-17T13:00:00Z,2063566
app/bodegaai-production-alb/31b69d3d76ab5ed1,,RequestCount,2026-07-17T13:00:00Z,2026-07-17T14:00:00Z,2082652
app/bodegaai-production-alb/31b69d3d76ab5ed1,,RequestCount,2026-07-17T14:00:00Z,2026-07-17T15:00:00Z,2115731
app/bodegaai-production-alb/31b69d3d76ab5ed1,,RequestCount,2026-07-17T15:00:00Z,2026-07-17T16:00:00Z,2119626
app/bodegaai-production-alb/31b69d3d76ab5ed1,,RequestCount,2026-07-17T16:00:00Z,2026-07-17T17:00:00Z,2130549
app/bodegaai-production-alb/31b69d3d76ab5ed1,,RequestCount,2026-07-17T17:00:00Z,2026-07-17T18:00:00Z,2112832
app/bodegaai-production-alb/31b69d3d76ab5ed1,,RequestCount,2026-07-17T18:00:00Z,2026-07-17T19:00:00Z,2098280
app/bodegaai-production-alb/31b69d3d76ab5ed1,,RequestCount,2026-07-17T19:00:00Z,2026-07-17T20:00:00Z,2135403
app/bodegaai-production-alb/31b69d3d76ab5ed1,,RequestCount,2026-07-17T20:00:00Z,2026-07-17T21:00:00Z,2153727
app/bodegaai-production-alb/31b69d3d76ab5ed1,,RequestCount,2026-07-17T21:00:00Z,2026-07-17T22:00:00Z,2151195
app/bodegaai-production-alb/31b69d3d76ab5ed1,,RequestCount,2026-07-17T22:00:00Z,2026-07-17T23:00:00Z,2148345
app/bodegaai-production-alb/31b69d3d76ab5ed1,,RequestCount,2026-07-17T23:00:00Z,2026-07-18T00:00:00Z,2131039
app/bodegaai-production-alb/31b69d3d76ab5ed1,,RequestCount,2026-07-18T00:00:00Z,2026-07-18T01:00:00Z,2129065
app/bodegaai-production-alb/31b69d3d76ab5ed1,,RequestCount,2026-07-18T01:00:00Z,2026-07-18T02:00:00Z,2123869
app/bodegaai-production-alb/31b69d3d76ab5ed1,,RequestCount,2026-07-18T02:00:00Z,2026-07-18T03:00:00Z,2084228
app/bodegaai-production-alb/31b69d3d76ab5ed1,,RequestCount,2026-07-18T03:00:00Z,2026-07-18T04:00:00Z,2035241
app/bodegaai-production-alb/31b69d3d76ab5ed1,,RequestCount,2026-07-18T04:00:00Z,2026-07-18T05:00:00Z,2009927
app/bodegaai-production-alb/31b69d3d76ab5ed1,,RequestCount,2026-07-18T05:00:00Z,2026-07-18T06:00:00Z,2002021
app/bodegaai-production-alb/31b69d3d76ab5ed1,,RequestCount,2026-07-18T06:00:00Z,2026-07-18T07:00:00Z,1988345
app/bodegaai-production-alb/31b69d3d76ab5ed1,,RequestCount,2026-07-18T07:00:00Z,2026-07-18T08:00:00Z,1975624
app/bodegaai-production-alb/31b69d3d76ab5ed1,,RequestCount,2026-07-18T08:00:00Z,2026-07-18T09:00:00Z,1979415
app/bodegaai-production-alb/31b69d3d76ab5ed1,,RequestCount,2026-07-18T09:00:00Z,2026-07-18T10:00:00Z,1981588
app/bodegaai-production-alb/31b69d3d76ab5ed1,,RequestCount,2026-07-18T10:00:00Z,2026-07-18T11:00:00Z,1989310
app/bodegaai-production-alb/31b69d3d76ab5ed1,,RequestCount,2026-07-18T11:00:00Z,2026-07-18T12:00:00Z,2015356
app/bodegaai-production-alb/31b69d3d76ab5ed1,,RequestCount,2026-07-18T12:00:00Z,2026-07-18T13:00:00Z,2047554
app/bodegaai-production-alb/31b69d3d76ab5ed1,,RequestCount,2026-07-18T13:00:00Z,2026-07-18T14:00:00Z,2088359
app/bodegaai-production-alb/31b69d3d76ab5ed1,,RequestCount,2026-07-18T14:00:00Z,2026-07-18T15:00:00Z,2121770
app/bodegaai-production-alb/31b69d3d76ab5ed1,,RequestCount,2026-07-18T15:00:00Z,2026-07-18T16:00:00Z,2131556
app/bodegaai-production-alb/31b69d3d76ab5ed1,,RequestCount,2026-07-18T16:00:00Z,2026-07-18T17:00:00Z,2134469
app/bodegaai-production-alb/31b69d3d76ab5ed1,,RequestCount,2026-07-18T17:00:00Z,2026-07-18T18:00:00Z,2131642
app/bodegaai-production-alb/31b69d3d76ab5ed1,,RequestCount,2026-07-18T18:00:00Z,2026-07-18T19:00:00Z,2133855
app/bodegaai-production-alb/31b69d3d76ab5ed1,,RequestCount,2026-07-18T19:00:00Z,2026-07-18T20:00:00Z,2127752
app/bodegaai-production-alb/31b69d3d76ab5ed1,,RequestCount,2026-07-18T20:00:00Z,2026-07-18T21:00:00Z,2129451
app/bodegaai-production-alb/31b69d3d76ab5ed1,,RequestCount,2026-07-18T21:00:00Z,2026-07-18T22:00:00Z,2105673
app/bodegaai-production-alb/31b69d3d76ab5ed1,,RequestCount,2026-07-18T22:00:00Z,2026-07-18T23:00:00Z,2112752
app/bodegaai-production-alb/31b69d3d76ab5ed1,,RequestCount,2026-07-18T23:00:00Z,2026-07-19T00:00:00Z,2086225
app/bodegaai-production-alb/31b69d3d76ab5ed1,,RequestCount,2026-07-19T00:00:00Z,2026-07-19T01:00:00Z,2068941
app/bodegaai-production-alb/31b69d3d76ab5ed1,,RequestCount,2026-07-19T01:00:00Z,2026-07-19T02:00:00Z,2071279
app/bodegaai-production-alb/31b69d3d76ab5ed1,,RequestCount,2026-07-19T02:00:00Z,2026-07-19T03:00:00Z,2040176
app/bodegaai-production-alb/31b69d3d76ab5ed1,,RequestCount,2026-07-19T03:00:00Z,2026-07-19T04:00:00Z,2003521
app/bodegaai-production-alb/31b69d3d76ab5ed1,,RequestCount,2026-07-19T04:00:00Z,2026-07-19T05:00:00Z,1971333
app/bodegaai-production-alb/31b69d3d76ab5ed1,,RequestCount,2026-07-19T05:00:00Z,2026-07-19T06:00:00Z,1951495
app/bodegaai-production-alb/31b69d3d76ab5ed1,,RequestCount,2026-07-19T06:00:00Z,2026-07-19T07:00:00Z,1942501
app/bodegaai-production-alb/31b69d3d76ab5ed1,,RequestCount,2026-07-19T07:00:00Z,2026-07-19T08:00:00Z,1937336
app/bodegaai-production-alb/31b69d3d76ab5ed1,,RequestCount,2026-07-19T08:00:00Z,2026-07-19T09:00:00Z,1944605
app/bodegaai-production-alb/31b69d3d76ab5ed1,,RequestCount,2026-07-19T09:00:00Z,2026-07-19T10:00:00Z,1946192
app/bodegaai-production-alb/31b69d3d76ab5ed1,,RequestCount,2026-07-19T10:00:00Z,2026-07-19T11:00:00Z,1954321
app/bodegaai-production-alb/31b69d3d76ab5ed1,,RequestCount,2026-07-19T11:00:00Z,2026-07-19T12:00:00Z,1980693
app/bodegaai-production-alb/31b69d3d76ab5ed1,,RequestCount,2026-07-19T12:00:00Z,2026-07-19T13:00:00Z,2015099
app/bodegaai-production-alb/31b69d3d76ab5ed1,,RequestCount,2026-07-19T13:00:00Z,2026-07-19T14:00:00Z,2038058
app/bodegaai-production-alb/31b69d3d76ab5ed1,,RequestCount,2026-07-19T14:00:00Z,2026-07-19T15:00:00Z,2077094
app/bodegaai-production-alb/31b69d3d76ab5ed1,,RequestCount,2026-07-19T15:00:00Z,2026-07-19T16:00:00Z,2089551
app/bodegaai-production-alb/31b69d3d76ab5ed1,,RequestCount,2026-07-19T16:00:00Z,2026-07-19T17:00:00Z,2103601
app/bodegaai-production-alb/31b69d3d76ab5ed1,,RequestCount,2026-07-19T17:00:00Z,2026-07-19T18:00:00Z,2106332
app/bodegaai-production-alb/31b69d3d76ab5ed1,,RequestCount,2026-07-19T18:00:00Z,2026-07-19T19:00:00Z,2090472
app/bodegaai-production-alb/31b69d3d76ab5ed1,,RequestCount,2026-07-19T19:00:00Z,2026-07-19T20:00:00Z,2079254
app/bodegaai-production-alb/31b69d3d76ab5ed1,,RequestCount,2026-07-19T20:00:00Z,2026-07-19T21:00:00Z,2075283
app/bodegaai-production-alb/31b69d3d76ab5ed1,,RequestCount,2026-07-19T21:00:00Z,2026-07-19T22:00:00Z,2067827
app/bodegaai-production-alb/31b69d3d76ab5ed1,,RequestCount,2026-07-19T22:00:00Z,2026-07-19T23:00:00Z,2075915
app/bodegaai-production-alb/31b69d3d76ab5ed1,,RequestCount,2026-07-19T23:00:00Z,2026-07-20T00:00:00Z,2081451
app/bodegaai-production-alb/31b69d3d76ab5ed1,,RequestCount,2026-07-20T00:00:00Z,2026-07-20T01:00:00Z,2051536
app/bodegaai-production-alb/31b69d3d76ab5ed1,,RequestCount,2026-07-20T01:00:00Z,2026-07-20T02:00:00Z,2027195
app/bodegaai-production-alb/31b69d3d76ab5ed1,,RequestCount,2026-07-20T02:00:00Z,2026-07-20T03:00:00Z,2004902
app/bodegaai-production-alb/31b69d3d76ab5ed1,,RequestCount,2026-07-20T03:00:00Z,2026-07-20T04:00:00Z,1952191
app/bodegaai-production-alb/31b69d3d76ab5ed1,,RequestCount,2026-07-20T04:00:00Z,2026-07-20T05:00:00Z,1925664
app/bodegaai-production-alb/31b69d3d76ab5ed1,,RequestCount,2026-07-20T05:00:00Z,2026-07-20T06:00:00Z,1926880
app/bodegaai-production-alb/31b69d3d76ab5ed1,,RequestCount,2026-07-20T06:00:00Z,2026-07-20T07:00:00Z,1919581
app/bodegaai-production-alb/31b69d3d76ab5ed1,,RequestCount,2026-07-20T07:00:00Z,2026-07-20T08:00:00Z,1914719
app/bodegaai-production-alb/31b69d3d76ab5ed1,,RequestCount,2026-07-20T08:00:00Z,2026-07-20T09:00:00Z,1924458
app/bodegaai-production-alb/31b69d3d76ab5ed1,,RequestCount,2026-07-20T09:00:00Z,2026-07-20T10:00:00Z,1922943
app/bodegaai-production-alb/31b69d3d76ab5ed1,,RequestCount,2026-07-20T10:00:00Z,2026-07-20T11:00:00Z,1941711
app/bodegaai-production-alb/31b69d3d76ab5ed1,,RequestCount,2026-07-20T11:00:00Z,2026-07-20T12:00:00Z,1972529
app/bodegaai-production-alb/31b69d3d76ab5ed1,,RequestCount,2026-07-20T12:00:00Z,2026-07-20T13:00:00Z,2006905
app/bodegaai-production-alb/31b69d3d76ab5ed1,,RequestCount,2026-07-20T13:00:00Z,2026-07-20T14:00:00Z,2039600
app/bodegaai-production-alb/31b69d3d76ab5ed1,,RequestCount,2026-07-20T14:00:00Z,2026-07-20T15:00:00Z,2050728
app/bodegaai-production-alb/31b69d3d76ab5ed1,,RequestCount,2026-07-20T15:00:00Z,2026-07-20T16:00:00Z,2056340
app/bodegaai-production-alb/31b69d3d76ab5ed1,,RequestCount,2026-07-20T16:00:00Z,2026-07-20T17:00:00Z,2083927
app/bodegaai-production-alb/31b69d3d76ab5ed1,,RequestCount,2026-07-20T17:00:00Z,2026-07-20T18:00:00Z,2111079
app/bodegaai-production-alb/31b69d3d76ab5ed1,,RequestCount,2026-07-20T18:00:00Z,2026-07-20T19:00:00Z,2103565
app/bodegaai-production-alb/31b69d3d76ab5ed1,,RequestCount,2026-07-20T19:00:00Z,2026-07-20T20:00:00Z,2122320
app/bodegaai-production-alb/31b69d3d76ab5ed1,,RequestCount,2026-07-20T20:00:00Z,2026-07-20T21:00:00Z,2128088
app/bodegaai-production-alb/31b69d3d76ab5ed1,,RequestCount,2026-07-20T21:00:00Z,2026-07-20T22:00:00Z,2129338
app/bodegaai-production-alb/31b69d3d76ab5ed1,,RequestCount,2026-07-20T22:00:00Z,2026-07-20T23:00:00Z,2131269
app/bodegaai-production-alb/31b69d3d76ab5ed1,,RequestCount,2026-07-20T23:00:00Z,2026-07-21T00:00:00Z,2125482
app/bodegaai-production-alb/31b69d3d76ab5ed1,,RequestCount,2026-07-21T00:00:00Z,2026-07-21T01:00:00Z,2108685
app/bodegaai-production-alb/31b69d3d76ab5ed1,,RequestCount,2026-07-21T01:00:00Z,2026-07-21T02:00:00Z,2075443
app/bodegaai-production-alb/31b69d3d76ab5ed1,,RequestCount,2026-07-21T02:00:00Z,2026-07-21T03:00:00Z,2027538
app/bodegaai-production-alb/31b69d3d76ab5ed1,,RequestCount,2026-07-21T03:00:00Z,2026-07-21T04:00:00Z,1982812
app/bodegaai-production-alb/31b69d3d76ab5ed1,,RequestCount,2026-07-21T04:00:00Z,2026-07-21T05:00:00Z,1953625
app/bodegaai-production-alb/31b69d3d76ab5ed1,,RequestCount,2026-07-21T05:00:00Z,2026-07-21T06:00:00Z,1937510
app/bodegaai-production-alb/31b69d3d76ab5ed1,,RequestCount,2026-07-21T06:00:00Z,2026-07-21T07:00:00Z,1940286
app/bodegaai-production-alb/31b69d3d76ab5ed1,,RequestCount,2026-07-21T07:00:00Z,2026-07-21T08:00:00Z,1942912
app/bodegaai-production-alb/31b69d3d76ab5ed1,,RequestCount,2026-07-21T08:00:00Z,2026-07-21T09:00:00Z,1945914
app/bodegaai-production-alb/31b69d3d76ab5ed1,,RequestCount,2026-07-21T09:00:00Z,2026-07-21T10:00:00Z,1951860
app/bodegaai-production-alb/31b69d3d76ab5ed1,,RequestCount,2026-07-21T10:00:00Z,2026-07-21T11:00:00Z,1979664
app/bodegaai-production-alb/31b69d3d76ab5ed1,,RequestCount,2026-07-21T11:00:00Z,2026-07-21T12:00:00Z,2021900
app/bodegaai-production-alb/31b69d3d76ab5ed1,,RequestCount,2026-07-21T12:00:00Z,2026-07-21T13:00:00Z,2040910
app/bodegaai-production-alb/31b69d3d76ab5ed1,,RequestCount,2026-07-21T13:00:00Z,2026-07-21T14:00:00Z,2079479
app/bodegaai-production-alb/31b69d3d76ab5ed1,,RequestCount,2026-07-21T14:00:00Z,2026-07-21T15:00:00Z,2105473
app/bodegaai-production-alb/31b69d3d76ab5ed1,,RequestCount,2026-07-21T15:00:00Z,2026-07-21T16:00:00Z,2109907
app/bodegaai-production-alb/31b69d3d76ab5ed1,,RequestCount,2026-07-21T16:00:00Z,2026-07-21T17:00:00Z,2124361
app/bodegaai-production-alb/31b69d3d76ab5ed1,,RequestCount,2026-07-21T17:00:00Z,2026-07-21T18:00:00Z,2133611
app/bodegaai-production-alb/31b69d3d76ab5ed1,,RequestCount,2026-07-21T18:00:00Z,2026-07-21T19:00:00Z,2126430
app/bodegaai-production-alb/31b69d3d76ab5ed1,,RequestCount,2026-07-21T19:00:00Z,2026-07-21T20:00:00Z,2135312
app/bodegaai-production-alb/31b69d3d76ab5ed1,,RequestCount,2026-07-21T20:00:00Z,2026-07-21T21:00:00Z,2133652
app/bodegaai-production-alb/31b69d3d76ab5ed1,,RequestCount,2026-07-21T21:00:00Z,2026-07-21T22:00:00Z,2135051
app/bodegaai-production-alb/31b69d3d76ab5ed1,,RequestCount,2026-07-21T22:00:00Z,2026-07-21T23:00:00Z,2131346
app/bodegaai-production-alb/31b69d3d76ab5ed1,,RequestCount,2026-07-21T23:00:00Z,2026-07-22T00:00:00Z,2122033
app/bodegaai-production-alb/31b69d3d76ab5ed1,,RequestCount,2026-07-22T00:00:00Z,2026-07-22T01:00:00Z,2089148
app/bodegaai-production-alb/31b69d3d76ab5ed1,,RequestCount,2026-07-22T01:00:00Z,2026-07-22T02:00:00Z,2082872
app/bodegaai-production-alb/31b69d3d76ab5ed1,,RequestCount,2026-07-22T02:00:00Z,2026-07-22T03:00:00Z,2046158
app/bodegaai-production-alb/31b69d3d76ab5ed1,,RequestCount,2026-07-22T03:00:00Z,2026-07-22T04:00:00Z,1989970
app/bodegaai-production-alb/31b69d3d76ab5ed1,,RequestCount,2026-07-22T04:00:00Z,2026-07-22T05:00:00Z,1945626
app/bodegaai-production-alb/31b69d3d76ab5ed1,,RequestCount,2026-07-22T05:00:00Z,2026-07-22T06:00:00Z,1940864
app/bodegaai-production-alb/31b69d3d76ab5ed1,,RequestCount,2026-07-22T06:00:00Z,2026-07-22T07:00:00Z,1929359
app/bodegaai-production-alb/31b69d3d76ab5ed1,,RequestCount,2026-07-22T07:00:00Z,2026-07-22T08:00:00Z,1906005
app/bodegaai-production-alb/31b69d3d76ab5ed1,,RequestCount,2026-07-22T08:00:00Z,2026-07-22T09:00:00Z,1902243
app/bodegaai-production-alb/31b69d3d76ab5ed1,,RequestCount,2026-07-22T09:00:00Z,2026-07-22T10:00:00Z,1914523
app/bodegaai-production-alb/31b69d3d76ab5ed1,,RequestCount,2026-07-22T10:00:00Z,2026-07-22T11:00:00Z,1958685
app/bodegaai-production-alb/31b69d3d76ab5ed1,,RequestCount,2026-07-22T11:00:00Z,2026-07-22T12:00:00Z,2008671
app/bodegaai-production-alb/31b69d3d76ab5ed1,,RequestCount,2026-07-22T12:00:00Z,2026-07-22T13:00:00Z,2040465
app/bodegaai-production-alb/31b69d3d76ab5ed1,,RequestCount,2026-07-22T13:00:00Z,2026-07-22T14:00:00Z,2061521
app/bodegaai-production-alb/31b69d3d76ab5ed1,,RequestCount,2026-07-22T14:00:00Z,2026-07-22T15:00:00Z,2104671
app/bodegaai-production-alb/31b69d3d76ab5ed1,,RequestCount,2026-07-22T15:00:00Z,2026-07-22T16:00:00Z,2127799
app/bodegaai-production-alb/31b69d3d76ab5ed1,,RequestCount,2026-07-22T16:00:00Z,2026-07-22T17:00:00Z,2144718
app/bodegaai-production-alb/31b69d3d76ab5ed1,,RequestCount,2026-07-22T17:00:00Z,2026-07-22T18:00:00Z,2139724
app/bodegaai-production-alb/31b69d3d76ab5ed1,,RequestCount,2026-07-22T18:00:00Z,2026-07-22T19:00:00Z,2145068
app/bodegaai-production-alb/31b69d3d76ab5ed1,,RequestCount,2026-07-22T19:00:00Z,2026-07-22T20:00:00Z,2154732
app/bodegaai-production-alb/31b69d3d76ab5ed1,,RequestCount,2026-07-22T20:00:00Z,2026-07-22T21:00:00Z,2162273
app/bodegaai-production-alb/31b69d3d76ab5ed1,,RequestCount,2026-07-22T21:00:00Z,2026-07-22T22:00:00Z,2178740
app/bodegaai-production-alb/31b69d3d76ab5ed1,,RequestCount,2026-07-22T22:00:00Z,2026-07-22T23:00:00Z,2184553
app/bodegaai-production-alb/31b69d3d76ab5ed1,,RequestCount,2026-07-22T23:00:00Z,2026-07-23T00:00:00Z,2176827
app/bodegaai-production-alb/31b69d3d76ab5ed1,,RequestCount,2026-07-23T00:00:00Z,2026-07-23T01:00:00Z,2153210
app/bodegaai-production-alb/31b69d3d76ab5ed1,,RequestCount,2026-07-23T01:00:00Z,2026-07-23T02:00:00Z,2120072
app/bodegaai-production-alb/31b69d3d76ab5ed1,,RequestCount,2026-07-23T02:00:00Z,2026-07-23T03:00:00Z,2083736
app/bodegaai-production-alb/31b69d3d76ab5ed1,,RequestCount,2026-07-23T03:00:00Z,2026-07-23T04:00:00Z,2032032
app/bodegaai-production-alb/31b69d3d76ab5ed1,,RequestCount,2026-07-23T04:00:00Z,2026-07-23T05:00:00Z,1988436
app/bodegaai-production-alb/31b69d3d76ab5ed1,,RequestCount,2026-07-23T05:00:00Z,2026-07-23T06:00:00Z,1980835
app/bodegaai-production-alb/31b69d3d76ab5ed1,,RequestCount,2026-07-23T06:00:00Z,2026-07-23T07:00:00Z,1978670
app/bodegaai-production-alb/31b69d3d76ab5ed1,,RequestCount,2026-07-23T07:00:00Z,2026-07-23T08:00:00Z,1975869
app/bodegaai-production-alb/31b69d3d76ab5ed1,,RequestCount,2026-07-23T08:00:00Z,2026-07-23T09:00:00Z,1977766
app/bodegaai-production-alb/31b69d3d76ab5ed1,,RequestCount,2026-07-23T09:00:00Z,2026-07-23T10:00:00Z,1991303
app/bodegaai-production-alb/31b69d3d76ab5ed1,,RequestCount,2026-07-23T10:00:00Z,2026-07-23T11:00:00Z,2016666
app/bodegaai-production-alb/31b69d3d76ab5ed1,,RequestCount,2026-07-23T11:00:00Z,2026-07-23T12:00:00Z,2045786
app/bodegaai-production-alb/31b69d3d76ab5ed1,,RequestCount,2026-07-23T12:00:00Z,2026-07-23T13:00:00Z,2076344
app/bodegaai-production-alb/31b69d3d76ab5ed1,,RequestCount,2026-07-23T13:00:00Z,2026-07-23T14:00:00Z,2102126
app/bodegaai-production-alb/31b69d3d76ab5ed1,,RequestCount,2026-07-23T14:00:00Z,2026-07-23T15:00:00Z,2133675
app/bodegaai-production-alb/31b69d3d76ab5ed1,,RequestCount,2026-07-23T15:00:00Z,2026-07-23T16:00:00Z,2135432
app/bodegaai-production-alb/31b69d3d76ab5ed1,,RequestCount,2026-07-23T16:00:00Z,2026-07-23T17:00:00Z,2145128
app/bodegaai-production-alb/31b69d3d76ab5ed1,,RequestCount,2026-07-23T17:00:00Z,2026-07-23T18:00:00Z,2152060
app/bodegaai-production-alb/31b69d3d76ab5ed1,,RequestCount,2026-07-23T18:00:00Z,2026-07-23T19:00:00Z,2150835
app/bodegaai-production-alb/31b69d3d76ab5ed1,,RequestCount,2026-07-23T19:00:00Z,2026-07-23T20:00:00Z,2144164
app/bodegaai-production-alb/31b69d3d76ab5ed1,,RequestCount,2026-07-23T20:00:00Z,2026-07-23T21:00:00Z,2105236
app/bodegaai-production-alb/31b69d3d76ab5ed1,,RequestCount,2026-07-23T21:00:00Z,2026-07-23T22:00:00Z,2149702
app/bodegaai-production-alb/31b69d3d76ab5ed1,,RequestCount,2026-07-23T22:00:00Z,2026-07-23T23:00:00Z,2129415
app/bodegaai-production-alb/31b69d3d76ab5ed1,,RequestCount,2026-07-23T23:00:00Z,2026-07-24T00:00:00Z,2129805
app/bodegaai-production-alb/31b69d3d76ab5ed1,,RequestCount,2026-07-24T00:00:00Z,2026-07-24T01:00:00Z,2120873
app/bodegaai-production-alb/31b69d3d76ab5ed1,,RequestCount,2026-07-24T01:00:00Z,2026-07-24T02:00:00Z,2107792
app/bodegaai-production-alb/31b69d3d76ab5ed1,,RequestCount,2026-07-24T02:00:00Z,2026-07-24T03:00:00Z,2066574
app/bodegaai-production-alb/31b69d3d76ab5ed1,,RequestCount,2026-07-24T03:00:00Z,2026-07-24T04:00:00Z,2009538
app/bodegaai-production-alb/31b69d3d76ab5ed1,,RequestCount,2026-07-24T04:00:00Z,2026-07-24T05:00:00Z,1976087
app/bodegaai-production-alb/31b69d3d76ab5ed1,,RequestCount,2026-07-24T05:00:00Z,2026-07-24T06:00:00Z,1973557
app/bodegaai-production-alb/31b69d3d76ab5ed1,,RequestCount,2026-07-24T06:00:00Z,2026-07-24T07:00:00Z,1965677
app/bodegaai-production-alb/31b69d3d76ab5ed1,,RequestCount,2026-07-24T07:00:00Z,2026-07-24T08:00:00Z,1963112
app/bodegaai-production-alb/31b69d3d76ab5ed1,,RequestCount,2026-07-24T08:00:00Z,2026-07-24T09:00:00Z,1962502
app/bodegaai-production-alb/31b69d3d76ab5ed1,,RequestCount,2026-07-24T09:00:00Z,2026-07-24T10:00:00Z,1961274
app/bodegaai-production-alb/31b69d3d76ab5ed1,,RequestCount,2026-07-24T10:00:00Z,2026-07-24T11:00:00Z,1979548
app/bodegaai-production-alb/31b69d3d76ab5ed1,,RequestCount,2026-07-24T11:00:00Z,2026-07-24T12:00:00Z,2015083
app/bodegaai-production-alb/31b69d3d76ab5ed1,,RequestCount,2026-07-24T12:00:00Z,2026-07-24T13:00:00Z,2052911
app/bodegaai-production-alb/31b69d3d76ab5ed1,,RequestCount,2026-07-24T13:00:00Z,2026-07-24T14:00:00Z,2088277
app/bodegaai-production-alb/31b69d3d76ab5ed1,,RequestCount,2026-07-24T14:00:00Z,2026-07-24T15:00:00Z,2104720
app/bodegaai-production-alb/31b69d3d76ab5ed1,,RequestCount,2026-07-24T15:00:00Z,2026-07-24T16:00:00Z,2116969
app/bodegaai-production-alb/31b69d3d76ab5ed1,,RequestCount,2026-07-24T16:00:00Z,2026-07-24T17:00:00Z,2146302
app/bodegaai-production-alb/31b69d3d76ab5ed1,,RequestCount,2026-07-24T17:00:00Z,2026-07-24T18:00:00Z,2152706
app/bodegaai-production-alb/31b69d3d76ab5ed1,,RequestCount,2026-07-24T18:00:00Z,2026-07-24T19:00:00Z,2162750
app/bodegaai-production-alb/31b69d3d76ab5ed1,,RequestCount,2026-07-24T19:00:00Z,2026-07-24T20:00:00Z,2122226
app/bodegaai-production-alb/31b69d3d76ab5ed1,,RequestCount,2026-07-24T20:00:00Z,2026-07-24T21:00:00Z,2170410
app/bodegaai-production-alb/31b69d3d76ab5ed1,,RequestCount,2026-07-24T21:00:00Z,2026-07-24T22:00:00Z,2176730
app/bodegaai-production-alb/31b69d3d76ab5ed1,,RequestCount,2026-07-24T22:00:00Z,2026-07-24T23:00:00Z,2167614
app/bodegaai-production-alb/31b69d3d76ab5ed1,,RequestCount,2026-07-24T23:00:00Z,2026-07-25T00:00:00Z,2147854
app/bodegaai-production-alb/31b69d3d76ab5ed1,,RequestCount,2026-07-25T00:00:00Z,2026-07-25T01:00:00Z,2128617
app/bodegaai-production-alb/31b69d3d76ab5ed1,,RequestCount,2026-07-25T01:00:00Z,2026-07-25T02:00:00Z,2119125
app/bodegaai-production-alb/31b69d3d76ab5ed1,,RequestCount,2026-07-25T02:00:00Z,2026-07-25T03:00:00Z,2088829
app/bodegaai-production-alb/31b69d3d76ab5ed1,,RequestCount,2026-07-25T03:00:00Z,2026-07-25T04:00:00Z,2039682
app/bodegaai-production-alb/31b69d3d76ab5ed1,,RequestCount,2026-07-25T04:00:00Z,2026-07-25T05:00:00Z,2020181
app/bodegaai-production-alb/31b69d3d76ab5ed1,,RequestCount,2026-07-25T05:00:00Z,2026-07-25T06:00:00Z,2004300
app/bodegaai-production-alb/31b69d3d76ab5ed1,,RequestCount,2026-07-25T06:00:00Z,2026-07-25T07:00:00Z,1996971
app/bodegaai-production-alb/31b69d3d76ab5ed1,,RequestCount,2026-07-25T07:00:00Z,2026-07-25T08:00:00Z,1993384
app/bodegaai-production-alb/31b69d3d76ab5ed1,,RequestCount,2026-07-25T08:00:00Z,2026-07-25T09:00:00Z,1999004
app/bodegaai-production-alb/31b69d3d76ab5ed1,,RequestCount,2026-07-25T09:00:00Z,2026-07-25T10:00:00Z,1997951
app/bodegaai-production-alb/31b69d3d76ab5ed1,,RequestCount,2026-07-25T10:00:00Z,2026-07-25T11:00:00Z,2004840
app/bodegaai-production-alb/31b69d3d76ab5ed1,,RequestCount,2026-07-25T11:00:00Z,2026-07-25T12:00:00Z,2031369
app/bodegaai-production-alb/31b69d3d76ab5ed1,,RequestCount,2026-07-25T12:00:00Z,2026-07-25T13:00:00Z,2063445
app/bodegaai-production-alb/31b69d3d76ab5ed1,,RequestCount,2026-07-25T13:00:00Z,2026-07-25T14:00:00Z,2104532
app/bodegaai-production-alb/31b69d3d76ab5ed1,,RequestCount,2026-07-25T14:00:00Z,2026-07-25T15:00:00Z,2124257
app/bodegaai-production-alb/31b69d3d76ab5ed1,,RequestCount,2026-07-25T15:00:00Z,2026-07-25T16:00:00Z,2131138
app/bodegaai-production-alb/31b69d3d76ab5ed1,,RequestCount,2026-07-25T16:00:00Z,2026-07-25T17:00:00Z,2147385
app/bodegaai-production-alb/31b69d3d76ab5ed1,,RequestCount,2026-07-25T17:00:00Z,2026-07-25T18:00:00Z,2144331
app/bodegaai-production-alb/31b69d3d76ab5ed1,,RequestCount,2026-07-25T18:00:00Z,2026-07-25T19:00:00Z,2148992
app/bodegaai-production-alb/31b69d3d76ab5ed1,,RequestCount,2026-07-25T19:00:00Z,2026-07-25T20:00:00Z,2147497
app/bodegaai-production-alb/31b69d3d76ab5ed1,,RequestCount,2026-07-25T20:00:00Z,2026-07-25T21:00:00Z,2149027
app/bodegaai-production-alb/31b69d3d76ab5ed1,,RequestCount,2026-07-25T21:00:00Z,2026-07-25T22:00:00Z,2147797
app/bodegaai-production-alb/31b69d3d76ab5ed1,,RequestCount,2026-07-25T22:00:00Z,2026-07-25T23:00:00Z,2142246
app/bodegaai-production-alb/31b69d3d76ab5ed1,,RequestCount,2026-07-25T23:00:00Z,2026-07-26T00:00:00Z,2135765
app/bodegaai-production-alb/31b69d3d76ab5ed1,,RequestCount,2026-07-26T00:00:00Z,2026-07-26T01:00:00Z,2127536
app/bodegaai-production-alb/31b69d3d76ab5ed1,,RequestCount,2026-07-26T01:00:00Z,2026-07-26T02:00:00Z,2026908
app/bodegaai-production-alb/31b69d3d76ab5ed1,,RequestCount,2026-07-26T02:00:00Z,2026-07-26T03:00:00Z,2025129
app/bodegaai-production-alb/31b69d3d76ab5ed1,,RequestCount,2026-07-26T03:00:00Z,2026-07-26T04:00:00Z,1990582
app/bodegaai-production-alb/31b69d3d76ab5ed1,,RequestCount,2026-07-26T04:00:00Z,2026-07-26T05:00:00Z,1963234
app/bodegaai-production-alb/31b69d3d76ab5ed1,,RequestCount,2026-07-26T05:00:00Z,2026-07-26T06:00:00Z,1943497
app/bodegaai-production-alb/31b69d3d76ab5ed1,,RequestCount,2026-07-26T06:00:00Z,2026-07-26T07:00:00Z,1928072
app/bodegaai-production-alb/31b69d3d76ab5ed1,,RequestCount,2026-07-26T07:00:00Z,2026-07-26T08:00:00Z,1930950
app/bodegaai-production-alb/31b69d3d76ab5ed1,,RequestCount,2026-07-26T08:00:00Z,2026-07-26T09:00:00Z,1937331
app/bodegaai-production-alb/31b69d3d76ab5ed1,,RequestCount,2026-07-26T09:00:00Z,2026-07-26T10:00:00Z,1938668
app/bodegaai-production-alb/31b69d3d76ab5ed1,,RequestCount,2026-07-26T10:00:00Z,2026-07-26T11:00:00Z,1945441
app/bodegaai-production-alb/31b69d3d76ab5ed1,,RequestCount,2026-07-26T11:00:00Z,2026-07-26T12:00:00Z,1970916
app/bodegaai-production-alb/31b69d3d76ab5ed1,,RequestCount,2026-07-26T12:00:00Z,2026-07-26T13:00:00Z,2029830
app/bodegaai-production-alb/31b69d3d76ab5ed1,,RequestCount,2026-07-26T13:00:00Z,2026-07-26T14:00:00Z,2053838
app/bodegaai-production-alb/31b69d3d76ab5ed1,,RequestCount,2026-07-26T14:00:00Z,2026-07-26T15:00:00Z,2079916
app/bodegaai-production-alb/31b69d3d76ab5ed1,,RequestCount,2026-07-26T15:00:00Z,2026-07-26T16:00:00Z,2100031
app/bodegaai-production-alb/31b69d3d76ab5ed1,,RequestCount,2026-07-26T16:00:00Z,2026-07-26T17:00:00Z,2120315
app/bodegaai-production-alb/31b69d3d76ab5ed1,,RequestCount,2026-07-26T17:00:00Z,2026-07-26T18:00:00Z,2133047
app/bodegaai-production-alb/31b69d3d76ab5ed1,,RequestCount,2026-07-26T18:00:00Z,2026-07-26T19:00:00Z,2144520
app/bodegaai-production-alb/31b69d3d76ab5ed1,,RequestCount,2026-07-26T19:00:00Z,2026-07-26T20:00:00Z,2158021
app/bodegaai-production-alb/31b69d3d76ab5ed1,,RequestCount,2026-07-26T20:00:00Z,2026-07-26T21:00:00Z,2148375
app/bodegaai-production-alb/31b69d3d76ab5ed1,,RequestCount,2026-07-26T21:00:00Z,2026-07-26T22:00:00Z,2150482
app/bodegaai-production-alb/31b69d3d76ab5ed1,,RequestCount,2026-07-26T22:00:00Z,2026-07-26T23:00:00Z,2150941
app/bodegaai-production-alb/31b69d3d76ab5ed1,,RequestCount,2026-07-26T23:00:00Z,2026-07-27T00:00:00Z,2146543
app/bodegaai-production-alb/31b69d3d76ab5ed1,,RequestCount,2026-07-27T00:00:00Z,2026-07-27T01:00:00Z,2135065
app/bodegaai-production-alb/31b69d3d76ab5ed1,,RequestCount,2026-07-27T01:00:00Z,2026-07-27T02:00:00Z,2112382
app/bodegaai-production-alb/31b69d3d76ab5ed1,,RequestCount,2026-07-27T02:00:00Z,2026-07-27T03:00:00Z,2069903
app/bodegaai-production-alb/31b69d3d76ab5ed1,,RequestCount,2026-07-27T03:00:00Z,2026-07-27T04:00:00Z,2022349
app/bodegaai-production-alb/31b69d3d76ab5ed1,,RequestCount,2026-07-27T04:00:00Z,2026-07-27T05:00:00Z,1984923
app/bodegaai-production-alb/31b69d3d76ab5ed1,,RequestCount,2026-07-27T05:00:00Z,2026-07-27T06:00:00Z,1979867
app/bodegaai-production-alb/31b69d3d76ab5ed1,,RequestCount,2026-07-27T06:00:00Z,2026-07-27T07:00:00Z,1952749
app/bodegaai-production-alb/31b69d3d76ab5ed1,,RequestCount,2026-07-27T07:00:00Z,2026-07-27T08:00:00Z,1971809
app/bodegaai-production-alb/31b69d3d76ab5ed1,,RequestCount,2026-07-27T08:00:00Z,2026-07-27T09:00:00Z,1969711
app/bodegaai-production-alb/31b69d3d76ab5ed1,,RequestCount,2026-07-27T09:00:00Z,2026-07-27T10:00:00Z,1971214
app/bodegaai-production-alb/31b69d3d76ab5ed1,,RequestCount,2026-07-27T10:00:00Z,2026-07-27T11:00:00Z,1995063
app/bodegaai-production-alb/31b69d3d76ab5ed1,,RequestCount,2026-07-27T11:00:00Z,2026-07-27T12:00:00Z,2029726
app/bodegaai-production-alb/31b69d3d76ab5ed1,,RequestCount,2026-07-27T12:00:00Z,2026-07-27T13:00:00Z,2055190
app/bodegaai-production-alb/31b69d3d76ab5ed1,,RequestCount,2026-07-27T13:00:00Z,2026-07-27T14:00:00Z,2092356
app/bodegaai-production-alb/31b69d3d76ab5ed1,,RequestCount,2026-07-27T14:00:00Z,2026-07-27T15:00:00Z,2111432
app/bodegaai-production-alb/31b69d3d76ab5ed1,,RequestCount,2026-07-27T15:00:00Z,2026-07-27T16:00:00Z,2112367
app/bodegaai-production-alb/31b69d3d76ab5ed1,,RequestCount,2026-07-27T16:00:00Z,2026-07-27T17:00:00Z,2124185
app/bodegaai-production-alb/31b69d3d76ab5ed1,,RequestCount,2026-07-27T17:00:00Z,2026-07-27T18:00:00Z,2105499
app/bodegaai-production-alb/31b69d3d76ab5ed1,,RequestCount,2026-07-27T18:00:00Z,2026-07-27T19:00:00Z,2106650
app/bodegaai-production-alb/31b69d3d76ab5ed1,,RequestCount,2026-07-27T19:00:00Z,2026-07-27T20:00:00Z,2120966
app/bodegaai-production-alb/31b69d3d76ab5ed1,,RequestCount,2026-07-27T20:00:00Z,2026-07-27T21:00:00Z,2096161
app/bodegaai-production-alb/31b69d3d76ab5ed1,,RequestCount,2026-07-27T21:00:00Z,2026-07-27T22:00:00Z,2094407
app/bodegaai-production-alb/31b69d3d76ab5ed1,,RequestCount,2026-07-27T22:00:00Z,2026-07-27T23:00:00Z,2095558
app/bodegaai-production-alb/31b69d3d76ab5ed1,,RequestCount,2026-07-27T23:00:00Z,2026-07-28T00:00:00Z,2092796
app/bodegaai-production-alb/31b69d3d76ab5ed1,,RequestCount,2026-07-28T00:00:00Z,2026-07-28T01:00:00Z,2072612
app/bodegaai-production-alb/31b69d3d76ab5ed1,,RequestCount,2026-07-28T01:00:00Z,2026-07-28T02:00:00Z,2043049
app/bodegaai-production-alb/31b69d3d76ab5ed1,,RequestCount,2026-07-28T02:00:00Z,2026-07-28T03:00:00Z,2028721
app/bodegaai-production-alb/31b69d3d76ab5ed1,,RequestCount,2026-07-28T03:00:00Z,2026-07-28T04:00:00Z,1959320
app/bodegaai-production-alb/31b69d3d76ab5ed1,,RequestCount,2026-07-28T04:00:00Z,2026-07-28T05:00:00Z,1948652
app/bodegaai-production-alb/31b69d3d76ab5ed1,,RequestCount,2026-07-28T05:00:00Z,2026-07-28T06:00:00Z,1934063
app/bodegaai-production-alb/31b69d3d76ab5ed1,,RequestCount,2026-07-28T06:00:00Z,2026-07-28T07:00:00Z,1930587
app/bodegaai-production-alb/31b69d3d76ab5ed1,,RequestCount,2026-07-28T07:00:00Z,2026-07-28T08:00:00Z,1922929
app/bodegaai-production-alb/31b69d3d76ab5ed1,,RequestCount,2026-07-28T08:00:00Z,2026-07-28T09:00:00Z,1929573
app/bodegaai-production-alb/31b69d3d76ab5ed1,,RequestCount,2026-07-28T09:00:00Z,2026-07-28T10:00:00Z,1929625
app/bodegaai-production-alb/31b69d3d76ab5ed1,,RequestCount,2026-07-28T10:00:00Z,2026-07-28T11:00:00Z,1954788
app/bodegaai-production-alb/31b69d3d76ab5ed1,,RequestCount,2026-07-28T11:00:00Z,2026-07-28T12:00:00Z,1998702
app/bodegaai-production-alb/31b69d3d76ab5ed1,,RequestCount,2026-07-28T12:00:00Z,2026-07-28T13:00:00Z,2046173
app/bodegaai-production-alb/31b69d3d76ab5ed1,,RequestCount,2026-07-28T13:00:00Z,2026-07-28T14:00:00Z,2072321
app/bodegaai-production-alb/31b69d3d76ab5ed1,,RequestCount,2026-07-28T14:00:00Z,2026-07-28T15:00:00Z,2106395
app/bodegaai-production-alb/31b69d3d76ab5ed1,,RequestCount,2026-07-28T15:00:00Z,2026-07-28T16:00:00Z,2108034
app/bodegaai-production-alb/31b69d3d76ab5ed1,,RequestCount,2026-07-28T16:00:00Z,2026-07-28T17:00:00Z,2137201
app/bodegaai-production-alb/31b69d3d76ab5ed1,,RequestCount,2026-07-28T17:00:00Z,2026-07-28T18:00:00Z,2137472
app/bodegaai-production-alb/31b69d3d76ab5ed1,,RequestCount,2026-07-28T18:00:00Z,2026-07-28T19:00:00Z,2119613
app/bodegaai-production-alb/31b69d3d76ab5ed1,,RequestCount,2026-07-28T19:00:00Z,2026-07-28T20:00:00Z,2132732
app/bodegaai-production-alb/31b69d3d76ab5ed1,,RequestCount,2026-07-28T20:00:00Z,2026-07-28T21:00:00Z,2128928
app/bodegaai-production-alb/31b69d3d76ab5ed1,,RequestCount,2026-07-28T21:00:00Z,2026-07-28T22:00:00Z,2132093
app/bodegaai-production-alb/31b69d3d76ab5ed1,,RequestCount,2026-07-28T22:00:00Z,2026-07-28T23:00:00Z,2136447
app/bodegaai-production-alb/31b69d3d76ab5ed1,,RequestCount,2026-07-28T23:00:00Z,2026-07-29T00:00:00Z,2125084
app/bodegaai-production-alb/31b69d3d76ab5ed1,,RequestCount,2026-07-29T00:00:00Z,2026-07-29T01:00:00Z,2113157
app/bodegaai-production-alb/31b69d3d76ab5ed1,,RequestCount,2026-07-29T01:00:00Z,2026-07-29T02:00:00Z,2081730
app/bodegaai-production-alb/31b69d3d76ab5ed1,,RequestCount,2026-07-29T02:00:00Z,2026-07-29T03:00:00Z,2044372
app/bodegaai-production-alb/31b69d3d76ab5ed1,,RequestCount,2026-07-29T03:00:00Z,2026-07-29T04:00:00Z,1997815
app/bodegaai-production-alb/31b69d3d76ab5ed1,,RequestCount,2026-07-29T04:00:00Z,2026-07-29T05:00:00Z,1947775
app/bodegaai-production-alb/31b69d3d76ab5ed1,,RequestCount,2026-07-29T05:00:00Z,2026-07-29T06:00:00Z,1934722
app/bodegaai-production-alb/31b69d3d76ab5ed1,,RequestCount,2026-07-29T06:00:00Z,2026-07-29T07:00:00Z,1927526
app/bodegaai-production-alb/31b69d3d76ab5ed1,,RequestCount,2026-07-29T07:00:00Z,2026-07-29T08:00:00Z,1924563
app/bodegaai-production-alb/31b69d3d76ab5ed1,,RequestCount,2026-07-29T08:00:00Z,2026-07-29T09:00:00Z,1924224
app/bodegaai-production-alb/31b69d3d76ab5ed1,,RequestCount,2026-07-29T09:00:00Z,2026-07-29T10:00:00Z,1927701
app/bodegaai-production-alb/31b69d3d76ab5ed1,,RequestCount,2026-07-29T10:00:00Z,2026-07-29T11:00:00Z,1946540
app/bodegaai-production-alb/31b69d3d76ab5ed1,,RequestCount,2026-07-29T11:00:00Z,2026-07-29T12:00:00Z,1994839
app/bodegaai-production-alb/31b69d3d76ab5ed1,,RequestCount,2026-07-29T12:00:00Z,2026-07-29T13:00:00Z,2026744
app/bodegaai-production-alb/31b69d3d76ab5ed1,,RequestCount,2026-07-29T13:00:00Z,2026-07-29T14:00:00Z,2072107
app/bodegaai-production-alb/31b69d3d76ab5ed1,,RequestCount,2026-07-29T14:00:00Z,2026-07-29T15:00:00Z,2098999
app/bodegaai-production-alb/31b69d3d76ab5ed1,,RequestCount,2026-07-29T15:00:00Z,2026-07-29T16:00:00Z,2121568
app/bodegaai-production-alb/31b69d3d76ab5ed1,,RequestCount,2026-07-29T16:00:00Z,2026-07-29T17:00:00Z,2134310
app/bodegaai-production-alb/31b69d3d76ab5ed1,,RequestCount,2026-07-29T17:00:00Z,2026-07-29T18:00:00Z,2136030
app/bodegaai-production-alb/31b69d3d76ab5ed1,,RequestCount,2026-07-29T18:00:00Z,2026-07-29T19:00:00Z,2112689
app/bodegaai-production-alb/31b69d3d76ab5ed1,,RequestCount,2026-07-29T19:00:00Z,2026-07-29T20:00:00Z,2146257
app/bodegaai-production-alb/31b69d3d76ab5ed1,,RequestCount,2026-07-29T20:00:00Z,2026-07-29T21:00:00Z,2175409
app/bodegaai-production-alb/31b69d3d76ab5ed1,,RequestCount,2026-07-29T21:00:00Z,2026-07-29T22:00:00Z,2175083
app/bodegaai-production-alb/31b69d3d76ab5ed1,,RequestCount,2026-07-29T22:00:00Z,2026-07-29T23:00:00Z,2173084
app/bodegaai-production-alb/31b69d3d76ab5ed1,,RequestCount,2026-07-29T23:00:00Z,2026-07-30T00:00:00Z,2162798
app/bodegaai-production-alb/31b69d3d76ab5ed1,,RequestCount,2026-07-30T00:00:00Z,2026-07-30T01:00:00Z,2150781
app/bodegaai-production-alb/31b69d3d76ab5ed1,,RequestCount,2026-07-30T01:00:00Z,2026-07-30T02:00:00Z,2112288
app/bodegaai-production-alb/31b69d3d76ab5ed1,,RequestCount,2026-07-30T02:00:00Z,2026-07-30T03:00:00Z,2070606
app/bodegaai-production-alb/31b69d3d76ab5ed1,,RequestCount,2026-07-30T03:00:00Z,2026-07-30T04:00:00Z,2023453
app/bodegaai-production-alb/31b69d3d76ab5ed1,,RequestCount,2026-07-30T04:00:00Z,2026-07-30T05:00:00Z,1958551
app/bodegaai-production-alb/31b69d3d76ab5ed1,,RequestCount,2026-07-30T05:00:00Z,2026-07-30T06:00:00Z,1972573
app/bodegaai-production-alb/31b69d3d76ab5ed1,,RequestCount,2026-07-30T06:00:00Z,2026-07-30T07:00:00Z,1964898
app/bodegaai-production-alb/31b69d3d76ab5ed1,,RequestCount,2026-07-30T07:00:00Z,2026-07-30T08:00:00Z,1960632
app/bodegaai-production-alb/31b69d3d76ab5ed1,,RequestCount,2026-07-30T08:00:00Z,2026-07-30T09:00:00Z,1953406
app/bodegaai-production-alb/31b69d3d76ab5ed1,,RequestCount,2026-07-30T09:00:00Z,2026-07-30T10:00:00Z,1958011
app/bodegaai-production-alb/31b69d3d76ab5ed1,,RequestCount,2026-07-30T10:00:00Z,2026-07-30T11:00:00Z,1990151
app/bodegaai-production-alb/31b69d3d76ab5ed1,,RequestCount,2026-07-30T11:00:00Z,2026-07-30T12:00:00Z,2023588
app/bodegaai-production-alb/31b69d3d76ab5ed1,,RequestCount,2026-07-30T12:00:00Z,2026-07-30T13:00:00Z,2065725
app/bodegaai-production-alb/31b69d3d76ab5ed1,,RequestCount,2026-07-30T13:00:00Z,2026-07-30T14:00:00Z,2101551
app/bodegaai-production-alb/31b69d3d76ab5ed1,,RequestCount,2026-07-30T14:00:00Z,2026-07-30T15:00:00Z,2137626
app/bodegaai-production-alb/31b69d3d76ab5ed1,,RequestCount,2026-07-30T15:00:00Z,2026-07-30T16:00:00Z,2149071
app/bodegaai-production-alb/31b69d3d76ab5ed1,,RequestCount,2026-07-30T16:00:00Z,2026-07-30T17:00:00Z,2158142
app/bodegaai-production-alb/31b69d3d76ab5ed1,,RequestCount,2026-07-30T17:00:00Z,2026-07-30T18:00:00Z,2134130
app/bodegaai-production-alb/31b69d3d76ab5ed1,,RequestCount,2026-07-30T18:00:00Z,2026-07-30T19:00:00Z,2172663
app/bodegaai-production-alb/31b69d3d76ab5ed1,,RequestCount,2026-07-30T19:00:00Z,2026-07-30T20:00:00Z,2181164
app/bodegaai-production-alb/31b69d3d76ab5ed1,,RequestCount,2026-07-30T20:00:00Z,2026-07-30T21:00:00Z,2196458
app/bodegaai-production-alb/31b69d3d76ab5ed1,,RequestCount,2026-07-30T21:00:00Z,2026-07-30T22:00:00Z,2212717
app/bodegaai-production-alb/31b69d3d76ab5ed1,,RequestCount,2026-07-30T22:00:00Z,2026-07-30T23:00:00Z,2200987
app/bodegaai-production-alb/31b69d3d76ab5ed1,,RequestCount,2026-07-30T23:00:00Z,2026-07-31T00:00:00Z,2191743
app/bodegaai-production-alb/31b69d3d76ab5ed1,,RequestCount,2026-07-31T00:00:00Z,2026-07-31T01:00:00Z,2172696
app/bodegaai-production-alb/31b69d3d76ab5ed1,,RequestCount,2026-07-31T01:00:00Z,2026-07-31T02:00:00Z,2141053
app/bodegaai-production-alb/31b69d3d76ab5ed1,,RequestCount,2026-07-31T02:00:00Z,2026-07-31T03:00:00Z,2099567
app/bodegaai-production-alb/31b69d3d76ab5ed1,,RequestCount,2026-07-31T03:00:00Z,2026-07-31T04:00:00Z,2052900
app/bodegaai-production-alb/31b69d3d76ab5ed1,,RequestCount,2026-07-31T04:00:00Z,2026-07-31T05:00:00Z,2000185
app/bodegaai-production-alb/31b69d3d76ab5ed1,,RequestCount,2026-07-31T05:00:00Z,2026-07-31T06:00:00Z,2012160
app/bodegaai-production-alb/31b69d3d76ab5ed1,,RequestCount,2026-07-31T06:00:00Z,2026-07-31T07:00:00Z,2006791
app/bodegaai-production-alb/31b69d3d76ab5ed1,,RequestCount,2026-07-31T07:00:00Z,2026-07-31T08:00:00Z,1999396
app/bodegaai-production-alb/31b69d3d76ab5ed1,,RequestCount,2026-07-31T08:00:00Z,2026-07-31T09:00:00Z,2000107
app/bodegaai-production-alb/31b69d3d76ab5ed1,,RequestCount,2026-07-31T09:00:00Z,2026-07-31T10:00:00Z,2010817
app/bodegaai-production-alb/31b69d3d76ab5ed1,,RequestCount,2026-07-31T10:00:00Z,2026-07-31T11:00:00Z,2023552
app/bodegaai-production-alb/31b69d3d76ab5ed1,,RequestCount,2026-07-31T11:00:00Z,2026-07-31T12:00:00Z,2067882
app/bodegaai-production-alb/31b69d3d76ab5ed1,,RequestCount,2026-07-31T12:00:00Z,2026-07-31T13:00:00Z,2115712
app/bodegaai-production-alb/31b69d3d76ab5ed1,,RequestCount,2026-07-31T13:00:00Z,2026-07-31T14:00:00Z,2141927
app/bodegaai-production-alb/31b69d3d76ab5ed1,,RequestCount,2026-07-31T14:00:00Z,2026-07-31T15:00:00Z,2174001
app/bodegaai-production-alb/31b69d3d76ab5ed1,,RequestCount,2026-07-31T15:00:00Z,2026-07-31T16:00:00Z,2214189
app/bodegaai-production-alb/31b69d3d76ab5ed1,,RequestCount,2026-07-31T16:00:00Z,2026-07-31T17:00:00Z,2202286
app/bodegaai-production-alb/31b69d3d76ab5ed1,,RequestCount,2026-07-31T17:00:00Z,2026-07-31T18:00:00Z,2229707
app/bodegaai-production-alb/31b69d3d76ab5ed1,,RequestCount,2026-07-31T18:00:00Z,2026-07-31T19:00:00Z,2222575
app/bodegaai-production-alb/31b69d3d76ab5ed1,,RequestCount,2026-07-31T19:00:00Z,2026-07-31T20:00:00Z,2231229
app/bodegaai-production-alb/31b69d3d76ab5ed1,,RequestCount,2026-07-31T20:00:00Z,2026-07-31T21:00:00Z,2228279
app/bodegaai-production-alb/31b69d3d76ab5ed1,,RequestCount,2026-07-31T21:00:00Z,2026-07-31T22:00:00Z,2209491
app/bodegaai-production-alb/31b69d3d76ab5ed1,,RequestCount,2026-07-31T22:00:00Z,2026-07-31T23:00:00Z,2207380
app/bodegaai-production-alb/31b69d3d76ab5ed1,,RequestCount,2026-07-31T23:00:00Z,2026-08-01T00:00:00Z,2215588
app/bodegaai-production-alb/31b69d3d76ab5ed1,,RequestCount,2026-08-01T00:00:00Z,2026-08-01T01:00:00Z,2206238
app/bodegaai-production-alb/31b69d3d76ab5ed1,,RequestCount,2026-08-01T01:00:00Z,2026-08-01T02:00:00Z,2171553
app/bodegaai-production-alb/31b69d3d76ab5ed1,,RequestCount,2026-08-01T02:00:00Z,2026-08-01T03:00:00Z,2130220
app/bodegaai-production-alb/31b69d3d76ab5ed1,,RequestCount,2026-08-01T03:00:00Z,2026-08-01T04:00:00Z,2089958
app/bodegaai-production-alb/31b69d3d76ab5ed1,,RequestCount,2026-08-01T04:00:00Z,2026-08-01T05:00:00Z,2055469
app/bodegaai-production-alb/31b69d3d76ab5ed1,,RequestCount,2026-08-01T05:00:00Z,2026-08-01T06:00:00Z,2038954
app/bodegaai-production-alb/31b69d3d76ab5ed1,,RequestCount,2026-08-01T06:00:00Z,2026-08-01T07:00:00Z,1989217
app/bodegaai-production-alb/31b69d3d76ab5ed1,,RequestCount,2026-08-01T07:00:00Z,2026-08-01T08:00:00Z,2015849
app/bodegaai-production-alb/31b69d3d76ab5ed1,,RequestCount,2026-08-01T08:00:00Z,2026-08-01T09:00:00Z,2014883
app/bodegaai-production-alb/31b69d3d76ab5ed1,,RequestCount,2026-08-01T09:00:00Z,2026-08-01T10:00:00Z,2018712
app/bodegaai-production-alb/31b69d3d76ab5ed1,,RequestCount,2026-08-01T10:00:00Z,2026-08-01T11:00:00Z,2025871
app/bodegaai-production-alb/31b69d3d76ab5ed1,,RequestCount,2026-08-01T11:00:00Z,2026-08-01T12:00:00Z,2058086
app/bodegaai-production-alb/31b69d3d76ab5ed1,,RequestCount,2026-08-01T12:00:00Z,2026-08-01T13:00:00Z,2119499
app/bodegaai-production-alb/31b69d3d76ab5ed1,,RequestCount,2026-08-01T13:00:00Z,2026-08-01T14:00:00Z,2144855
app/bodegaai-production-alb/31b69d3d76ab5ed1,,RequestCount,2026-08-01T14:00:00Z,2026-08-01T15:00:00Z,2197923
app/bodegaai-production-alb/31b69d3d76ab5ed1,,RequestCount,2026-08-01T15:00:00Z,2026-08-01T16:00:00Z,2212151
app/bodegaai-production-alb/31b69d3d76ab5ed1,,RequestCount,2026-08-01T16:00:00Z,2026-08-01T17:00:00Z,2224826
app/bodegaai-production-alb/31b69d3d76ab5ed1,,RequestCount,2026-08-01T17:00:00Z,2026-08-01T18:00:00Z,2233900
app/bodegaai-production-alb/31b69d3d76ab5ed1,,RequestCount,2026-08-01T18:00:00Z,2026-08-01T19:00:00Z,2234075
app/bodegaai-production-alb/31b69d3d76ab5ed1,,RequestCount,2026-08-01T19:00:00Z,2026-08-01T20:00:00Z,2238783
app/bodegaai-production-alb/31b69d3d76ab5ed1,,RequestCount,2026-08-01T20:00:00Z,2026-08-01T21:00:00Z,2231555
app/bodegaai-production-alb/31b69d3d76ab5ed1,,RequestCount,2026-08-01T21:00:00Z,2026-08-01T22:00:00Z,2223613
app/bodegaai-production-alb/31b69d3d76ab5ed1,,RequestCount,2026-08-01T22:00:00Z,2026-08-01T23:00:00Z,2227044
app/bodegaai-production-alb/31b69d3d76ab5ed1,,RequestCount,2026-08-01T23:00:00Z,2026-08-02T00:00:00Z,2176325
app/bodegaai-production-alb/31b69d3d76ab5ed1,,RequestCount,2026-08-02T00:00:00Z,2026-08-02T01:00:00Z,2189887
app/bodegaai-production-alb/31b69d3d76ab5ed1,,RequestCount,2026-08-02T01:00:00Z,2026-08-02T02:00:00Z,2129277
app/bodegaai-production-alb/31b69d3d76ab5ed1,,RequestCount,2026-08-02T02:00:00Z,2026-08-02T03:00:00Z,2106359
app/bodegaai-production-alb/31b69d3d76ab5ed1,,RequestCount,2026-08-02T03:00:00Z,2026-08-02T04:00:00Z,2088283
app/bodegaai-production-alb/31b69d3d76ab5ed1,,RequestCount,2026-08-02T04:00:00Z,2026-08-02T05:00:00Z,2059808
app/bodegaai-production-alb/31b69d3d76ab5ed1,,RequestCount,2026-08-02T05:00:00Z,2026-08-02T06:00:00Z,2042347
app/bodegaai-production-alb/31b69d3d76ab5ed1,,RequestCount,2026-08-02T06:00:00Z,2026-08-02T07:00:00Z,2033340
app/bodegaai-production-alb/31b69d3d76ab5ed1,,RequestCount,2026-08-02T07:00:00Z,2026-08-02T08:00:00Z,2035423
app/bodegaai-production-alb/31b69d3d76ab5ed1,,RequestCount,2026-08-02T08:00:00Z,2026-08-02T09:00:00Z,2032815
app/bodegaai-production-alb/31b69d3d76ab5ed1,,RequestCount,2026-08-02T09:00:00Z,2026-08-02T10:00:00Z,2027919
app/bodegaai-production-alb/31b69d3d76ab5ed1,,RequestCount,2026-08-02T10:00:00Z,2026-08-02T11:00:00Z,2036374
app/bodegaai-production-alb/31b69d3d76ab5ed1,,RequestCount,2026-08-02T11:00:00Z,2026-08-02T12:00:00Z,2084996
app/bodegaai-production-alb/31b69d3d76ab5ed1,,RequestCount,2026-08-02T12:00:00Z,2026-08-02T13:00:00Z,2139274
app/bodegaai-production-alb/31b69d3d76ab5ed1,,RequestCount,2026-08-02T13:00:00Z,2026-08-02T14:00:00Z,2164063
app/bodegaai-production-alb/31b69d3d76ab5ed1,,RequestCount,2026-08-02T14:00:00Z,2026-08-02T15:00:00Z,2190716
app/bodegaai-production-alb/31b69d3d76ab5ed1,,RequestCount,2026-08-02T15:00:00Z,2026-08-02T16:00:00Z,2193259
app/bodegaai-production-alb/31b69d3d76ab5ed1,,RequestCount,2026-08-02T16:00:00Z,2026-08-02T17:00:00Z,2215037
app/bodegaai-production-alb/31b69d3d76ab5ed1,,RequestCount,2026-08-02T17:00:00Z,2026-08-02T18:00:00Z,2209954
app/bodegaai-production-alb/31b69d3d76ab5ed1,,RequestCount,2026-08-02T18:00:00Z,2026-08-02T19:00:00Z,2202402
app/bodegaai-production-alb/31b69d3d76ab5ed1,,RequestCount,2026-08-02T19:00:00Z,2026-08-02T20:00:00Z,2210210
app/bodegaai-production-alb/31b69d3d76ab5ed1,,RequestCount,2026-08-02T20:00:00Z,2026-08-02T21:00:00Z,2188764
app/bodegaai-production-alb/31b69d3d76ab5ed1,,RequestCount,2026-08-02T21:00:00Z,2026-08-02T22:00:00Z,2183418
app/bodegaai-production-alb/31b69d3d76ab5ed1,,RequestCount,2026-08-02T22:00:00Z,2026-08-02T23:00:00Z,2174457
app/bodegaai-production-alb/31b69d3d76ab5ed1,,RequestCount,2026-08-02T23:00:00Z,2026-08-03T00:00:00Z,2177458
app/bodegaai-production-alb/31b69d3d76ab5ed1,,RequestCount,2026-08-03T00:00:00Z,2026-08-03T01:00:00Z,2160535
app/bodegaai-production-alb/31b69d3d76ab5ed1,,RequestCount,2026-08-03T01:00:00Z,2026-08-03T02:00:00Z,2113195
app/bodegaai-production-alb/31b69d3d76ab5ed1,,RequestCount,2026-08-03T02:00:00Z,2026-08-03T03:00:00Z,2084177
app/bodegaai-production-alb/31b69d3d76ab5ed1,,RequestCount,2026-08-03T03:00:00Z,2026-08-03T04:00:00Z,2039479
app/bodegaai-production-alb/31b69d3d76ab5ed1,,RequestCount,2026-08-03T04:00:00Z,2026-08-03T05:00:00Z,1995062
app/bodegaai-production-alb/31b69d3d76ab5ed1,,RequestCount,2026-08-03T05:00:00Z,2026-08-03T06:00:00Z,1981358
app/bodegaai-production-alb/31b69d3d76ab5ed1,,RequestCount,2026-08-03T06:00:00Z,2026-08-03T07:00:00Z,1964794
app/bodegaai-production-alb/31b69d3d76ab5ed1,,RequestCount,2026-08-03T07:00:00Z,2026-08-03T08:00:00Z,1960549
app/bodegaai-production-alb/31b69d3d76ab5ed1,,RequestCount,2026-08-03T08:00:00Z,2026-08-03T09:00:00Z,1956258
app/bodegaai-production-alb/31b69d3d76ab5ed1,,RequestCount,2026-08-03T09:00:00Z,2026-08-03T10:00:00Z,1959866
app/bodegaai-production-alb/31b69d3d76ab5ed1,,RequestCount,2026-08-03T10:00:00Z,2026-08-03T11:00:00Z,1981087
app/bodegaai-production-alb/31b69d3d76ab5ed1,,RequestCount,2026-08-03T11:00:00Z,2026-08-03T12:00:00Z,2033230
app/bodegaai-production-alb/31b69d3d76ab5ed1,,RequestCount,2026-08-03T12:00:00Z,2026-08-03T13:00:00Z,2090538
app/bodegaai-production-alb/31b69d3d76ab5ed1,,RequestCount,2026-08-03T13:00:00Z,2026-08-03T14:00:00Z,2137954
app/bodegaai-production-alb/31b69d3d76ab5ed1,,RequestCount,2026-08-03T14:00:00Z,2026-08-03T15:00:00Z,2159804
app/bodegaai-production-alb/31b69d3d76ab5ed1,,RequestCount,2026-08-03T15:00:00Z,2026-08-03T16:00:00Z,2177460
app/bodegaai-production-alb/31b69d3d76ab5ed1,,RequestCount,2026-08-03T16:00:00Z,2026-08-03T17:00:00Z,2188472
app/bodegaai-production-alb/31b69d3d76ab5ed1,,RequestCount,2026-08-03T17:00:00Z,2026-08-03T18:00:00Z,2178751
app/bodegaai-production-alb/31b69d3d76ab5ed1,,RequestCount,2026-08-03T18:00:00Z,2026-08-03T19:00:00Z,2189260
app/bodegaai-production-alb/31b69d3d76ab5ed1,,RequestCount,2026-08-03T19:00:00Z,2026-08-03T20:00:00Z,2190257
app/bodegaai-production-alb/31b69d3d76ab5ed1,,RequestCount,2026-08-03T20:00:00Z,2026-08-03T21:00:00Z,2204278
app/bodegaai-production-alb/31b69d3d76ab5ed1,,RequestCount,2026-08-03T21:00:00Z,2026-08-03T22:00:00Z,2196869
app/bodegaai-production-alb/31b69d3d76ab5ed1,,RequestCount,2026-08-03T22:00:00Z,2026-08-03T23:00:00Z,2190873
app/bodegaai-production-alb/31b69d3d76ab5ed1,,RequestCount,2026-08-03T23:00:00Z,2026-08-04T00:00:00Z,2192212
app/bodegaai-production-alb/31b69d3d76ab5ed1,,RequestCount,2026-08-04T00:00:00Z,2026-08-04T01:00:00Z,2174109
app/bodegaai-production-alb/31b69d3d76ab5ed1,,RequestCount,2026-08-04T01:00:00Z,2026-08-04T02:00:00Z,2160823
app/bodegaai-production-alb/31b69d3d76ab5ed1,,RequestCount,2026-08-04T02:00:00Z,2026-08-04T03:00:00Z,2106427
app/bodegaai-production-alb/31b69d3d76ab5ed1,,RequestCount,2026-08-04T03:00:00Z,2026-08-04T04:00:00Z,2061441
app/bodegaai-production-alb/31b69d3d76ab5ed1,,RequestCount,2026-08-04T04:00:00Z,2026-08-04T05:00:00Z,2049730
app/bodegaai-production-alb/31b69d3d76ab5ed1,,RequestCount,2026-08-04T05:00:00Z,2026-08-04T06:00:00Z,2029621
app/bodegaai-production-alb/31b69d3d76ab5ed1,,RequestCount,2026-08-04T06:00:00Z,2026-08-04T07:00:00Z,2028201
app/bodegaai-production-alb/31b69d3d76ab5ed1,,RequestCount,2026-08-04T07:00:00Z,2026-08-04T08:00:00Z,2019590
app/bodegaai-production-alb/31b69d3d76ab5ed1,,RequestCount,2026-08-04T08:00:00Z,2026-08-04T09:00:00Z,2027965
app/bodegaai-production-alb/31b69d3d76ab5ed1,,RequestCount,2026-08-04T09:00:00Z,2026-08-04T10:00:00Z,2037927
app/bodegaai-production-alb/31b69d3d76ab5ed1,,RequestCount,2026-08-04T10:00:00Z,2026-08-04T11:00:00Z,2059872
app/bodegaai-production-alb/31b69d3d76ab5ed1,,RequestCount,2026-08-04T11:00:00Z,2026-08-04T12:00:00Z,2093235
app/bodegaai-production-alb/31b69d3d76ab5ed1,,RequestCount,2026-08-04T12:00:00Z,2026-08-04T13:00:00Z,2112138
app/bodegaai-production-alb/31b69d3d76ab5ed1,,RequestCount,2026-08-04T13:00:00Z,2026-08-04T14:00:00Z,2156638
app/bodegaai-production-alb/31b69d3d76ab5ed1,,RequestCount,2026-08-04T14:00:00Z,2026-08-04T15:00:00Z,2177227
app/bodegaai-production-alb/31b69d3d76ab5ed1,,RequestCount,2026-08-04T15:00:00Z,2026-08-04T16:00:00Z,2184272
app/bodegaai-production-alb/31b69d3d76ab5ed1,,RequestCount,2026-08-04T16:00:00Z,2026-08-04T17:00:00Z,2202017
app/bodegaai-production-alb/31b69d3d76ab5ed1,,RequestCount,2026-08-04T17:00:00Z,2026-08-04T18:00:00Z,2194788
app/bodegaai-production-alb/31b69d3d76ab5ed1,,RequestCount,2026-08-04T18:00:00Z,2026-08-04T19:00:00Z,2212366
app/bodegaai-production-alb/31b69d3d76ab5ed1,,RequestCount,2026-08-04T19:00:00Z,2026-08-04T20:00:00Z,2201835
app/bodegaai-production-alb/31b69d3d76ab5ed1,,RequestCount,2026-08-04T20:00:00Z,2026-08-04T21:00:00Z,2207578
app/bodegaai-production-alb/31b69d3d76ab5ed1,,RequestCount,2026-08-04T21:00:00Z,2026-08-04T22:00:00Z,2226785
app/bodegaai-production-alb/31b69d3d76ab5ed1,,RequestCount,2026-08-04T22:00:00Z,2026-08-04T23:00:00Z,2221486
app/bodegaai-production-alb/31b69d3d76ab5ed1,,RequestCount,2026-08-04T23:00:00Z,2026-08-05T00:00:00Z,2194898
app/bodegaai-production-alb/31b69d3d76ab5ed1,,RequestCount,2026-08-05T00:00:00Z,2026-08-05T01:00:00Z,2180076
app/bodegaai-production-alb/31b69d3d76ab5ed1,,RequestCount,2026-08-05T01:00:00Z,2026-08-05T02:00:00Z,2149939
app/bodegaai-production-alb/31b69d3d76ab5ed1,,RequestCount,2026-08-05T02:00:00Z,2026-08-05T03:00:00Z,2112151
app/bodegaai-production-alb/31b69d3d76ab5ed1,,RequestCount,2026-08-05T03:00:00Z,2026-08-05T04:00:00Z,2068066
app/bodegaai-production-alb/31b69d3d76ab5ed1,,RequestCount,2026-08-05T04:00:00Z,2026-08-05T05:00:00Z,2036565
app/bodegaai-production-alb/31b69d3d76ab5ed1,,RequestCount,2026-08-05T05:00:00Z,2026-08-05T06:00:00Z,2025376
app/bodegaai-production-alb/31b69d3d76ab5ed1,,RequestCount,2026-08-05T06:00:00Z,2026-08-05T07:00:00Z,2009191
app/bodegaai-production-alb/31b69d3d76ab5ed1,,RequestCount,2026-08-05T07:00:00Z,2026-08-05T08:00:00Z,2005958
app/bodegaai-production-alb/31b69d3d76ab5ed1,,RequestCount,2026-08-05T08:00:00Z,2026-08-05T09:00:00Z,2007080
app/bodegaai-production-alb/31b69d3d76ab5ed1,,RequestCount,2026-08-05T09:00:00Z,2026-08-05T10:00:00Z,2012314
app/bodegaai-production-alb/31b69d3d76ab5ed1,,RequestCount,2026-08-05T10:00:00Z,2026-08-05T11:00:00Z,2026207
app/bodegaai-production-alb/31b69d3d76ab5ed1,,RequestCount,2026-08-05T11:00:00Z,2026-08-05T12:00:00Z,2071323
app/bodegaai-production-alb/31b69d3d76ab5ed1,,RequestCount,2026-08-05T12:00:00Z,2026-08-05T13:00:00Z,2100454
app/bodegaai-production-alb/31b69d3d76ab5ed1,,RequestCount,2026-08-05T13:00:00Z,2026-08-05T14:00:00Z,2141082
app/bodegaai-production-alb/31b69d3d76ab5ed1,,RequestCount,2026-08-05T14:00:00Z,2026-08-05T15:00:00Z,2168368
app/bodegaai-production-alb/31b69d3d76ab5ed1,,RequestCount,2026-08-05T15:00:00Z,2026-08-05T16:00:00Z,2179508
app/bodegaai-production-alb/31b69d3d76ab5ed1,,RequestCount,2026-08-05T16:00:00Z,2026-08-05T17:00:00Z,2184442
app/bodegaai-production-alb/31b69d3d76ab5ed1,,RequestCount,2026-08-05T17:00:00Z,2026-08-05T18:00:00Z,2191893
app/bodegaai-production-alb/31b69d3d76ab5ed1,,RequestCount,2026-08-05T18:00:00Z,2026-08-05T19:00:00Z,2205934
app/bodegaai-production-alb/31b69d3d76ab5ed1,,RequestCount,2026-08-05T19:00:00Z,2026-08-05T20:00:00Z,2217993
app/bodegaai-production-alb/31b69d3d76ab5ed1,,RequestCount,2026-08-05T20:00:00Z,2026-08-05T21:00:00Z,2239971
app/bodegaai-production-alb/31b69d3d76ab5ed1,,RequestCount,2026-08-05T21:00:00Z,2026-08-05T22:00:00Z,2261465
app/bodegaai-production-alb/31b69d3d76ab5ed1,,RequestCount,2026-08-05T22:00:00Z,2026-08-05T23:00:00Z,2256597
app/bodegaai-production-alb/31b69d3d76ab5ed1,,RequestCount,2026-08-05T23:00:00Z,2026-08-06T00:00:00Z,2236213
app/bodegaai-production-alb/31b69d3d76ab5ed1,,RequestCount,2026-08-06T00:00:00Z,2026-08-06T01:00:00Z,2203314
app/bodegaai-production-alb/31b69d3d76ab5ed1,,RequestCount,2026-08-06T01:00:00Z,2026-08-06T02:00:00Z,2158765
app/bodegaai-production-alb/31b69d3d76ab5ed1,,RequestCount,2026-08-06T02:00:00Z,2026-08-06T03:00:00Z,2118921
app/bodegaai-production-alb/31b69d3d76ab5ed1,,RequestCount,2026-08-06T03:00:00Z,2026-08-06T04:00:00Z,2072958
app/bodegaai-production-alb/31b69d3d76ab5ed1,,RequestCount,2026-08-06T04:00:00Z,2026-08-06T05:00:00Z,2021722
app/bodegaai-production-alb/31b69d3d76ab5ed1,,RequestCount,2026-08-06T05:00:00Z,2026-08-06T06:00:00Z,1811804
app/bodegaai-production-alb/31b69d3d76ab5ed1,,RequestCount,2026-08-06T06:00:00Z,2026-08-06T07:00:00Z,2034156
app/bodegaai-production-alb/31b69d3d76ab5ed1,,RequestCount,2026-08-06T07:00:00Z,2026-08-06T08:00:00Z,2016550
app/bodegaai-production-alb/31b69d3d76ab5ed1,,RequestCount,2026-08-06T08:00:00Z,2026-08-06T09:00:00Z,2012232
app/bodegaai-production-alb/31b69d3d76ab5ed1,,RequestCount,2026-08-06T09:00:00Z,2026-08-06T10:00:00Z,2021461
app/bodegaai-production-alb/31b69d3d76ab5ed1,,RequestCount,2026-08-06T10:00:00Z,2026-08-06T11:00:00Z,2035355
app/bodegaai-production-alb/31b69d3d76ab5ed1,,RequestCount,2026-08-06T11:00:00Z,2026-08-06T12:00:00Z,2087819
app/bodegaai-production-alb/31b69d3d76ab5ed1,,RequestCount,2026-08-06T12:00:00Z,2026-08-06T13:00:00Z,2110768
app/bodegaai-production-alb/31b69d3d76ab5ed1,,RequestCount,2026-08-06T13:00:00Z,2026-08-06T14:00:00Z,2153484
app/bodegaai-production-alb/31b69d3d76ab5ed1,,RequestCount,2026-08-06T14:00:00Z,2026-08-06T15:00:00Z,2196293
app/bodegaai-production-alb/31b69d3d76ab5ed1,,RequestCount,2026-08-06T15:00:00Z,2026-08-06T16:00:00Z,2215199
app/bodegaai-production-alb/31b69d3d76ab5ed1,,RequestCount,2026-08-06T16:00:00Z,2026-08-06T17:00:00Z,2220860
app/bodegaai-production-alb/31b69d3d76ab5ed1,,RequestCount,2026-08-06T17:00:00Z,2026-08-06T18:00:00Z,2219712
app/bodegaai-production-alb/31b69d3d76ab5ed1,,RequestCount,2026-08-06T18:00:00Z,2026-08-06T19:00:00Z,2234704
app/bodegaai-production-alb/31b69d3d76ab5ed1,,RequestCount,2026-08-06T19:00:00Z,2026-08-06T20:00:00Z,2246024
app/bodegaai-production-alb/31b69d3d76ab5ed1,,RequestCount,2026-08-06T20:00:00Z,2026-08-06T21:00:00Z,2234435
app/bodegaai-production-alb/31b69d3d76ab5ed1,,RequestCount,2026-08-06T21:00:00Z,2026-08-06T22:00:00Z,2263070
app/bodegaai-production-alb/31b69d3d76ab5ed1,,RequestCount,2026-08-06T22:00:00Z,2026-08-06T23:00:00Z,2260625
app/bodegaai-production-alb/31b69d3d76ab5ed1,,RequestCount,2026-08-06T23:00:00Z,2026-08-07T00:00:00Z,2249191
app/bodegaai-production-alb/31b69d3d76ab5ed1,,RequestCount,2026-08-07T00:00:00Z,2026-08-07T01:00:00Z,2226021
app/bodegaai-production-alb/31b69d3d76ab5ed1,,RequestCount,2026-08-07T01:00:00Z,2026-08-07T02:00:00Z,2201050
app/bodegaai-production-alb/31b69d3d76ab5ed1,,RequestCount,2026-08-07T02:00:00Z,2026-08-07T03:00:00Z,2175206
app/bodegaai-production-alb/31b69d3d76ab5ed1,,RequestCount,2026-08-07T03:00:00Z,2026-08-07T04:00:00Z,2134060
app/bodegaai-production-alb/31b69d3d76ab5ed1,,RequestCount,2026-08-07T04:00:00Z,2026-08-07T05:00:00Z,2087644
app/bodegaai-production-alb/31b69d3d76ab5ed1,,RequestCount,2026-08-07T05:00:00Z,2026-08-07T06:00:00Z,2074425
app/bodegaai-production-alb/31b69d3d76ab5ed1,,RequestCount,2026-08-07T06:00:00Z,2026-08-07T07:00:00Z,2060564
app/bodegaai-production-alb/31b69d3d76ab5ed1,,RequestCount,2026-08-07T07:00:00Z,2026-08-07T08:00:00Z,2049540
app/bodegaai-production-alb/31b69d3d76ab5ed1,,RequestCount,2026-08-07T08:00:00Z,2026-08-07T09:00:00Z,2045137
app/bodegaai-production-alb/31b69d3d76ab5ed1,,RequestCount,2026-08-07T09:00:00Z,2026-08-07T10:00:00Z,2059579
app/bodegaai-production-alb/31b69d3d76ab5ed1,,RequestCount,2026-08-07T10:00:00Z,2026-08-07T11:00:00Z,2074449
app/bodegaai-production-alb/31b69d3d76ab5ed1,,RequestCount,2026-08-07T11:00:00Z,2026-08-07T12:00:00Z,2114678
app/bodegaai-production-alb/31b69d3d76ab5ed1,,RequestCount,2026-08-07T12:00:00Z,2026-08-07T13:00:00Z,2159813
app/bodegaai-production-alb/31b69d3d76ab5ed1,,RequestCount,2026-08-07T13:00:00Z,2026-08-07T14:00:00Z,2197576
app/bodegaai-production-alb/31b69d3d76ab5ed1,,RequestCount,2026-08-07T14:00:00Z,2026-08-07T15:00:00Z,2217716
app/bodegaai-production-alb/31b69d3d76ab5ed1,,RequestCount,2026-08-07T15:00:00Z,2026-08-07T16:00:00Z,2265721
app/bodegaai-production-alb/31b69d3d76ab5ed1,,RequestCount,2026-08-07T16:00:00Z,2026-08-07T17:00:00Z,2261134
app/bodegaai-production-alb/31b69d3d76ab5ed1,,RequestCount,2026-08-07T17:00:00Z,2026-08-07T18:00:00Z,2186805
app/bodegaai-production-alb/31b69d3d76ab5ed1,,RequestCount,2026-08-07T18:00:00Z,2026-08-07T19:00:00Z,2241757
app/bodegaai-production-alb/31b69d3d76ab5ed1,,RequestCount,2026-08-07T19:00:00Z,2026-08-07T20:00:00Z,2275155
app/bodegaai-production-alb/31b69d3d76ab5ed1,,RequestCount,2026-08-07T20:00:00Z,2026-08-07T21:00:00Z,2272716
app/bodegaai-production-alb/31b69d3d76ab5ed1,,RequestCount,2026-08-07T21:00:00Z,2026-08-07T22:00:00Z,2273569
app/bodegaai-production-alb/31b69d3d76ab5ed1,,RequestCount,2026-08-07T22:00:00Z,2026-08-07T23:00:00Z,2227075
app/bodegaai-production-alb/31b69d3d76ab5ed1,,RequestCount,2026-08-07T23:00:00Z,2026-08-08T00:00:00Z,2240058
app/bodegaai-production-alb/31b69d3d76ab5ed1,,RequestCount,2026-08-08T00:00:00Z,2026-08-08T01:00:00Z,2202642
app/bodegaai-production-alb/31b69d3d76ab5ed1,,RequestCount,2026-08-08T01:00:00Z,2026-08-08T02:00:00Z,2157750
app/bodegaai-production-alb/31b69d3d76ab5ed1,,RequestCount,2026-08-08T02:00:00Z,2026-08-08T03:00:00Z,2124558
app/bodegaai-production-alb/31b69d3d76ab5ed1,,RequestCount,2026-08-08T03:00:00Z,2026-08-08T04:00:00Z,2079889
app/bodegaai-production-alb/31b69d3d76ab5ed1,,RequestCount,2026-08-08T04:00:00Z,2026-08-08T05:00:00Z,2044743
app/bodegaai-production-alb/31b69d3d76ab5ed1,,RequestCount,2026-08-08T05:00:00Z,2026-08-08T06:00:00Z,2029216
app/bodegaai-production-alb/31b69d3d76ab5ed1,,RequestCount,2026-08-08T06:00:00Z,2026-08-08T07:00:00Z,2026027
app/bodegaai-production-alb/31b69d3d76ab5ed1,,RequestCount,2026-08-08T07:00:00Z,2026-08-08T08:00:00Z,2008001
app/bodegaai-production-alb/31b69d3d76ab5ed1,,RequestCount,2026-08-08T08:00:00Z,2026-08-08T09:00:00Z,2008911
app/bodegaai-production-alb/31b69d3d76ab5ed1,,RequestCount,2026-08-08T09:00:00Z,2026-08-08T10:00:00Z,2008915
app/bodegaai-production-alb/31b69d3d76ab5ed1,,RequestCount,2026-08-08T10:00:00Z,2026-08-08T11:00:00Z,2014192
app/bodegaai-production-alb/31b69d3d76ab5ed1,,RequestCount,2026-08-08T11:00:00Z,2026-08-08T12:00:00Z,2066623
app/bodegaai-production-alb/31b69d3d76ab5ed1,,RequestCount,2026-08-08T12:00:00Z,2026-08-08T13:00:00Z,2104336
app/bodegaai-production-alb/31b69d3d76ab5ed1,,RequestCount,2026-08-08T13:00:00Z,2026-08-08T14:00:00Z,2164022
app/bodegaai-production-alb/31b69d3d76ab5ed1,,RequestCount,2026-08-08T14:00:00Z,2026-08-08T15:00:00Z,2203743
app/bodegaai-production-alb/31b69d3d76ab5ed1,,RequestCount,2026-08-08T15:00:00Z,2026-08-08T16:00:00Z,2213006
app/bodegaai-production-alb/31b69d3d76ab5ed1,,RequestCount,2026-08-08T16:00:00Z,2026-08-08T17:00:00Z,2212378
app/bodegaai-production-alb/31b69d3d76ab5ed1,,RequestCount,2026-08-08T17:00:00Z,2026-08-08T18:00:00Z,2226375
app/bodegaai-production-alb/31b69d3d76ab5ed1,,RequestCount,2026-08-08T18:00:00Z,2026-08-08T19:00:00Z,2240857
app/bodegaai-production-alb/31b69d3d76ab5ed1,,RequestCount,2026-08-08T19:00:00Z,2026-08-08T20:00:00Z,2234307
app/bodegaai-production-alb/31b69d3d76ab5ed1,,RequestCount,2026-08-08T20:00:00Z,2026-08-08T21:00:00Z,2237077
app/bodegaai-production-alb/31b69d3d76ab5ed1,,RequestCount,2026-08-08T21:00:00Z,2026-08-08T22:00:00Z,2230191
app/bodegaai-production-alb/31b69d3d76ab5ed1,,RequestCount,2026-08-08T22:00:00Z,2026-08-08T23:00:00Z,2234769
app/bodegaai-production-alb/31b69d3d76ab5ed1,,RequestCount,2026-08-08T23:00:00Z,2026-08-09T00:00:00Z,2224749
app/bodegaai-production-alb/31b69d3d76ab5ed1,,RequestCount,2026-08-09T00:00:00Z,2026-08-09T01:00:00Z,2210342
app/bodegaai-production-alb/31b69d3d76ab5ed1,,RequestCount,2026-08-09T01:00:00Z,2026-08-09T02:00:00Z,2193189
app/bodegaai-production-alb/31b69d3d76ab5ed1,,RequestCount,2026-08-09T02:00:00Z,2026-08-09T03:00:00Z,2126797
app/bodegaai-production-alb/31b69d3d76ab5ed1,,RequestCount,2026-08-09T03:00:00Z,2026-08-09T04:00:00Z,2099701
app/bodegaai-production-alb/31b69d3d76ab5ed1,,RequestCount,2026-08-09T04:00:00Z,2026-08-09T05:00:00Z,2099179
app/bodegaai-production-alb/31b69d3d76ab5ed1,,RequestCount,2026-08-09T05:00:00Z,2026-08-09T06:00:00Z,2075696
app/bodegaai-production-alb/31b69d3d76ab5ed1,,RequestCount,2026-08-09T06:00:00Z,2026-08-09T07:00:00Z,2069657
app/bodegaai-production-alb/31b69d3d76ab5ed1,,RequestCount,2026-08-09T07:00:00Z,2026-08-09T08:00:00Z,2041099
app/bodegaai-production-alb/31b69d3d76ab5ed1,,RequestCount,2026-08-09T08:00:00Z,2026-08-09T09:00:00Z,2044785
app/bodegaai-production-alb/31b69d3d76ab5ed1,,RequestCount,2026-08-09T09:00:00Z,2026-08-09T10:00:00Z,2044255
app/bodegaai-production-alb/31b69d3d76ab5ed1,,RequestCount,2026-08-09T10:00:00Z,2026-08-09T11:00:00Z,2041759
app/bodegaai-production-alb/31b69d3d76ab5ed1,,RequestCount,2026-08-09T11:00:00Z,2026-08-09T12:00:00Z,2084739
app/bodegaai-production-alb/31b69d3d76ab5ed1,,RequestCount,2026-08-09T12:00:00Z,2026-08-09T13:00:00Z,2117005
app/bodegaai-production-alb/31b69d3d76ab5ed1,,RequestCount,2026-08-09T13:00:00Z,2026-08-09T14:00:00Z,2151752
app/bodegaai-production-alb/31b69d3d76ab5ed1,,RequestCount,2026-08-09T14:00:00Z,2026-08-09T15:00:00Z,2173747
app/bodegaai-production-alb/31b69d3d76ab5ed1,,RequestCount,2026-08-09T15:00:00Z,2026-08-09T16:00:00Z,2191501
app/bodegaai-production-alb/31b69d3d76ab5ed1,,RequestCount,2026-08-09T16:00:00Z,2026-08-09T17:00:00Z,2203274
app/bodegaai-production-alb/31b69d3d76ab5ed1,,RequestCount,2026-08-09T17:00:00Z,2026-08-09T18:00:00Z,2227207
app/bodegaai-production-alb/31b69d3d76ab5ed1,,RequestCount,2026-08-09T18:00:00Z,2026-08-09T19:00:00Z,2230152
app/bodegaai-production-alb/31b69d3d76ab5ed1,,RequestCount,2026-08-09T19:00:00Z,2026-08-09T20:00:00Z,2212367
app/bodegaai-production-alb/31b69d3d76ab5ed1,,RequestCount,2026-08-09T20:00:00Z,2026-08-09T21:00:00Z,2219274
app/bodegaai-production-alb/31b69d3d76ab5ed1,,RequestCount,2026-08-09T21:00:00Z,2026-08-09T22:00:00Z,2215900
app/bodegaai-production-alb/31b69d3d76ab5ed1,,RequestCount,2026-08-09T22:00:00Z,2026-08-09T23:00:00Z,2196004
app/bodegaai-production-alb/31b69d3d76ab5ed1,,RequestCount,2026-08-09T23:00:00Z,2026-08-10T00:00:00Z,2190884
app/bodegaai-production-alb/31b69d3d76ab5ed1,,RequestCount,2026-08-10T00:00:00Z,2026-08-10T01:00:00Z,2171252
app/bodegaai-production-alb/31b69d3d76ab5ed1,,RequestCount,2026-08-10T01:00:00Z,2026-08-10T02:00:00Z,2142393
app/bodegaai-production-alb/31b69d3d76ab5ed1,,RequestCount,2026-08-10T02:00:00Z,2026-08-10T03:00:00Z,2122644
app/bodegaai-production-alb/31b69d3d76ab5ed1,,RequestCount,2026-08-10T03:00:00Z,2026-08-10T04:00:00Z,2069356
app/bodegaai-production-alb/31b69d3d76ab5ed1,,RequestCount,2026-08-10T04:00:00Z,2026-08-10T05:00:00Z,2035958
app/bodegaai-production-alb/31b69d3d76ab5ed1,,RequestCount,2026-08-10T05:00:00Z,2026-08-10T06:00:00Z,2022337
app/bodegaai-production-alb/31b69d3d76ab5ed1,,RequestCount,2026-08-10T06:00:00Z,2026-08-10T07:00:00Z,2014194
app/bodegaai-production-alb/31b69d3d76ab5ed1,,RequestCount,2026-08-10T07:00:00Z,2026-08-10T08:00:00Z,2017466
app/bodegaai-production-alb/31b69d3d76ab5ed1,,RequestCount,2026-08-10T08:00:00Z,2026-08-10T09:00:00Z,2011547
app/bodegaai-production-alb/31b69d3d76ab5ed1,,RequestCount,2026-08-10T09:00:00Z,2026-08-10T10:00:00Z,2023267
app/bodegaai-production-alb/31b69d3d76ab5ed1,,RequestCount,2026-08-10T10:00:00Z,2026-08-10T11:00:00Z,2040051
app/bodegaai-production-alb/31b69d3d76ab5ed1,,RequestCount,2026-08-10T11:00:00Z,2026-08-10T12:00:00Z,2064326
app/bodegaai-production-alb/31b69d3d76ab5ed1,,RequestCount,2026-08-10T12:00:00Z,2026-08-10T13:00:00Z,2093955
app/bodegaai-production-alb/31b69d3d76ab5ed1,,RequestCount,2026-08-10T13:00:00Z,2026-08-10T14:00:00Z,2150615
app/bodegaai-production-alb/31b69d3d76ab5ed1,,RequestCount,2026-08-10T14:00:00Z,2026-08-10T15:00:00Z,2181188
app/bodegaai-production-alb/31b69d3d76ab5ed1,,RequestCount,2026-08-10T15:00:00Z,2026-08-10T16:00:00Z,2219829
app/bodegaai-production-alb/31b69d3d76ab5ed1,,RequestCount,2026-08-10T16:00:00Z,2026-08-10T17:00:00Z,2231945
app/bodegaai-production-alb/31b69d3d76ab5ed1,,RequestCount,2026-08-10T17:00:00Z,2026-08-10T18:00:00Z,2209496
app/bodegaai-production-alb/31b69d3d76ab5ed1,,RequestCount,2026-08-10T18:00:00Z,2026-08-10T19:00:00Z,2228481
app/bodegaai-production-alb/31b69d3d76ab5ed1,,RequestCount,2026-08-10T19:00:00Z,2026-08-10T20:00:00Z,2230435
app/bodegaai-production-alb/31b69d3d76ab5ed1,,RequestCount,2026-08-10T20:00:00Z,2026-08-10T21:00:00Z,2242095
app/bodegaai-production-alb/31b69d3d76ab5ed1,,RequestCount,2026-08-10T21:00:00Z,2026-08-10T22:00:00Z,2245250
app/bodegaai-production-alb/31b69d3d76ab5ed1,,RequestCount,2026-08-10T22:00:00Z,2026-08-10T23:00:00Z,2240536
app/bodegaai-production-alb/31b69d3d76ab5ed1,,RequestCount,2026-08-10T23:00:00Z,2026-08-11T00:00:00Z,2212573
app/bodegaai-production-alb/31b69d3d76ab5ed1,,RequestCount,2026-08-11T00:00:00Z,2026-08-11T01:00:00Z,2185763
app/bodegaai-production-alb/31b69d3d76ab5ed1,,RequestCount,2026-08-11T01:00:00Z,2026-08-11T02:00:00Z,2156550
app/bodegaai-production-alb/31b69d3d76ab5ed1,,RequestCount,2026-08-11T02:00:00Z,2026-08-11T03:00:00Z,2120818
app/bodegaai-production-alb/31b69d3d76ab5ed1,,RequestCount,2026-08-11T03:00:00Z,2026-08-11T04:00:00Z,2092727
app/bodegaai-production-alb/31b69d3d76ab5ed1,,RequestCount,2026-08-11T04:00:00Z,2026-08-11T05:00:00Z,2073789
app/bodegaai-production-alb/31b69d3d76ab5ed1,,RequestCount,2026-08-11T05:00:00Z,2026-08-11T06:00:00Z,2058512
app/bodegaai-production-alb/31b69d3d76ab5ed1,,RequestCount,2026-08-11T06:00:00Z,2026-08-11T07:00:00Z,2052351
app/bodegaai-production-alb/31b69d3d76ab5ed1,,RequestCount,2026-08-11T07:00:00Z,2026-08-11T08:00:00Z,2022069
app/bodegaai-production-alb/31b69d3d76ab5ed1,,RequestCount,2026-08-11T08:00:00Z,2026-08-11T09:00:00Z,2067318
app/bodegaai-production-alb/31b69d3d76ab5ed1,,RequestCount,2026-08-11T09:00:00Z,2026-08-11T10:00:00Z,2087903
app/bodegaai-production-alb/31b69d3d76ab5ed1,,RequestCount,2026-08-11T10:00:00Z,2026-08-11T11:00:00Z,2100501
app/bodegaai-production-alb/31b69d3d76ab5ed1,,RequestCount,2026-08-11T11:00:00Z,2026-08-11T12:00:00Z,2139849
app/bodegaai-production-alb/31b69d3d76ab5ed1,,RequestCount,2026-08-11T12:00:00Z,2026-08-11T13:00:00Z,2172107
app/bodegaai-production-alb/31b69d3d76ab5ed1,,RequestCount,2026-08-11T13:00:00Z,2026-08-11T14:00:00Z,2202243
app/bodegaai-production-alb/31b69d3d76ab5ed1,,RequestCount,2026-08-11T14:00:00Z,2026-08-11T15:00:00Z,2215041
app/bodegaai-production-alb/31b69d3d76ab5ed1,,RequestCount,2026-08-11T15:00:00Z,2026-08-11T16:00:00Z,2230498
app/bodegaai-production-alb/31b69d3d76ab5ed1,,RequestCount,2026-08-11T16:00:00Z,2026-08-11T17:00:00Z,2271335
app/bodegaai-production-alb/31b69d3d76ab5ed1,,RequestCount,2026-08-11T17:00:00Z,2026-08-11T18:00:00Z,2290054
app/bodegaai-production-alb/31b69d3d76ab5ed1,,RequestCount,2026-08-11T18:00:00Z,2026-08-11T19:00:00Z,2268226
app/bodegaai-production-alb/31b69d3d76ab5ed1,,RequestCount,2026-08-11T19:00:00Z,2026-08-11T20:00:00Z,2151053
app/bodegaai-production-alb/31b69d3d76ab5ed1,,RequestCount,2026-08-11T20:00:00Z,2026-08-11T21:00:00Z,2228402
app/bodegaai-production-alb/31b69d3d76ab5ed1,,RequestCount,2026-08-11T21:00:00Z,2026-08-11T22:00:00Z,2210532
app/bodegaai-production-alb/31b69d3d76ab5ed1,,RequestCount,2026-08-11T22:00:00Z,2026-08-11T23:00:00Z,2203755
app/bodegaai-production-alb/31b69d3d76ab5ed1,,RequestCount,2026-08-11T23:00:00Z,2026-08-12T00:00:00Z,2191347
app/bodegaai-production-alb/31b69d3d76ab5ed1,,RequestCount,2026-08-12T00:00:00Z,2026-08-12T01:00:00Z,2192804
app/bodegaai-production-alb/31b69d3d76ab5ed1,,RequestCount,2026-08-12T01:00:00Z,2026-08-12T02:00:00Z,2167342
app/bodegaai-production-alb/31b69d3d76ab5ed1,,RequestCount,2026-08-12T02:00:00Z,2026-08-12T03:00:00Z,2124219
app/bodegaai-production-alb/31b69d3d76ab5ed1,,RequestCount,2026-08-12T03:00:00Z,2026-08-12T04:00:00Z,2073510
app/bodegaai-production-alb/31b69d3d76ab5ed1,,RequestCount,2026-08-12T04:00:00Z,2026-08-12T05:00:00Z,2022260
app/bodegaai-production-alb/31b69d3d76ab5ed1,,RequestCount,2026-08-12T05:00:00Z,2026-08-12T06:00:00Z,2024282
app/bodegaai-production-alb/31b69d3d76ab5ed1,,RequestCount,2026-08-12T06:00:00Z,2026-08-12T07:00:00Z,2030600
app/bodegaai-production-alb/31b69d3d76ab5ed1,,RequestCount,2026-08-12T07:00:00Z,2026-08-12T08:00:00Z,2028163
app/bodegaai-production-alb/31b69d3d76ab5ed1,,RequestCount,2026-08-12T08:00:00Z,2026-08-12T09:00:00Z,2034796
app/bodegaai-production-alb/31b69d3d76ab5ed1,,RequestCount,2026-08-12T09:00:00Z,2026-08-12T10:00:00Z,2052129
app/bodegaai-production-alb/31b69d3d76ab5ed1,,RequestCount,2026-08-12T10:00:00Z,2026-08-12T11:00:00Z,2027299
app/bodegaai-production-alb/31b69d3d76ab5ed1,,RequestCount,2026-08-12T11:00:00Z,2026-08-12T12:00:00Z,2099207
app/bodegaai-production-alb/31b69d3d76ab5ed1,,RequestCount,2026-08-12T12:00:00Z,2026-08-12T13:00:00Z,2137720
app/bodegaai-production-alb/31b69d3d76ab5ed1,,RequestCount,2026-08-12T13:00:00Z,2026-08-12T14:00:00Z,2199768
app/bodegaai-production-alb/31b69d3d76ab5ed1,,RequestCount,2026-08-12T14:00:00Z,2026-08-12T15:00:00Z,2239654
app/bodegaai-production-alb/31b69d3d76ab5ed1,,RequestCount,2026-08-12T15:00:00Z,2026-08-12T16:00:00Z,2268714
app/bodegaai-production-alb/31b69d3d76ab5ed1,,RequestCount,2026-08-12T16:00:00Z,2026-08-12T17:00:00Z,2280897
app/bodegaai-production-alb/31b69d3d76ab5ed1,,RequestCount,2026-08-12T17:00:00Z,2026-08-12T18:00:00Z,2302058
app/bodegaai-production-alb/31b69d3d76ab5ed1,,RequestCount,2026-08-12T18:00:00Z,2026-08-12T19:00:00Z,2307279
app/bodegaai-production-alb/31b69d3d76ab5ed1,,RequestCount,2026-08-12T19:00:00Z,2026-08-12T20:00:00Z,2318161
app/bodegaai-production-alb/31b69d3d76ab5ed1,,RequestCount,2026-08-12T20:00:00Z,2026-08-12T21:00:00Z,2301900
app/bodegaai-production-alb/31b69d3d76ab5ed1,,RequestCount,2026-08-12T21:00:00Z,2026-08-12T22:00:00Z,2309478
app/bodegaai-production-alb/31b69d3d76ab5ed1,,RequestCount,2026-08-12T22:00:00Z,2026-08-12T23:00:00Z,2304449
app/bodegaai-production-alb/31b69d3d76ab5ed1,,RequestCount,2026-08-12T23:00:00Z,2026-08-13T00:00:00Z,2286937
app/bodegaai-production-alb/31b69d3d76ab5ed1,,RequestCount,2026-08-13T00:00:00Z,2026-08-13T01:00:00Z,2277658
app/bodegaai-production-alb/31b69d3d76ab5ed1,,RequestCount,2026-08-13T01:00:00Z,2026-08-13T02:00:00Z,2237337
app/bodegaai-production-alb/31b69d3d76ab5ed1,,RequestCount,2026-08-13T02:00:00Z,2026-08-13T03:00:00Z,2199528
app/bodegaai-production-alb/31b69d3d76ab5ed1,,RequestCount,2026-08-13T03:00:00Z,2026-08-13T04:00:00Z,2153604
app/bodegaai-production-alb/31b69d3d76ab5ed1,,RequestCount,2026-08-13T04:00:00Z,2026-08-13T05:00:00Z,2128245
app/bodegaai-production-alb/31b69d3d76ab5ed1,,RequestCount,2026-08-13T05:00:00Z,2026-08-13T06:00:00Z,2118077
app/bodegaai-production-alb/31b69d3d76ab5ed1,,RequestCount,2026-08-13T06:00:00Z,2026-08-13T07:00:00Z,2080320
app/bodegaai-production-alb/31b69d3d76ab5ed1,,RequestCount,2026-08-13T07:00:00Z,2026-08-13T08:00:00Z,2094932
app/bodegaai-production-alb/31b69d3d76ab5ed1,,RequestCount,2026-08-13T08:00:00Z,2026-08-13T09:00:00Z,2107501
app/bodegaai-production-alb/31b69d3d76ab5ed1,,RequestCount,2026-08-13T09:00:00Z,2026-08-13T10:00:00Z,2116088
app/bodegaai-production-alb/31b69d3d76ab5ed1,,RequestCount,2026-08-13T10:00:00Z,2026-08-13T11:00:00Z,2131128
app/bodegaai-production-alb/31b69d3d76ab5ed1,,RequestCount,2026-08-13T11:00:00Z,2026-08-13T12:00:00Z,2165450
app/bodegaai-production-alb/31b69d3d76ab5ed1,,RequestCount,2026-08-13T12:00:00Z,2026-08-13T13:00:00Z,2203984
app/bodegaai-production-alb/31b69d3d76ab5ed1,,RequestCount,2026-08-13T13:00:00Z,2026-08-13T14:00:00Z,2226932
app/bodegaai-production-alb/31b69d3d76ab5ed1,,RequestCount,2026-08-13T14:00:00Z,2026-08-13T15:00:00Z,2232977
app/bodegaai-production-alb/31b69d3d76ab5ed1,,RequestCount,2026-08-13T15:00:00Z,2026-08-13T16:00:00Z,2262647
app/bodegaai-production-alb/31b69d3d76ab5ed1,,RequestCount,2026-08-13T16:00:00Z,2026-08-13T17:00:00Z,2284342
app/bodegaai-production-alb/31b69d3d76ab5ed1,,RequestCount,2026-08-13T17:00:00Z,2026-08-13T18:00:00Z,2306847
app/bodegaai-production-alb/31b69d3d76ab5ed1,,RequestCount,2026-08-13T18:00:00Z,2026-08-13T19:00:00Z,2313959
app/bodegaai-production-alb/31b69d3d76ab5ed1,,RequestCount,2026-08-13T19:00:00Z,2026-08-13T20:00:00Z,2305741
app/bodegaai-production-alb/31b69d3d76ab5ed1,,RequestCount,2026-08-13T20:00:00Z,2026-08-13T21:00:00Z,2321983
app/bodegaai-production-alb/31b69d3d76ab5ed1,,RequestCount,2026-08-13T21:00:00Z,2026-08-13T22:00:00Z,2335060
app/bodegaai-production-alb/31b69d3d76ab5ed1,,RequestCount,2026-08-13T22:00:00Z,2026-08-13T23:00:00Z,2324502
app/bodegaai-production-alb/31b69d3d76ab5ed1,,RequestCount,2026-08-13T23:00:00Z,2026-08-14T00:00:00Z,2211819
app/bodegaai-production-alb/31b69d3d76ab5ed1,,RequestCount,2026-08-14T00:00:00Z,2026-08-14T01:00:00Z,2309178
app/bodegaai-production-alb/31b69d3d76ab5ed1,,RequestCount,2026-08-14T01:00:00Z,2026-08-14T02:00:00Z,2287314
app/bodegaai-production-alb/31b69d3d76ab5ed1,,RequestCount,2026-08-14T02:00:00Z,2026-08-14T03:00:00Z,2244859
app/bodegaai-production-alb/31b69d3d76ab5ed1,,RequestCount,2026-08-14T03:00:00Z,2026-08-14T04:00:00Z,2188723
app/bodegaai-production-alb/31b69d3d76ab5ed1,,RequestCount,2026-08-14T04:00:00Z,2026-08-14T05:00:00Z,2138746
app/bodegaai-production-alb/31b69d3d76ab5ed1,,RequestCount,2026-08-14T05:00:00Z,2026-08-14T06:00:00Z,2120951
app/bodegaai-production-alb/31b69d3d76ab5ed1,,RequestCount,2026-08-14T06:00:00Z,2026-08-14T07:00:00Z,2123652
app/bodegaai-production-alb/31b69d3d76ab5ed1,,RequestCount,2026-08-14T07:00:00Z,2026-08-14T08:00:00Z,2116705
app/bodegaai-production-alb/31b69d3d76ab5ed1,,RequestCount,2026-08-14T08:00:00Z,2026-08-14T09:00:00Z,2097954
app/bodegaai-production-alb/31b69d3d76ab5ed1,,RequestCount,2026-08-14T09:00:00Z,2026-08-14T10:00:00Z,2115032
app/bodegaai-production-alb/31b69d3d76ab5ed1,,RequestCount,2026-08-14T10:00:00Z,2026-08-14T11:00:00Z,2139334
app/bodegaai-production-alb/31b69d3d76ab5ed1,,RequestCount,2026-08-14T11:00:00Z,2026-08-14T12:00:00Z,2179784
app/bodegaai-production-alb/31b69d3d76ab5ed1,,RequestCount,2026-08-14T12:00:00Z,2026-08-14T13:00:00Z,2189921
app/bodegaai-production-alb/31b69d3d76ab5ed1,,RequestCount,2026-08-14T13:00:00Z,2026-08-14T14:00:00Z,2164741
app/bodegaai-production-alb/31b69d3d76ab5ed1,,RequestCount,2026-08-14T14:00:00Z,2026-08-14T15:00:00Z,2181384
app/bodegaai-production-alb/31b69d3d76ab5ed1,,RequestCount,2026-08-14T15:00:00Z,2026-08-14T16:00:00Z,2321726
app/bodegaai-production-alb/31b69d3d76ab5ed1,,RequestCount,2026-08-14T16:00:00Z,2026-08-14T17:00:00Z,2330878
app/bodegaai-production-alb/31b69d3d76ab5ed1,,RequestCount,2026-08-14T17:00:00Z,2026-08-14T18:00:00Z,2286235
app/bodegaai-production-alb/31b69d3d76ab5ed1,,RequestCount,2026-08-14T18:00:00Z,2026-08-14T19:00:00Z,2346799
app/bodegaai-production-alb/31b69d3d76ab5ed1,,RequestCount,2026-08-14T19:00:00Z,2026-08-14T20:00:00Z,2347854
app/bodegaai-production-alb/31b69d3d76ab5ed1,,RequestCount,2026-08-14T20:00:00Z,2026-08-14T21:00:00Z,2358037
app/bodegaai-production-alb/31b69d3d76ab5ed1,,RequestCount,2026-08-14T21:00:00Z,2026-08-14T22:00:00Z,2359687
app/bodegaai-production-alb/31b69d3d76ab5ed1,,RequestCount,2026-08-14T22:00:00Z,2026-08-14T23:00:00Z,2326236
app/bodegaai-production-alb/31b69d3d76ab5ed1,,RequestCount,2026-08-14T23:00:00Z,2026-08-15T00:00:00Z,2310672
app/bodegaai-production-alb/31b69d3d76ab5ed1,,RequestCount,2026-08-15T00:00:00Z,2026-08-15T01:00:00Z,2309880
app/bodegaai-production-alb/31b69d3d76ab5ed1,,RequestCount,2026-08-15T01:00:00Z,2026-08-15T02:00:00Z,2267360
app/bodegaai-production-alb/31b69d3d76ab5ed1,,RequestCount,2026-08-15T02:00:00Z,2026-08-15T03:00:00Z,2229910
app/bodegaai-production-alb/31b69d3d76ab5ed1,,RequestCount,2026-08-15T03:00:00Z,2026-08-15T04:00:00Z,2176048
app/bodegaai-production-alb/31b69d3d76ab5ed1,,RequestCount,2026-08-15T04:00:00Z,2026-08-15T05:00:00Z,2127114
app/bodegaai-production-alb/31b69d3d76ab5ed1,,RequestCount,2026-08-15T05:00:00Z,2026-08-15T06:00:00Z,2117313
app/bodegaai-production-alb/31b69d3d76ab5ed1,,RequestCount,2026-08-15T06:00:00Z,2026-08-15T07:00:00Z,2101715
app/bodegaai-production-alb/31b69d3d76ab5ed1,,RequestCount,2026-08-15T07:00:00Z,2026-08-15T08:00:00Z,2087381
app/bodegaai-production-alb/31b69d3d76ab5ed1,,RequestCount,2026-08-15T08:00:00Z,2026-08-15T09:00:00Z,2086938
app/bodegaai-production-alb/31b69d3d76ab5ed1,,RequestCount,2026-08-15T09:00:00Z,2026-08-15T10:00:00Z,2082097
app/bodegaai-production-alb/31b69d3d76ab5ed1,,RequestCount,2026-08-15T10:00:00Z,2026-08-15T11:00:00Z,2087522
app/bodegaai-production-alb/31b69d3d76ab5ed1,,RequestCount,2026-08-15T11:00:00Z,2026-08-15T12:00:00Z,2151385
app/bodegaai-production-alb/31b69d3d76ab5ed1,,RequestCount,2026-08-15T12:00:00Z,2026-08-15T13:00:00Z,2207883
app/bodegaai-production-alb/31b69d3d76ab5ed1,,RequestCount,2026-08-15T13:00:00Z,2026-08-15T14:00:00Z,2257192
app/bodegaai-production-alb/31b69d3d76ab5ed1,,RequestCount,2026-08-15T14:00:00Z,2026-08-15T15:00:00Z,2290545
app/bodegaai-production-alb/31b69d3d76ab5ed1,,RequestCount,2026-08-15T15:00:00Z,2026-08-15T16:00:00Z,2298195
app/bodegaai-production-alb/31b69d3d76ab5ed1,,RequestCount,2026-08-15T16:00:00Z,2026-08-15T17:00:00Z,2313683
app/bodegaai-production-alb/31b69d3d76ab5ed1,,RequestCount,2026-08-15T17:00:00Z,2026-08-15T18:00:00Z,2312307
app/bodegaai-production-alb/31b69d3d76ab5ed1,,RequestCount,2026-08-15T18:00:00Z,2026-08-15T19:00:00Z,2313048
app/bodegaai-production-alb/31b69d3d76ab5ed1,,RequestCount,2026-08-15T19:00:00Z,2026-08-15T20:00:00Z,2349916
app/bodegaai-production-alb/31b69d3d76ab5ed1,,RequestCount,2026-08-15T20:00:00Z,2026-08-15T21:00:00Z,2345150
app/bodegaai-production-alb/31b69d3d76ab5ed1,,RequestCount,2026-08-15T21:00:00Z,2026-08-15T22:00:00Z,2342474
app/bodegaai-production-alb/31b69d3d76ab5ed1,,RequestCount,2026-08-15T22:00:00Z,2026-08-15T23:00:00Z,2335802
app/bodegaai-production-alb/31b69d3d76ab5ed1,,RequestCount,2026-08-15T23:00:00Z,2026-08-16T00:00:00Z,2329684
app/bodegaai-production-alb/31b69d3d76ab5ed1,,RequestCount,2026-08-16T00:00:00Z,2026-08-16T01:00:00Z,2334051
app/bodegaai-production-alb/31b69d3d76ab5ed1,,RequestCount,2026-08-16T01:00:00Z,2026-08-16T02:00:00Z,2307840
app/bodegaai-production-alb/31b69d3d76ab5ed1,,RequestCount,2026-08-16T02:00:00Z,2026-08-16T03:00:00Z,2273701
app/bodegaai-production-alb/31b69d3d76ab5ed1,,RequestCount,2026-08-16T03:00:00Z,2026-08-16T04:00:00Z,2221066
app/bodegaai-production-alb/31b69d3d76ab5ed1,,RequestCount,2026-08-16T04:00:00Z,2026-08-16T05:00:00Z,2190167
app/bodegaai-production-alb/31b69d3d76ab5ed1,,RequestCount,2026-08-16T05:00:00Z,2026-08-16T06:00:00Z,2174139
app/bodegaai-production-alb/31b69d3d76ab5ed1,,RequestCount,2026-08-16T06:00:00Z,2026-08-16T07:00:00Z,2163828
app/bodegaai-production-alb/31b69d3d76ab5ed1,,RequestCount,2026-08-16T07:00:00Z,2026-08-16T08:00:00Z,2138172
app/bodegaai-production-alb/31b69d3d76ab5ed1,,RequestCount,2026-08-16T08:00:00Z,2026-08-16T09:00:00Z,2135286
app/bodegaai-production-alb/31b69d3d76ab5ed1,,RequestCount,2026-08-16T09:00:00Z,2026-08-16T10:00:00Z,2133499
app/bodegaai-production-alb/31b69d3d76ab5ed1,,RequestCount,2026-08-16T10:00:00Z,2026-08-16T11:00:00Z,2132982
app/bodegaai-production-alb/31b69d3d76ab5ed1,,RequestCount,2026-08-16T11:00:00Z,2026-08-16T12:00:00Z,2159143
app/bodegaai-production-alb/31b69d3d76ab5ed1,,RequestCount,2026-08-16T12:00:00Z,2026-08-16T13:00:00Z,2189269
app/bodegaai-production-alb/31b69d3d76ab5ed1,,RequestCount,2026-08-16T13:00:00Z,2026-08-16T14:00:00Z,2227716
app/bodegaai-production-alb/31b69d3d76ab5ed1,,RequestCount,2026-08-16T14:00:00Z,2026-08-16T15:00:00Z,2268741
app/bodegaai-production-alb/31b69d3d76ab5ed1,,RequestCount,2026-08-16T15:00:00Z,2026-08-16T16:00:00Z,2272258
app/bodegaai-production-alb/31b69d3d76ab5ed1,,RequestCount,2026-08-16T16:00:00Z,2026-08-16T17:00:00Z,2276023
app/bodegaai-production-alb/31b69d3d76ab5ed1,,RequestCount,2026-08-16T17:00:00Z,2026-08-16T18:00:00Z,2307699
app/bodegaai-production-alb/31b69d3d76ab5ed1,,RequestCount,2026-08-16T18:00:00Z,2026-08-16T19:00:00Z,2300455
app/bodegaai-production-alb/31b69d3d76ab5ed1,,RequestCount,2026-08-16T19:00:00Z,2026-08-16T20:00:00Z,2298612
app/bodegaai-production-alb/31b69d3d76ab5ed1,,RequestCount,2026-08-16T20:00:00Z,2026-08-16T21:00:00Z,2302385
app/bodegaai-production-alb/31b69d3d76ab5ed1,,RequestCount,2026-08-16T21:00:00Z,2026-08-16T22:00:00Z,2306054
app/bodegaai-production-alb/31b69d3d76ab5ed1,,RequestCount,2026-08-16T22:00:00Z,2026-08-16T23:00:00Z,2293973
app/bodegaai-production-alb/31b69d3d76ab5ed1,,RequestCount,2026-08-16T23:00:00Z,2026-08-17T00:00:00Z,2293819
app/bodegaai-production-alb/31b69d3d76ab5ed1,,RequestCount,2026-08-17T00:00:00Z,2026-08-17T01:00:00Z,2274304
app/bodegaai-production-alb/31b69d3d76ab5ed1,,RequestCount,2026-08-17T01:00:00Z,2026-08-17T02:00:00Z,2248090
app/bodegaai-production-alb/31b69d3d76ab5ed1,,RequestCount,2026-08-17T02:00:00Z,2026-08-17T03:00:00Z,2216890
app/bodegaai-production-alb/31b69d3d76ab5ed1,,RequestCount,2026-08-17T03:00:00Z,2026-08-17T04:00:00Z,2169054
app/bodegaai-production-alb/31b69d3d76ab5ed1,,RequestCount,2026-08-17T04:00:00Z,2026-08-17T05:00:00Z,2143724
app/bodegaai-production-alb/31b69d3d76ab5ed1,,RequestCount,2026-08-17T05:00:00Z,2026-08-17T06:00:00Z,2123516
app/bodegaai-production-alb/31b69d3d76ab5ed1,,RequestCount,2026-08-17T06:00:00Z,2026-08-17T07:00:00Z,2117465
app/bodegaai-production-alb/31b69d3d76ab5ed1,,RequestCount,2026-08-17T07:00:00Z,2026-08-17T08:00:00Z,2110558
app/bodegaai-production-alb/31b69d3d76ab5ed1,,RequestCount,2026-08-17T08:00:00Z,2026-08-17T09:00:00Z,2105443
app/bodegaai-production-alb/31b69d3d76ab5ed1,,RequestCount,2026-08-17T09:00:00Z,2026-08-17T10:00:00Z,2126304
app/bodegaai-production-alb/31b69d3d76ab5ed1,,RequestCount,2026-08-17T10:00:00Z,2026-08-17T11:00:00Z,2141423
app/bodegaai-production-alb/31b69d3d76ab5ed1,,RequestCount,2026-08-17T11:00:00Z,2026-08-17T12:00:00Z,2170855
app/bodegaai-production-alb/31b69d3d76ab5ed1,,RequestCount,2026-08-17T12:00:00Z,2026-08-17T13:00:00Z,2199476
app/bodegaai-production-alb/31b69d3d76ab5ed1,,RequestCount,2026-08-17T13:00:00Z,2026-08-17T14:00:00Z,2243747
app/bodegaai-production-alb/31b69d3d76ab5ed1,,RequestCount,2026-08-17T14:00:00Z,2026-08-17T15:00:00Z,2240449
app/bodegaai-production-alb/31b69d3d76ab5ed1,,RequestCount,2026-08-17T15:00:00Z,2026-08-17T16:00:00Z,2269927
app/bodegaai-production-alb/31b69d3d76ab5ed1,,RequestCount,2026-08-17T16:00:00Z,2026-08-17T17:00:00Z,2286148
app/bodegaai-production-alb/31b69d3d76ab5ed1,,RequestCount,2026-08-17T17:00:00Z,2026-08-17T18:00:00Z,2285233
app/bodegaai-production-alb/31b69d3d76ab5ed1,,RequestCount,2026-08-17T18:00:00Z,2026-08-17T19:00:00Z,2281501
app/bodegaai-production-alb/31b69d3d76ab5ed1,,RequestCount,2026-08-17T19:00:00Z,2026-08-17T20:00:00Z,2301120
app/bodegaai-production-alb/31b69d3d76ab5ed1,,RequestCount,2026-08-17T20:00:00Z,2026-08-17T21:00:00Z,2316167
app/bodegaai-production-alb/31b69d3d76ab5ed1,,RequestCount,2026-08-17T21:00:00Z,2026-08-17T22:00:00Z,2316362
app/bodegaai-production-alb/31b69d3d76ab5ed1,,RequestCount,2026-08-17T22:00:00Z,2026-08-17T23:00:00Z,2319648
app/bodegaai-production-alb/31b69d3d76ab5ed1,,RequestCount,2026-08-17T23:00:00Z,2026-08-18T00:00:00Z,2316848
app/bodegaai-production-alb/31b69d3d76ab5ed1,,RequestCount,2026-08-18T00:00:00Z,2026-08-18T01:00:00Z,2310358
app/bodegaai-production-alb/31b69d3d76ab5ed1,,RequestCount,2026-08-18T01:00:00Z,2026-08-18T02:00:00Z,2286991
app/bodegaai-production-alb/31b69d3d76ab5ed1,,RequestCount,2026-08-18T02:00:00Z,2026-08-18T03:00:00Z,2263980
app/bodegaai-production-alb/31b69d3d76ab5ed1,,RequestCount,2026-08-18T03:00:00Z,2026-08-18T04:00:00Z,2218574
app/bodegaai-production-alb/31b69d3d76ab5ed1,,RequestCount,2026-08-18T04:00:00Z,2026-08-18T05:00:00Z,2184455
app/bodegaai-production-alb/31b69d3d76ab5ed1,,RequestCount,2026-08-18T05:00:00Z,2026-08-18T06:00:00Z,2175512
app/bodegaai-production-alb/31b69d3d76ab5ed1,,RequestCount,2026-08-18T06:00:00Z,2026-08-18T07:00:00Z,2166677
app/bodegaai-production-alb/31b69d3d76ab5ed1,,RequestCount,2026-08-18T07:00:00Z,2026-08-18T08:00:00Z,2166734
app/bodegaai-production-alb/31b69d3d76ab5ed1,,RequestCount,2026-08-18T08:00:00Z,2026-08-18T09:00:00Z,2154368
app/bodegaai-production-alb/31b69d3d76ab5ed1,,RequestCount,2026-08-18T09:00:00Z,2026-08-18T10:00:00Z,2157922
app/bodegaai-production-alb/31b69d3d76ab5ed1,,RequestCount,2026-08-18T10:00:00Z,2026-08-18T11:00:00Z,2165408
app/bodegaai-production-alb/31b69d3d76ab5ed1,,RequestCount,2026-08-18T11:00:00Z,2026-08-18T12:00:00Z,2217275
app/bodegaai-production-alb/31b69d3d76ab5ed1,,RequestCount,2026-08-18T12:00:00Z,2026-08-18T13:00:00Z,2237869
app/bodegaai-production-alb/31b69d3d76ab5ed1,,RequestCount,2026-08-18T13:00:00Z,2026-08-18T14:00:00Z,2263711
app/bodegaai-production-alb/31b69d3d76ab5ed1,,RequestCount,2026-08-18T14:00:00Z,2026-08-18T15:00:00Z,2293787
app/bodegaai-production-alb/31b69d3d76ab5ed1,,RequestCount,2026-08-18T15:00:00Z,2026-08-18T16:00:00Z,2315240
app/bodegaai-production-alb/31b69d3d76ab5ed1,,RequestCount,2026-08-18T16:00:00Z,2026-08-18T17:00:00Z,2339685
app/bodegaai-production-alb/31b69d3d76ab5ed1,,RequestCount,2026-08-18T17:00:00Z,2026-08-18T18:00:00Z,2347818
app/bodegaai-production-alb/31b69d3d76ab5ed1,,RequestCount,2026-08-18T18:00:00Z,2026-08-18T19:00:00Z,2338967
app/bodegaai-production-alb/31b69d3d76ab5ed1,,RequestCount,2026-08-18T19:00:00Z,2026-08-18T20:00:00Z,2334276
app/bodegaai-production-alb/31b69d3d76ab5ed1,,RequestCount,2026-08-18T20:00:00Z,2026-08-18T21:00:00Z,2328758
app/bodegaai-production-alb/31b69d3d76ab5ed1,,RequestCount,2026-08-18T21:00:00Z,2026-08-18T22:00:00Z,2341688
app/bodegaai-production-alb/31b69d3d76ab5ed1,,RequestCount,2026-08-18T22:00:00Z,2026-08-18T23:00:00Z,2326089
app/bodegaai-production-alb/31b69d3d76ab5ed1,,RequestCount,2026-08-18T23:00:00Z,2026-08-19T00:00:00Z,2324714
app/bodegaai-production-alb/31b69d3d76ab5ed1,,RequestCount,2026-08-19T00:00:00Z,2026-08-19T01:00:00Z,2309385
app/bodegaai-production-alb/31b69d3d76ab5ed1,,RequestCount,2026-08-19T01:00:00Z,2026-08-19T02:00:00Z,2278916
app/bodegaai-production-alb/31b69d3d76ab5ed1,,RequestCount,2026-08-19T02:00:00Z,2026-08-19T03:00:00Z,2242298
app/bodegaai-production-alb/31b69d3d76ab5ed1,,RequestCount,2026-08-19T03:00:00Z,2026-08-19T04:00:00Z,2189255
app/bodegaai-production-alb/31b69d3d76ab5ed1,,RequestCount,2026-08-19T04:00:00Z,2026-08-19T05:00:00Z,2158112
app/bodegaai-production-alb/31b69d3d76ab5ed1,,RequestCount,2026-08-19T05:00:00Z,2026-08-19T06:00:00Z,2146173
app/bodegaai-production-alb/31b69d3d76ab5ed1,,RequestCount,2026-08-19T06:00:00Z,2026-08-19T07:00:00Z,2137460
app/bodegaai-production-alb/31b69d3d76ab5ed1,,RequestCount,2026-08-19T07:00:00Z,2026-08-19T08:00:00Z,2134036
app/bodegaai-production-alb/31b69d3d76ab5ed1,,RequestCount,2026-08-19T08:00:00Z,2026-08-19T09:00:00Z,2131616
app/bodegaai-production-alb/31b69d3d76ab5ed1,,RequestCount,2026-08-19T09:00:00Z,2026-08-19T10:00:00Z,2146688
app/bodegaai-production-alb/31b69d3d76ab5ed1,,RequestCount,2026-08-19T10:00:00Z,2026-08-19T11:00:00Z,2161795
app/bodegaai-production-alb/31b69d3d76ab5ed1,,RequestCount,2026-08-19T11:00:00Z,2026-08-19T12:00:00Z,2200794
app/bodegaai-production-alb/31b69d3d76ab5ed1,,RequestCount,2026-08-19T12:00:00Z,2026-08-19T13:00:00Z,2226418
app/bodegaai-production-alb/31b69d3d76ab5ed1,,RequestCount,2026-08-19T13:00:00Z,2026-08-19T14:00:00Z,2270435
app/bodegaai-production-alb/31b69d3d76ab5ed1,,RequestCount,2026-08-19T14:00:00Z,2026-08-19T15:00:00Z,2314101
app/bodegaai-production-alb/31b69d3d76ab5ed1,,RequestCount,2026-08-19T15:00:00Z,2026-08-19T16:00:00Z,2327869
app/bodegaai-production-alb/31b69d3d76ab5ed1,,RequestCount,2026-08-19T16:00:00Z,2026-08-19T17:00:00Z,2330728
app/bodegaai-production-alb/31b69d3d76ab5ed1,,RequestCount,2026-08-19T17:00:00Z,2026-08-19T18:00:00Z,2329491
app/bodegaai-production-alb/31b69d3d76ab5ed1,,RequestCount,2026-08-19T18:00:00Z,2026-08-19T19:00:00Z,2338799
app/bodegaai-production-alb/31b69d3d76ab5ed1,,RequestCount,2026-08-19T19:00:00Z,2026-08-19T20:00:00Z,2346881
app/bodegaai-production-alb/31b69d3d76ab5ed1,,RequestCount,2026-08-19T20:00:00Z,2026-08-19T21:00:00Z,2341967
app/bodegaai-production-alb/31b69d3d76ab5ed1,,RequestCount,2026-08-19T21:00:00Z,2026-08-19T22:00:00Z,2367066
app/bodegaai-production-alb/31b69d3d76ab5ed1,,RequestCount,2026-08-19T22:00:00Z,2026-08-19T23:00:00Z,2362409
app/bodegaai-production-alb/31b69d3d76ab5ed1,,RequestCount,2026-08-19T23:00:00Z,2026-08-20T00:00:00Z,2351304
app/bodegaai-production-alb/31b69d3d76ab5ed1,,RequestCount,2026-08-20T00:00:00Z,2026-08-20T01:00:00Z,2342694
app/bodegaai-production-alb/31b69d3d76ab5ed1,,RequestCount,2026-08-20T01:00:00Z,2026-08-20T02:00:00Z,2307972
app/bodegaai-production-alb/31b69d3d76ab5ed1,,RequestCount,2026-08-20T02:00:00Z,2026-08-20T03:00:00Z,2275331
app/bodegaai-production-alb/31b69d3d76ab5ed1,,RequestCount,2026-08-20T03:00:00Z,2026-08-20T04:00:00Z,2221914
app/bodegaai-production-alb/31b69d3d76ab5ed1,,RequestCount,2026-08-20T04:00:00Z,2026-08-20T05:00:00Z,2185166
app/bodegaai-production-alb/31b69d3d76ab5ed1,,RequestCount,2026-08-20T05:00:00Z,2026-08-20T06:00:00Z,2169714
app/bodegaai-production-alb/31b69d3d76ab5ed1,,RequestCount,2026-08-20T06:00:00Z,2026-08-20T07:00:00Z,2142733
app/bodegaai-production-alb/31b69d3d76ab5ed1,,RequestCount,2026-08-20T07:00:00Z,2026-08-20T08:00:00Z,2169275
app/bodegaai-production-alb/31b69d3d76ab5ed1,,RequestCount,2026-08-20T08:00:00Z,2026-08-20T09:00:00Z,2161545
app/bodegaai-production-alb/31b69d3d76ab5ed1,,RequestCount,2026-08-20T09:00:00Z,2026-08-20T10:00:00Z,2160160
app/bodegaai-production-alb/31b69d3d76ab5ed1,,RequestCount,2026-08-20T10:00:00Z,2026-08-20T11:00:00Z,2175940
app/bodegaai-production-alb/31b69d3d76ab5ed1,,RequestCount,2026-08-20T11:00:00Z,2026-08-20T12:00:00Z,2228619
app/bodegaai-production-alb/31b69d3d76ab5ed1,,RequestCount,2026-08-20T12:00:00Z,2026-08-20T13:00:00Z,2263441
app/bodegaai-production-alb/31b69d3d76ab5ed1,,RequestCount,2026-08-20T13:00:00Z,2026-08-20T14:00:00Z,2290767
app/bodegaai-production-alb/31b69d3d76ab5ed1,,RequestCount,2026-08-20T14:00:00Z,2026-08-20T15:00:00Z,2324961
app/bodegaai-production-alb/31b69d3d76ab5ed1,,RequestCount,2026-08-20T15:00:00Z,2026-08-20T16:00:00Z,2338178
app/bodegaai-production-alb/31b69d3d76ab5ed1,,RequestCount,2026-08-20T16:00:00Z,2026-08-20T17:00:00Z,2360353
app/bodegaai-production-alb/31b69d3d76ab5ed1,,RequestCount,2026-08-20T17:00:00Z,2026-08-20T18:00:00Z,2375196
app/bodegaai-production-alb/31b69d3d76ab5ed1,,RequestCount,2026-08-20T18:00:00Z,2026-08-20T19:00:00Z,2362780
app/bodegaai-production-alb/31b69d3d76ab5ed1,,RequestCount,2026-08-20T19:00:00Z,2026-08-20T20:00:00Z,2364962
app/bodegaai-production-alb/31b69d3d76ab5ed1,,RequestCount,2026-08-20T20:00:00Z,2026-08-20T21:00:00Z,2371655
app/bodegaai-production-alb/31b69d3d76ab5ed1,,RequestCount,2026-08-20T21:00:00Z,2026-08-20T22:00:00Z,2380591
app/bodegaai-production-alb/31b69d3d76ab5ed1,,RequestCount,2026-08-20T22:00:00Z,2026-08-20T23:00:00Z,2372716
app/bodegaai-production-alb/31b69d3d76ab5ed1,,RequestCount,2026-08-20T23:00:00Z,2026-08-21T00:00:00Z,2352829
app/bodegaai-production-alb/31b69d3d76ab5ed1,,RequestCount,2026-08-21T00:00:00Z,2026-08-21T01:00:00Z,2337437
app/bodegaai-production-alb/31b69d3d76ab5ed1,,RequestCount,2026-08-21T01:00:00Z,2026-08-21T02:00:00Z,2307916
app/bodegaai-production-alb/31b69d3d76ab5ed1,,RequestCount,2026-08-21T02:00:00Z,2026-08-21T03:00:00Z,2271928
app/bodegaai-production-alb/31b69d3d76ab5ed1,,RequestCount,2026-08-21T03:00:00Z,2026-08-21T04:00:00Z,2236378
app/bodegaai-production-alb/31b69d3d76ab5ed1,,RequestCount,2026-08-21T04:00:00Z,2026-08-21T05:00:00Z,2194223
app/bodegaai-production-alb/31b69d3d76ab5ed1,,RequestCount,2026-08-21T05:00:00Z,2026-08-21T06:00:00Z,2190882
app/bodegaai-production-alb/31b69d3d76ab5ed1,,RequestCount,2026-08-21T06:00:00Z,2026-08-21T07:00:00Z,2182452
app/bodegaai-production-alb/31b69d3d76ab5ed1,,RequestCount,2026-08-21T07:00:00Z,2026-08-21T08:00:00Z,2178208
app/bodegaai-production-alb/31b69d3d76ab5ed1,,RequestCount,2026-08-21T08:00:00Z,2026-08-21T09:00:00Z,2180042
app/bodegaai-production-alb/31b69d3d76ab5ed1,,RequestCount,2026-08-21T09:00:00Z,2026-08-21T10:00:00Z,2177103
app/bodegaai-production-alb/31b69d3d76ab5ed1,,RequestCount,2026-08-21T10:00:00Z,2026-08-21T11:00:00Z,2200229
app/bodegaai-production-alb/31b69d3d76ab5ed1,,RequestCount,2026-08-21T11:00:00Z,2026-08-21T12:00:00Z,2250558
app/bodegaai-production-alb/31b69d3d76ab5ed1,,RequestCount,2026-08-21T12:00:00Z,2026-08-21T13:00:00Z,2282380
app/bodegaai-production-alb/31b69d3d76ab5ed1,,RequestCount,2026-08-21T13:00:00Z,2026-08-21T14:00:00Z,2307667
app/bodegaai-production-alb/31b69d3d76ab5ed1,,RequestCount,2026-08-21T14:00:00Z,2026-08-21T15:00:00Z,2344030
app/bodegaai-production-alb/31b69d3d76ab5ed1,,RequestCount,2026-08-21T15:00:00Z,2026-08-21T16:00:00Z,2338113
app/bodegaai-production-alb/31b69d3d76ab5ed1,,RequestCount,2026-08-21T16:00:00Z,2026-08-21T17:00:00Z,2397919
app/bodegaai-production-alb/31b69d3d76ab5ed1,,RequestCount,2026-08-21T17:00:00Z,2026-08-21T18:00:00Z,2404805
app/bodegaai-production-alb/31b69d3d76ab5ed1,,RequestCount,2026-08-21T18:00:00Z,2026-08-21T19:00:00Z,2379103
app/bodegaai-production-alb/31b69d3d76ab5ed1,,RequestCount,2026-08-21T19:00:00Z,2026-08-21T20:00:00Z,2393080
app/bodegaai-production-alb/31b69d3d76ab5ed1,,RequestCount,2026-08-21T20:00:00Z,2026-08-21T21:00:00Z,2407304
app/bodegaai-production-alb/31b69d3d76ab5ed1,,RequestCount,2026-08-21T21:00:00Z,2026-08-21T22:00:00Z,2398155
app/bodegaai-production-alb/31b69d3d76ab5ed1,,RequestCount,2026-08-21T22:00:00Z,2026-08-21T23:00:00Z,2401648
app/bodegaai-production-alb/31b69d3d76ab5ed1,,RequestCount,2026-08-21T23:00:00Z,2026-08-22T00:00:00Z,2395149
app/bodegaai-production-alb/31b69d3d76ab5ed1,,RequestCount,2026-08-22T00:00:00Z,2026-08-22T01:00:00Z,2359917
app/bodegaai-production-alb/31b69d3d76ab5ed1,,RequestCount,2026-08-22T01:00:00Z,2026-08-22T02:00:00Z,2294903
app/bodegaai-production-alb/31b69d3d76ab5ed1,,RequestCount,2026-08-22T02:00:00Z,2026-08-22T03:00:00Z,2254285
app/bodegaai-production-alb/31b69d3d76ab5ed1,,RequestCount,2026-08-22T03:00:00Z,2026-08-22T04:00:00Z,2209050
app/bodegaai-production-alb/31b69d3d76ab5ed1,,RequestCount,2026-08-22T04:00:00Z,2026-08-22T05:00:00Z,2184207
app/bodegaai-production-alb/31b69d3d76ab5ed1,,RequestCount,2026-08-22T05:00:00Z,2026-08-22T06:00:00Z,2164710
app/bodegaai-production-alb/31b69d3d76ab5ed1,,RequestCount,2026-08-22T06:00:00Z,2026-08-22T07:00:00Z,2149966
app/bodegaai-production-alb/31b69d3d76ab5ed1,,RequestCount,2026-08-22T07:00:00Z,2026-08-22T08:00:00Z,2132548
app/bodegaai-production-alb/31b69d3d76ab5ed1,,RequestCount,2026-08-22T08:00:00Z,2026-08-22T09:00:00Z,2138163
app/bodegaai-production-alb/31b69d3d76ab5ed1,,RequestCount,2026-08-22T09:00:00Z,2026-08-22T10:00:00Z,2125351
app/bodegaai-production-alb/31b69d3d76ab5ed1,,RequestCount,2026-08-22T10:00:00Z,2026-08-22T11:00:00Z,2150017
app/bodegaai-production-alb/31b69d3d76ab5ed1,,RequestCount,2026-08-22T11:00:00Z,2026-08-22T12:00:00Z,2203629
app/bodegaai-production-alb/31b69d3d76ab5ed1,,RequestCount,2026-08-22T12:00:00Z,2026-08-22T13:00:00Z,2255559
app/bodegaai-production-alb/31b69d3d76ab5ed1,,RequestCount,2026-08-22T13:00:00Z,2026-08-22T14:00:00Z,2289710
app/bodegaai-production-alb/31b69d3d76ab5ed1,,RequestCount,2026-08-22T14:00:00Z,2026-08-22T15:00:00Z,2323387
app/bodegaai-production-alb/31b69d3d76ab5ed1,,RequestCount,2026-08-22T15:00:00Z,2026-08-22T16:00:00Z,2354618
app/bodegaai-production-alb/31b69d3d76ab5ed1,,RequestCount,2026-08-22T16:00:00Z,2026-08-22T17:00:00Z,2371598
app/bodegaai-production-alb/31b69d3d76ab5ed1,,RequestCount,2026-08-22T17:00:00Z,2026-08-22T18:00:00Z,2380115
app/bodegaai-production-alb/31b69d3d76ab5ed1,,RequestCount,2026-08-22T18:00:00Z,2026-08-22T19:00:00Z,2377653
app/bodegaai-production-alb/31b69d3d76ab5ed1,,RequestCount,2026-08-22T19:00:00Z,2026-08-22T20:00:00Z,2379187
app/bodegaai-production-alb/31b69d3d76ab5ed1,,RequestCount,2026-08-22T20:00:00Z,2026-08-22T21:00:00Z,2384297
app/bodegaai-production-alb/31b69d3d76ab5ed1,,RequestCount,2026-08-22T21:00:00Z,2026-08-22T22:00:00Z,2380787
app/bodegaai-production-alb/31b69d3d76ab5ed1,,RequestCount,2026-08-22T22:00:00Z,2026-08-22T23:00:00Z,2384323
app/bodegaai-production-alb/31b69d3d76ab5ed1,,RequestCount,2026-08-22T23:00:00Z,2026-08-23T00:00:00Z,2378905
app/bodegaai-production-alb/31b69d3d76ab5ed1,,RequestCount,2026-08-23T00:00:00Z,2026-08-23T01:00:00Z,2336517
app/bodegaai-production-alb/31b69d3d76ab5ed1,,RequestCount,2026-08-23T01:00:00Z,2026-08-23T02:00:00Z,2313599
app/bodegaai-production-alb/31b69d3d76ab5ed1,,RequestCount,2026-08-23T02:00:00Z,2026-08-23T03:00:00Z,2280104
app/bodegaai-production-alb/31b69d3d76ab5ed1,,RequestCount,2026-08-23T03:00:00Z,2026-08-23T04:00:00Z,2233963
app/bodegaai-production-alb/31b69d3d76ab5ed1,,RequestCount,2026-08-23T04:00:00Z,2026-08-23T05:00:00Z,2200094
app/bodegaai-production-alb/31b69d3d76ab5ed1,,RequestCount,2026-08-23T05:00:00Z,2026-08-23T06:00:00Z,2184574
app/bodegaai-production-alb/31b69d3d76ab5ed1,,RequestCount,2026-08-23T06:00:00Z,2026-08-23T07:00:00Z,2188075
app/bodegaai-production-alb/31b69d3d76ab5ed1,,RequestCount,2026-08-23T07:00:00Z,2026-08-23T08:00:00Z,2182407
app/bodegaai-production-alb/31b69d3d76ab5ed1,,RequestCount,2026-08-23T08:00:00Z,2026-08-23T09:00:00Z,2178936
app/bodegaai-production-alb/31b69d3d76ab5ed1,,RequestCount,2026-08-23T09:00:00Z,2026-08-23T10:00:00Z,2178142
app/bodegaai-production-alb/31b69d3d76ab5ed1,,RequestCount,2026-08-23T10:00:00Z,2026-08-23T11:00:00Z,2181679
app/bodegaai-production-alb/31b69d3d76ab5ed1,,RequestCount,2026-08-23T11:00:00Z,2026-08-23T12:00:00Z,2211731
app/bodegaai-production-alb/31b69d3d76ab5ed1,,RequestCount,2026-08-23T12:00:00Z,2026-08-23T13:00:00Z,2256046
app/bodegaai-production-alb/31b69d3d76ab5ed1,,RequestCount,2026-08-23T13:00:00Z,2026-08-23T14:00:00Z,2293287
app/bodegaai-production-alb/31b69d3d76ab5ed1,,RequestCount,2026-08-23T14:00:00Z,2026-08-23T15:00:00Z,2334097
app/bodegaai-production-alb/31b69d3d76ab5ed1,,RequestCount,2026-08-23T15:00:00Z,2026-08-23T16:00:00Z,2350247
app/bodegaai-production-alb/31b69d3d76ab5ed1,,RequestCount,2026-08-23T16:00:00Z,2026-08-23T17:00:00Z,2361554
app/bodegaai-production-alb/31b69d3d76ab5ed1,,RequestCount,2026-08-23T17:00:00Z,2026-08-23T18:00:00Z,2386444
app/bodegaai-production-alb/31b69d3d76ab5ed1,,RequestCount,2026-08-23T18:00:00Z,2026-08-23T19:00:00Z,2357907
app/bodegaai-production-alb/31b69d3d76ab5ed1,,RequestCount,2026-08-23T19:00:00Z,2026-08-23T20:00:00Z,2373286
app/bodegaai-production-alb/31b69d3d76ab5ed1,,RequestCount,2026-08-23T20:00:00Z,2026-08-23T21:00:00Z,2356572
app/bodegaai-production-alb/31b69d3d76ab5ed1,,RequestCount,2026-08-23T21:00:00Z,2026-08-23T22:00:00Z,2355568
app/bodegaai-production-alb/31b69d3d76ab5ed1,,RequestCount,2026-08-23T22:00:00Z,2026-08-23T23:00:00Z,2353182
app/bodegaai-production-alb/31b69d3d76ab5ed1,,RequestCount,2026-08-23T23:00:00Z,2026-08-24T00:00:00Z,2352007
app/bodegaai-production-alb/31b69d3d76ab5ed1,,RequestCount,2026-08-24T00:00:00Z,2026-08-24T01:00:00Z,2338143
app/bodegaai-production-alb/31b69d3d76ab5ed1,,RequestCount,2026-08-24T01:00:00Z,2026-08-24T02:00:00Z,2305536
app/bodegaai-production-alb/31b69d3d76ab5ed1,,RequestCount,2026-08-24T02:00:00Z,2026-08-24T03:00:00Z,2270548
app/bodegaai-production-alb/31b69d3d76ab5ed1,,RequestCount,2026-08-24T03:00:00Z,2026-08-24T04:00:00Z,2225095
app/bodegaai-production-alb/31b69d3d76ab5ed1,,RequestCount,2026-08-24T04:00:00Z,2026-08-24T05:00:00Z,2200661
app/bodegaai-production-alb/31b69d3d76ab5ed1,,RequestCount,2026-08-24T05:00:00Z,2026-08-24T06:00:00Z,2190685
app/bodegaai-production-alb/31b69d3d76ab5ed1,,RequestCount,2026-08-24T06:00:00Z,2026-08-24T07:00:00Z,2165379
app/bodegaai-production-alb/31b69d3d76ab5ed1,,RequestCount,2026-08-24T07:00:00Z,2026-08-24T08:00:00Z,2171533
app/bodegaai-production-alb/31b69d3d76ab5ed1,,RequestCount,2026-08-24T08:00:00Z,2026-08-24T09:00:00Z,2163851
app/bodegaai-production-alb/31b69d3d76ab5ed1,,RequestCount,2026-08-24T09:00:00Z,2026-08-24T10:00:00Z,2157774
app/bodegaai-production-alb/31b69d3d76ab5ed1,,RequestCount,2026-08-24T10:00:00Z,2026-08-24T11:00:00Z,2195472
app/bodegaai-production-alb/31b69d3d76ab5ed1,,RequestCount,2026-08-24T11:00:00Z,2026-08-24T12:00:00Z,2249307
app/bodegaai-production-alb/31b69d3d76ab5ed1,,RequestCount,2026-08-24T12:00:00Z,2026-08-24T13:00:00Z,2247965
app/bodegaai-production-alb/31b69d3d76ab5ed1,,RequestCount,2026-08-24T13:00:00Z,2026-08-24T14:00:00Z,2311191
app/bodegaai-production-alb/31b69d3d76ab5ed1,,RequestCount,2026-08-24T14:00:00Z,2026-08-24T15:00:00Z,2353005
app/bodegaai-production-alb/31b69d3d76ab5ed1,,RequestCount,2026-08-24T15:00:00Z,2026-08-24T16:00:00Z,2328572
app/bodegaai-production-alb/31b69d3d76ab5ed1,,RequestCount,2026-08-24T16:00:00Z,2026-08-24T17:00:00Z,2360393
app/bodegaai-production-alb/31b69d3d76ab5ed1,,RequestCount,2026-08-24T17:00:00Z,2026-08-24T18:00:00Z,2345194
app/bodegaai-production-alb/31b69d3d76ab5ed1,,RequestCount,2026-08-24T18:00:00Z,2026-08-24T19:00:00Z,2337210
app/bodegaai-production-alb/31b69d3d76ab5ed1,,RequestCount,2026-08-24T19:00:00Z,2026-08-24T20:00:00Z,2347852
app/bodegaai-production-alb/31b69d3d76ab5ed1,,RequestCount,2026-08-24T20:00:00Z,2026-08-24T21:00:00Z,2349932
app/bodegaai-production-alb/31b69d3d76ab5ed1,,RequestCount,2026-08-24T21:00:00Z,2026-08-24T22:00:00Z,2353585
app/bodegaai-production-alb/31b69d3d76ab5ed1,,RequestCount,2026-08-24T22:00:00Z,2026-08-24T23:00:00Z,2339024
app/bodegaai-production-alb/31b69d3d76ab5ed1,,RequestCount,2026-08-24T23:00:00Z,2026-08-25T00:00:00Z,2338772
app/bodegaai-production-alb/31b69d3d76ab5ed1,,RequestCount,2026-08-25T00:00:00Z,2026-08-25T01:00:00Z,2332286
app/bodegaai-production-alb/31b69d3d76ab5ed1,,RequestCount,2026-08-25T01:00:00Z,2026-08-25T02:00:00Z,2294649
app/bodegaai-production-alb/31b69d3d76ab5ed1,,RequestCount,2026-08-25T02:00:00Z,2026-08-25T03:00:00Z,2260951
app/bodegaai-production-alb/31b69d3d76ab5ed1,,RequestCount,2026-08-25T03:00:00Z,2026-08-25T04:00:00Z,2207603
app/bodegaai-production-alb/31b69d3d76ab5ed1,,RequestCount,2026-08-25T04:00:00Z,2026-08-25T05:00:00Z,2178950
app/bodegaai-production-alb/31b69d3d76ab5ed1,,RequestCount,2026-08-25T05:00:00Z,2026-08-25T06:00:00Z,2167761
app/bodegaai-production-alb/31b69d3d76ab5ed1,,RequestCount,2026-08-25T06:00:00Z,2026-08-25T07:00:00Z,2182940
app/bodegaai-production-alb/31b69d3d76ab5ed1,,RequestCount,2026-08-25T07:00:00Z,2026-08-25T08:00:00Z,2159935
app/bodegaai-production-alb/31b69d3d76ab5ed1,,RequestCount,2026-08-25T08:00:00Z,2026-08-25T09:00:00Z,2189444
app/bodegaai-production-alb/31b69d3d76ab5ed1,,RequestCount,2026-08-25T09:00:00Z,2026-08-25T10:00:00Z,2201997
app/bodegaai-production-alb/31b69d3d76ab5ed1,,RequestCount,2026-08-25T10:00:00Z,2026-08-25T11:00:00Z,2220229
app/bodegaai-production-alb/31b69d3d76ab5ed1,,RequestCount,2026-08-25T11:00:00Z,2026-08-25T12:00:00Z,2276665
app/bodegaai-production-alb/31b69d3d76ab5ed1,,RequestCount,2026-08-25T12:00:00Z,2026-08-25T13:00:00Z,2293836
app/bodegaai-production-alb/31b69d3d76ab5ed1,,RequestCount,2026-08-25T13:00:00Z,2026-08-25T14:00:00Z,2322673
app/bodegaai-production-alb/31b69d3d76ab5ed1,,RequestCount,2026-08-25T14:00:00Z,2026-08-25T15:00:00Z,2329813
app/bodegaai-production-alb/31b69d3d76ab5ed1,,RequestCount,2026-08-25T15:00:00Z,2026-08-25T16:00:00Z,2308720
app/bodegaai-production-alb/31b69d3d76ab5ed1,,RequestCount,2026-08-25T16:00:00Z,2026-08-25T17:00:00Z,2299847
app/bodegaai-production-alb/31b69d3d76ab5ed1,,RequestCount,2026-08-25T17:00:00Z,2026-08-25T18:00:00Z,2317770
app/bodegaai-production-alb/31b69d3d76ab5ed1,,RequestCount,2026-08-25T18:00:00Z,2026-08-25T19:00:00Z,2308013
app/bodegaai-production-alb/31b69d3d76ab5ed1,,RequestCount,2026-08-25T19:00:00Z,2026-08-25T20:00:00Z,2310841
app/bodegaai-production-alb/31b69d3d76ab5ed1,,RequestCount,2026-08-25T20:00:00Z,2026-08-25T21:00:00Z,2364314
app/bodegaai-production-alb/31b69d3d76ab5ed1,,RequestCount,2026-08-25T21:00:00Z,2026-08-25T22:00:00Z,2331449
app/bodegaai-production-alb/31b69d3d76ab5ed1,,RequestCount,2026-08-25T22:00:00Z,2026-08-25T23:00:00Z,2297279
app/bodegaai-production-alb/31b69d3d76ab5ed1,,RequestCount,2026-08-25T23:00:00Z,2026-08-26T00:00:00Z,2336304
app/bodegaai-production-alb/31b69d3d76ab5ed1,,RequestCount,2026-08-26T00:00:00Z,2026-08-26T01:00:00Z,2325803
app/bodegaai-production-alb/31b69d3d76ab5ed1,,RequestCount,2026-08-26T01:00:00Z,2026-08-26T02:00:00Z,2298361
app/bodegaai-production-alb/31b69d3d76ab5ed1,,RequestCount,2026-08-26T02:00:00Z,2026-08-26T03:00:00Z,2264963
app/bodegaai-production-alb/31b69d3d76ab5ed1,,RequestCount,2026-08-26T03:00:00Z,2026-08-26T04:00:00Z,2212014
app/bodegaai-production-alb/31b69d3d76ab5ed1,,RequestCount,2026-08-26T04:00:00Z,2026-08-26T05:00:00Z,2199616
app/bodegaai-production-alb/31b69d3d76ab5ed1,,RequestCount,2026-08-26T05:00:00Z,2026-08-26T06:00:00Z,2177358
app/bodegaai-production-alb/31b69d3d76ab5ed1,,RequestCount,2026-08-26T06:00:00Z,2026-08-26T07:00:00Z,2144794
app/bodegaai-production-alb/31b69d3d76ab5ed1,,RequestCount,2026-08-26T07:00:00Z,2026-08-26T08:00:00Z,2169431
app/bodegaai-production-alb/31b69d3d76ab5ed1,,RequestCount,2026-08-26T08:00:00Z,2026-08-26T09:00:00Z,2153858
app/bodegaai-production-alb/31b69d3d76ab5ed1,,RequestCount,2026-08-26T09:00:00Z,2026-08-26T10:00:00Z,2162695
app/bodegaai-production-alb/31b69d3d76ab5ed1,,RequestCount,2026-08-26T10:00:00Z,2026-08-26T11:00:00Z,2198450
app/bodegaai-production-alb/31b69d3d76ab5ed1,,RequestCount,2026-08-26T11:00:00Z,2026-08-26T12:00:00Z,2245342
app/bodegaai-production-alb/31b69d3d76ab5ed1,,RequestCount,2026-08-26T12:00:00Z,2026-08-26T13:00:00Z,2272464
app/bodegaai-production-alb/31b69d3d76ab5ed1,,RequestCount,2026-08-26T13:00:00Z,2026-08-26T14:00:00Z,2309729
app/bodegaai-production-alb/31b69d3d76ab5ed1,,RequestCount,2026-08-26T14:00:00Z,2026-08-26T15:00:00Z,2347895
app/bodegaai-production-alb/31b69d3d76ab5ed1,,RequestCount,2026-08-26T15:00:00Z,2026-08-26T16:00:00Z,2365868
app/bodegaai-production-alb/31b69d3d76ab5ed1,,RequestCount,2026-08-26T16:00:00Z,2026-08-26T17:00:00Z,2369724
app/bodegaai-production-alb/31b69d3d76ab5ed1,,RequestCount,2026-08-26T17:00:00Z,2026-08-26T18:00:00Z,2249130
app/bodegaai-production-alb/31b69d3d76ab5ed1,,RequestCount,2026-08-26T18:00:00Z,2026-08-26T19:00:00Z,2336555
app/bodegaai-production-alb/31b69d3d76ab5ed1,,RequestCount,2026-08-26T19:00:00Z,2026-08-26T20:00:00Z,2354281
app/bodegaai-production-alb/31b69d3d76ab5ed1,,RequestCount,2026-08-26T20:00:00Z,2026-08-26T21:00:00Z,2364569
app/bodegaai-production-alb/31b69d3d76ab5ed1,,RequestCount,2026-08-26T21:00:00Z,2026-08-26T22:00:00Z,2377549
app/bodegaai-production-alb/31b69d3d76ab5ed1,,RequestCount,2026-08-26T22:00:00Z,2026-08-26T23:00:00Z,2366667
app/bodegaai-production-alb/31b69d3d76ab5ed1,,RequestCount,2026-08-26T23:00:00Z,2026-08-27T00:00:00Z,2355693
app/bodegaai-production-alb/31b69d3d76ab5ed1,,RequestCount,2026-08-27T00:00:00Z,2026-08-27T01:00:00Z,2345083
app/bodegaai-production-alb/31b69d3d76ab5ed1,,RequestCount,2026-08-27T01:00:00Z,2026-08-27T02:00:00Z,2311069
app/bodegaai-production-alb/31b69d3d76ab5ed1,,RequestCount,2026-08-27T02:00:00Z,2026-08-27T03:00:00Z,2272579
app/bodegaai-production-alb/31b69d3d76ab5ed1,,RequestCount,2026-08-27T03:00:00Z,2026-08-27T04:00:00Z,2238165
app/bodegaai-production-alb/31b69d3d76ab5ed1,,RequestCount,2026-08-27T04:00:00Z,2026-08-27T05:00:00Z,2202095
app/bodegaai-production-alb/31b69d3d76ab5ed1,,RequestCount,2026-08-27T05:00:00Z,2026-08-27T06:00:00Z,2185336
app/bodegaai-production-alb/31b69d3d76ab5ed1,,RequestCount,2026-08-27T06:00:00Z,2026-08-27T07:00:00Z,2175474
app/bodegaai-production-alb/31b69d3d76ab5ed1,,RequestCount,2026-08-27T07:00:00Z,2026-08-27T08:00:00Z,2175331
app/bodegaai-production-alb/31b69d3d76ab5ed1,,RequestCount,2026-08-27T08:00:00Z,2026-08-27T09:00:00Z,2178791
app/bodegaai-production-alb/31b69d3d76ab5ed1,,RequestCount,2026-08-27T09:00:00Z,2026-08-27T10:00:00Z,2182364
app/bodegaai-production-alb/31b69d3d76ab5ed1,,RequestCount,2026-08-27T10:00:00Z,2026-08-27T11:00:00Z,2189846
app/bodegaai-production-alb/31b69d3d76ab5ed1,,RequestCount,2026-08-27T11:00:00Z,2026-08-27T12:00:00Z,2248827
app/bodegaai-production-alb/31b69d3d76ab5ed1,,RequestCount,2026-08-27T12:00:00Z,2026-08-27T13:00:00Z,2263903
app/bodegaai-production-alb/31b69d3d76ab5ed1,,RequestCount,2026-08-27T13:00:00Z,2026-08-27T14:00:00Z,2288572
app/bodegaai-production-alb/31b69d3d76ab5ed1,,RequestCount,2026-08-27T14:00:00Z,2026-08-27T15:00:00Z,2336206
app/bodegaai-production-alb/31b69d3d76ab5ed1,,RequestCount,2026-08-27T15:00:00Z,2026-08-27T16:00:00Z,2351817
app/bodegaai-production-alb/31b69d3d76ab5ed1,,RequestCount,2026-08-27T16:00:00Z,2026-08-27T17:00:00Z,2364916
app/bodegaai-production-alb/31b69d3d76ab5ed1,,RequestCount,2026-08-27T17:00:00Z,2026-08-27T18:00:00Z,2369808
app/bodegaai-production-alb/31b69d3d76ab5ed1,,RequestCount,2026-08-27T18:00:00Z,2026-08-27T19:00:00Z,2353913
app/bodegaai-production-alb/31b69d3d76ab5ed1,,RequestCount,2026-08-27T19:00:00Z,2026-08-27T20:00:00Z,2394537
app/bodegaai-production-alb/31b69d3d76ab5ed1,,RequestCount,2026-08-27T20:00:00Z,2026-08-27T21:00:00Z,2426727
app/bodegaai-production-alb/31b69d3d76ab5ed1,,RequestCount,2026-08-27T21:00:00Z,2026-08-27T22:00:00Z,2427192
app/bodegaai-production-alb/31b69d3d76ab5ed1,,RequestCount,2026-08-27T22:00:00Z,2026-08-27T23:00:00Z,2420669
app/bodegaai-production-alb/31b69d3d76ab5ed1,,RequestCount,2026-08-27T23:00:00Z,2026-08-28T00:00:00Z,2414670
app/bodegaai-production-alb/31b69d3d76ab5ed1,,RequestCount,2026-08-28T00:00:00Z,2026-08-28T01:00:00Z,2381447
app/bodegaai-production-alb/31b69d3d76ab5ed1,,RequestCount,2026-08-28T01:00:00Z,2026-08-28T02:00:00Z,2349600
app/bodegaai-production-alb/31b69d3d76ab5ed1,,RequestCount,2026-08-28T02:00:00Z,2026-08-28T03:00:00Z,2303080
app/bodegaai-production-alb/31b69d3d76ab5ed1,,RequestCount,2026-08-28T03:00:00Z,2026-08-28T04:00:00Z,2244087
app/bodegaai-production-alb/31b69d3d76ab5ed1,,RequestCount,2026-08-28T04:00:00Z,2026-08-28T05:00:00Z,2210923
app/bodegaai-production-alb/31b69d3d76ab5ed1,,RequestCount,2026-08-28T05:00:00Z,2026-08-28T06:00:00Z,2208735
app/bodegaai-production-alb/31b69d3d76ab5ed1,,RequestCount,2026-08-28T06:00:00Z,2026-08-28T07:00:00Z,2211309
app/bodegaai-production-alb/31b69d3d76ab5ed1,,RequestCount,2026-08-28T07:00:00Z,2026-08-28T08:00:00Z,2211473
app/bodegaai-production-alb/31b69d3d76ab5ed1,,RequestCount,2026-08-28T08:00:00Z,2026-08-28T09:00:00Z,2211903
app/bodegaai-production-alb/31b69d3d76ab5ed1,,RequestCount,2026-08-28T09:00:00Z,2026-08-28T10:00:00Z,2220594
app/bodegaai-production-alb/31b69d3d76ab5ed1,,RequestCount,2026-08-28T10:00:00Z,2026-08-28T11:00:00Z,2240423
app/bodegaai-production-alb/31b69d3d76ab5ed1,,RequestCount,2026-08-28T11:00:00Z,2026-08-28T12:00:00Z,2274114
app/bodegaai-production-alb/31b69d3d76ab5ed1,,RequestCount,2026-08-28T12:00:00Z,2026-08-28T13:00:00Z,2335755
app/bodegaai-production-alb/31b69d3d76ab5ed1,,RequestCount,2026-08-28T13:00:00Z,2026-08-28T14:00:00Z,2380273
app/bodegaai-production-alb/31b69d3d76ab5ed1,,RequestCount,2026-08-28T14:00:00Z,2026-08-28T15:00:00Z,2406936
app/bodegaai-production-alb/31b69d3d76ab5ed1,,RequestCount,2026-08-28T15:00:00Z,2026-08-28T16:00:00Z,2419604
app/bodegaai-production-alb/31b69d3d76ab5ed1,,RequestCount,2026-08-28T16:00:00Z,2026-08-28T17:00:00Z,2445113
app/bodegaai-production-alb/31b69d3d76ab5ed1,,RequestCount,2026-08-28T17:00:00Z,2026-08-28T18:00:00Z,2457548
app/bodegaai-production-alb/31b69d3d76ab5ed1,,RequestCount,2026-08-28T18:00:00Z,2026-08-28T19:00:00Z,2452586
app/bodegaai-production-alb/31b69d3d76ab5ed1,,RequestCount,2026-08-28T19:00:00Z,2026-08-28T20:00:00Z,2457063
app/bodegaai-production-alb/31b69d3d76ab5ed1,,RequestCount,2026-08-28T20:00:00Z,2026-08-28T21:00:00Z,2470457
app/bodegaai-production-alb/31b69d3d76ab5ed1,,RequestCount,2026-08-28T21:00:00Z,2026-08-28T22:00:00Z,2475739
app/bodegaai-production-alb/31b69d3d76ab5ed1,,RequestCount,2026-08-28T22:00:00Z,2026-08-28T23:00:00Z,2456305
app/bodegaai-production-alb/31b69d3d76ab5ed1,,RequestCount,2026-08-28T23:00:00Z,2026-08-29T00:00:00Z,2438503
app/bodegaai-production-alb/31b69d3d76ab5ed1,,RequestCount,2026-08-29T00:00:00Z,2026-08-29T01:00:00Z,2424416
app/bodegaai-production-alb/31b69d3d76ab5ed1,,RequestCount,2026-08-29T01:00:00Z,2026-08-29T02:00:00Z,2385377
app/bodegaai-production-alb/31b69d3d76ab5ed1,,RequestCount,2026-08-29T02:00:00Z,2026-08-29T03:00:00Z,2337479
app/bodegaai-production-alb/31b69d3d76ab5ed1,,RequestCount,2026-08-29T03:00:00Z,2026-08-29T04:00:00Z,2278277
app/bodegaai-production-alb/31b69d3d76ab5ed1,,RequestCount,2026-08-29T04:00:00Z,2026-08-29T05:00:00Z,2250373
app/bodegaai-production-alb/31b69d3d76ab5ed1,,RequestCount,2026-08-29T05:00:00Z,2026-08-29T06:00:00Z,2238115
app/bodegaai-production-alb/31b69d3d76ab5ed1,,RequestCount,2026-08-29T06:00:00Z,2026-08-29T07:00:00Z,2228951
app/bodegaai-production-alb/31b69d3d76ab5ed1,,RequestCount,2026-08-29T07:00:00Z,2026-08-29T08:00:00Z,2206674
app/bodegaai-production-alb/31b69d3d76ab5ed1,,RequestCount,2026-08-29T08:00:00Z,2026-08-29T09:00:00Z,2181857
app/bodegaai-production-alb/31b69d3d76ab5ed1,,RequestCount,2026-08-29T09:00:00Z,2026-08-29T10:00:00Z,2208463
app/bodegaai-production-alb/31b69d3d76ab5ed1,,RequestCount,2026-08-29T10:00:00Z,2026-08-29T11:00:00Z,2222004
app/bodegaai-production-alb/31b69d3d76ab5ed1,,RequestCount,2026-08-29T11:00:00Z,2026-08-29T12:00:00Z,2249165
app/bodegaai-production-alb/31b69d3d76ab5ed1,,RequestCount,2026-08-29T12:00:00Z,2026-08-29T13:00:00Z,2303315
app/bodegaai-production-alb/31b69d3d76ab5ed1,,RequestCount,2026-08-29T13:00:00Z,2026-08-29T14:00:00Z,2348937
app/bodegaai-production-alb/31b69d3d76ab5ed1,,RequestCount,2026-08-29T14:00:00Z,2026-08-29T15:00:00Z,2382370
app/bodegaai-production-alb/31b69d3d76ab5ed1,,RequestCount,2026-08-29T15:00:00Z,2026-08-29T16:00:00Z,2381372
app/bodegaai-production-alb/31b69d3d76ab5ed1,,RequestCount,2026-08-29T16:00:00Z,2026-08-29T17:00:00Z,2399427
app/bodegaai-production-alb/31b69d3d76ab5ed1,,RequestCount,2026-08-29T17:00:00Z,2026-08-29T18:00:00Z,2433649
app/bodegaai-production-alb/31b69d3d76ab5ed1,,RequestCount,2026-08-29T18:00:00Z,2026-08-29T19:00:00Z,2434510
app/bodegaai-production-alb/31b69d3d76ab5ed1,,RequestCount,2026-08-29T19:00:00Z,2026-08-29T20:00:00Z,2422235
app/bodegaai-production-alb/31b69d3d76ab5ed1,,RequestCount,2026-08-29T20:00:00Z,2026-08-29T21:00:00Z,2425159
app/bodegaai-production-alb/31b69d3d76ab5ed1,,RequestCount,2026-08-29T21:00:00Z,2026-08-29T22:00:00Z,2437035
app/bodegaai-production-alb/31b69d3d76ab5ed1,,RequestCount,2026-08-29T22:00:00Z,2026-08-29T23:00:00Z,2439725
app/bodegaai-production-alb/31b69d3d76ab5ed1,,RequestCount,2026-08-29T23:00:00Z,2026-08-30T00:00:00Z,2428198
app/bodegaai-production-alb/31b69d3d76ab5ed1,,RequestCount,2026-08-30T00:00:00Z,2026-08-30T01:00:00Z,2417529
app/bodegaai-production-alb/31b69d3d76ab5ed1,,RequestCount,2026-08-30T01:00:00Z,2026-08-30T02:00:00Z,2383575
app/bodegaai-production-alb/31b69d3d76ab5ed1,,RequestCount,2026-08-30T02:00:00Z,2026-08-30T03:00:00Z,2294680
app/bodegaai-production-alb/31b69d3d76ab5ed1,,RequestCount,2026-08-30T03:00:00Z,2026-08-30T04:00:00Z,2295960
app/bodegaai-production-alb/31b69d3d76ab5ed1,,RequestCount,2026-08-30T04:00:00Z,2026-08-30T05:00:00Z,2277059
app/bodegaai-production-alb/31b69d3d76ab5ed1,,RequestCount,2026-08-30T05:00:00Z,2026-08-30T06:00:00Z,2252363
app/bodegaai-production-alb/31b69d3d76ab5ed1,,RequestCount,2026-08-30T06:00:00Z,2026-08-30T07:00:00Z,2250681
app/bodegaai-production-alb/31b69d3d76ab5ed1,,RequestCount,2026-08-30T07:00:00Z,2026-08-30T08:00:00Z,2250668
app/bodegaai-production-alb/31b69d3d76ab5ed1,,RequestCount,2026-08-30T08:00:00Z,2026-08-30T09:00:00Z,2248861
app/bodegaai-production-alb/31b69d3d76ab5ed1,,RequestCount,2026-08-30T09:00:00Z,2026-08-30T10:00:00Z,2249699
app/bodegaai-production-alb/31b69d3d76ab5ed1,,RequestCount,2026-08-30T10:00:00Z,2026-08-30T11:00:00Z,2265442
app/bodegaai-production-alb/31b69d3d76ab5ed1,,RequestCount,2026-08-30T11:00:00Z,2026-08-30T12:00:00Z,2292720
app/bodegaai-production-alb/31b69d3d76ab5ed1,,RequestCount,2026-08-30T12:00:00Z,2026-08-30T13:00:00Z,2334569
app/bodegaai-production-alb/31b69d3d76ab5ed1,,RequestCount,2026-08-30T13:00:00Z,2026-08-30T14:00:00Z,2360562
app/bodegaai-production-alb/31b69d3d76ab5ed1,,RequestCount,2026-08-30T14:00:00Z,2026-08-30T15:00:00Z,2385321
app/bodegaai-production-alb/31b69d3d76ab5ed1,,RequestCount,2026-08-30T15:00:00Z,2026-08-30T16:00:00Z,2390731
app/bodegaai-production-alb/31b69d3d76ab5ed1,,RequestCount,2026-08-30T16:00:00Z,2026-08-30T17:00:00Z,2404416
app/bodegaai-production-alb/31b69d3d76ab5ed1,,RequestCount,2026-08-30T17:00:00Z,2026-08-30T18:00:00Z,2418616
app/bodegaai-production-alb/31b69d3d76ab5ed1,,RequestCount,2026-08-30T18:00:00Z,2026-08-30T19:00:00Z,2425313
app/bodegaai-production-alb/31b69d3d76ab5ed1,,RequestCount,2026-08-30T19:00:00Z,2026-08-30T20:00:00Z,2424451
app/bodegaai-production-alb/31b69d3d76ab5ed1,,RequestCount,2026-08-30T20:00:00Z,2026-08-30T21:00:00Z,2421111
app/bodegaai-production-alb/31b69d3d76ab5ed1,,RequestCount,2026-08-30T21:00:00Z,2026-08-30T22:00:00Z,2413984
app/bodegaai-production-alb/31b69d3d76ab5ed1,,RequestCount,2026-08-30T22:00:00Z,2026-08-30T23:00:00Z,2410251
app/bodegaai-production-alb/31b69d3d76ab5ed1,,RequestCount,2026-08-30T23:00:00Z,2026-08-31T00:00:00Z,2396149
app/bodegaai-production-alb/31b69d3d76ab5ed1,,RequestCount,2026-08-31T00:00:00Z,2026-08-31T01:00:00Z,2397944
app/bodegaai-production-alb/31b69d3d76ab5ed1,,RequestCount,2026-08-31T01:00:00Z,2026-08-31T02:00:00Z,2362173
app/bodegaai-production-alb/31b69d3d76ab5ed1,,RequestCount,2026-08-31T02:00:00Z,2026-08-31T03:00:00Z,2323981
app/bodegaai-production-alb/31b69d3d76ab5ed1,,RequestCount,2026-08-31T03:00:00Z,2026-08-31T04:00:00Z,2273979
app/bodegaai-production-alb/31b69d3d76ab5ed1,,RequestCount,2026-08-31T04:00:00Z,2026-08-31T05:00:00Z,2245119
app/bodegaai-production-alb/31b69d3d76ab5ed1,,RequestCount,2026-08-31T05:00:00Z,2026-08-31T06:00:00Z,2240283
app/bodegaai-production-alb/31b69d3d76ab5ed1,,RequestCount,2026-08-31T06:00:00Z,2026-08-31T07:00:00Z,1229317
app/bodegaai-production-alb/31b69d3d76ab5ed1,,RequestCount,2026-08-31T07:00:00Z,2026-08-31T08:00:00Z,1124716
app/bodegaai-production-alb/31b69d3d76ab5ed1,,RequestCount,2026-08-31T08:00:00Z,2026-08-31T09:00:00Z,2211660
app/bodegaai-production-alb/31b69d3d76ab5ed1,,RequestCount,2026-08-31T09:00:00Z,2026-08-31T10:00:00Z,2230045
app/bodegaai-production-alb/31b69d3d76ab5ed1,,RequestCount,2026-08-31T10:00:00Z,2026-08-31T11:00:00Z,2253173
app/bodegaai-production-alb/31b69d3d76ab5ed1,,RequestCount,2026-08-31T11:00:00Z,2026-08-31T12:00:00Z,2315391
app/bodegaai-production-alb/31b69d3d76ab5ed1,,RequestCount,2026-08-31T12:00:00Z,2026-08-31T13:00:00Z,2351330
app/bodegaai-production-alb/31b69d3d76ab5ed1,,RequestCount,2026-08-31T13:00:00Z,2026-08-31T14:00:00Z,2365426
app/bodegaai-production-alb/31b69d3d76ab5ed1,,RequestCount,2026-08-31T14:00:00Z,2026-08-31T15:00:00Z,2379288
app/bodegaai-production-alb/31b69d3d76ab5ed1,,RequestCount,2026-08-31T15:00:00Z,2026-08-31T16:00:00Z,2396636
app/bodegaai-production-alb/31b69d3d76ab5ed1,,RequestCount,2026-08-31T16:00:00Z,2026-08-31T17:00:00Z,2425963
app/bodegaai-production-alb/31b69d3d76ab5ed1,,RequestCount,2026-08-31T17:00:00Z,2026-08-31T18:00:00Z,2440637
app/bodegaai-production-alb/31b69d3d76ab5ed1,,RequestCount,2026-08-31T18:00:00Z,2026-08-31T19:00:00Z,2462008
app/bodegaai-production-alb/31b69d3d76ab5ed1,,RequestCount,2026-08-31T19:00:00Z,2026-08-31T20:00:00Z,2447281
app/bodegaai-production-alb/31b69d3d76ab5ed1,,RequestCount,2026-08-31T20:00:00Z,2026-08-31T21:00:00Z,2461774
app/bodegaai-production-alb/31b69d3d76ab5ed1,,RequestCount,2026-08-31T21:00:00Z,2026-08-31T22:00:00Z,2471408
app/bodegaai-production-alb/31b69d3d76ab5ed1,,RequestCount,2026-08-31T22:00:00Z,2026-08-31T23:00:00Z,2456547
app/bodegaai-production-alb/31b69d3d76ab5ed1,,RequestCount,2026-08-31T23:00:00Z,2026-09-01T00:00:00Z,2448649
app/bodegaai-production-alb/31b69d3d76ab5ed1,,RequestCount,2026-09-01T00:00:00Z,2026-09-01T01:00:00Z,2421624
app/bodegaai-production-alb/31b69d3d76ab5ed1,,RequestCount,2026-09-01T01:00:00Z,2026-09-01T02:00:00Z,2385256
app/bodegaai-production-alb/31b69d3d76ab5ed1,,RequestCount,2026-09-01T02:00:00Z,2026-09-01T03:00:00Z,2291590
app/bodegaai-production-alb/31b69d3d76ab5ed1,,RequestCount,2026-09-01T03:00:00Z,2026-09-01T04:00:00Z,2294104
app/bodegaai-production-alb/31b69d3d76ab5ed1,,RequestCount,2026-09-01T04:00:00Z,2026-09-01T05:00:00Z,2260902
app/bodegaai-production-alb/31b69d3d76ab5ed1,,RequestCount,2026-09-01T05:00:00Z,2026-09-01T06:00:00Z,2252817
app/bodegaai-production-alb/31b69d3d76ab5ed1,,RequestCount,2026-09-01T06:00:00Z,2026-09-01T07:00:00Z,2242209
app/bodegaai-production-alb/31b69d3d76ab5ed1,,RequestCount,2026-09-01T07:00:00Z,2026-09-01T08:00:00Z,2230736
app/bodegaai-production-alb/31b69d3d76ab5ed1,,RequestCount,2026-09-01T08:00:00Z,2026-09-01T09:00:00Z,2234778
app/bodegaai-production-alb/31b69d3d76ab5ed1,,RequestCount,2026-09-01T09:00:00Z,2026-09-01T10:00:00Z,2244014
app/bodegaai-production-alb/31b69d3d76ab5ed1,,RequestCount,2026-09-01T10:00:00Z,2026-09-01T11:00:00Z,2259330
app/bodegaai-production-alb/31b69d3d76ab5ed1,,RequestCount,2026-09-01T11:00:00Z,2026-09-01T12:00:00Z,2308203
app/bodegaai-production-alb/31b69d3d76ab5ed1,,RequestCount,2026-09-01T12:00:00Z,2026-09-01T13:00:00Z,2334223
app/bodegaai-production-alb/31b69d3d76ab5ed1,,RequestCount,2026-09-01T13:00:00Z,2026-09-01T14:00:00Z,2377277
app/bodegaai-production-alb/31b69d3d76ab5ed1,,RequestCount,2026-09-01T14:00:00Z,2026-09-01T15:00:00Z,2415578
app/bodegaai-production-alb/31b69d3d76ab5ed1,,RequestCount,2026-09-01T15:00:00Z,2026-09-01T16:00:00Z,2414269
app/bodegaai-production-alb/31b69d3d76ab5ed1,,RequestCount,2026-09-01T16:00:00Z,2026-09-01T17:00:00Z,2426137
app/bodegaai-production-alb/31b69d3d76ab5ed1,,RequestCount,2026-09-01T17:00:00Z,2026-09-01T18:00:00Z,2449255
app/bodegaai-production-alb/31b69d3d76ab5ed1,,RequestCount,2026-09-01T18:00:00Z,2026-09-01T19:00:00Z,2455050
app/bodegaai-production-alb/31b69d3d76ab5ed1,,RequestCount,2026-09-01T19:00:00Z,2026-09-01T20:00:00Z,2469925
app/bodegaai-production-alb/31b69d3d76ab5ed1,,RequestCount,2026-09-01T20:00:00Z,2026-09-01T21:00:00Z,2468770
app/bodegaai-production-alb/31b69d3d76ab5ed1,,RequestCount,2026-09-01T21:00:00Z,2026-09-01T22:00:00Z,2466015
app/bodegaai-production-alb/31b69d3d76ab5ed1,,RequestCount,2026-09-01T22:00:00Z,2026-09-01T23:00:00Z,2465394
app/bodegaai-production-alb/31b69d3d76ab5ed1,,RequestCount,2026-09-01T23:00:00Z,2026-09-02T00:00:00Z,2441100
app/bodegaai-production-alb/31b69d3d76ab5ed1,,RequestCount,2026-09-02T00:00:00Z,2026-09-02T01:00:00Z,2425489
app/bodegaai-production-alb/31b69d3d76ab5ed1,,RequestCount,2026-09-02T01:00:00Z,2026-09-02T02:00:00Z,2383249
app/bodegaai-production-alb/31b69d3d76ab5ed1,,RequestCount,2026-09-02T02:00:00Z,2026-09-02T03:00:00Z,2349611
app/bodegaai-production-alb/31b69d3d76ab5ed1,,RequestCount,2026-09-02T03:00:00Z,2026-09-02T04:00:00Z,2308408
app/bodegaai-production-alb/31b69d3d76ab5ed1,,RequestCount,2026-09-02T04:00:00Z,2026-09-02T05:00:00Z,2255217
app/bodegaai-production-alb/31b69d3d76ab5ed1,,RequestCount,2026-09-02T05:00:00Z,2026-09-02T06:00:00Z,2244184
app/bodegaai-production-alb/31b69d3d76ab5ed1,,RequestCount,2026-09-02T06:00:00Z,2026-09-02T07:00:00Z,2246712
app/bodegaai-production-alb/31b69d3d76ab5ed1,,RequestCount,2026-09-02T07:00:00Z,2026-09-02T08:00:00Z,2258085
app/bodegaai-production-alb/31b69d3d76ab5ed1,,RequestCount,2026-09-02T08:00:00Z,2026-09-02T09:00:00Z,2246911
app/bodegaai-production-alb/31b69d3d76ab5ed1,,RequestCount,2026-09-02T09:00:00Z,2026-09-02T10:00:00Z,2254315
app/bodegaai-production-alb/31b69d3d76ab5ed1,,RequestCount,2026-09-02T10:00:00Z,2026-09-02T11:00:00Z,2285647
app/bodegaai-production-alb/31b69d3d76ab5ed1,,RequestCount,2026-09-02T11:00:00Z,2026-09-02T12:00:00Z,2329180
app/bodegaai-production-alb/31b69d3d76ab5ed1,,RequestCount,2026-09-02T12:00:00Z,2026-09-02T13:00:00Z,2362362
app/bodegaai-production-alb/31b69d3d76ab5ed1,,RequestCount,2026-09-02T13:00:00Z,2026-09-02T14:00:00Z,2401327
app/bodegaai-production-alb/31b69d3d76ab5ed1,,RequestCount,2026-09-02T14:00:00Z,2026-09-02T15:00:00Z,2439594
app/bodegaai-production-alb/31b69d3d76ab5ed1,,RequestCount,2026-09-02T15:00:00Z,2026-09-02T16:00:00Z,2446733
app/bodegaai-production-alb/31b69d3d76ab5ed1,,RequestCount,2026-09-02T16:00:00Z,2026-09-02T17:00:00Z,2468097
app/bodegaai-production-alb/31b69d3d76ab5ed1,,RequestCount,2026-09-02T17:00:00Z,2026-09-02T18:00:00Z,2472362
app/bodegaai-production-alb/31b69d3d76ab5ed1,,RequestCount,2026-09-02T18:00:00Z,2026-09-02T19:00:00Z,2472054
app/bodegaai-production-alb/31b69d3d76ab5ed1,,RequestCount,2026-09-02T19:00:00Z,2026-09-02T20:00:00Z,2473535
app/bodegaai-production-alb/31b69d3d76ab5ed1,,RequestCount,2026-09-02T20:00:00Z,2026-09-02T21:00:00Z,2471831
app/bodegaai-production-alb/31b69d3d76ab5ed1,,RequestCount,2026-09-02T21:00:00Z,2026-09-02T22:00:00Z,2478295
app/bodegaai-production-alb/31b69d3d76ab5ed1,,RequestCount,2026-09-02T22:00:00Z,2026-09-02T23:00:00Z,2471226
app/bodegaai-production-alb/31b69d3d76ab5ed1,,RequestCount,2026-09-02T23:00:00Z,2026-09-03T00:00:00Z,2454299
app/bodegaai-production-alb/31b69d3d76ab5ed1,,RequestCount,2026-09-03T00:00:00Z,2026-09-03T01:00:00Z,2428840
app/bodegaai-production-alb/31b69d3d76ab5ed1,,RequestCount,2026-09-03T01:00:00Z,2026-09-03T02:00:00Z,2394945
app/bodegaai-production-alb/31b69d3d76ab5ed1,,RequestCount,2026-09-03T02:00:00Z,2026-09-03T03:00:00Z,2355292
app/bodegaai-production-alb/31b69d3d76ab5ed1,,RequestCount,2026-09-03T03:00:00Z,2026-09-03T04:00:00Z,2298199
app/bodegaai-production-alb/31b69d3d76ab5ed1,,RequestCount,2026-09-03T04:00:00Z,2026-09-03T05:00:00Z,2256233
app/bodegaai-production-alb/31b69d3d76ab5ed1,,RequestCount,2026-09-03T05:00:00Z,2026-09-03T06:00:00Z,2243842
app/bodegaai-production-alb/31b69d3d76ab5ed1,,RequestCount,2026-09-03T06:00:00Z,2026-09-03T07:00:00Z,2244617
app/bodegaai-production-alb/31b69d3d76ab5ed1,,RequestCount,2026-09-03T07:00:00Z,2026-09-03T08:00:00Z,2230776
app/bodegaai-production-alb/31b69d3d76ab5ed1,,RequestCount,2026-09-03T08:00:00Z,2026-09-03T09:00:00Z,2217491
app/bodegaai-production-alb/31b69d3d76ab5ed1,,RequestCount,2026-09-03T09:00:00Z,2026-09-03T10:00:00Z,2220697
app/bodegaai-production-alb/31b69d3d76ab5ed1,,RequestCount,2026-09-03T10:00:00Z,2026-09-03T11:00:00Z,2250114
app/bodegaai-production-alb/31b69d3d76ab5ed1,,RequestCount,2026-09-03T11:00:00Z,2026-09-03T12:00:00Z,2297603
app/bodegaai-production-alb/31b69d3d76ab5ed1,,RequestCount,2026-09-03T12:00:00Z,2026-09-03T13:00:00Z,2328742
app/bodegaai-production-alb/31b69d3d76ab5ed1,,RequestCount,2026-09-03T13:00:00Z,2026-09-03T14:00:00Z,2400757
app/bodegaai-production-alb/31b69d3d76ab5ed1,,RequestCount,2026-09-03T14:00:00Z,2026-09-03T15:00:00Z,2442355
app/bodegaai-production-alb/31b69d3d76ab5ed1,,RequestCount,2026-09-03T15:00:00Z,2026-09-03T16:00:00Z,2473264
app/bodegaai-production-alb/31b69d3d76ab5ed1,,RequestCount,2026-09-03T16:00:00Z,2026-09-03T17:00:00Z,2498230
app/bodegaai-production-alb/31b69d3d76ab5ed1,,RequestCount,2026-09-03T17:00:00Z,2026-09-03T18:00:00Z,2482454
app/bodegaai-production-alb/31b69d3d76ab5ed1,,RequestCount,2026-09-03T18:00:00Z,2026-09-03T19:00:00Z,2471336
app/bodegaai-production-alb/31b69d3d76ab5ed1,,RequestCount,2026-09-03T19:00:00Z,2026-09-03T20:00:00Z,2484048
app/bodegaai-production-alb/31b69d3d76ab5ed1,,RequestCount,2026-09-03T20:00:00Z,2026-09-03T21:00:00Z,2457095
app/bodegaai-production-alb/31b69d3d76ab5ed1,,RequestCount,2026-09-03T21:00:00Z,2026-09-03T22:00:00Z,2452347
app/bodegaai-production-alb/31b69d3d76ab5ed1,,RequestCount,2026-09-03T22:00:00Z,2026-09-03T23:00:00Z,2461772
app/bodegaai-production-alb/31b69d3d76ab5ed1,,RequestCount,2026-09-03T23:00:00Z,2026-09-04T00:00:00Z,2472823
app/bodegaai-production-alb/31b69d3d76ab5ed1,,RequestCount,2026-09-04T00:00:00Z,2026-09-04T01:00:00Z,2431984
app/bodegaai-production-alb/31b69d3d76ab5ed1,,RequestCount,2026-09-04T01:00:00Z,2026-09-04T02:00:00Z,2370121
app/bodegaai-production-alb/31b69d3d76ab5ed1,,RequestCount,2026-09-04T02:00:00Z,2026-09-04T03:00:00Z,2329844
app/bodegaai-production-alb/31b69d3d76ab5ed1,,RequestCount,2026-09-04T03:00:00Z,2026-09-04T04:00:00Z,2287203
app/bodegaai-production-alb/31b69d3d76ab5ed1,,RequestCount,2026-09-04T04:00:00Z,2026-09-04T05:00:00Z,2244208
app/bodegaai-production-alb/31b69d3d76ab5ed1,,RequestCount,2026-09-04T05:00:00Z,2026-09-04T06:00:00Z,2234114
app/bodegaai-production-alb/31b69d3d76ab5ed1,,RequestCount,2026-09-04T06:00:00Z,2026-09-04T07:00:00Z,2306804
app/bodegaai-production-alb/31b69d3d76ab5ed1,,RequestCount,2026-09-04T07:00:00Z,2026-09-04T08:00:00Z,2244311
app/bodegaai-production-alb/31b69d3d76ab5ed1,,RequestCount,2026-09-04T08:00:00Z,2026-09-04T09:00:00Z,2227958
app/bodegaai-production-alb/31b69d3d76ab5ed1,,RequestCount,2026-09-04T09:00:00Z,2026-09-04T10:00:00Z,2223699
app/bodegaai-production-alb/31b69d3d76ab5ed1,,RequestCount,2026-09-04T10:00:00Z,2026-09-04T11:00:00Z,2244945
app/bodegaai-production-alb/31b69d3d76ab5ed1,,RequestCount,2026-09-04T11:00:00Z,2026-09-04T12:00:00Z,2338424
app/bodegaai-production-alb/31b69d3d76ab5ed1,,RequestCount,2026-09-04T12:00:00Z,2026-09-04T13:00:00Z,2387453
app/bodegaai-production-alb/31b69d3d76ab5ed1,,RequestCount,2026-09-04T13:00:00Z,2026-09-04T14:00:00Z,2403961
app/bodegaai-production-alb/31b69d3d76ab5ed1,,RequestCount,2026-09-04T14:00:00Z,2026-09-04T15:00:00Z,2459820
app/bodegaai-production-alb/31b69d3d76ab5ed1,,RequestCount,2026-09-04T15:00:00Z,2026-09-04T16:00:00Z,2472429
app/bodegaai-production-alb/31b69d3d76ab5ed1,,RequestCount,2026-09-04T16:00:00Z,2026-09-04T17:00:00Z,2463480
app/bodegaai-production-alb/31b69d3d76ab5ed1,,RequestCount,2026-09-04T17:00:00Z,2026-09-04T18:00:00Z,2464918
app/bodegaai-production-alb/31b69d3d76ab5ed1,,RequestCount,2026-09-04T18:00:00Z,2026-09-04T19:00:00Z,2472900
app/bodegaai-production-alb/31b69d3d76ab5ed1,,RequestCount,2026-09-04T19:00:00Z,2026-09-04T20:00:00Z,2464400
app/bodegaai-production-alb/31b69d3d76ab5ed1,,RequestCount,2026-09-04T20:00:00Z,2026-09-04T21:00:00Z,2530214
app/bodegaai-production-alb/31b69d3d76ab5ed1,,RequestCount,2026-09-04T21:00:00Z,2026-09-04T22:00:00Z,2541322
app/bodegaai-production-alb/31b69d3d76ab5ed1,,RequestCount,2026-09-04T22:00:00Z,2026-09-04T23:00:00Z,2494976
app/bodegaai-production-alb/31b69d3d76ab5ed1,,RequestCount,2026-09-04T23:00:00Z,2026-09-05T00:00:00Z,2475723
app/bodegaai-production-alb/31b69d3d76ab5ed1,,RequestCount,2026-09-05T00:00:00Z,2026-09-05T01:00:00Z,2456617
app/bodegaai-production-alb/31b69d3d76ab5ed1,,RequestCount,2026-09-05T01:00:00Z,2026-09-05T02:00:00Z,2380021
app/bodegaai-production-alb/31b69d3d76ab5ed1,,RequestCount,2026-09-05T02:00:00Z,2026-09-05T03:00:00Z,2354193
app/bodegaai-production-alb/31b69d3d76ab5ed1,,RequestCount,2026-09-05T03:00:00Z,2026-09-05T04:00:00Z,2302201
app/bodegaai-production-alb/31b69d3d76ab5ed1,,RequestCount,2026-09-05T04:00:00Z,2026-09-05T05:00:00Z,2261346
app/bodegaai-production-alb/31b69d3d76ab5ed1,,RequestCount,2026-09-05T05:00:00Z,2026-09-05T06:00:00Z,2248920
app/bodegaai-production-alb/31b69d3d76ab5ed1,,RequestCount,2026-09-05T06:00:00Z,2026-09-05T07:00:00Z,2237298
app/bodegaai-production-alb/31b69d3d76ab5ed1,,RequestCount,2026-09-05T07:00:00Z,2026-09-05T08:00:00Z,2209945
app/bodegaai-production-alb/31b69d3d76ab5ed1,,RequestCount,2026-09-05T08:00:00Z,2026-09-05T09:00:00Z,2204119
app/bodegaai-production-alb/31b69d3d76ab5ed1,,RequestCount,2026-09-05T09:00:00Z,2026-09-05T10:00:00Z,2199719
app/bodegaai-production-alb/31b69d3d76ab5ed1,,RequestCount,2026-09-05T10:00:00Z,2026-09-05T11:00:00Z,2212344
app/bodegaai-production-alb/31b69d3d76ab5ed1,,RequestCount,2026-09-05T11:00:00Z,2026-09-05T12:00:00Z,2251926
app/bodegaai-production-alb/31b69d3d76ab5ed1,,RequestCount,2026-09-05T12:00:00Z,2026-09-05T13:00:00Z,2328898
app/bodegaai-production-alb/31b69d3d76ab5ed1,,RequestCount,2026-09-05T13:00:00Z,2026-09-05T14:00:00Z,2401815
app/bodegaai-production-alb/31b69d3d76ab5ed1,,RequestCount,2026-09-05T14:00:00Z,2026-09-05T15:00:00Z,2441008
app/bodegaai-production-alb/31b69d3d76ab5ed1,,RequestCount,2026-09-05T15:00:00Z,2026-09-05T16:00:00Z,2461317
app/bodegaai-production-alb/31b69d3d76ab5ed1,,RequestCount,2026-09-05T16:00:00Z,2026-09-05T17:00:00Z,2488446
app/bodegaai-production-alb/31b69d3d76ab5ed1,,RequestCount,2026-09-05T17:00:00Z,2026-09-05T18:00:00Z,2488795
app/bodegaai-production-alb/31b69d3d76ab5ed1,,RequestCount,2026-09-05T18:00:00Z,2026-09-05T19:00:00Z,2493643
app/bodegaai-production-alb/31b69d3d76ab5ed1,,RequestCount,2026-09-05T19:00:00Z,2026-09-05T20:00:00Z,2485131
app/bodegaai-production-alb/31b69d3d76ab5ed1,,RequestCount,2026-09-05T20:00:00Z,2026-09-05T21:00:00Z,2488347
app/bodegaai-production-alb/31b69d3d76ab5ed1,,RequestCount,2026-09-05T21:00:00Z,2026-09-05T22:00:00Z,2476528
app/bodegaai-production-alb/31b69d3d76ab5ed1,,RequestCount,2026-09-05T22:00:00Z,2026-09-05T23:00:00Z,2470577
app/bodegaai-production-alb/31b69d3d76ab5ed1,,RequestCount,2026-09-05T23:00:00Z,2026-09-06T00:00:00Z,2452945
app/bodegaai-production-alb/31b69d3d76ab5ed1,,RequestCount,2026-09-06T00:00:00Z,2026-09-06T01:00:00Z,2429223
app/bodegaai-production-alb/31b69d3d76ab5ed1,,RequestCount,2026-09-06T01:00:00Z,2026-09-06T02:00:00Z,2397949
app/bodegaai-production-alb/31b69d3d76ab5ed1,,RequestCount,2026-09-06T02:00:00Z,2026-09-06T03:00:00Z,2370494
app/bodegaai-production-alb/31b69d3d76ab5ed1,,RequestCount,2026-09-06T03:00:00Z,2026-09-06T04:00:00Z,2330653
app/bodegaai-production-alb/31b69d3d76ab5ed1,,RequestCount,2026-09-06T04:00:00Z,2026-09-06T05:00:00Z,2308118
app/bodegaai-production-alb/31b69d3d76ab5ed1,,RequestCount,2026-09-06T05:00:00Z,2026-09-06T06:00:00Z,2285422
app/bodegaai-production-alb/31b69d3d76ab5ed1,,RequestCount,2026-09-06T06:00:00Z,2026-09-06T07:00:00Z,2276402
app/bodegaai-production-alb/31b69d3d76ab5ed1,,RequestCount,2026-09-06T07:00:00Z,2026-09-06T08:00:00Z,2260942
app/bodegaai-production-alb/31b69d3d76ab5ed1,,RequestCount,2026-09-06T08:00:00Z,2026-09-06T09:00:00Z,2311011
app/bodegaai-production-alb/31b69d3d76ab5ed1,,RequestCount,2026-09-06T09:00:00Z,2026-09-06T10:00:00Z,2254495
app/bodegaai-production-alb/31b69d3d76ab5ed1,,RequestCount,2026-09-06T10:00:00Z,2026-09-06T11:00:00Z,2255226
app/bodegaai-production-alb/31b69d3d76ab5ed1,,RequestCount,2026-09-06T11:00:00Z,2026-09-06T12:00:00Z,2261175
app/bodegaai-production-alb/31b69d3d76ab5ed1,,RequestCount,2026-09-06T12:00:00Z,2026-09-06T13:00:00Z,1265230
app/bodegaai-production-alb/31b69d3d76ab5ed1,,RequestCount,2026-09-06T13:00:00Z,2026-09-06T14:00:00Z,2243035
app/bodegaai-production-alb/31b69d3d76ab5ed1,,RequestCount,2026-09-06T14:00:00Z,2026-09-06T15:00:00Z,2383607
app/bodegaai-production-alb/31b69d3d76ab5ed1,,RequestCount,2026-09-06T15:00:00Z,2026-09-06T16:00:00Z,2399901
app/bodegaai-production-alb/31b69d3d76ab5ed1,,RequestCount,2026-09-06T16:00:00Z,2026-09-06T17:00:00Z,2415997
app/bodegaai-production-alb/31b69d3d76ab5ed1,,RequestCount,2026-09-06T17:00:00Z,2026-09-06T18:00:00Z,2432163
app/bodegaai-production-alb/31b69d3d76ab5ed1,,RequestCount,2026-09-06T18:00:00Z,2026-09-06T19:00:00Z,2442924
app/bodegaai-production-alb/31b69d3d76ab5ed1,,RequestCount,2026-09-06T19:00:00Z,2026-09-06T20:00:00Z,2443010
app/bodegaai-production-alb/31b69d3d76ab5ed1,,RequestCount,2026-09-06T20:00:00Z,2026-09-06T21:00:00Z,2015861
app/bodegaai-production-alb/31b69d3d76ab5ed1,,RequestCount,2026-09-06T21:00:00Z,2026-09-06T22:00:00Z,2464506
app/bodegaai-production-alb/31b69d3d76ab5ed1,,RequestCount,2026-09-06T22:00:00Z,2026-09-06T23:00:00Z,2477429
app/bodegaai-production-alb/31b69d3d76ab5ed1,,RequestCount,2026-09-06T23:00:00Z,2026-09-07T00:00:00Z,2476844
app/bodegaai-production-alb/31b69d3d76ab5ed1,,RequestCount,2026-09-07T00:00:00Z,2026-09-07T01:00:00Z,2437642
app/bodegaai-production-alb/31b69d3d76ab5ed1,,RequestCount,2026-09-07T01:00:00Z,2026-09-07T02:00:00Z,2415553
app/bodegaai-production-alb/31b69d3d76ab5ed1,,RequestCount,2026-09-07T02:00:00Z,2026-09-07T03:00:00Z,2375134
app/bodegaai-production-alb/31b69d3d76ab5ed1,,RequestCount,2026-09-07T03:00:00Z,2026-09-07T04:00:00Z,2324906
app/bodegaai-production-alb/31b69d3d76ab5ed1,,RequestCount,2026-09-07T04:00:00Z,2026-09-07T05:00:00Z,2301862
app/bodegaai-production-alb/31b69d3d76ab5ed1,,RequestCount,2026-09-07T05:00:00Z,2026-09-07T06:00:00Z,2281317
app/bodegaai-production-alb/31b69d3d76ab5ed1,,RequestCount,2026-09-07T06:00:00Z,2026-09-07T07:00:00Z,2276748
app/bodegaai-production-alb/31b69d3d76ab5ed1,,RequestCount,2026-09-07T07:00:00Z,2026-09-07T08:00:00Z,2248317
app/bodegaai-production-alb/31b69d3d76ab5ed1,,RequestCount,2026-09-07T08:00:00Z,2026-09-07T09:00:00Z,2246603
app/bodegaai-production-alb/31b69d3d76ab5ed1,,RequestCount,2026-09-07T09:00:00Z,2026-09-07T10:00:00Z,2251411
app/bodegaai-production-alb/31b69d3d76ab5ed1,,RequestCount,2026-09-07T10:00:00Z,2026-09-07T11:00:00Z,2283191
app/bodegaai-production-alb/31b69d3d76ab5ed1,,RequestCount,2026-09-07T11:00:00Z,2026-09-07T12:00:00Z,2301336
app/bodegaai-production-alb/31b69d3d76ab5ed1,,RequestCount,2026-09-07T12:00:00Z,2026-09-07T13:00:00Z,2351021
app/bodegaai-production-alb/31b69d3d76ab5ed1,,RequestCount,2026-09-07T13:00:00Z,2026-09-07T14:00:00Z,2411335
app/bodegaai-production-alb/31b69d3d76ab5ed1,,RequestCount,2026-09-07T14:00:00Z,2026-09-07T15:00:00Z,2436285
app/bodegaai-production-alb/31b69d3d76ab5ed1,,RequestCount,2026-09-07T15:00:00Z,2026-09-07T16:00:00Z,2443940
app/bodegaai-production-alb/31b69d3d76ab5ed1,,RequestCount,2026-09-07T16:00:00Z,2026-09-07T17:00:00Z,2461317
app/bodegaai-production-alb/31b69d3d76ab5ed1,,RequestCount,2026-09-07T17:00:00Z,2026-09-07T18:00:00Z,2460554
app/bodegaai-production-alb/31b69d3d76ab5ed1,,RequestCount,2026-09-07T18:00:00Z,2026-09-07T19:00:00Z,2483358
app/bodegaai-production-alb/31b69d3d76ab5ed1,,RequestCount,2026-09-07T19:00:00Z,2026-09-07T20:00:00Z,2485011
app/bodegaai-production-alb/31b69d3d76ab5ed1,,RequestCount,2026-09-07T20:00:00Z,2026-09-07T21:00:00Z,2459508
app/bodegaai-production-alb/31b69d3d76ab5ed1,,RequestCount,2026-09-07T21:00:00Z,2026-09-07T22:00:00Z,2444318
app/bodegaai-production-alb/31b69d3d76ab5ed1,,RequestCount,2026-09-07T22:00:00Z,2026-09-07T23:00:00Z,2279394
app/bodegaai-production-alb/31b69d3d76ab5ed1,,RequestCount,2026-09-07T23:00:00Z,2026-09-08T00:00:00Z,2430406
app/bodegaai-production-alb/31b69d3d76ab5ed1,,RequestCount,2026-09-08T00:00:00Z,2026-09-08T01:00:00Z,2415224
app/bodegaai-production-alb/31b69d3d76ab5ed1,,RequestCount,2026-09-08T01:00:00Z,2026-09-08T02:00:00Z,2376542
app/bodegaai-production-alb/31b69d3d76ab5ed1,,RequestCount,2026-09-08T02:00:00Z,2026-09-08T03:00:00Z,2338375
app/bodegaai-production-alb/31b69d3d76ab5ed1,,RequestCount,2026-09-08T03:00:00Z,2026-09-08T04:00:00Z,2297609
app/bodegaai-production-alb/31b69d3d76ab5ed1,,RequestCount,2026-09-08T04:00:00Z,2026-09-08T05:00:00Z,2251435
app/bodegaai-production-alb/31b69d3d76ab5ed1,,RequestCount,2026-09-08T05:00:00Z,2026-09-08T06:00:00Z,2255912
app/bodegaai-production-alb/31b69d3d76ab5ed1,,RequestCount,2026-09-08T06:00:00Z,2026-09-08T07:00:00Z,2251142
app/bodegaai-production-alb/31b69d3d76ab5ed1,,RequestCount,2026-09-08T07:00:00Z,2026-09-08T08:00:00Z,2244630
app/bodegaai-production-alb/31b69d3d76ab5ed1,,RequestCount,2026-09-08T08:00:00Z,2026-09-08T09:00:00Z,1929167
app/bodegaai-production-alb/31b69d3d76ab5ed1,,RequestCount,2026-09-08T09:00:00Z,2026-09-08T10:00:00Z,2247326
app/bodegaai-production-alb/31b69d3d76ab5ed1,,RequestCount,2026-09-08T10:00:00Z,2026-09-08T11:00:00Z,2274614
app/bodegaai-production-alb/31b69d3d76ab5ed1,,RequestCount,2026-09-08T11:00:00Z,2026-09-08T12:00:00Z,2311917
app/bodegaai-production-alb/31b69d3d76ab5ed1,,RequestCount,2026-09-08T12:00:00Z,2026-09-08T13:00:00Z,2281607
app/bodegaai-production-alb/31b69d3d76ab5ed1,,RequestCount,2026-09-08T13:00:00Z,2026-09-08T14:00:00Z,2364863
app/bodegaai-production-alb/31b69d3d76ab5ed1,,RequestCount,2026-09-08T14:00:00Z,2026-09-08T15:00:00Z,2441856
app/bodegaai-production-alb/31b69d3d76ab5ed1,,RequestCount,2026-09-08T15:00:00Z,2026-09-08T16:00:00Z,2446114
app/bodegaai-production-alb/31b69d3d76ab5ed1,,RequestCount,2026-09-08T16:00:00Z,2026-09-08T17:00:00Z,2474372
app/bodegaai-production-alb/31b69d3d76ab5ed1,,RequestCount,2026-09-08T17:00:00Z,2026-09-08T18:00:00Z,2469530
app/bodegaai-production-alb/31b69d3d76ab5ed1,,RequestCount,2026-09-08T18:00:00Z,2026-09-08T19:00:00Z,2442924
app/bodegaai-production-alb/31b69d3d76ab5ed1,,RequestCount,2026-09-08T19:00:00Z,2026-09-08T20:00:00Z,2384717
app/bodegaai-production-alb/31b69d3d76ab5ed1,,RequestCount,2026-09-08T20:00:00Z,2026-09-08T21:00:00Z,2410577
app/bodegaai-production-alb/31b69d3d76ab5ed1,,RequestCount,2026-09-08T21:00:00Z,2026-09-08T22:00:00Z,2384220
app/bodegaai-production-alb/31b69d3d76ab5ed1,,RequestCount,2026-09-08T22:00:00Z,2026-09-08T23:00:00Z,2452427
app/bodegaai-production-alb/31b69d3d76ab5ed1,,RequestCount,2026-09-08T23:00:00Z,2026-09-09T00:00:00Z,2443829
app/bodegaai-production-alb/31b69d3d76ab5ed1,,RequestCount,2026-09-09T00:00:00Z,2026-09-09T01:00:00Z,2445890
app/bodegaai-production-alb/31b69d3d76ab5ed1,,RequestCount,2026-09-09T01:00:00Z,2026-09-09T02:00:00Z,2435477
app/bodegaai-production-alb/31b69d3d76ab5ed1,,RequestCount,2026-09-09T02:00:00Z,2026-09-09T03:00:00Z,2367019
app/bodegaai-production-alb/31b69d3d76ab5ed1,,RequestCount,2026-09-09T03:00:00Z,2026-09-09T04:00:00Z,2324637
app/bodegaai-production-alb/31b69d3d76ab5ed1,,RequestCount,2026-09-09T04:00:00Z,2026-09-09T05:00:00Z,2285934
app/bodegaai-production-alb/31b69d3d76ab5ed1,,RequestCount,2026-09-09T05:00:00Z,2026-09-09T06:00:00Z,2276243
app/bodegaai-production-alb/31b69d3d76ab5ed1,,RequestCount,2026-09-09T06:00:00Z,2026-09-09T07:00:00Z,2281590
app/bodegaai-production-alb/31b69d3d76ab5ed1,,RequestCount,2026-09-09T07:00:00Z,2026-09-09T08:00:00Z,2286501
app/bodegaai-production-alb/31b69d3d76ab5ed1,,RequestCount,2026-09-09T08:00:00Z,2026-09-09T09:00:00Z,2284230
app/bodegaai-production-alb/31b69d3d76ab5ed1,,RequestCount,2026-09-09T09:00:00Z,2026-09-09T10:00:00Z,2283067
app/bodegaai-production-alb/31b69d3d76ab5ed1,,RequestCount,2026-09-09T10:00:00Z,2026-09-09T11:00:00Z,2304650
app/bodegaai-production-alb/31b69d3d76ab5ed1,,RequestCount,2026-09-09T11:00:00Z,2026-09-09T12:00:00Z,2349094
app/bodegaai-production-alb/31b69d3d76ab5ed1,,RequestCount,2026-09-09T12:00:00Z,2026-09-09T13:00:00Z,2411785
app/bodegaai-production-alb/31b69d3d76ab5ed1,,RequestCount,2026-09-09T13:00:00Z,2026-09-09T14:00:00Z,2448768
app/bodegaai-production-alb/31b69d3d76ab5ed1,,RequestCount,2026-09-09T14:00:00Z,2026-09-09T15:00:00Z,2500566
app/bodegaai-production-alb/31b69d3d76ab5ed1,,RequestCount,2026-09-09T15:00:00Z,2026-09-09T16:00:00Z,2520934
app/bodegaai-production-alb/31b69d3d76ab5ed1,,RequestCount,2026-09-09T16:00:00Z,2026-09-09T17:00:00Z,2546308
app/bodegaai-production-alb/31b69d3d76ab5ed1,,RequestCount,2026-09-09T17:00:00Z,2026-09-09T18:00:00Z,2551723
app/bodegaai-production-alb/31b69d3d76ab5ed1,,RequestCount,2026-09-09T18:00:00Z,2026-09-09T19:00:00Z,2563409
app/bodegaai-production-alb/31b69d3d76ab5ed1,,RequestCount,2026-09-09T19:00:00Z,2026-09-09T20:00:00Z,2557901
app/bodegaai-production-alb/31b69d3d76ab5ed1,,RequestCount,2026-09-09T20:00:00Z,2026-09-09T21:00:00Z,2518286
app/bodegaai-production-alb/31b69d3d76ab5ed1,,RequestCount,2026-09-09T21:00:00Z,2026-09-09T22:00:00Z,2527856
app/bodegaai-production-alb/31b69d3d76ab5ed1,,RequestCount,2026-09-09T22:00:00Z,2026-09-09T23:00:00Z,2472434
app/bodegaai-production-alb/31b69d3d76ab5ed1,,RequestCount,2026-09-09T23:00:00Z,2026-09-10T00:00:00Z,2453587
app/bodegaai-production-alb/31b69d3d76ab5ed1,,RequestCount,2026-09-10T00:00:00Z,2026-09-10T01:00:00Z,2443886
app/bodegaai-production-alb/31b69d3d76ab5ed1,,RequestCount,2026-09-10T01:00:00Z,2026-09-10T02:00:00Z,2409145
app/bodegaai-production-alb/31b69d3d76ab5ed1,,RequestCount,2026-09-10T02:00:00Z,2026-09-10T03:00:00Z,2363312
app/bodegaai-production-alb/31b69d3d76ab5ed1,,RequestCount,2026-09-10T03:00:00Z,2026-09-10T04:00:00Z,2308333
app/bodegaai-production-alb/31b69d3d76ab5ed1,,RequestCount,2026-09-10T04:00:00Z,2026-09-10T05:00:00Z,2261325
app/bodegaai-production-alb/31b69d3d76ab5ed1,,RequestCount,2026-09-10T05:00:00Z,2026-09-10T06:00:00Z,2253684
app/bodegaai-production-alb/31b69d3d76ab5ed1,,RequestCount,2026-09-10T06:00:00Z,2026-09-10T07:00:00Z,2248490
app/bodegaai-production-alb/31b69d3d76ab5ed1,,RequestCount,2026-09-10T07:00:00Z,2026-09-10T08:00:00Z,2240575
app/bodegaai-production-alb/31b69d3d76ab5ed1,,RequestCount,2026-09-10T08:00:00Z,2026-09-10T09:00:00Z,2239693
app/bodegaai-production-alb/31b69d3d76ab5ed1,,RequestCount,2026-09-10T09:00:00Z,2026-09-10T10:00:00Z,2238804
app/bodegaai-production-alb/31b69d3d76ab5ed1,,RequestCount,2026-09-10T10:00:00Z,2026-09-10T11:00:00Z,2266731
app/bodegaai-production-alb/31b69d3d76ab5ed1,,RequestCount,2026-09-10T11:00:00Z,2026-09-10T12:00:00Z,2313799
app/bodegaai-production-alb/31b69d3d76ab5ed1,,RequestCount,2026-09-10T12:00:00Z,2026-09-10T13:00:00Z,2349205
app/bodegaai-production-alb/31b69d3d76ab5ed1,,RequestCount,2026-09-10T13:00:00Z,2026-09-10T14:00:00Z,2373947
app/bodegaai-production-alb/31b69d3d76ab5ed1,,RequestCount,2026-09-10T14:00:00Z,2026-09-10T15:00:00Z,2404986
app/bodegaai-production-alb/31b69d3d76ab5ed1,,RequestCount,2026-09-10T15:00:00Z,2026-09-10T16:00:00Z,2436631
app/bodegaai-production-alb/31b69d3d76ab5ed1,,RequestCount,2026-09-10T16:00:00Z,2026-09-10T17:00:00Z,2439595
app/bodegaai-production-alb/31b69d3d76ab5ed1,,RequestCount,2026-09-10T17:00:00Z,2026-09-10T18:00:00Z,2461046
app/bodegaai-production-alb/31b69d3d76ab5ed1,,RequestCount,2026-09-10T18:00:00Z,2026-09-10T19:00:00Z,2476065
app/bodegaai-production-alb/31b69d3d76ab5ed1,,RequestCount,2026-09-10T19:00:00Z,2026-09-10T20:00:00Z,2483857
app/bodegaai-production-alb/31b69d3d76ab5ed1,,RequestCount,2026-09-10T20:00:00Z,2026-09-10T21:00:00Z,2455771
app/bodegaai-production-alb/31b69d3d76ab5ed1,,RequestCount,2026-09-10T21:00:00Z,2026-09-10T22:00:00Z,2491993
app/bodegaai-production-alb/31b69d3d76ab5ed1,,RequestCount,2026-09-10T22:00:00Z,2026-09-10T23:00:00Z,2470939
app/bodegaai-production-alb/31b69d3d76ab5ed1,,RequestCount,2026-09-10T23:00:00Z,2026-09-11T00:00:00Z,2463365
app/bodegaai-production-alb/31b69d3d76ab5ed1,,RequestCount,2026-09-11T00:00:00Z,2026-09-11T01:00:00Z,2445612
app/bodegaai-production-alb/31b69d3d76ab5ed1,,RequestCount,2026-09-11T01:00:00Z,2026-09-11T02:00:00Z,2393642
app/bodegaai-production-alb/31b69d3d76ab5ed1,,RequestCount,2026-09-11T02:00:00Z,2026-09-11T03:00:00Z,2342777
app/bodegaai-production-alb/31b69d3d76ab5ed1,,RequestCount,2026-09-11T03:00:00Z,2026-09-11T04:00:00Z,2304777
app/bodegaai-production-alb/31b69d3d76ab5ed1,,RequestCount,2026-09-11T04:00:00Z,2026-09-11T05:00:00Z,2341884
app/bodegaai-production-alb/31b69d3d76ab5ed1,,RequestCount,2026-09-11T05:00:00Z,2026-09-11T06:00:00Z,2286656
app/bodegaai-production-alb/31b69d3d76ab5ed1,,RequestCount,2026-09-11T06:00:00Z,2026-09-11T07:00:00Z,2261933
app/bodegaai-production-alb/31b69d3d76ab5ed1,,RequestCount,2026-09-11T07:00:00Z,2026-09-11T08:00:00Z,2245304
app/bodegaai-production-alb/31b69d3d76ab5ed1,,RequestCount,2026-09-11T08:00:00Z,2026-09-11T09:00:00Z,2244131
app/bodegaai-production-alb/31b69d3d76ab5ed1,,RequestCount,2026-09-11T09:00:00Z,2026-09-11T10:00:00Z,2250947
app/bodegaai-production-alb/31b69d3d76ab5ed1,,RequestCount,2026-09-11T10:00:00Z,2026-09-11T11:00:00Z,2271281
app/bodegaai-production-alb/31b69d3d76ab5ed1,,RequestCount,2026-09-11T11:00:00Z,2026-09-11T12:00:00Z,2313739
app/bodegaai-production-alb/31b69d3d76ab5ed1,,RequestCount,2026-09-11T12:00:00Z,2026-09-11T13:00:00Z,2355837
app/bodegaai-production-alb/31b69d3d76ab5ed1,,RequestCount,2026-09-11T13:00:00Z,2026-09-11T14:00:00Z,2389395
app/bodegaai-production-alb/31b69d3d76ab5ed1,,RequestCount,2026-09-11T14:00:00Z,2026-09-11T15:00:00Z,2430003
app/bodegaai-production-alb/31b69d3d76ab5ed1,,RequestCount,2026-09-11T15:00:00Z,2026-09-11T16:00:00Z,2456764
app/bodegaai-production-alb/31b69d3d76ab5ed1,,RequestCount,2026-09-11T16:00:00Z,2026-09-11T17:00:00Z,2475402
app/bodegaai-production-alb/31b69d3d76ab5ed1,,RequestCount,2026-09-11T17:00:00Z,2026-09-11T18:00:00Z,2441666
app/bodegaai-production-alb/31b69d3d76ab5ed1,,RequestCount,2026-09-11T18:00:00Z,2026-09-11T19:00:00Z,2472699
app/bodegaai-production-alb/31b69d3d76ab5ed1,,RequestCount,2026-09-11T19:00:00Z,2026-09-11T20:00:00Z,2477617
app/bodegaai-production-alb/31b69d3d76ab5ed1,,RequestCount,2026-09-11T20:00:00Z,2026-09-11T21:00:00Z,2494060
app/bodegaai-production-alb/31b69d3d76ab5ed1,,RequestCount,2026-09-11T21:00:00Z,2026-09-11T22:00:00Z,2494131
app/bodegaai-production-alb/31b69d3d76ab5ed1,,RequestCount,2026-09-11T22:00:00Z,2026-09-11T23:00:00Z,2481187
app/bodegaai-production-alb/31b69d3d76ab5ed1,,RequestCount,2026-09-11T23:00:00Z,2026-09-12T00:00:00Z,2464634
app/bodegaai-production-alb/31b69d3d76ab5ed1,,RequestCount,2026-09-12T00:00:00Z,2026-09-12T01:00:00Z,2447116
app/bodegaai-production-alb/31b69d3d76ab5ed1,,RequestCount,2026-09-12T01:00:00Z,2026-09-12T02:00:00Z,2394917
app/bodegaai-production-alb/31b69d3d76ab5ed1,,RequestCount,2026-09-12T02:00:00Z,2026-09-12T03:00:00Z,2361542
app/bodegaai-production-alb/31b69d3d76ab5ed1,,RequestCount,2026-09-12T03:00:00Z,2026-09-12T04:00:00Z,2302941
app/bodegaai-production-alb/31b69d3d76ab5ed1,,RequestCount,2026-09-12T04:00:00Z,2026-09-12T05:00:00Z,2276231
app/bodegaai-production-alb/31b69d3d76ab5ed1,,RequestCount,2026-09-12T05:00:00Z,2026-09-12T06:00:00Z,2259600
app/bodegaai-production-alb/31b69d3d76ab5ed1,,RequestCount,2026-09-12T06:00:00Z,2026-09-12T07:00:00Z,2254697
app/bodegaai-production-alb/31b69d3d76ab5ed1,,RequestCount,2026-09-12T07:00:00Z,2026-09-12T08:00:00Z,2229846
app/bodegaai-production-alb/31b69d3d76ab5ed1,,RequestCount,2026-09-12T08:00:00Z,2026-09-12T09:00:00Z,2220878
app/bodegaai-production-alb/31b69d3d76ab5ed1,,RequestCount,2026-09-12T09:00:00Z,2026-09-12T10:00:00Z,2226045
app/bodegaai-production-alb/31b69d3d76ab5ed1,,RequestCount,2026-09-12T10:00:00Z,2026-09-12T11:00:00Z,2246886
app/bodegaai-production-alb/31b69d3d76ab5ed1,,RequestCount,2026-09-12T11:00:00Z,2026-09-12T12:00:00Z,2275706
app/bodegaai-production-alb/31b69d3d76ab5ed1,,RequestCount,2026-09-12T12:00:00Z,2026-09-12T13:00:00Z,2346365
app/bodegaai-production-alb/31b69d3d76ab5ed1,,RequestCount,2026-09-12T13:00:00Z,2026-09-12T14:00:00Z,2411995
app/bodegaai-production-alb/31b69d3d76ab5ed1,,RequestCount,2026-09-12T14:00:00Z,2026-09-12T15:00:00Z,2447257
app/bodegaai-production-alb/31b69d3d76ab5ed1,,RequestCount,2026-09-12T15:00:00Z,2026-09-12T16:00:00Z,2470511
app/bodegaai-production-alb/31b69d3d76ab5ed1,,RequestCount,2026-09-12T16:00:00Z,2026-09-12T17:00:00Z,2490630
app/bodegaai-production-alb/31b69d3d76ab5ed1,,RequestCount,2026-09-12T17:00:00Z,2026-09-12T18:00:00Z,2475670
app/bodegaai-production-alb/31b69d3d76ab5ed1,,RequestCount,2026-09-12T18:00:00Z,2026-09-12T19:00:00Z,2476647
app/bodegaai-production-alb/31b69d3d76ab5ed1,,RequestCount,2026-09-12T19:00:00Z,2026-09-12T20:00:00Z,2484311
app/bodegaai-production-alb/31b69d3d76ab5ed1,,RequestCount,2026-09-12T20:00:00Z,2026-09-12T21:00:00Z,2492215
app/bodegaai-production-alb/31b69d3d76ab5ed1,,RequestCount,2026-09-12T21:00:00Z,2026-09-12T22:00:00Z,2490701
app/bodegaai-production-alb/31b69d3d76ab5ed1,,RequestCount,2026-09-12T22:00:00Z,2026-09-12T23:00:00Z,2484278
app/bodegaai-production-alb/31b69d3d76ab5ed1,,RequestCount,2026-09-12T23:00:00Z,2026-09-13T00:00:00Z,2485049
app/bodegaai-production-alb/31b69d3d76ab5ed1,,RequestCount,2026-09-13T00:00:00Z,2026-09-13T01:00:00Z,2477426
app/bodegaai-production-alb/31b69d3d76ab5ed1,,RequestCount,2026-09-13T01:00:00Z,2026-09-13T02:00:00Z,2448796
app/bodegaai-production-alb/31b69d3d76ab5ed1,,RequestCount,2026-09-13T02:00:00Z,2026-09-13T03:00:00Z,2380443
app/bodegaai-production-alb/31b69d3d76ab5ed1,,RequestCount,2026-09-13T03:00:00Z,2026-09-13T04:00:00Z,2327954
app/bodegaai-production-alb/31b69d3d76ab5ed1,,RequestCount,2026-09-13T04:00:00Z,2026-09-13T05:00:00Z,2294826
app/bodegaai-production-alb/31b69d3d76ab5ed1,,RequestCount,2026-09-13T05:00:00Z,2026-09-13T06:00:00Z,2274494
app/bodegaai-production-alb/31b69d3d76ab5ed1,,RequestCount,2026-09-13T06:00:00Z,2026-09-13T07:00:00Z,2269431
app/bodegaai-production-alb/31b69d3d76ab5ed1,,RequestCount,2026-09-13T07:00:00Z,2026-09-13T08:00:00Z,2254627
app/bodegaai-production-alb/31b69d3d76ab5ed1,,RequestCount,2026-09-13T08:00:00Z,2026-09-13T09:00:00Z,2251416
app/bodegaai-production-alb/31b69d3d76ab5ed1,,RequestCount,2026-09-13T09:00:00Z,2026-09-13T10:00:00Z,2252091
app/bodegaai-production-alb/31b69d3d76ab5ed1,,RequestCount,2026-09-13T10:00:00Z,2026-09-13T11:00:00Z,2256606
app/bodegaai-production-alb/31b69d3d76ab5ed1,,RequestCount,2026-09-13T11:00:00Z,2026-09-13T12:00:00Z,2279053
app/bodegaai-production-alb/31b69d3d76ab5ed1,,RequestCount,2026-09-13T12:00:00Z,2026-09-13T13:00:00Z,2332979
app/bodegaai-production-alb/31b69d3d76ab5ed1,,RequestCount,2026-09-13T13:00:00Z,2026-09-13T14:00:00Z,2356308
app/bodegaai-production-alb/31b69d3d76ab5ed1,,RequestCount,2026-09-13T14:00:00Z,2026-09-13T15:00:00Z,2391498
app/bodegaai-production-alb/31b69d3d76ab5ed1,,RequestCount,2026-09-13T15:00:00Z,2026-09-13T16:00:00Z,2411786
app/bodegaai-production-alb/31b69d3d76ab5ed1,,RequestCount,2026-09-13T16:00:00Z,2026-09-13T17:00:00Z,2432031
app/bodegaai-production-alb/31b69d3d76ab5ed1,,RequestCount,2026-09-13T17:00:00Z,2026-09-13T18:00:00Z,2434658
app/bodegaai-production-alb/31b69d3d76ab5ed1,,RequestCount,2026-09-13T18:00:00Z,2026-09-13T19:00:00Z,2446375
app/bodegaai-production-alb/31b69d3d76ab5ed1,,RequestCount,2026-09-13T19:00:00Z,2026-09-13T20:00:00Z,2435311
app/bodegaai-production-alb/31b69d3d76ab5ed1,,RequestCount,2026-09-13T20:00:00Z,2026-09-13T21:00:00Z,2430624
app/bodegaai-production-alb/31b69d3d76ab5ed1,,RequestCount,2026-09-13T21:00:00Z,2026-09-13T22:00:00Z,2430224
app/bodegaai-production-alb/31b69d3d76ab5ed1,,RequestCount,2026-09-13T22:00:00Z,2026-09-13T23:00:00Z,2419168
app/bodegaai-production-alb/31b69d3d76ab5ed1,,RequestCount,2026-09-13T23:00:00Z,2026-09-14T00:00:00Z,2411772
app/bodegaai-production-alb/31b69d3d76ab5ed1,,RequestCount,2026-09-14T00:00:00Z,2026-09-14T01:00:00Z,2397139
app/bodegaai-production-alb/31b69d3d76ab5ed1,,RequestCount,2026-09-14T01:00:00Z,2026-09-14T02:00:00Z,2368052
app/bodegaai-production-alb/31b69d3d76ab5ed1,,RequestCount,2026-09-14T02:00:00Z,2026-09-14T03:00:00Z,2328893
app/bodegaai-production-alb/31b69d3d76ab5ed1,,RequestCount,2026-09-14T03:00:00Z,2026-09-14T04:00:00Z,2311590
app/bodegaai-production-alb/31b69d3d76ab5ed1,,RequestCount,2026-09-14T04:00:00Z,2026-09-14T05:00:00Z,2296763
app/bodegaai-production-alb/31b69d3d76ab5ed1,,RequestCount,2026-09-14T05:00:00Z,2026-09-14T06:00:00Z,2289253
app/bodegaai-production-alb/31b69d3d76ab5ed1,,RequestCount,2026-09-14T06:00:00Z,2026-09-14T07:00:00Z,2282198
app/bodegaai-production-alb/31b69d3d76ab5ed1,,RequestCount,2026-09-14T07:00:00Z,2026-09-14T08:00:00Z,2276187
app/bodegaai-production-alb/31b69d3d76ab5ed1,,RequestCount,2026-09-14T08:00:00Z,2026-09-14T09:00:00Z,2275352
app/bodegaai-production-alb/31b69d3d76ab5ed1,,RequestCount,2026-09-14T09:00:00Z,2026-09-14T10:00:00Z,2279680
app/bodegaai-production-alb/31b69d3d76ab5ed1,,RequestCount,2026-09-14T10:00:00Z,2026-09-14T11:00:00Z,2303488
app/bodegaai-production-alb/31b69d3d76ab5ed1,,RequestCount,2026-09-14T11:00:00Z,2026-09-14T12:00:00Z,2347601
app/bodegaai-production-alb/31b69d3d76ab5ed1,,RequestCount,2026-09-14T12:00:00Z,2026-09-14T13:00:00Z,2394798
app/bodegaai-production-alb/31b69d3d76ab5ed1,,RequestCount,2026-09-14T13:00:00Z,2026-09-14T14:00:00Z,2437124
app/bodegaai-production-alb/31b69d3d76ab5ed1,,RequestCount,2026-09-14T14:00:00Z,2026-09-14T15:00:00Z,2458412
app/bodegaai-production-alb/31b69d3d76ab5ed1,,RequestCount,2026-09-14T15:00:00Z,2026-09-14T16:00:00Z,2505181
app/bodegaai-production-alb/31b69d3d76ab5ed1,,RequestCount,2026-09-14T16:00:00Z,2026-09-14T17:00:00Z,2524503
app/bodegaai-production-alb/31b69d3d76ab5ed1,,RequestCount,2026-09-14T17:00:00Z,2026-09-14T18:00:00Z,2513724
app/bodegaai-production-alb/31b69d3d76ab5ed1,,RequestCount,2026-09-14T18:00:00Z,2026-09-14T19:00:00Z,2513432
app/bodegaai-production-alb/31b69d3d76ab5ed1,,RequestCount,2026-09-14T19:00:00Z,2026-09-14T20:00:00Z,2511302
app/bodegaai-production-alb/31b69d3d76ab5ed1,,RequestCount,2026-09-14T20:00:00Z,2026-09-14T21:00:00Z,2508855
app/bodegaai-production-alb/31b69d3d76ab5ed1,,RequestCount,2026-09-14T21:00:00Z,2026-09-14T22:00:00Z,2500730
app/bodegaai-production-alb/31b69d3d76ab5ed1,,RequestCount,2026-09-14T22:00:00Z,2026-09-14T23:00:00Z,2483952
app/bodegaai-production-alb/31b69d3d76ab5ed1,,RequestCount,2026-09-14T23:00:00Z,2026-09-15T00:00:00Z,2478746
app/bodegaai-production-alb/31b69d3d76ab5ed1,,RequestCount,2026-09-15T00:00:00Z,2026-09-15T01:00:00Z,2460739
app/bodegaai-production-alb/31b69d3d76ab5ed1,,RequestCount,2026-09-15T01:00:00Z,2026-09-15T02:00:00Z,2397434
app/bodegaai-production-alb/31b69d3d76ab5ed1,,RequestCount,2026-09-15T02:00:00Z,2026-09-15T03:00:00Z,2349157
app/bodegaai-production-alb/31b69d3d76ab5ed1,,RequestCount,2026-09-15T03:00:00Z,2026-09-15T04:00:00Z,2308311
app/bodegaai-production-alb/31b69d3d76ab5ed1,,RequestCount,2026-09-15T04:00:00Z,2026-09-15T05:00:00Z,2267365
app/bodegaai-production-alb/31b69d3d76ab5ed1,,RequestCount,2026-09-15T05:00:00Z,2026-09-15T06:00:00Z,2237441
app/bodegaai-production-alb/31b69d3d76ab5ed1,,RequestCount,2026-09-15T06:00:00Z,2026-09-15T07:00:00Z,2255617
app/bodegaai-production-alb/31b69d3d76ab5ed1,,RequestCount,2026-09-15T07:00:00Z,2026-09-15T08:00:00Z,2256140
app/bodegaai-production-alb/31b69d3d76ab5ed1,,RequestCount,2026-09-15T08:00:00Z,2026-09-15T09:00:00Z,2248948
app/bodegaai-production-alb/31b69d3d76ab5ed1,,RequestCount,2026-09-15T09:00:00Z,2026-09-15T10:00:00Z,2258447
app/bodegaai-production-alb/31b69d3d76ab5ed1,,RequestCount,2026-09-15T10:00:00Z,2026-09-15T11:00:00Z,2286970
app/bodegaai-production-alb/31b69d3d76ab5ed1,,RequestCount,2026-09-15T11:00:00Z,2026-09-15T12:00:00Z,2340291
app/bodegaai-production-alb/31b69d3d76ab5ed1,,RequestCount,2026-09-15T12:00:00Z,2026-09-15T13:00:00Z,2389052
app/bodegaai-production-alb/31b69d3d76ab5ed1,,RequestCount,2026-09-15T13:00:00Z,2026-09-15T14:00:00Z,2431284
app/bodegaai-production-alb/31b69d3d76ab5ed1,,RequestCount,2026-09-15T14:00:00Z,2026-09-15T15:00:00Z,2455947
app/bodegaai-production-alb/31b69d3d76ab5ed1,,RequestCount,2026-09-15T15:00:00Z,2026-09-15T16:00:00Z,2469595
app/bodegaai-production-alb/31b69d3d76ab5ed1,,RequestCount,2026-09-15T16:00:00Z,2026-09-15T17:00:00Z,2488425
app/bodegaai-production-alb/31b69d3d76ab5ed1,,RequestCount,2026-09-15T17:00:00Z,2026-09-15T18:00:00Z,2523233
app/bodegaai-production-alb/31b69d3d76ab5ed1,,RequestCount,2026-09-15T18:00:00Z,2026-09-15T19:00:00Z,2487848
app/bodegaai-production-alb/31b69d3d76ab5ed1,,RequestCount,2026-09-15T19:00:00Z,2026-09-15T20:00:00Z,2489019
app/bodegaai-production-alb/31b69d3d76ab5ed1,,RequestCount,2026-09-15T20:00:00Z,2026-09-15T21:00:00Z,2482205
app/bodegaai-production-alb/31b69d3d76ab5ed1,,RequestCount,2026-09-15T21:00:00Z,2026-09-15T22:00:00Z,2487773
app/bodegaai-production-alb/31b69d3d76ab5ed1,,RequestCount,2026-09-15T22:00:00Z,2026-09-15T23:00:00Z,2468524
app/bodegaai-production-alb/31b69d3d76ab5ed1,,RequestCount,2026-09-15T23:00:00Z,2026-09-16T00:00:00Z,2462640
app/bodegaai-production-alb/31b69d3d76ab5ed1,,RequestCount,2026-09-16T00:00:00Z,2026-09-16T01:00:00Z,2433608
app/bodegaai-production-alb/31b69d3d76ab5ed1,,RequestCount,2026-09-16T01:00:00Z,2026-09-16T02:00:00Z,2397110
app/bodegaai-production-alb/31b69d3d76ab5ed1,,RequestCount,2026-09-16T02:00:00Z,2026-09-16T03:00:00Z,2346800
app/bodegaai-production-alb/31b69d3d76ab5ed1,,RequestCount,2026-09-16T03:00:00Z,2026-09-16T04:00:00Z,2296441
app/bodegaai-production-alb/31b69d3d76ab5ed1,,RequestCount,2026-09-16T04:00:00Z,2026-09-16T05:00:00Z,2264822
app/bodegaai-production-alb/31b69d3d76ab5ed1,,RequestCount,2026-09-16T05:00:00Z,2026-09-16T06:00:00Z,2240518
app/bodegaai-production-alb/31b69d3d76ab5ed1,,RequestCount,2026-09-16T06:00:00Z,2026-09-16T07:00:00Z,2236701
app/bodegaai-production-alb/31b69d3d76ab5ed1,,RequestCount,2026-09-16T07:00:00Z,2026-09-16T08:00:00Z,2246768
app/bodegaai-production-alb/31b69d3d76ab5ed1,,RequestCount,2026-09-16T08:00:00Z,2026-09-16T09:00:00Z,2245235
app/bodegaai-production-alb/31b69d3d76ab5ed1,,RequestCount,2026-09-16T09:00:00Z,2026-09-16T10:00:00Z,2254390
app/bodegaai-production-alb/31b69d3d76ab5ed1,,RequestCount,2026-09-16T10:00:00Z,2026-09-16T11:00:00Z,2287981
app/bodegaai-production-alb/31b69d3d76ab5ed1,,RequestCount,2026-09-16T11:00:00Z,2026-09-16T12:00:00Z,2326445
app/bodegaai-production-alb/31b69d3d76ab5ed1,,RequestCount,2026-09-16T12:00:00Z,2026-09-16T13:00:00Z,2362579
app/bodegaai-production-alb/31b69d3d76ab5ed1,,RequestCount,2026-09-16T13:00:00Z,2026-09-16T14:00:00Z,2422463
app/bodegaai-production-alb/31b69d3d76ab5ed1,,RequestCount,2026-09-16T14:00:00Z,2026-09-16T15:00:00Z,2442245
app/bodegaai-production-alb/31b69d3d76ab5ed1,,RequestCount,2026-09-16T15:00:00Z,2026-09-16T16:00:00Z,2471400
app/bodegaai-production-alb/31b69d3d76ab5ed1,,RequestCount,2026-09-16T16:00:00Z,2026-09-16T17:00:00Z,2474330
app/bodegaai-production-alb/31b69d3d76ab5ed1,,RequestCount,2026-09-16T17:00:00Z,2026-09-16T18:00:00Z,2482142
app/bodegaai-production-alb/31b69d3d76ab5ed1,,RequestCount,2026-09-16T18:00:00Z,2026-09-16T19:00:00Z,2475286
app/bodegaai-production-alb/31b69d3d76ab5ed1,,RequestCount,2026-09-16T19:00:00Z,2026-09-16T20:00:00Z,2475707
app/bodegaai-production-alb/31b69d3d76ab5ed1,,RequestCount,2026-09-16T20:00:00Z,2026-09-16T21:00:00Z,2455047
app/bodegaai-production-alb/31b69d3d76ab5ed1,,RequestCount,2026-09-16T21:00:00Z,2026-09-16T22:00:00Z,2479436
app/bodegaai-production-alb/31b69d3d76ab5ed1,,RequestCount,2026-09-16T22:00:00Z,2026-09-16T23:00:00Z,2470377
app/bodegaai-production-alb/31b69d3d76ab5ed1,,RequestCount,2026-09-16T23:00:00Z,2026-09-17T00:00:00Z,2457235
app/bodegaai-production-alb/31b69d3d76ab5ed1,,RequestCount,2026-09-17T00:00:00Z,2026-09-17T01:00:00Z,2444794
app/bodegaai-production-alb/31b69d3d76ab5ed1,,RequestCount,2026-09-17T01:00:00Z,2026-09-17T02:00:00Z,2414684
app/bodegaai-production-alb/31b69d3d76ab5ed1,,RequestCount,2026-09-17T02:00:00Z,2026-09-17T03:00:00Z,2371851
app/bodegaai-production-alb/31b69d3d76ab5ed1,,RequestCount,2026-09-17T03:00:00Z,2026-09-17T04:00:00Z,2318314
app/bodegaai-production-alb/31b69d3d76ab5ed1,,RequestCount,2026-09-17T04:00:00Z,2026-09-17T05:00:00Z,2284604
app/bodegaai-production-alb/31b69d3d76ab5ed1,,RequestCount,2026-09-17T05:00:00Z,2026-09-17T06:00:00Z,2270369
app/bodegaai-production-alb/31b69d3d76ab5ed1,,RequestCount,2026-09-17T06:00:00Z,2026-09-17T07:00:00Z,2270665
app/bodegaai-production-alb/31b69d3d76ab5ed1,,RequestCount,2026-09-17T07:00:00Z,2026-09-17T08:00:00Z,2265640
app/bodegaai-production-alb/31b69d3d76ab5ed1,,RequestCount,2026-09-17T08:00:00Z,2026-09-17T09:00:00Z,2263581
app/bodegaai-production-alb/31b69d3d76ab5ed1,,RequestCount,2026-09-17T09:00:00Z,2026-09-17T10:00:00Z,2262423
app/bodegaai-production-alb/31b69d3d76ab5ed1,,RequestCount,2026-09-17T10:00:00Z,2026-09-17T11:00:00Z,2284179
app/bodegaai-production-alb/31b69d3d76ab5ed1,,RequestCount,2026-09-17T11:00:00Z,2026-09-17T12:00:00Z,2340135
app/bodegaai-production-alb/31b69d3d76ab5ed1,,RequestCount,2026-09-17T12:00:00Z,2026-09-17T13:00:00Z,2380434
app/bodegaai-production-alb/31b69d3d76ab5ed1,,RequestCount,2026-09-17T13:00:00Z,2026-09-17T14:00:00Z,2370494
app/bodegaai-production-alb/31b69d3d76ab5ed1,,RequestCount,2026-09-17T14:00:00Z,2026-09-17T15:00:00Z,2470322
app/bodegaai-production-alb/31b69d3d76ab5ed1,,RequestCount,2026-09-17T15:00:00Z,2026-09-17T16:00:00Z,2500902
app/bodegaai-production-alb/31b69d3d76ab5ed1,,RequestCount,2026-09-17T16:00:00Z,2026-09-17T17:00:00Z,2525555
app/bodegaai-production-alb/31b69d3d76ab5ed1,,RequestCount,2026-09-17T17:00:00Z,2026-09-17T18:00:00Z,2415044
app/bodegaai-production-alb/31b69d3d76ab5ed1,,RequestCount,2026-09-17T18:00:00Z,2026-09-17T19:00:00Z,1993393
app/bodegaai-production-alb/31b69d3d76ab5ed1,,RequestCount,2026-09-17T19:00:00Z,2026-09-17T20:00:00Z,1895521
app/bodegaai-production-alb/31b69d3d76ab5ed1,,RequestCount,2026-09-17T20:00:00Z,2026-09-17T21:00:00Z,1845471
app/bodegaai-production-alb/31b69d3d76ab5ed1,,RequestCount,2026-09-17T21:00:00Z,2026-09-17T22:00:00Z,1814103
app/bodegaai-production-alb/31b69d3d76ab5ed1,,RequestCount,2026-09-17T22:00:00Z,2026-09-17T23:00:00Z,1779115
app/bodegaai-production-alb/31b69d3d76ab5ed1,,RequestCount,2026-09-17T23:00:00Z,2026-09-18T00:00:00Z,1767215
app/bodegaai-production-alb/31b69d3d76ab5ed1,,RequestCount,2026-09-18T00:00:00Z,2026-09-18T01:00:00Z,1736435
app/bodegaai-production-alb/31b69d3d76ab5ed1,,RequestCount,2026-09-18T01:00:00Z,2026-09-18T02:00:00Z,1702192
app/bodegaai-production-alb/31b69d3d76ab5ed1,,RequestCount,2026-09-18T02:00:00Z,2026-09-18T03:00:00Z,1649741
app/bodegaai-production-alb/31b69d3d76ab5ed1,,RequestCount,2026-09-18T03:00:00Z,2026-09-18T04:00:00Z,1601857
app/bodegaai-production-alb/31b69d3d76ab5ed1,,RequestCount,2026-09-18T04:00:00Z,2026-09-18T05:00:00Z,1557147
app/bodegaai-production-alb/31b69d3d76ab5ed1,,RequestCount,2026-09-18T05:00:00Z,2026-09-18T06:00:00Z,1530347
app/bodegaai-production-alb/31b69d3d76ab5ed1,,RequestCount,2026-09-18T06:00:00Z,2026-09-18T07:00:00Z,1515868
app/bodegaai-production-alb/31b69d3d76ab5ed1,,RequestCount,2026-09-18T07:00:00Z,2026-09-18T08:00:00Z,1510997
app/bodegaai-production-alb/31b69d3d76ab5ed1,,RequestCount,2026-09-18T08:00:00Z,2026-09-18T09:00:00Z,1511806
app/bodegaai-production-alb/31b69d3d76ab5ed1,,RequestCount,2026-09-18T09:00:00Z,2026-09-18T10:00:00Z,1511125
app/bodegaai-production-alb/31b69d3d76ab5ed1,,RequestCount,2026-09-18T10:00:00Z,2026-09-18T11:00:00Z,1530977
app/bodegaai-production-alb/31b69d3d76ab5ed1,,RequestCount,2026-09-18T11:00:00Z,2026-09-18T12:00:00Z,1563630
app/bodegaai-production-alb/31b69d3d76ab5ed1,,RequestCount,2026-09-18T12:00:00Z,2026-09-18T13:00:00Z,1593522
app/bodegaai-production-alb/31b69d3d76ab5ed1,,RequestCount,2026-09-18T13:00:00Z,2026-09-18T14:00:00Z,1609147
app/bodegaai-production-alb/31b69d3d76ab5ed1,,RequestCount,2026-09-18T14:00:00Z,2026-09-18T15:00:00Z,1631005
app/bodegaai-production-alb/31b69d3d76ab5ed1,,RequestCount,2026-09-18T15:00:00Z,2026-09-18T16:00:00Z,1630136
app/bodegaai-production-alb/31b69d3d76ab5ed1,,RequestCount,2026-09-18T16:00:00Z,2026-09-18T17:00:00Z,1643568
app/bodegaai-production-alb/31b69d3d76ab5ed1,,RequestCount,2026-09-18T17:00:00Z,2026-09-18T18:00:00Z,1634528
app/bodegaai-production-alb/31b69d3d76ab5ed1,,RequestCount,2026-09-18T18:00:00Z,2026-09-18T19:00:00Z,1633324
app/bodegaai-production-alb/31b69d3d76ab5ed1,,RequestCount,2026-09-18T19:00:00Z,2026-09-18T20:00:00Z,1641615
app/bodegaai-production-alb/31b69d3d76ab5ed1,,RequestCount,2026-09-18T20:00:00Z,2026-09-18T21:00:00Z,1632489
app/bodegaai-production-alb/31b69d3d76ab5ed1,,RequestCount,2026-09-18T21:00:00Z,2026-09-18T22:00:00Z,1608156
app/bodegaai-production-alb/31b69d3d76ab5ed1,,RequestCount,2026-09-18T22:00:00Z,2026-09-18T23:00:00Z,1581779
app/bodegaai-production-alb/31b69d3d76ab5ed1,,RequestCount,2026-09-18T23:00:00Z,2026-09-19T00:00:00Z,1566344
app/bodegaai-production-alb/31b69d3d76ab5ed1,,RequestCount,2026-09-19T00:00:00Z,2026-09-19T01:00:00Z,1551413
app/bodegaai-production-alb/31b69d3d76ab5ed1,,RequestCount,2026-09-19T01:00:00Z,2026-09-19T02:00:00Z,1515108
app/bodegaai-production-alb/31b69d3d76ab5ed1,,RequestCount,2026-09-19T02:00:00Z,2026-09-19T03:00:00Z,1470239
app/bodegaai-production-alb/31b69d3d76ab5ed1,,RequestCount,2026-09-19T03:00:00Z,2026-09-19T04:00:00Z,1425055
app/bodegaai-production-alb/31b69d3d76ab5ed1,,RequestCount,2026-09-19T04:00:00Z,2026-09-19T05:00:00Z,1393339
app/bodegaai-production-alb/31b69d3d76ab5ed1,,RequestCount,2026-09-19T05:00:00Z,2026-09-19T06:00:00Z,1370473
app/bodegaai-production-alb/31b69d3d76ab5ed1,,RequestCount,2026-09-19T06:00:00Z,2026-09-19T07:00:00Z,1369330
app/bodegaai-production-alb/31b69d3d76ab5ed1,,RequestCount,2026-09-19T07:00:00Z,2026-09-19T08:00:00Z,1368215
app/bodegaai-production-alb/31b69d3d76ab5ed1,,RequestCount,2026-09-19T08:00:00Z,2026-09-19T09:00:00Z,1363501
app/bodegaai-production-alb/31b69d3d76ab5ed1,,RequestCount,2026-09-19T09:00:00Z,2026-09-19T10:00:00Z,1359213
app/bodegaai-production-alb/31b69d3d76ab5ed1,,RequestCount,2026-09-19T10:00:00Z,2026-09-19T11:00:00Z,1367528
app/bodegaai-production-alb/31b69d3d76ab5ed1,,RequestCount,2026-09-19T11:00:00Z,2026-09-19T12:00:00Z,1390745
app/bodegaai-production-alb/31b69d3d76ab5ed1,,RequestCount,2026-09-19T12:00:00Z,2026-09-19T13:00:00Z,1432931
app/bodegaai-production-alb/31b69d3d76ab5ed1,,RequestCount,2026-09-19T13:00:00Z,2026-09-19T14:00:00Z,1482804
app/bodegaai-production-alb/31b69d3d76ab5ed1,,RequestCount,2026-09-19T14:00:00Z,2026-09-19T15:00:00Z,1512696
app/bodegaai-production-alb/31b69d3d76ab5ed1,,RequestCount,2026-09-19T15:00:00Z,2026-09-19T16:00:00Z,1526706
app/bodegaai-production-alb/31b69d3d76ab5ed1,,RequestCount,2026-09-19T16:00:00Z,2026-09-19T17:00:00Z,1536191
app/bodegaai-production-alb/31b69d3d76ab5ed1,,RequestCount,2026-09-19T17:00:00Z,2026-09-19T18:00:00Z,1556746
app/bodegaai-production-alb/31b69d3d76ab5ed1,,RequestCount,2026-09-19T18:00:00Z,2026-09-19T19:00:00Z,1605026
app/bodegaai-production-alb/31b69d3d76ab5ed1,,RequestCount,2026-09-19T19:00:00Z,2026-09-19T20:00:00Z,1611534
app/bodegaai-production-alb/31b69d3d76ab5ed1,,RequestCount,2026-09-19T20:00:00Z,2026-09-19T21:00:00Z,1638038
app/bodegaai-production-alb/31b69d3d76ab5ed1,,RequestCount,2026-09-19T21:00:00Z,2026-09-19T22:00:00Z,1623270
app/bodegaai-production-alb/31b69d3d76ab5ed1,,RequestCount,2026-09-19T22:00:00Z,2026-09-19T23:00:00Z,1639044
app/bodegaai-production-alb/31b69d3d76ab5ed1,,RequestCount,2026-09-19T23:00:00Z,2026-09-20T00:00:00Z,1630999
app/bodegaai-production-alb/31b69d3d76ab5ed1,,RequestCount,2026-09-20T00:00:00Z,2026-09-20T01:00:00Z,1611463
app/bodegaai-production-alb/31b69d3d76ab5ed1,,RequestCount,2026-09-20T01:00:00Z,2026-09-20T02:00:00Z,1576271
app/bodegaai-production-alb/31b69d3d76ab5ed1,,RequestCount,2026-09-20T02:00:00Z,2026-09-20T03:00:00Z,1543585
app/bodegaai-production-alb/31b69d3d76ab5ed1,,RequestCount,2026-09-20T03:00:00Z,2026-09-20T04:00:00Z,1489212
app/bodegaai-production-alb/31b69d3d76ab5ed1,,RequestCount,2026-09-20T04:00:00Z,2026-09-20T05:00:00Z,1461805
app/bodegaai-production-alb/31b69d3d76ab5ed1,,RequestCount,2026-09-20T05:00:00Z,2026-09-20T06:00:00Z,1444122
app/bodegaai-production-alb/31b69d3d76ab5ed1,,RequestCount,2026-09-20T06:00:00Z,2026-09-20T07:00:00Z,1428952
app/bodegaai-production-alb/31b69d3d76ab5ed1,,RequestCount,2026-09-20T07:00:00Z,2026-09-20T08:00:00Z,1428753
app/bodegaai-production-alb/31b69d3d76ab5ed1,,RequestCount,2026-09-20T08:00:00Z,2026-09-20T09:00:00Z,1426610
app/bodegaai-production-alb/31b69d3d76ab5ed1,,RequestCount,2026-09-20T09:00:00Z,2026-09-20T10:00:00Z,1430033
app/bodegaai-production-alb/31b69d3d76ab5ed1,,RequestCount,2026-09-20T10:00:00Z,2026-09-20T11:00:00Z,1437468
app/bodegaai-production-alb/31b69d3d76ab5ed1,,RequestCount,2026-09-20T11:00:00Z,2026-09-20T12:00:00Z,1447215
app/bodegaai-production-alb/31b69d3d76ab5ed1,,RequestCount,2026-09-20T12:00:00Z,2026-09-20T13:00:00Z,1499887
app/bodegaai-production-alb/31b69d3d76ab5ed1,,RequestCount,2026-09-20T13:00:00Z,2026-09-20T14:00:00Z,1541173
app/bodegaai-production-alb/31b69d3d76ab5ed1,,RequestCount,2026-09-20T14:00:00Z,2026-09-20T15:00:00Z,1565579
app/bodegaai-production-alb/31b69d3d76ab5ed1,,RequestCount,2026-09-20T15:00:00Z,2026-09-20T16:00:00Z,1580627
app/bodegaai-production-alb/31b69d3d76ab5ed1,,RequestCount,2026-09-20T16:00:00Z,2026-09-20T17:00:00Z,1615493
app/bodegaai-production-alb/31b69d3d76ab5ed1,,RequestCount,2026-09-20T17:00:00Z,2026-09-20T18:00:00Z,1609925
app/bodegaai-production-alb/31b69d3d76ab5ed1,,RequestCount,2026-09-20T18:00:00Z,2026-09-20T19:00:00Z,1604268
app/bodegaai-production-alb/31b69d3d76ab5ed1,,RequestCount,2026-09-20T19:00:00Z,2026-09-20T20:00:00Z,1601160
app/bodegaai-production-alb/31b69d3d76ab5ed1,,RequestCount,2026-09-20T20:00:00Z,2026-09-20T21:00:00Z,1597627
app/bodegaai-production-alb/31b69d3d76ab5ed1,,RequestCount,2026-09-20T21:00:00Z,2026-09-20T22:00:00Z,1599896
app/bodegaai-production-alb/31b69d3d76ab5ed1,,RequestCount,2026-09-20T22:00:00Z,2026-09-20T23:00:00Z,1592884
app/bodegaai-production-alb/31b69d3d76ab5ed1,,RequestCount,2026-09-20T23:00:00Z,2026-09-21T00:00:00Z,1583846
app/bodegaai-production-alb/31b69d3d76ab5ed1,,RequestCount,2026-09-21T00:00:00Z,2026-09-21T01:00:00Z,1565388
app/bodegaai-production-alb/31b69d3d76ab5ed1,,RequestCount,2026-09-21T01:00:00Z,2026-09-21T02:00:00Z,1536086
app/bodegaai-production-alb/31b69d3d76ab5ed1,,RequestCount,2026-09-21T02:00:00Z,2026-09-21T03:00:00Z,1507036
app/bodegaai-production-alb/31b69d3d76ab5ed1,,RequestCount,2026-09-21T03:00:00Z,2026-09-21T04:00:00Z,1470864
app/bodegaai-production-alb/31b69d3d76ab5ed1,,RequestCount,2026-09-21T04:00:00Z,2026-09-21T05:00:00Z,1451137
app/bodegaai-production-alb/31b69d3d76ab5ed1,,RequestCount,2026-09-21T05:00:00Z,2026-09-21T06:00:00Z,1443112
app/bodegaai-production-alb/31b69d3d76ab5ed1,,RequestCount,2026-09-21T06:00:00Z,2026-09-21T07:00:00Z,1425841
app/bodegaai-production-alb/31b69d3d76ab5ed1,,RequestCount,2026-09-21T07:00:00Z,2026-09-21T08:00:00Z,1426585
app/bodegaai-production-alb/31b69d3d76ab5ed1,,RequestCount,2026-09-21T08:00:00Z,2026-09-21T09:00:00Z,1425620
app/bodegaai-production-alb/31b69d3d76ab5ed1,,RequestCount,2026-09-21T09:00:00Z,2026-09-21T10:00:00Z,1429658
app/bodegaai-production-alb/31b69d3d76ab5ed1,,RequestCount,2026-09-21T10:00:00Z,2026-09-21T11:00:00Z,1446486
app/bodegaai-production-alb/31b69d3d76ab5ed1,,RequestCount,2026-09-21T11:00:00Z,2026-09-21T12:00:00Z,1468191
app/bodegaai-production-alb/31b69d3d76ab5ed1,,RequestCount,2026-09-21T12:00:00Z,2026-09-21T13:00:00Z,1489685
app/bodegaai-production-alb/31b69d3d76ab5ed1,,RequestCount,2026-09-21T13:00:00Z,2026-09-21T14:00:00Z,1541428
app/bodegaai-production-alb/31b69d3d76ab5ed1,,RequestCount,2026-09-21T14:00:00Z,2026-09-21T15:00:00Z,1572309
app/bodegaai-production-alb/31b69d3d76ab5ed1,,RequestCount,2026-09-21T15:00:00Z,2026-09-21T16:00:00Z,1594087
app/bodegaai-production-alb/31b69d3d76ab5ed1,,RequestCount,2026-09-21T16:00:00Z,2026-09-21T17:00:00Z,1639679
app/bodegaai-production-alb/31b69d3d76ab5ed1,,RequestCount,2026-09-21T17:00:00Z,2026-09-21T18:00:00Z,1965795
app/bodegaai-production-alb/31b69d3d76ab5ed1,,RequestCount,2026-09-21T18:00:00Z,2026-09-21T19:00:00Z,2115269
app/bodegaai-production-alb/31b69d3d76ab5ed1,,RequestCount,2026-09-21T19:00:00Z,2026-09-21T20:00:00Z,2195483
app/bodegaai-production-alb/31b69d3d76ab5ed1,,RequestCount,2026-09-21T20:00:00Z,2026-09-21T21:00:00Z,2238492
app/bodegaai-production-alb/31b69d3d76ab5ed1,,RequestCount,2026-09-21T21:00:00Z,2026-09-21T22:00:00Z,2276181
app/bodegaai-production-alb/31b69d3d76ab5ed1,,RequestCount,2026-09-21T22:00:00Z,2026-09-21T23:00:00Z,2283093
app/bodegaai-production-alb/31b69d3d76ab5ed1,,RequestCount,2026-09-21T23:00:00Z,2026-09-22T00:00:00Z,2280902
app/bodegaai-production-alb/31b69d3d76ab5ed1,,RequestCount,2026-09-22T00:00:00Z,2026-09-22T01:00:00Z,2276402
app/bodegaai-production-alb/31b69d3d76ab5ed1,,RequestCount,2026-09-22T01:00:00Z,2026-09-22T02:00:00Z,2253248
app/bodegaai-production-alb/31b69d3d76ab5ed1,,RequestCount,2026-09-22T02:00:00Z,2026-09-22T03:00:00Z,2218643
app/bodegaai-production-alb/31b69d3d76ab5ed1,,RequestCount,2026-09-22T03:00:00Z,2026-09-22T04:00:00Z,2188488
app/bodegaai-production-alb/31b69d3d76ab5ed1,,RequestCount,2026-09-22T04:00:00Z,2026-09-22T05:00:00Z,2147529
app/bodegaai-production-alb/31b69d3d76ab5ed1,,RequestCount,2026-09-22T05:00:00Z,2026-09-22T06:00:00Z,2137166
app/bodegaai-production-alb/31b69d3d76ab5ed1,,RequestCount,2026-09-22T06:00:00Z,2026-09-22T07:00:00Z,2146070
app/bodegaai-production-alb/31b69d3d76ab5ed1,,RequestCount,2026-09-22T07:00:00Z,2026-09-22T08:00:00Z,2131159
app/bodegaai-production-alb/31b69d3d76ab5ed1,,RequestCount,2026-09-22T08:00:00Z,2026-09-22T09:00:00Z,2132544
app/bodegaai-production-alb/31b69d3d76ab5ed1,,RequestCount,2026-09-22T09:00:00Z,2026-09-22T10:00:00Z,2151479
app/bodegaai-production-alb/31b69d3d76ab5ed1,,RequestCount,2026-09-22T10:00:00Z,2026-09-22T11:00:00Z,2192619
app/bodegaai-production-alb/31b69d3d76ab5ed1,,RequestCount,2026-09-22T11:00:00Z,2026-09-22T12:00:00Z,2250915
app/bodegaai-production-alb/31b69d3d76ab5ed1,,RequestCount,2026-09-22T12:00:00Z,2026-09-22T13:00:00Z,2294888
app/bodegaai-production-alb/31b69d3d76ab5ed1,,RequestCount,2026-09-22T13:00:00Z,2026-09-22T14:00:00Z,2340031
app/bodegaai-production-alb/31b69d3d76ab5ed1,,RequestCount,2026-09-22T14:00:00Z,2026-09-22T15:00:00Z,2392320
app/bodegaai-production-alb/31b69d3d76ab5ed1,,RequestCount,2026-09-22T15:00:00Z,2026-09-22T16:00:00Z,2415896
app/bodegaai-production-alb/31b69d3d76ab5ed1,,RequestCount,2026-09-22T16:00:00Z,2026-09-22T17:00:00Z,2459139
app/bodegaai-production-alb/31b69d3d76ab5ed1,,RequestCount,2026-09-22T17:00:00Z,2026-09-22T18:00:00Z,2430796
app/bodegaai-production-alb/31b69d3d76ab5ed1,,RequestCount,2026-09-22T18:00:00Z,2026-09-22T19:00:00Z,2453035
app/bodegaai-production-alb/31b69d3d76ab5ed1,,RequestCount,2026-09-22T19:00:00Z,2026-09-22T20:00:00Z,2381704
app/bodegaai-production-alb/31b69d3d76ab5ed1,,RequestCount,2026-09-22T20:00:00Z,2026-09-22T21:00:00Z,2477815
app/bodegaai-production-alb/31b69d3d76ab5ed1,,RequestCount,2026-09-22T21:00:00Z,2026-09-22T22:00:00Z,2495377
app/bodegaai-production-alb/31b69d3d76ab5ed1,,RequestCount,2026-09-22T22:00:00Z,2026-09-22T23:00:00Z,2493766
app/bodegaai-production-alb/31b69d3d76ab5ed1,,RequestCount,2026-09-22T23:00:00Z,2026-09-23T00:00:00Z,2482658
app/bodegaai-production-alb/31b69d3d76ab5ed1,,RequestCount,2026-09-23T00:00:00Z,2026-09-23T01:00:00Z,2450852
app/bodegaai-production-alb/31b69d3d76ab5ed1,,RequestCount,2026-09-23T01:00:00Z,2026-09-23T02:00:00Z,2425548
app/bodegaai-production-alb/31b69d3d76ab5ed1,,RequestCount,2026-09-23T02:00:00Z,2026-09-23T03:00:00Z,2349301
app/bodegaai-production-alb/31b69d3d76ab5ed1,,RequestCount,2026-09-23T03:00:00Z,2026-09-23T04:00:00Z,2305265
app/bodegaai-production-alb/31b69d3d76ab5ed1,,RequestCount,2026-09-23T04:00:00Z,2026-09-23T05:00:00Z,2262732
app/bodegaai-production-alb/31b69d3d76ab5ed1,,RequestCount,2026-09-23T05:00:00Z,2026-09-23T06:00:00Z,2252087
app/bodegaai-production-alb/31b69d3d76ab5ed1,,RequestCount,2026-09-23T06:00:00Z,2026-09-23T07:00:00Z,2255665
app/bodegaai-production-alb/31b69d3d76ab5ed1,,RequestCount,2026-09-23T07:00:00Z,2026-09-23T08:00:00Z,2249073
app/bodegaai-production-alb/31b69d3d76ab5ed1,,RequestCount,2026-09-23T08:00:00Z,2026-09-23T09:00:00Z,2244803
app/bodegaai-production-alb/31b69d3d76ab5ed1,,RequestCount,2026-09-23T09:00:00Z,2026-09-23T10:00:00Z,2249775
app/bodegaai-production-alb/31b69d3d76ab5ed1,,RequestCount,2026-09-23T10:00:00Z,2026-09-23T11:00:00Z,2281290
app/bodegaai-production-alb/31b69d3d76ab5ed1,,RequestCount,2026-09-23T11:00:00Z,2026-09-23T12:00:00Z,2363387
app/bodegaai-production-alb/31b69d3d76ab5ed1,,RequestCount,2026-09-23T12:00:00Z,2026-09-23T13:00:00Z,2402529
app/bodegaai-production-alb/31b69d3d76ab5ed1,,RequestCount,2026-09-23T13:00:00Z,2026-09-23T14:00:00Z,2473005
app/bodegaai-production-alb/31b69d3d76ab5ed1,,RequestCount,2026-09-23T14:00:00Z,2026-09-23T15:00:00Z,2505380
app/bodegaai-production-alb/31b69d3d76ab5ed1,,RequestCount,2026-09-23T15:00:00Z,2026-09-23T16:00:00Z,2534145
app/bodegaai-production-alb/31b69d3d76ab5ed1,,RequestCount,2026-09-23T16:00:00Z,2026-09-23T17:00:00Z,2568926
app/bodegaai-production-alb/31b69d3d76ab5ed1,,RequestCount,2026-09-23T17:00:00Z,2026-09-23T18:00:00Z,2569210
app/bodegaai-production-alb/31b69d3d76ab5ed1,,RequestCount,2026-09-23T18:00:00Z,2026-09-23T19:00:00Z,2592410
app/bodegaai-production-alb/31b69d3d76ab5ed1,,RequestCount,2026-09-23T19:00:00Z,2026-09-23T20:00:00Z,2591923
app/bodegaai-production-alb/31b69d3d76ab5ed1,,RequestCount,2026-09-23T20:00:00Z,2026-09-23T21:00:00Z,2584444
app/bodegaai-production-alb/31b69d3d76ab5ed1,,RequestCount,2026-09-23T21:00:00Z,2026-09-23T22:00:00Z,2606956
app/bodegaai-production-alb/31b69d3d76ab5ed1,,RequestCount,2026-09-23T22:00:00Z,2026-09-23T23:00:00Z,2583608
app/bodegaai-production-alb/31b69d3d76ab5ed1,,RequestCount,2026-09-23T23:00:00Z,2026-09-24T00:00:00Z,2562401
app/bodegaai-production-alb/31b69d3d76ab5ed1,,RequestCount,2026-09-24T00:00:00Z,2026-09-24T01:00:00Z,2542806
app/bodegaai-production-alb/31b69d3d76ab5ed1,,RequestCount,2026-09-24T01:00:00Z,2026-09-24T02:00:00Z,2513270
app/bodegaai-production-alb/31b69d3d76ab5ed1,,RequestCount,2026-09-24T02:00:00Z,2026-09-24T03:00:00Z,2484510
app/bodegaai-production-alb/31b69d3d76ab5ed1,,RequestCount,2026-09-24T03:00:00Z,2026-09-24T04:00:00Z,2432323
app/bodegaai-production-alb/31b69d3d76ab5ed1,,RequestCount,2026-09-24T04:00:00Z,2026-09-24T05:00:00Z,2398401
app/bodegaai-production-alb/31b69d3d76ab5ed1,,RequestCount,2026-09-24T05:00:00Z,2026-09-24T06:00:00Z,2382766
app/bodegaai-production-alb/31b69d3d76ab5ed1,,RequestCount,2026-09-24T06:00:00Z,2026-09-24T07:00:00Z,2373910
app/bodegaai-production-alb/31b69d3d76ab5ed1,,RequestCount,2026-09-24T07:00:00Z,2026-09-24T08:00:00Z,2367799
app/bodegaai-production-alb/31b69d3d76ab5ed1,,RequestCount,2026-09-24T08:00:00Z,2026-09-24T09:00:00Z,2363718
app/bodegaai-production-alb/31b69d3d76ab5ed1,,RequestCount,2026-09-24T09:00:00Z,2026-09-24T10:00:00Z,2374865
app/bodegaai-production-alb/31b69d3d76ab5ed1,,RequestCount,2026-09-24T10:00:00Z,2026-09-24T11:00:00Z,2400704
app/bodegaai-production-alb/31b69d3d76ab5ed1,,RequestCount,2026-09-24T11:00:00Z,2026-09-24T12:00:00Z,2440308
app/bodegaai-production-alb/31b69d3d76ab5ed1,,RequestCount,2026-09-24T12:00:00Z,2026-09-24T13:00:00Z,2474625
app/bodegaai-production-alb/31b69d3d76ab5ed1,,RequestCount,2026-09-24T13:00:00Z,2026-09-24T14:00:00Z,2517954
app/bodegaai-production-alb/31b69d3d76ab5ed1,,RequestCount,2026-09-24T14:00:00Z,2026-09-24T15:00:00Z,2557059
app/bodegaai-production-alb/31b69d3d76ab5ed1,,RequestCount,2026-09-24T15:00:00Z,2026-09-24T16:00:00Z,2573582
app/bodegaai-production-alb/31b69d3d76ab5ed1,,RequestCount,2026-09-24T16:00:00Z,2026-09-24T17:00:00Z,2603683
app/bodegaai-production-alb/31b69d3d76ab5ed1,,RequestCount,2026-09-24T17:00:00Z,2026-09-24T18:00:00Z,2617606
app/bodegaai-production-alb/31b69d3d76ab5ed1,,RequestCount,2026-09-24T18:00:00Z,2026-09-24T19:00:00Z,2659683
app/bodegaai-production-alb/31b69d3d76ab5ed1,,RequestCount,2026-09-24T19:00:00Z,2026-09-24T20:00:00Z,2646245
app/bodegaai-production-alb/31b69d3d76ab5ed1,,RequestCount,2026-09-24T20:00:00Z,2026-09-24T21:00:00Z,2658853
app/bodegaai-production-alb/31b69d3d76ab5ed1,,RequestCount,2026-09-24T21:00:00Z,2026-09-24T22:00:00Z,2653008
app/bodegaai-production-alb/31b69d3d76ab5ed1,,RequestCount,2026-09-24T22:00:00Z,2026-09-24T23:00:00Z,2617605
app/bodegaai-production-alb/31b69d3d76ab5ed1,,RequestCount,2026-09-24T23:00:00Z,2026-09-25T00:00:00Z,2606010
app/bodegaai-production-alb/31b69d3d76ab5ed1,,RequestCount,2026-09-25T00:00:00Z,2026-09-25T01:00:00Z,2579380
app/bodegaai-production-alb/31b69d3d76ab5ed1,,RequestCount,2026-09-25T01:00:00Z,2026-09-25T02:00:00Z,2536955
app/bodegaai-production-alb/31b69d3d76ab5ed1,,RequestCount,2026-09-25T02:00:00Z,2026-09-25T03:00:00Z,2489392
app/bodegaai-production-alb/31b69d3d76ab5ed1,,RequestCount,2026-09-25T03:00:00Z,2026-09-25T04:00:00Z,2449146
app/bodegaai-production-alb/31b69d3d76ab5ed1,,RequestCount,2026-09-25T04:00:00Z,2026-09-25T05:00:00Z,2418365
app/bodegaai-production-alb/31b69d3d76ab5ed1,,RequestCount,2026-09-25T05:00:00Z,2026-09-25T06:00:00Z,2399124
app/bodegaai-production-alb/31b69d3d76ab5ed1,,RequestCount,2026-09-25T06:00:00Z,2026-09-25T07:00:00Z,2395964
app/bodegaai-production-alb/31b69d3d76ab5ed1,,RequestCount,2026-09-25T07:00:00Z,2026-09-25T08:00:00Z,2395710
app/bodegaai-production-alb/31b69d3d76ab5ed1,,RequestCount,2026-09-25T08:00:00Z,2026-09-25T09:00:00Z,2394372
app/bodegaai-production-alb/31b69d3d76ab5ed1,,RequestCount,2026-09-25T09:00:00Z,2026-09-25T10:00:00Z,2401739
app/bodegaai-production-alb/31b69d3d76ab5ed1,,RequestCount,2026-09-25T10:00:00Z,2026-09-25T11:00:00Z,2425917
app/bodegaai-production-alb/31b69d3d76ab5ed1,,RequestCount,2026-09-25T11:00:00Z,2026-09-25T12:00:00Z,2501246
app/bodegaai-production-alb/31b69d3d76ab5ed1,,RequestCount,2026-09-25T12:00:00Z,2026-09-25T13:00:00Z,2538289
app/bodegaai-production-alb/31b69d3d76ab5ed1,,RequestCount,2026-09-25T13:00:00Z,2026-09-25T14:00:00Z,2569361
app/bodegaai-production-alb/31b69d3d76ab5ed1,,RequestCount,2026-09-25T14:00:00Z,2026-09-25T15:00:00Z,2583226
app/bodegaai-production-alb/31b69d3d76ab5ed1,,RequestCount,2026-09-25T15:00:00Z,2026-09-25T16:00:00Z,2602869
app/bodegaai-production-alb/31b69d3d76ab5ed1,,RequestCount,2026-09-25T16:00:00Z,2026-09-25T17:00:00Z,2615191
app/bodegaai-production-alb/31b69d3d76ab5ed1,,RequestCount,2026-09-25T17:00:00Z,2026-09-25T18:00:00Z,2626564
app/bodegaai-production-alb/31b69d3d76ab5ed1,,RequestCount,2026-09-25T18:00:00Z,2026-09-25T19:00:00Z,2644076
app/bodegaai-production-alb/31b69d3d76ab5ed1,,RequestCount,2026-09-25T19:00:00Z,2026-09-25T20:00:00Z,2658118
app/bodegaai-production-alb/31b69d3d76ab5ed1,,RequestCount,2026-09-25T20:00:00Z,2026-09-25T21:00:00Z,2655399
app/bodegaai-production-alb/31b69d3d76ab5ed1,,RequestCount,2026-09-25T21:00:00Z,2026-09-25T22:00:00Z,2648975
app/bodegaai-production-alb/31b69d3d76ab5ed1,,RequestCount,2026-09-25T22:00:00Z,2026-09-25T23:00:00Z,2625567
app/bodegaai-production-alb/31b69d3d76ab5ed1,,RequestCount,2026-09-25T23:00:00Z,2026-09-26T00:00:00Z,2610912
app/bodegaai-production-alb/31b69d3d76ab5ed1,,RequestCount,2026-09-26T00:00:00Z,2026-09-26T01:00:00Z,2583889
app/bodegaai-production-alb/31b69d3d76ab5ed1,,RequestCount,2026-09-26T01:00:00Z,2026-09-26T02:00:00Z,2538348
app/bodegaai-production-alb/31b69d3d76ab5ed1,,RequestCount,2026-09-26T02:00:00Z,2026-09-26T03:00:00Z,2477972
app/bodegaai-production-alb/31b69d3d76ab5ed1,,RequestCount,2026-09-26T03:00:00Z,2026-09-26T04:00:00Z,2410984
app/bodegaai-production-alb/31b69d3d76ab5ed1,,RequestCount,2026-09-26T04:00:00Z,2026-09-26T05:00:00Z,2385566
app/bodegaai-production-alb/31b69d3d76ab5ed1,,RequestCount,2026-09-26T05:00:00Z,2026-09-26T06:00:00Z,2385998
app/bodegaai-production-alb/31b69d3d76ab5ed1,,RequestCount,2026-09-26T06:00:00Z,2026-09-26T07:00:00Z,2368741
app/bodegaai-production-alb/31b69d3d76ab5ed1,,RequestCount,2026-09-26T07:00:00Z,2026-09-26T08:00:00Z,2349316
app/bodegaai-production-alb/31b69d3d76ab5ed1,,RequestCount,2026-09-26T08:00:00Z,2026-09-26T09:00:00Z,2318599
app/bodegaai-production-alb/31b69d3d76ab5ed1,,RequestCount,2026-09-26T09:00:00Z,2026-09-26T10:00:00Z,2324793
app/bodegaai-production-alb/31b69d3d76ab5ed1,,RequestCount,2026-09-26T10:00:00Z,2026-09-26T11:00:00Z,2319554
app/bodegaai-production-alb/31b69d3d76ab5ed1,,RequestCount,2026-09-26T11:00:00Z,2026-09-26T12:00:00Z,2352402
app/bodegaai-production-alb/31b69d3d76ab5ed1,,RequestCount,2026-09-26T12:00:00Z,2026-09-26T13:00:00Z,2415036
app/bodegaai-production-alb/31b69d3d76ab5ed1,,RequestCount,2026-09-26T13:00:00Z,2026-09-26T14:00:00Z,2507620
app/bodegaai-production-alb/31b69d3d76ab5ed1,,RequestCount,2026-09-26T14:00:00Z,2026-09-26T15:00:00Z,2546069
app/bodegaai-production-alb/31b69d3d76ab5ed1,,RequestCount,2026-09-26T15:00:00Z,2026-09-26T16:00:00Z,2564681
app/bodegaai-production-alb/31b69d3d76ab5ed1,,RequestCount,2026-09-26T16:00:00Z,2026-09-26T17:00:00Z,2580654
app/bodegaai-production-alb/31b69d3d76ab5ed1,,RequestCount,2026-09-26T17:00:00Z,2026-09-26T18:00:00Z,2575817
app/bodegaai-production-alb/31b69d3d76ab5ed1,,RequestCount,2026-09-26T18:00:00Z,2026-09-26T19:00:00Z,2583323
app/bodegaai-production-alb/31b69d3d76ab5ed1,,RequestCount,2026-09-26T19:00:00Z,2026-09-26T20:00:00Z,2586505
app/bodegaai-production-alb/31b69d3d76ab5ed1,,RequestCount,2026-09-26T20:00:00Z,2026-09-26T21:00:00Z,2595183
app/bodegaai-production-alb/31b69d3d76ab5ed1,,RequestCount,2026-09-26T21:00:00Z,2026-09-26T22:00:00Z,2664010
app/bodegaai-production-alb/31b69d3d76ab5ed1,,RequestCount,2026-09-26T22:00:00Z,2026-09-26T23:00:00Z,2628189
