load_balancer,target_group,metric_name,period_start_utc,period_end_utc,value
app/bodegaai-production-alb/31b69d3d76ab5ed1,targetgroup/bodegaai-production-store-servic/736691f5beac1ff1,RequestCountPerTarget,2026-05-01T00:00:00Z,2026-05-01T01:00:00Z,0
app/bodegaai-production-alb/31b69d3d76ab5ed1,targetgroup/bodegaai-production-store-servic/736691f5beac1ff1,RequestCountPerTarget,2026-05-01T01:00:00Z,2026-05-01T02:00:00Z,0
app/bodegaai-production-alb/31b69d3d76ab5ed1,targetgroup/bodegaai-production-store-servic/736691f5beac1ff1,RequestCountPerTarget,2026-05-01T02:00:00Z,2026-05-01T03:00:00Z,0
app/bodegaai-production-alb/31b69d3d76ab5ed1,targetgroup/bodegaai-production-store-servic/736691f5beac1ff1,RequestCountPerTarget,2026-05-01T03:00:00Z,2026-05-01T04:00:00Z,0
app/bodegaai-production-alb/31b69d3d76ab5ed1,targetgroup/bodegaai-production-store-servic/736691f5beac1ff1,RequestCountPerTarget,2026-05-01T04:00:00Z,2026-05-01T05:00:00Z,0
app/bodegaai-production-alb/31b69d3d76ab5ed1,targetgroup/bodegaai-production-store-servic/736691f5beac1ff1,RequestCountPerTarget,2026-05-01T05:00:00Z,2026-05-01T06:00:00Z,0
app/bodegaai-production-alb/31b69d3d76ab5ed1,targetgroup/bodegaai-production-store-servic/736691f5beac1ff1,RequestCountPerTarget,2026-05-01T06:00:00Z,2026-05-01T07:00:00Z,0
app/bodegaai-production-alb/31b69d3d76ab5ed1,targetgroup/bodegaai-production-store-servic/736691f5beac1ff1,RequestCountPerTarget,2026-05-01T07:00:00Z,2026-05-01T08:00:00Z,0
app/bodegaai-production-alb/31b69d3d76ab5ed1,targetgroup/bodegaai-production-store-servic/736691f5beac1ff1,RequestCountPerTarget,2026-05-01T08:00:00Z,2026-05-01T09:00:00Z,0
app/bodegaai-production-alb/31b69d3d76ab5ed1,targetgroup/bodegaai-production-store-servic/736691f5beac1ff1,RequestCountPerTarget,2026-05-01T09:00:00Z,2026-05-01T10:00:00Z,0
app/bodegaai-production-alb/31b69d3d76ab5ed1,targetgroup/bodegaai-production-store-servic/736691f5beac1ff1,RequestCountPerTarget,2026-05-01T10:00:00Z,2026-05-01T11:00:00Z,0
app/bodegaai-production-alb/31b69d3d76ab5ed1,targetgroup/bodegaai-production-store-servic/736691f5beac1ff1,RequestCountPerTarget,2026-05-01T11:00:00Z,2026-05-01T12:00:00Z,0
app/bodegaai-production-alb/31b69d3d76ab5ed1,targetgroup/bodegaai-production-store-servic/736691f5beac1ff1,RequestCountPerTarget,2026-05-01T12:00:00Z,2026-05-01T13:00:00Z,0
app/bodegaai-production-alb/31b69d3d76ab5ed1,targetgroup/bodegaai-production-store-servic/736691f5beac1ff1,RequestCountPerTarget,2026-05-01T13:00:00Z,2026-05-01T14:00:00Z,0
app/bodegaai-production-alb/31b69d3d76ab5ed1,targetgroup/bodegaai-production-store-servic/736691f5beac1ff1,RequestCountPerTarget,2026-05-01T14:00:00Z,2026-05-01T15:00:00Z,0
app/bodegaai-production-alb/31b69d3d76ab5ed1,targetgroup/bodegaai-production-store-servic/736691f5beac1ff1,RequestCountPerTarget,2026-05-01T15:00:00Z,2026-05-01T16:00:00Z,0
app/bodegaai-production-alb/31b69d3d76ab5ed1,targetgroup/bodegaai-production-store-servic/736691f5beac1ff1,RequestCountPerTarget,2026-05-01T16:00:00Z,2026-05-01T17:00:00Z,0
app/bodegaai-production-alb/31b69d3d76ab5ed1,targetgroup/bodegaai-production-store-servic/736691f5beac1ff1,RequestCountPerTarget,2026-05-01T17:00:00Z,2026-05-01T18:00:00Z,0
app/bodegaai-production-alb/31b69d3d76ab5ed1,targetgroup/bodegaai-production-store-servic/736691f5beac1ff1,RequestCountPerTarget,2026-05-01T18:00:00Z,2026-05-01T19:00:00Z,0
app/bodegaai-production-alb/31b69d3d76ab5ed1,targetgroup/bodegaai-production-store-servic/736691f5beac1ff1,RequestCountPerTarget,2026-05-01T19:00:00Z,2026-05-01T20:00:00Z,0
app/bodegaai-production-alb/31b69d3d76ab5ed1,targetgroup/bodegaai-production-store-servic/736691f5beac1ff1,RequestCountPerTarget,2026-05-01T20:00:00Z,2026-05-01T21:00:00Z,0
app/bodegaai-production-alb/31b69d3d76ab5ed1,targetgroup/bodegaai-production-store-servic/736691f5beac1ff1,RequestCountPerTarget,2026-05-01T21:00:00Z,2026-05-01T22:00:00Z,0
app/bodegaai-production-alb/31b69d3d76ab5ed1,targetgroup/bodegaai-production-store-servic/736691f5beac1ff1,RequestCountPerTarget,2026-05-01T22:00:00Z,2026-05-01T23:00:00Z,0
app/bodegaai-production-alb/31b69d3d76ab5ed1,targetgroup/bodegaai-production-store-servic/736691f5beac1ff1,RequestCountPerTarget,2026-05-01T23:00:00Z,2026-05-02T00:00:00Z,0
app/bodegaai-production-alb/31b69d3d76ab5ed1,targetgroup/bodegaai-production-store-servic/736691f5beac1ff1,RequestCountPerTarget,2026-05-02T00:00:00Z,2026-05-02T01:00:00Z,0
app/bodegaai-production-alb/31b69d3d76ab5ed1,targetgroup/bodegaai-production-store-servic/736691f5beac1ff1,RequestCountPerTarget,2026-05-02T01:00:00Z,2026-05-02T02:00:00Z,0
app/bodegaai-production-alb/31b69d3d76ab5ed1,targetgroup/bodegaai-production-store-servic/736691f5beac1ff1,RequestCountPerTarget,2026-05-02T02:00:00Z,2026-05-02T03:00:00Z,0
app/bodegaai-production-alb/31b69d3d76ab5ed1,targetgroup/bodegaai-production-store-servic/736691f5beac1ff1,RequestCountPerTarget,2026-05-02T03:00:00Z,2026-05-02T04:00:00Z,0
app/bodegaai-production-alb/31b69d3d76ab5ed1,targetgroup/bodegaai-production-store-servic/736691f5beac1ff1,RequestCountPerTarget,2026-05-02T04:00:00Z,2026-05-02T05:00:00Z,0
app/bodegaai-production-alb/31b69d3d76ab5ed1,targetgroup/bodegaai-production-store-servic/736691f5beac1ff1,RequestCountPerTarget,2026-05-02T05:00:00Z,2026-05-02T06:00:00Z,0
app/bodegaai-production-alb/31b69d3d76ab5ed1,targetgroup/bodegaai-production-store-servic/736691f5beac1ff1,RequestCountPerTarget,2026-05-02T06:00:00Z,2026-05-02T07:00:00Z,0
app/bodegaai-production-alb/31b69d3d76ab5ed1,targetgroup/bodegaai-production-store-servic/736691f5beac1ff1,RequestCountPerTarget,2026-05-02T07:00:00Z,2026-05-02T08:00:00Z,0
app/bodegaai-production-alb/31b69d3d76ab5ed1,targetgroup/bodegaai-production-store-servic/736691f5beac1ff1,RequestCountPerTarget,2026-05-02T08:00:00Z,2026-05-02T09:00:00Z,0
app/bodegaai-production-alb/31b69d3d76ab5ed1,targetgroup/bodegaai-production-store-servic/736691f5beac1ff1,RequestCountPerTarget,2026-05-02T09:00:00Z,2026-05-02T10:00:00Z,0
app/bodegaai-production-alb/31b69d3d76ab5ed1,targetgroup/bodegaai-production-store-servic/736691f5beac1ff1,RequestCountPerTarget,2026-05-02T10:00:00Z,2026-05-02T11:00:00Z,0
app/bodegaai-production-alb/31b69d3d76ab5ed1,targetgroup/bodegaai-production-store-servic/736691f5beac1ff1,RequestCountPerTarget,2026-05-02T11:00:00Z,2026-05-02T12:00:00Z,0
app/bodegaai-production-alb/31b69d3d76ab5ed1,targetgroup/bodegaai-production-store-servic/736691f5beac1ff1,RequestCountPerTarget,2026-05-02T12:00:00Z,2026-05-02T13:00:00Z,0
app/bodegaai-production-alb/31b69d3d76ab5ed1,targetgroup/bodegaai-production-store-servic/736691f5beac1ff1,RequestCountPerTarget,2026-05-02T13:00:00Z,2026-05-02T14:00:00Z,0
app/bodegaai-production-alb/31b69d3d76ab5ed1,targetgroup/bodegaai-production-store-servic/736691f5beac1ff1,RequestCountPerTarget,2026-05-02T14:00:00Z,2026-05-02T15:00:00Z,0
app/bodegaai-production-alb/31b69d3d76ab5ed1,targetgroup/bodegaai-production-store-servic/736691f5beac1ff1,RequestCountPerTarget,2026-05-02T15:00:00Z,2026-05-02T16:00:00Z,0
app/bodegaai-production-alb/31b69d3d76ab5ed1,targetgroup/bodegaai-production-store-servic/736691f5beac1ff1,RequestCountPerTarget,2026-05-02T16:00:00Z,2026-05-02T17:00:00Z,0
app/bodegaai-production-alb/31b69d3d76ab5ed1,targetgroup/bodegaai-production-store-servic/736691f5beac1ff1,RequestCountPerTarget,2026-05-02T17:00:00Z,2026-05-02T18:00:00Z,0
app/bodegaai-production-alb/31b69d3d76ab5ed1,targetgroup/bodegaai-production-store-servic/736691f5beac1ff1,RequestCountPerTarget,2026-05-02T18:00:00Z,2026-05-02T19:00:00Z,0
app/bodegaai-production-alb/31b69d3d76ab5ed1,targetgroup/bodegaai-production-store-servic/736691f5beac1ff1,RequestCountPerTarget,2026-05-02T19:00:00Z,2026-05-02T20:00:00Z,0
app/bodegaai-production-alb/31b69d3d76ab5ed1,targetgroup/bodegaai-production-store-servic/736691f5beac1ff1,RequestCountPerTarget,2026-05-02T20:00:00Z,2026-05-02T21:00:00Z,0
app/bodegaai-production-alb/31b69d3d76ab5ed1,targetgroup/bodegaai-production-store-servic/736691f5beac1ff1,RequestCountPerTarget,2026-05-02T21:00:00Z,2026-05-02T22:00:00Z,0
app/bodegaai-production-alb/31b69d3d76ab5ed1,targetgroup/bodegaai-production-store-servic/736691f5beac1ff1,RequestCountPerTarget,2026-05-02T22:00:00Z,2026-05-02T23:00:00Z,0
app/bodegaai-production-alb/31b69d3d76ab5ed1,targetgroup/bodegaai-production-store-servic/736691f5beac1ff1,RequestCountPerTarget,2026-05-02T23:00:00Z,2026-05-03T00:00:00Z,0
app/bodegaai-production-alb/31b69d3d76ab5ed1,targetgroup/bodegaai-production-store-servic/736691f5beac1ff1,RequestCountPerTarget,2026-05-03T00:00:00Z,2026-05-03T01:00:00Z,0
app/bodegaai-production-alb/31b69d3d76ab5ed1,targetgroup/bodegaai-production-store-servic/736691f5beac1ff1,RequestCountPerTarget,2026-05-03T01:00:00Z,2026-05-03T02:00:00Z,0
app/bodegaai-production-alb/31b69d3d76ab5ed1,targetgroup/bodegaai-production-store-servic/736691f5beac1ff1,RequestCountPerTarget,2026-05-03T02:00:00Z,2026-05-03T03:00:00Z,0
app/bodegaai-production-alb/31b69d3d76ab5ed1,targetgroup/bodegaai-production-store-servic/736691f5beac1ff1,RequestCountPerTarget,2026-05-03T03:00:00Z,2026-05-03T04:00:00Z,0
app/bodegaai-production-alb/31b69d3d76ab5ed1,targetgroup/bodegaai-production-store-servic/736691f5beac1ff1,RequestCountPerTarget,2026-05-03T04:00:00Z,2026-05-03T05:00:00Z,0
app/bodegaai-production-alb/31b69d3d76ab5ed1,targetgroup/bodegaai-production-store-servic/736691f5beac1ff1,RequestCountPerTarget,2026-05-03T05:00:00Z,2026-05-03T06:00:00Z,0
app/bodegaai-production-alb/31b69d3d76ab5ed1,targetgroup/bodegaai-production-store-servic/736691f5beac1ff1,RequestCountPerTarget,2026-05-03T06:00:00Z,2026-05-03T07:00:00Z,0
app/bodegaai-production-alb/31b69d3d76ab5ed1,targetgroup/bodegaai-production-store-servic/736691f5beac1ff1,RequestCountPerTarget,2026-05-03T07:00:00Z,2026-05-03T08:00:00Z,0
app/bodegaai-production-alb/31b69d3d76ab5ed1,targetgroup/bodegaai-production-store-servic/736691f5beac1ff1,RequestCountPerTarget,2026-05-03T08:00:00Z,2026-05-03T09:00:00Z,0
app/bodegaai-production-alb/31b69d3d76ab5ed1,targetgroup/bodegaai-production-store-servic/736691f5beac1ff1,RequestCountPerTarget,2026-05-03T09:00:00Z,2026-05-03T10:00:00Z,0
app/bodegaai-production-alb/31b69d3d76ab5ed1,targetgroup/bodegaai-production-store-servic/736691f5beac1ff1,RequestCountPerTarget,2026-05-03T10:00:00Z,2026-05-03T11:00:00Z,0
app/bodegaai-production-alb/31b69d3d76ab5ed1,targetgroup/bodegaai-production-store-servic/736691f5beac1ff1,RequestCountPerTarget,2026-05-03T11:00:00Z,2026-05-03T12:00:00Z,0
app/bodegaai-production-alb/31b69d3d76ab5ed1,targetgroup/bodegaai-production-store-servic/736691f5beac1ff1,RequestCountPerTarget,2026-05-03T12:00:00Z,2026-05-03T13:00:00Z,0
app/bodegaai-production-alb/31b69d3d76ab5ed1,targetgroup/bodegaai-production-store-servic/736691f5beac1ff1,RequestCountPerTarget,2026-05-03T13:00:00Z,2026-05-03T14:00:00Z,0
app/bodegaai-production-alb/31b69d3d76ab5ed1,targetgroup/bodegaai-production-store-servic/736691f5beac1ff1,RequestCountPerTarget,2026-05-03T14:00:00Z,2026-05-03T15:00:00Z,0
app/bodegaai-production-alb/31b69d3d76ab5ed1,targetgroup/bodegaai-production-store-servic/736691f5beac1ff1,RequestCountPerTarget,2026-05-03T15:00:00Z,2026-05-03T16:00:00Z,0
app/bodegaai-production-alb/31b69d3d76ab5ed1,targetgroup/bodegaai-production-store-servic/736691f5beac1ff1,RequestCountPerTarget,2026-05-03T16:00:00Z,2026-05-03T17:00:00Z,0
app/bodegaai-production-alb/31b69d3d76ab5ed1,targetgroup/bodegaai-production-store-servic/736691f5beac1ff1,RequestCountPerTarget,2026-05-03T17:00:00Z,2026-05-03T18:00:00Z,0
app/bodegaai-production-alb/31b69d3d76ab5ed1,targetgroup/bodegaai-production-store-servic/736691f5beac1ff1,RequestCountPerTarget,2026-05-03T18:00:00Z,2026-05-03T19:00:00Z,0
app/bodegaai-production-alb/31b69d3d76ab5ed1,targetgroup/bodegaai-production-store-servic/736691f5beac1ff1,RequestCountPerTarget,2026-05-03T19:00:00Z,2026-05-03T20:00:00Z,0
app/bodegaai-production-alb/31b69d3d76ab5ed1,targetgroup/bodegaai-production-store-servic/736691f5beac1ff1,RequestCountPerTarget,2026-05-03T20:00:00Z,2026-05-03T21:00:00Z,0
app/bodegaai-production-alb/31b69d3d76ab5ed1,targetgroup/bodegaai-production-store-servic/736691f5beac1ff1,RequestCountPerTarget,2026-05-03T21:00:00Z,2026-05-03T22:00:00Z,0
app/bodegaai-production-alb/31b69d3d76ab5ed1,targetgroup/bodegaai-production-store-servic/736691f5beac1ff1,RequestCountPerTarget,2026-05-03T22:00:00Z,2026-05-03T23:00:00Z,0
app/bodegaai-production-alb/31b69d3d76ab5ed1,targetgroup/bodegaai-production-store-servic/736691f5beac1ff1,RequestCountPerTarget,2026-05-03T23:00:00Z,2026-05-04T00:00:00Z,0
app/bodegaai-production-alb/31b69d3d76ab5ed1,targetgroup/bodegaai-production-store-servic/736691f5beac1ff1,RequestCountPerTarget,2026-05-04T00:00:00Z,2026-05-04T01:00:00Z,0
app/bodegaai-production-alb/31b69d3d76ab5ed1,targetgroup/bodegaai-production-store-servic/736691f5beac1ff1,RequestCountPerTarget,2026-05-04T01:00:00Z,2026-05-04T02:00:00Z,0
app/bodegaai-production-alb/31b69d3d76ab5ed1,targetgroup/bodegaai-production-store-servic/736691f5beac1ff1,RequestCountPerTarget,2026-05-04T02:00:00Z,2026-05-04T03:00:00Z,0
app/bodegaai-production-alb/31b69d3d76ab5ed1,targetgroup/bodegaai-production-store-servic/736691f5beac1ff1,RequestCountPerTarget,2026-05-04T03:00:00Z,2026-05-04T04:00:00Z,0
app/bodegaai-production-alb/31b69d3d76ab5ed1,targetgroup/bodegaai-production-store-servic/736691f5beac1ff1,RequestCountPerTarget,2026-05-04T04:00:00Z,2026-05-04T05:00:00Z,0
app/bodegaai-production-alb/31b69d3d76ab5ed1,targetgroup/bodegaai-production-store-servic/736691f5beac1ff1,RequestCountPerTarget,2026-05-04T05:00:00Z,2026-05-04T06:00:00Z,0
app/bodegaai-production-alb/31b69d3d76ab5ed1,targetgroup/bodegaai-production-store-servic/736691f5beac1ff1,RequestCountPerTarget,2026-05-04T06:00:00Z,2026-05-04T07:00:00Z,0
app/bodegaai-production-alb/31b69d3d76ab5ed1,targetgroup/bodegaai-production-store-servic/736691f5beac1ff1,RequestCountPerTarget,2026-05-04T07:00:00Z,2026-05-04T08:00:00Z,0
app/bodegaai-production-alb/31b69d3d76ab5ed1,targetgroup/bodegaai-production-store-servic/736691f5beac1ff1,RequestCountPerTarget,2026-05-04T08:00:00Z,2026-05-04T09:00:00Z,0
app/bodegaai-production-alb/31b69d3d76ab5ed1,targetgroup/bodegaai-production-store-servic/736691f5beac1ff1,RequestCountPerTarget,2026-05-04T09:00:00Z,2026-05-04T10:00:00Z,0
app/bodegaai-production-alb/31b69d3d76ab5ed1,targetgroup/bodegaai-production-store-servic/736691f5beac1ff1,RequestCountPerTarget,2026-05-04T10:00:00Z,2026-05-04T11:00:00Z,0
app/bodegaai-production-alb/31b69d3d76ab5ed1,targetgroup/bodegaai-production-store-servic/736691f5beac1ff1,RequestCountPerTarget,2026-05-04T11:00:00Z,2026-05-04T12:00:00Z,0
app/bodegaai-production-alb/31b69d3d76ab5ed1,targetgroup/bodegaai-production-store-servic/736691f5beac1ff1,RequestCountPerTarget,2026-05-04T12:00:00Z,2026-05-04T13:00:00Z,0
app/bodegaai-production-alb/31b69d3d76ab5ed1,targetgroup/bodegaai-production-store-servic/736691f5beac1ff1,RequestCountPerTarget,2026-05-04T13:00:00Z,2026-05-04T14:00:00Z,0
app/bodegaai-production-alb/31b69d3d76ab5ed1,targetgroup/bodegaai-production-store-servic/736691f5beac1ff1,RequestCountPerTarget,2026-05-04T14:00:00Z,2026-05-04T15:00:00Z,0
app/bodegaai-production-alb/31b69d3d76ab5ed1,targetgroup/bodegaai-production-store-servic/736691f5beac1ff1,RequestCountPerTarget,2026-05-04T15:00:00Z,2026-05-04T16:00:00Z,0
app/bodegaai-production-alb/31b69d3d76ab5ed1,targetgroup/bodegaai-production-store-servic/736691f5beac1ff1,RequestCountPerTarget,2026-05-04T16:00:00Z,2026-05-04T17:00:00Z,0
app/bodegaai-production-alb/31b69d3d76ab5ed1,targetgroup/bodegaai-production-store-servic/736691f5beac1ff1,RequestCountPerTarget,2026-05-04T17:00:00Z,2026-05-04T18:00:00Z,0
app/bodegaai-production-alb/31b69d3d76ab5ed1,targetgroup/bodegaai-production-store-servic/736691f5beac1ff1,RequestCountPerTarget,2026-05-04T18:00:00Z,2026-05-04T19:00:00Z,0
app/bodegaai-production-alb/31b69d3d76ab5ed1,targetgroup/bodegaai-production-store-servic/736691f5beac1ff1,RequestCountPerTarget,2026-05-04T19:00:00Z,2026-05-04T20:00:00Z,0
app/bodegaai-production-alb/31b69d3d76ab5ed1,targetgroup/bodegaai-production-store-servic/736691f5beac1ff1,RequestCountPerTarget,2026-05-04T20:00:00Z,2026-05-04T21:00:00Z,0
app/bodegaai-production-alb/31b69d3d76ab5ed1,targetgroup/bodegaai-production-store-servic/736691f5beac1ff1,RequestCountPerTarget,2026-05-04T21:00:00Z,2026-05-04T22:00:00Z,0
app/bodegaai-production-alb/31b69d3d76ab5ed1,targetgroup/bodegaai-production-store-servic/736691f5beac1ff1,RequestCountPerTarget,2026-05-04T22:00:00Z,2026-05-04T23:00:00Z,0
app/bodegaai-production-alb/31b69d3d76ab5ed1,targetgroup/bodegaai-production-store-servic/736691f5beac1ff1,RequestCountPerTarget,2026-05-04T23:00:00Z,2026-05-05T00:00:00Z,0
app/bodegaai-production-alb/31b69d3d76ab5ed1,targetgroup/bodegaai-production-store-servic/736691f5beac1ff1,RequestCountPerTarget,2026-05-05T00:00:00Z,2026-05-05T01:00:00Z,0
app/bodegaai-production-alb/31b69d3d76ab5ed1,targetgroup/bodegaai-production-store-servic/736691f5beac1ff1,RequestCountPerTarget,2026-05-05T01:00:00Z,2026-05-05T02:00:00Z,0
app/bodegaai-production-alb/31b69d3d76ab5ed1,targetgroup/bodegaai-production-store-servic/736691f5beac1ff1,RequestCountPerTarget,2026-05-05T02:00:00Z,2026-05-05T03:00:00Z,0
app/bodegaai-production-alb/31b69d3d76ab5ed1,targetgroup/bodegaai-production-store-servic/736691f5beac1ff1,RequestCountPerTarget,2026-05-05T03:00:00Z,2026-05-05T04:00:00Z,0
app/bodegaai-production-alb/31b69d3d76ab5ed1,targetgroup/bodegaai-production-store-servic/736691f5beac1ff1,RequestCountPerTarget,2026-05-05T04:00:00Z,2026-05-05T05:00:00Z,0
app/bodegaai-production-alb/31b69d3d76ab5ed1,targetgroup/bodegaai-production-store-servic/736691f5beac1ff1,RequestCountPerTarget,2026-05-05T05:00:00Z,2026-05-05T06:00:00Z,0
app/bodegaai-production-alb/31b69d3d76ab5ed1,targetgroup/bodegaai-production-store-servic/736691f5beac1ff1,RequestCountPerTarget,2026-05-05T06:00:00Z,2026-05-05T07:00:00Z,0
app/bodegaai-production-alb/31b69d3d76ab5ed1,targetgroup/bodegaai-production-store-servic/736691f5beac1ff1,RequestCountPerTarget,2026-05-05T07:00:00Z,2026-05-05T08:00:00Z,0
app/bodegaai-production-alb/31b69d3d76ab5ed1,targetgroup/bodegaai-production-store-servic/736691f5beac1ff1,RequestCountPerTarget,2026-05-05T08:00:00Z,2026-05-05T09:00:00Z,0
app/bodegaai-production-alb/31b69d3d76ab5ed1,targetgroup/bodegaai-production-store-servic/736691f5beac1ff1,RequestCountPerTarget,2026-05-05T09:00:00Z,2026-05-05T10:00:00Z,0
app/bodegaai-production-alb/31b69d3d76ab5ed1,targetgroup/bodegaai-production-store-servic/736691f5beac1ff1,RequestCountPerTarget,2026-05-05T10:00:00Z,2026-05-05T11:00:00Z,0
app/bodegaai-production-alb/31b69d3d76ab5ed1,targetgroup/bodegaai-production-store-servic/736691f5beac1ff1,RequestCountPerTarget,2026-05-05T11:00:00Z,2026-05-05T12:00:00Z,0
app/bodegaai-production-alb/31b69d3d76ab5ed1,targetgroup/bodegaai-production-store-servic/736691f5beac1ff1,RequestCountPerTarget,2026-05-05T12:00:00Z,2026-05-05T13:00:00Z,0
app/bodegaai-production-alb/31b69d3d76ab5ed1,targetgroup/bodegaai-production-store-servic/736691f5beac1ff1,RequestCountPerTarget,2026-05-05T13:00:00Z,2026-05-05T14:00:00Z,0
app/bodegaai-production-alb/31b69d3d76ab5ed1,targetgroup/bodegaai-production-store-servic/736691f5beac1ff1,RequestCountPerTarget,2026-05-05T14:00:00Z,2026-05-05T15:00:00Z,0
app/bodegaai-production-alb/31b69d3d76ab5ed1,targetgroup/bodegaai-production-store-servic/736691f5beac1ff1,RequestCountPerTarget,2026-05-05T15:00:00Z,2026-05-05T16:00:00Z,0
app/bodegaai-production-alb/31b69d3d76ab5ed1,targetgroup/bodegaai-production-store-servic/736691f5beac1ff1,RequestCountPerTarget,2026-05-05T16:00:00Z,2026-05-05T17:00:00Z,0
app/bodegaai-production-alb/31b69d3d76ab5ed1,targetgroup/bodegaai-production-store-servic/736691f5beac1ff1,RequestCountPerTarget,2026-05-05T17:00:00Z,2026-05-05T18:00:00Z,0
app/bodegaai-production-alb/31b69d3d76ab5ed1,targetgroup/bodegaai-production-store-servic/736691f5beac1ff1,RequestCountPerTarget,2026-05-05T18:00:00Z,2026-05-05T19:00:00Z,0
app/bodegaai-production-alb/31b69d3d76ab5ed1,targetgroup/bodegaai-production-store-servic/736691f5beac1ff1,RequestCountPerTarget,2026-05-05T19:00:00Z,2026-05-05T20:00:00Z,0
app/bodegaai-production-alb/31b69d3d76ab5ed1,targetgroup/bodegaai-production-store-servic/736691f5beac1ff1,RequestCountPerTarget,2026-05-05T20:00:00Z,2026-05-05T21:00:00Z,0
app/bodegaai-production-alb/31b69d3d76ab5ed1,targetgroup/bodegaai-production-store-servic/736691f5beac1ff1,RequestCountPerTarget,2026-05-05T21:00:00Z,2026-05-05T22:00:00Z,0
app/bodegaai-production-alb/31b69d3d76ab5ed1,targetgroup/bodegaai-production-store-servic/736691f5beac1ff1,RequestCountPerTarget,2026-05-05T22:00:00Z,2026-05-05T23:00:00Z,0
app/bodegaai-production-alb/31b69d3d76ab5ed1,targetgroup/bodegaai-production-store-servic/736691f5beac1ff1,RequestCountPerTarget,2026-05-05T23:00:00Z,2026-05-06T00:00:00Z,0
app/bodegaai-production-alb/31b69d3d76ab5ed1,targetgroup/bodegaai-production-store-servic/736691f5beac1ff1,RequestCountPerTarget,2026-05-06T00:00:00Z,2026-05-06T01:00:00Z,0
app/bodegaai-production-alb/31b69d3d76ab5ed1,targetgroup/bodegaai-production-store-servic/736691f5beac1ff1,RequestCountPerTarget,2026-05-06T01:00:00Z,2026-05-06T02:00:00Z,0
app/bodegaai-production-alb/31b69d3d76ab5ed1,targetgroup/bodegaai-production-store-servic/736691f5beac1ff1,RequestCountPerTarget,2026-05-06T02:00:00Z,2026-05-06T03:00:00Z,0
app/bodegaai-production-alb/31b69d3d76ab5ed1,targetgroup/bodegaai-production-store-servic/736691f5beac1ff1,RequestCountPerTarget,2026-05-06T03:00:00Z,2026-05-06T04:00:00Z,0
app/bodegaai-production-alb/31b69d3d76ab5ed1,targetgroup/bodegaai-production-store-servic/736691f5beac1ff1,RequestCountPerTarget,2026-05-06T04:00:00Z,2026-05-06T05:00:00Z,0
app/bodegaai-production-alb/31b69d3d76ab5ed1,targetgroup/bodegaai-production-store-servic/736691f5beac1ff1,RequestCountPerTarget,2026-05-06T05:00:00Z,2026-05-06T06:00:00Z,0
app/bodegaai-production-alb/31b69d3d76ab5ed1,targetgroup/bodegaai-production-store-servic/736691f5beac1ff1,RequestCountPerTarget,2026-05-06T06:00:00Z,2026-05-06T07:00:00Z,0
app/bodegaai-production-alb/31b69d3d76ab5ed1,targetgroup/bodegaai-production-store-servic/736691f5beac1ff1,RequestCountPerTarget,2026-05-06T07:00:00Z,2026-05-06T08:00:00Z,0
app/bodegaai-production-alb/31b69d3d76ab5ed1,targetgroup/bodegaai-production-store-servic/736691f5beac1ff1,RequestCountPerTarget,2026-05-06T08:00:00Z,2026-05-06T09:00:00Z,0
app/bodegaai-production-alb/31b69d3d76ab5ed1,targetgroup/bodegaai-production-store-servic/736691f5beac1ff1,RequestCountPerTarget,2026-05-06T09:00:00Z,2026-05-06T10:00:00Z,0
app/bodegaai-production-alb/31b69d3d76ab5ed1,targetgroup/bodegaai-production-store-servic/736691f5beac1ff1,RequestCountPerTarget,2026-05-06T10:00:00Z,2026-05-06T11:00:00Z,0
app/bodegaai-production-alb/31b69d3d76ab5ed1,targetgroup/bodegaai-production-store-servic/736691f5beac1ff1,RequestCountPerTarget,2026-05-06T11:00:00Z,2026-05-06T12:00:00Z,0
app/bodegaai-production-alb/31b69d3d76ab5ed1,targetgroup/bodegaai-production-store-servic/736691f5beac1ff1,RequestCountPerTarget,2026-05-06T12:00:00Z,2026-05-06T13:00:00Z,0
app/bodegaai-production-alb/31b69d3d76ab5ed1,targetgroup/bodegaai-production-store-servic/736691f5beac1ff1,RequestCountPerTarget,2026-05-06T13:00:00Z,2026-05-06T14:00:00Z,0
app/bodegaai-production-alb/31b69d3d76ab5ed1,targetgroup/bodegaai-production-store-servic/736691f5beac1ff1,RequestCountPerTarget,2026-05-06T14:00:00Z,2026-05-06T15:00:00Z,0
app/bodegaai-production-alb/31b69d3d76ab5ed1,targetgroup/bodegaai-production-store-servic/736691f5beac1ff1,RequestCountPerTarget,2026-05-06T15:00:00Z,2026-05-06T16:00:00Z,0
app/bodegaai-production-alb/31b69d3d76ab5ed1,targetgroup/bodegaai-production-store-servic/736691f5beac1ff1,RequestCountPerTarget,2026-05-06T16:00:00Z,2026-05-06T17:00:00Z,0
app/bodegaai-production-alb/31b69d3d76ab5ed1,targetgroup/bodegaai-production-store-servic/736691f5beac1ff1,RequestCountPerTarget,2026-05-06T17:00:00Z,2026-05-06T18:00:00Z,0
app/bodegaai-production-alb/31b69d3d76ab5ed1,targetgroup/bodegaai-production-store-servic/736691f5beac1ff1,RequestCountPerTarget,2026-05-06T18:00:00Z,2026-05-06T19:00:00Z,0
app/bodegaai-production-alb/31b69d3d76ab5ed1,targetgroup/bodegaai-production-store-servic/736691f5beac1ff1,RequestCountPerTarget,2026-05-06T19:00:00Z,2026-05-06T20:00:00Z,0
app/bodegaai-production-alb/31b69d3d76ab5ed1,targetgroup/bodegaai-production-store-servic/736691f5beac1ff1,RequestCountPerTarget,2026-05-06T20:00:00Z,2026-05-06T21:00:00Z,0
app/bodegaai-production-alb/31b69d3d76ab5ed1,targetgroup/bodegaai-production-store-servic/736691f5beac1ff1,RequestCountPerTarget,2026-05-06T21:00:00Z,2026-05-06T22:00:00Z,0
app/bodegaai-production-alb/31b69d3d76ab5ed1,targetgroup/bodegaai-production-store-servic/736691f5beac1ff1,RequestCountPerTarget,2026-05-06T22:00:00Z,2026-05-06T23:00:00Z,0
app/bodegaai-production-alb/31b69d3d76ab5ed1,targetgroup/bodegaai-production-store-servic/736691f5beac1ff1,RequestCountPerTarget,2026-05-06T23:00:00Z,2026-05-07T00:00:00Z,0
app/bodegaai-production-alb/31b69d3d76ab5ed1,targetgroup/bodegaai-production-store-servic/736691f5beac1ff1,RequestCountPerTarget,2026-05-07T00:00:00Z,2026-05-07T01:00:00Z,0
app/bodegaai-production-alb/31b69d3d76ab5ed1,targetgroup/bodegaai-production-store-servic/736691f5beac1ff1,RequestCountPerTarget,2026-05-07T01:00:00Z,2026-05-07T02:00:00Z,0
app/bodegaai-production-alb/31b69d3d76ab5ed1,targetgroup/bodegaai-production-store-servic/736691f5beac1ff1,RequestCountPerTarget,2026-05-07T02:00:00Z,2026-05-07T03:00:00Z,0
app/bodegaai-production-alb/31b69d3d76ab5ed1,targetgroup/bodegaai-production-store-servic/736691f5beac1ff1,RequestCountPerTarget,2026-05-07T03:00:00Z,2026-05-07T04:00:00Z,0
app/bodegaai-production-alb/31b69d3d76ab5ed1,targetgroup/bodegaai-production-store-servic/736691f5beac1ff1,RequestCountPerTarget,2026-05-07T04:00:00Z,2026-05-07T05:00:00Z,0
app/bodegaai-production-alb/31b69d3d76ab5ed1,targetgroup/bodegaai-production-store-servic/736691f5beac1ff1,RequestCountPerTarget,2026-05-07T05:00:00Z,2026-05-07T06:00:00Z,0
app/bodegaai-production-alb/31b69d3d76ab5ed1,targetgroup/bodegaai-production-store-servic/736691f5beac1ff1,RequestCountPerTarget,2026-05-07T06:00:00Z,2026-05-07T07:00:00Z,0
app/bodegaai-production-alb/31b69d3d76ab5ed1,targetgroup/bodegaai-production-store-servic/736691f5beac1ff1,RequestCountPerTarget,2026-05-07T07:00:00Z,2026-05-07T08:00:00Z,0
app/bodegaai-production-alb/31b69d3d76ab5ed1,targetgroup/bodegaai-production-store-servic/736691f5beac1ff1,RequestCountPerTarget,2026-05-07T08:00:00Z,2026-05-07T09:00:00Z,0
app/bodegaai-production-alb/31b69d3d76ab5ed1,targetgroup/bodegaai-production-store-servic/736691f5beac1ff1,RequestCountPerTarget,2026-05-07T09:00:00Z,2026-05-07T10:00:00Z,0
app/bodegaai-production-alb/31b69d3d76ab5ed1,targetgroup/bodegaai-production-store-servic/736691f5beac1ff1,RequestCountPerTarget,2026-05-07T10:00:00Z,2026-05-07T11:00:00Z,0
app/bodegaai-production-alb/31b69d3d76ab5ed1,targetgroup/bodegaai-production-store-servic/736691f5beac1ff1,RequestCountPerTarget,2026-05-07T11:00:00Z,2026-05-07T12:00:00Z,0
app/bodegaai-production-alb/31b69d3d76ab5ed1,targetgroup/bodegaai-production-store-servic/736691f5beac1ff1,RequestCountPerTarget,2026-05-07T12:00:00Z,2026-05-07T13:00:00Z,0
app/bodegaai-production-alb/31b69d3d76ab5ed1,targetgroup/bodegaai-production-store-servic/736691f5beac1ff1,RequestCountPerTarget,2026-05-07T13:00:00Z,2026-05-07T14:00:00Z,0
app/bodegaai-production-alb/31b69d3d76ab5ed1,targetgroup/bodegaai-production-store-servic/736691f5beac1ff1,RequestCountPerTarget,2026-05-07T14:00:00Z,2026-05-07T15:00:00Z,0
app/bodegaai-production-alb/31b69d3d76ab5ed1,targetgroup/bodegaai-production-store-servic/736691f5beac1ff1,RequestCountPerTarget,2026-05-07T15:00:00Z,2026-05-07T16:00:00Z,0
app/bodegaai-production-alb/31b69d3d76ab5ed1,targetgroup/bodegaai-production-store-servic/736691f5beac1ff1,RequestCountPerTarget,2026-05-07T16:00:00Z,2026-05-07T17:00:00Z,0
app/bodegaai-production-alb/31b69d3d76ab5ed1,targetgroup/bodegaai-production-store-servic/736691f5beac1ff1,RequestCountPerTarget,2026-05-07T17:00:00Z,2026-05-07T18:00:00Z,0
app/bodegaai-production-alb/31b69d3d76ab5ed1,targetgroup/bodegaai-production-store-servic/736691f5beac1ff1,RequestCountPerTarget,2026-05-07T18:00:00Z,2026-05-07T19:00:00Z,0
app/bodegaai-production-alb/31b69d3d76ab5ed1,targetgroup/bodegaai-production-store-servic/736691f5beac1ff1,RequestCountPerTarget,2026-05-07T19:00:00Z,2026-05-07T20:00:00Z,0
app/bodegaai-production-alb/31b69d3d76ab5ed1,targetgroup/bodegaai-production-store-servic/736691f5beac1ff1,RequestCountPerTarget,2026-05-07T20:00:00Z,2026-05-07T21:00:00Z,0
app/bodegaai-production-alb/31b69d3d76ab5ed1,targetgroup/bodegaai-production-store-servic/736691f5beac1ff1,RequestCountPerTarget,2026-05-07T21:00:00Z,2026-05-07T22:00:00Z,0
app/bodegaai-production-alb/31b69d3d76ab5ed1,targetgroup/bodegaai-production-store-servic/736691f5beac1ff1,RequestCountPerTarget,2026-05-07T22:00:00Z,2026-05-07T23:00:00Z,0
app/bodegaai-production-alb/31b69d3d76ab5ed1,targetgroup/bodegaai-production-store-servic/736691f5beac1ff1,RequestCountPerTarget,2026-05-07T23:00:00Z,2026-05-08T00:00:00Z,0
app/bodegaai-production-alb/31b69d3d76ab5ed1,targetgroup/bodegaai-production-store-servic/736691f5beac1ff1,RequestCountPerTarget,2026-05-08T00:00:00Z,2026-05-08T01:00:00Z,0
app/bodegaai-production-alb/31b69d3d76ab5ed1,targetgroup/bodegaai-production-store-servic/736691f5beac1ff1,RequestCountPerTarget,2026-05-08T01:00:00Z,2026-05-08T02:00:00Z,0
app/bodegaai-production-alb/31b69d3d76ab5ed1,targetgroup/bodegaai-production-store-servic/736691f5beac1ff1,RequestCountPerTarget,2026-05-08T02:00:00Z,2026-05-08T03:00:00Z,0
app/bodegaai-production-alb/31b69d3d76ab5ed1,targetgroup/bodegaai-production-store-servic/736691f5beac1ff1,RequestCountPerTarget,2026-05-08T03:00:00Z,2026-05-08T04:00:00Z,0
app/bodegaai-production-alb/31b69d3d76ab5ed1,targetgroup/bodegaai-production-store-servic/736691f5beac1ff1,RequestCountPerTarget,2026-05-08T04:00:00Z,2026-05-08T05:00:00Z,0
app/bodegaai-production-alb/31b69d3d76ab5ed1,targetgroup/bodegaai-production-store-servic/736691f5beac1ff1,RequestCountPerTarget,2026-05-08T05:00:00Z,2026-05-08T06:00:00Z,0
app/bodegaai-production-alb/31b69d3d76ab5ed1,targetgroup/bodegaai-production-store-servic/736691f5beac1ff1,RequestCountPerTarget,2026-05-08T06:00:00Z,2026-05-08T07:00:00Z,0
app/bodegaai-production-alb/31b69d3d76ab5ed1,targetgroup/bodegaai-production-store-servic/736691f5beac1ff1,RequestCountPerTarget,2026-05-08T07:00:00Z,2026-05-08T08:00:00Z,0
app/bodegaai-production-alb/31b69d3d76ab5ed1,targetgroup/bodegaai-production-store-servic/736691f5beac1ff1,RequestCountPerTarget,2026-05-08T08:00:00Z,2026-05-08T09:00:00Z,0
app/bodegaai-production-alb/31b69d3d76ab5ed1,targetgroup/bodegaai-production-store-servic/736691f5beac1ff1,RequestCountPerTarget,2026-05-08T09:00:00Z,2026-05-08T10:00:00Z,0
app/bodegaai-production-alb/31b69d3d76ab5ed1,targetgroup/bodegaai-production-store-servic/736691f5beac1ff1,RequestCountPerTarget,2026-05-08T10:00:00Z,2026-05-08T11:00:00Z,0
app/bodegaai-production-alb/31b69d3d76ab5ed1,targetgroup/bodegaai-production-store-servic/736691f5beac1ff1,RequestCountPerTarget,2026-05-08T11:00:00Z,2026-05-08T12:00:00Z,0
app/bodegaai-production-alb/31b69d3d76ab5ed1,targetgroup/bodegaai-production-store-servic/736691f5beac1ff1,RequestCountPerTarget,2026-05-08T12:00:00Z,2026-05-08T13:00:00Z,0
app/bodegaai-production-alb/31b69d3d76ab5ed1,targetgroup/bodegaai-production-store-servic/736691f5beac1ff1,RequestCountPerTarget,2026-05-08T13:00:00Z,2026-05-08T14:00:00Z,0
app/bodegaai-production-alb/31b69d3d76ab5ed1,targetgroup/bodegaai-production-store-servic/736691f5beac1ff1,RequestCountPerTarget,2026-05-08T14:00:00Z,2026-05-08T15:00:00Z,0
app/bodegaai-production-alb/31b69d3d76ab5ed1,targetgroup/bodegaai-production-store-servic/736691f5beac1ff1,RequestCountPerTarget,2026-05-08T15:00:00Z,2026-05-08T16:00:00Z,0
app/bodegaai-production-alb/31b69d3d76ab5ed1,targetgroup/bodegaai-production-store-servic/736691f5beac1ff1,RequestCountPerTarget,2026-05-08T16:00:00Z,2026-05-08T17:00:00Z,0
app/bodegaai-production-alb/31b69d3d76ab5ed1,targetgroup/bodegaai-production-store-servic/736691f5beac1ff1,RequestCountPerTarget,2026-05-08T17:00:00Z,2026-05-08T18:00:00Z,0
app/bodegaai-production-alb/31b69d3d76ab5ed1,targetgroup/bodegaai-production-store-servic/736691f5beac1ff1,RequestCountPerTarget,2026-05-08T18:00:00Z,2026-05-08T19:00:00Z,0
app/bodegaai-production-alb/31b69d3d76ab5ed1,targetgroup/bodegaai-production-store-servic/736691f5beac1ff1,RequestCountPerTarget,2026-05-08T19:00:00Z,2026-05-08T20:00:00Z,0
app/bodegaai-production-alb/31b69d3d76ab5ed1,targetgroup/bodegaai-production-store-servic/736691f5beac1ff1,RequestCountPerTarget,2026-05-08T20:00:00Z,2026-05-08T21:00:00Z,0
app/bodegaai-production-alb/31b69d3d76ab5ed1,targetgroup/bodegaai-production-store-servic/736691f5beac1ff1,RequestCountPerTarget,2026-05-08T21:00:00Z,2026-05-08T22:00:00Z,0
app/bodegaai-production-alb/31b69d3d76ab5ed1,targetgroup/bodegaai-production-store-servic/736691f5beac1ff1,RequestCountPerTarget,2026-05-08T22:00:00Z,2026-05-08T23:00:00Z,0
app/bodegaai-production-alb/31b69d3d76ab5ed1,targetgroup/bodegaai-production-store-servic/736691f5beac1ff1,RequestCountPerTarget,2026-05-08T23:00:00Z,2026-05-09T00:00:00Z,0
app/bodegaai-production-alb/31b69d3d76ab5ed1,targetgroup/bodegaai-production-store-servic/736691f5beac1ff1,RequestCountPerTarget,2026-05-09T00:00:00Z,2026-05-09T01:00:00Z,0
app/bodegaai-production-alb/31b69d3d76ab5ed1,targetgroup/bodegaai-production-store-servic/736691f5beac1ff1,RequestCountPerTarget,2026-05-09T01:00:00Z,2026-05-09T02:00:00Z,0
app/bodegaai-production-alb/31b69d3d76ab5ed1,targetgroup/bodegaai-production-store-servic/736691f5beac1ff1,RequestCountPerTarget,2026-05-09T02:00:00Z,2026-05-09T03:00:00Z,0
app/bodegaai-production-alb/31b69d3d76ab5ed1,targetgroup/bodegaai-production-store-servic/736691f5beac1ff1,RequestCountPerTarget,2026-05-09T03:00:00Z,2026-05-09T04:00:00Z,0
app/bodegaai-production-alb/31b69d3d76ab5ed1,targetgroup/bodegaai-production-store-servic/736691f5beac1ff1,RequestCountPerTarget,2026-05-09T04:00:00Z,2026-05-09T05:00:00Z,0
app/bodegaai-production-alb/31b69d3d76ab5ed1,targetgroup/bodegaai-production-store-servic/736691f5beac1ff1,RequestCountPerTarget,2026-05-09T05:00:00Z,2026-05-09T06:00:00Z,0
app/bodegaai-production-alb/31b69d3d76ab5ed1,targetgroup/bodegaai-production-store-servic/736691f5beac1ff1,RequestCountPerTarget,2026-05-09T06:00:00Z,2026-05-09T07:00:00Z,0
app/bodegaai-production-alb/31b69d3d76ab5ed1,targetgroup/bodegaai-production-store-servic/736691f5beac1ff1,RequestCountPerTarget,2026-05-09T07:00:00Z,2026-05-09T08:00:00Z,0
app/bodegaai-production-alb/31b69d3d76ab5ed1,targetgroup/bodegaai-production-store-servic/736691f5beac1ff1,RequestCountPerTarget,2026-05-09T08:00:00Z,2026-05-09T09:00:00Z,0
app/bodegaai-production-alb/31b69d3d76ab5ed1,targetgroup/bodegaai-production-store-servic/736691f5beac1ff1,RequestCountPerTarget,2026-05-09T09:00:00Z,2026-05-09T10:00:00Z,0
app/bodegaai-production-alb/31b69d3d76ab5ed1,targetgroup/bodegaai-production-store-servic/736691f5beac1ff1,RequestCountPerTarget,2026-05-09T10:00:00Z,2026-05-09T11:00:00Z,0
app/bodegaai-production-alb/31b69d3d76ab5ed1,targetgroup/bodegaai-production-store-servic/736691f5beac1ff1,RequestCountPerTarget,2026-05-09T11:00:00Z,2026-05-09T12:00:00Z,0
app/bodegaai-production-alb/31b69d3d76ab5ed1,targetgroup/bodegaai-production-store-servic/736691f5beac1ff1,RequestCountPerTarget,2026-05-09T12:00:00Z,2026-05-09T13:00:00Z,0
app/bodegaai-production-alb/31b69d3d76ab5ed1,targetgroup/bodegaai-production-store-servic/736691f5beac1ff1,RequestCountPerTarget,2026-05-09T13:00:00Z,2026-05-09T14:00:00Z,0
app/bodegaai-production-alb/31b69d3d76ab5ed1,targetgroup/bodegaai-production-store-servic/736691f5beac1ff1,RequestCountPerTarget,2026-05-09T14:00:00Z,2026-05-09T15:00:00Z,0
app/bodegaai-production-alb/31b69d3d76ab5ed1,targetgroup/bodegaai-production-store-servic/736691f5beac1ff1,RequestCountPerTarget,2026-05-09T15:00:00Z,2026-05-09T16:00:00Z,0
app/bodegaai-production-alb/31b69d3d76ab5ed1,targetgroup/bodegaai-production-store-servic/736691f5beac1ff1,RequestCountPerTarget,2026-05-09T16:00:00Z,2026-05-09T17:00:00Z,0
app/bodegaai-production-alb/31b69d3d76ab5ed1,targetgroup/bodegaai-production-store-servic/736691f5beac1ff1,RequestCountPerTarget,2026-05-09T17:00:00Z,2026-05-09T18:00:00Z,0
app/bodegaai-production-alb/31b69d3d76ab5ed1,targetgroup/bodegaai-production-store-servic/736691f5beac1ff1,RequestCountPerTarget,2026-05-09T18:00:00Z,2026-05-09T19:00:00Z,0
app/bodegaai-production-alb/31b69d3d76ab5ed1,targetgroup/bodegaai-production-store-servic/736691f5beac1ff1,RequestCountPerTarget,2026-05-09T19:00:00Z,2026-05-09T20:00:00Z,0
app/bodegaai-production-alb/31b69d3d76ab5ed1,targetgroup/bodegaai-production-store-servic/736691f5beac1ff1,RequestCountPerTarget,2026-05-09T20:00:00Z,2026-05-09T21:00:00Z,0
app/bodegaai-production-alb/31b69d3d76ab5ed1,targetgroup/bodegaai-production-store-servic/736691f5beac1ff1,RequestCountPerTarget,2026-05-09T21:00:00Z,2026-05-09T22:00:00Z,0
app/bodegaai-production-alb/31b69d3d76ab5ed1,targetgroup/bodegaai-production-store-servic/736691f5beac1ff1,RequestCountPerTarget,2026-05-09T22:00:00Z,2026-05-09T23:00:00Z,0
app/bodegaai-production-alb/31b69d3d76ab5ed1,targetgroup/bodegaai-production-store-servic/736691f5beac1ff1,RequestCountPerTarget,2026-05-09T23:00:00Z,2026-05-10T00:00:00Z,0
app/bodegaai-production-alb/31b69d3d76ab5ed1,targetgroup/bodegaai-production-store-servic/736691f5beac1ff1,RequestCountPerTarget,2026-05-10T00:00:00Z,2026-05-10T01:00:00Z,0
app/bodegaai-production-alb/31b69d3d76ab5ed1,targetgroup/bodegaai-production-store-servic/736691f5beac1ff1,RequestCountPerTarget,2026-05-10T01:00:00Z,2026-05-10T02:00:00Z,0
app/bodegaai-production-alb/31b69d3d76ab5ed1,targetgroup/bodegaai-production-store-servic/736691f5beac1ff1,RequestCountPerTarget,2026-05-10T02:00:00Z,2026-05-10T03:00:00Z,0
app/bodegaai-production-alb/31b69d3d76ab5ed1,targetgroup/bodegaai-production-store-servic/736691f5beac1ff1,RequestCountPerTarget,2026-05-10T03:00:00Z,2026-05-10T04:00:00Z,0
app/bodegaai-production-alb/31b69d3d76ab5ed1,targetgroup/bodegaai-production-store-servic/736691f5beac1ff1,RequestCountPerTarget,2026-05-10T04:00:00Z,2026-05-10T05:00:00Z,0
app/bodegaai-production-alb/31b69d3d76ab5ed1,targetgroup/bodegaai-production-store-servic/736691f5beac1ff1,RequestCountPerTarget,2026-05-10T05:00:00Z,2026-05-10T06:00:00Z,0
app/bodegaai-production-alb/31b69d3d76ab5ed1,targetgroup/bodegaai-production-store-servic/736691f5beac1ff1,RequestCountPerTarget,2026-05-10T06:00:00Z,2026-05-10T07:00:00Z,0
app/bodegaai-production-alb/31b69d3d76ab5ed1,targetgroup/bodegaai-production-store-servic/736691f5beac1ff1,RequestCountPerTarget,2026-05-10T07:00:00Z,2026-05-10T08:00:00Z,0
app/bodegaai-production-alb/31b69d3d76ab5ed1,targetgroup/bodegaai-production-store-servic/736691f5beac1ff1,RequestCountPerTarget,2026-05-10T08:00:00Z,2026-05-10T09:00:00Z,0
app/bodegaai-production-alb/31b69d3d76ab5ed1,targetgroup/bodegaai-production-store-servic/736691f5beac1ff1,RequestCountPerTarget,2026-05-10T09:00:00Z,2026-05-10T10:00:00Z,0
app/bodegaai-production-alb/31b69d3d76ab5ed1,targetgroup/bodegaai-production-store-servic/736691f5beac1ff1,RequestCountPerTarget,2026-05-10T10:00:00Z,2026-05-10T11:00:00Z,0
app/bodegaai-production-alb/31b69d3d76ab5ed1,targetgroup/bodegaai-production-store-servic/736691f5beac1ff1,RequestCountPerTarget,2026-05-10T11:00:00Z,2026-05-10T12:00:00Z,0
app/bodegaai-production-alb/31b69d3d76ab5ed1,targetgroup/bodegaai-production-store-servic/736691f5beac1ff1,RequestCountPerTarget,2026-05-10T12:00:00Z,2026-05-10T13:00:00Z,0
app/bodegaai-production-alb/31b69d3d76ab5ed1,targetgroup/bodegaai-production-store-servic/736691f5beac1ff1,RequestCountPerTarget,2026-05-10T13:00:00Z,2026-05-10T14:00:00Z,0
app/bodegaai-production-alb/31b69d3d76ab5ed1,targetgroup/bodegaai-production-store-servic/736691f5beac1ff1,RequestCountPerTarget,2026-05-10T14:00:00Z,2026-05-10T15:00:00Z,0
app/bodegaai-production-alb/31b69d3d76ab5ed1,targetgroup/bodegaai-production-store-servic/736691f5beac1ff1,RequestCountPerTarget,2026-05-10T15:00:00Z,2026-05-10T16:00:00Z,0
app/bodegaai-production-alb/31b69d3d76ab5ed1,targetgroup/bodegaai-production-store-servic/736691f5beac1ff1,RequestCountPerTarget,2026-05-10T16:00:00Z,2026-05-10T17:00:00Z,0
app/bodegaai-production-alb/31b69d3d76ab5ed1,targetgroup/bodegaai-production-store-servic/736691f5beac1ff1,RequestCountPerTarget,2026-05-10T17:00:00Z,2026-05-10T18:00:00Z,0
app/bodegaai-production-alb/31b69d3d76ab5ed1,targetgroup/bodegaai-production-store-servic/736691f5beac1ff1,RequestCountPerTarget,2026-05-10T18:00:00Z,2026-05-10T19:00:00Z,0
app/bodegaai-production-alb/31b69d3d76ab5ed1,targetgroup/bodegaai-production-store-servic/736691f5beac1ff1,RequestCountPerTarget,2026-05-10T19:00:00Z,2026-05-10T20:00:00Z,0
app/bodegaai-production-alb/31b69d3d76ab5ed1,targetgroup/bodegaai-production-store-servic/736691f5beac1ff1,RequestCountPerTarget,2026-05-10T20:00:00Z,2026-05-10T21:00:00Z,0
app/bodegaai-production-alb/31b69d3d76ab5ed1,targetgroup/bodegaai-production-store-servic/736691f5beac1ff1,RequestCountPerTarget,2026-05-10T21:00:00Z,2026-05-10T22:00:00Z,0
app/bodegaai-production-alb/31b69d3d76ab5ed1,targetgroup/bodegaai-production-store-servic/736691f5beac1ff1,RequestCountPerTarget,2026-05-10T22:00:00Z,2026-05-10T23:00:00Z,0
app/bodegaai-production-alb/31b69d3d76ab5ed1,targetgroup/bodegaai-production-store-servic/736691f5beac1ff1,RequestCountPerTarget,2026-05-10T23:00:00Z,2026-05-11T00:00:00Z,0
app/bodegaai-production-alb/31b69d3d76ab5ed1,targetgroup/bodegaai-production-store-servic/736691f5beac1ff1,RequestCountPerTarget,2026-05-11T00:00:00Z,2026-05-11T01:00:00Z,0
app/bodegaai-production-alb/31b69d3d76ab5ed1,targetgroup/bodegaai-production-store-servic/736691f5beac1ff1,RequestCountPerTarget,2026-05-11T01:00:00Z,2026-05-11T02:00:00Z,0
app/bodegaai-production-alb/31b69d3d76ab5ed1,targetgroup/bodegaai-production-store-servic/736691f5beac1ff1,RequestCountPerTarget,2026-05-11T02:00:00Z,2026-05-11T03:00:00Z,0
app/bodegaai-production-alb/31b69d3d76ab5ed1,targetgroup/bodegaai-production-store-servic/736691f5beac1ff1,RequestCountPerTarget,2026-05-11T03:00:00Z,2026-05-11T04:00:00Z,0
app/bodegaai-production-alb/31b69d3d76ab5ed1,targetgroup/bodegaai-production-store-servic/736691f5beac1ff1,RequestCountPerTarget,2026-05-11T04:00:00Z,2026-05-11T05:00:00Z,0
app/bodegaai-production-alb/31b69d3d76ab5ed1,targetgroup/bodegaai-production-store-servic/736691f5beac1ff1,RequestCountPerTarget,2026-05-11T05:00:00Z,2026-05-11T06:00:00Z,0
app/bodegaai-production-alb/31b69d3d76ab5ed1,targetgroup/bodegaai-production-store-servic/736691f5beac1ff1,RequestCountPerTarget,2026-05-11T06:00:00Z,2026-05-11T07:00:00Z,0
app/bodegaai-production-alb/31b69d3d76ab5ed1,targetgroup/bodegaai-production-store-servic/736691f5beac1ff1,RequestCountPerTarget,2026-05-11T07:00:00Z,2026-05-11T08:00:00Z,0
app/bodegaai-production-alb/31b69d3d76ab5ed1,targetgroup/bodegaai-production-store-servic/736691f5beac1ff1,RequestCountPerTarget,2026-05-11T08:00:00Z,2026-05-11T09:00:00Z,0
app/bodegaai-production-alb/31b69d3d76ab5ed1,targetgroup/bodegaai-production-store-servic/736691f5beac1ff1,RequestCountPerTarget,2026-05-11T09:00:00Z,2026-05-11T10:00:00Z,0
app/bodegaai-production-alb/31b69d3d76ab5ed1,targetgroup/bodegaai-production-store-servic/736691f5beac1ff1,RequestCountPerTarget,2026-05-11T10:00:00Z,2026-05-11T11:00:00Z,0
app/bodegaai-production-alb/31b69d3d76ab5ed1,targetgroup/bodegaai-production-store-servic/736691f5beac1ff1,RequestCountPerTarget,2026-05-11T11:00:00Z,2026-05-11T12:00:00Z,0
app/bodegaai-production-alb/31b69d3d76ab5ed1,targetgroup/bodegaai-production-store-servic/736691f5beac1ff1,RequestCountPerTarget,2026-05-11T12:00:00Z,2026-05-11T13:00:00Z,0
app/bodegaai-production-alb/31b69d3d76ab5ed1,targetgroup/bodegaai-production-store-servic/736691f5beac1ff1,RequestCountPerTarget,2026-05-11T13:00:00Z,2026-05-11T14:00:00Z,0
app/bodegaai-production-alb/31b69d3d76ab5ed1,targetgroup/bodegaai-production-store-servic/736691f5beac1ff1,RequestCountPerTarget,2026-05-11T14:00:00Z,2026-05-11T15:00:00Z,0
app/bodegaai-production-alb/31b69d3d76ab5ed1,targetgroup/bodegaai-production-store-servic/736691f5beac1ff1,RequestCountPerTarget,2026-05-11T15:00:00Z,2026-05-11T16:00:00Z,0
app/bodegaai-production-alb/31b69d3d76ab5ed1,targetgroup/bodegaai-production-store-servic/736691f5beac1ff1,RequestCountPerTarget,2026-05-11T16:00:00Z,2026-05-11T17:00:00Z,0
app/bodegaai-production-alb/31b69d3d76ab5ed1,targetgroup/bodegaai-production-store-servic/736691f5beac1ff1,RequestCountPerTarget,2026-05-11T17:00:00Z,2026-05-11T18:00:00Z,0
app/bodegaai-production-alb/31b69d3d76ab5ed1,targetgroup/bodegaai-production-store-servic/736691f5beac1ff1,RequestCountPerTarget,2026-05-11T18:00:00Z,2026-05-11T19:00:00Z,0
app/bodegaai-production-alb/31b69d3d76ab5ed1,targetgroup/bodegaai-production-store-servic/736691f5beac1ff1,RequestCountPerTarget,2026-05-11T19:00:00Z,2026-05-11T20:00:00Z,0
app/bodegaai-production-alb/31b69d3d76ab5ed1,targetgroup/bodegaai-production-store-servic/736691f5beac1ff1,RequestCountPerTarget,2026-05-11T20:00:00Z,2026-05-11T21:00:00Z,0
app/bodegaai-production-alb/31b69d3d76ab5ed1,targetgroup/bodegaai-production-store-servic/736691f5beac1ff1,RequestCountPerTarget,2026-05-11T21:00:00Z,2026-05-11T22:00:00Z,0
app/bodegaai-production-alb/31b69d3d76ab5ed1,targetgroup/bodegaai-production-store-servic/736691f5beac1ff1,RequestCountPerTarget,2026-05-11T22:00:00Z,2026-05-11T23:00:00Z,0
app/bodegaai-production-alb/31b69d3d76ab5ed1,targetgroup/bodegaai-production-store-servic/736691f5beac1ff1,RequestCountPerTarget,2026-05-11T23:00:00Z,2026-05-12T00:00:00Z,0
app/bodegaai-production-alb/31b69d3d76ab5ed1,targetgroup/bodegaai-production-store-servic/736691f5beac1ff1,RequestCountPerTarget,2026-05-12T00:00:00Z,2026-05-12T01:00:00Z,0
app/bodegaai-production-alb/31b69d3d76ab5ed1,targetgroup/bodegaai-production-store-servic/736691f5beac1ff1,RequestCountPerTarget,2026-05-12T01:00:00Z,2026-05-12T02:00:00Z,0
app/bodegaai-production-alb/31b69d3d76ab5ed1,targetgroup/bodegaai-production-store-servic/736691f5beac1ff1,RequestCountPerTarget,2026-05-12T02:00:00Z,2026-05-12T03:00:00Z,0
app/bodegaai-production-alb/31b69d3d76ab5ed1,targetgroup/bodegaai-production-store-servic/736691f5beac1ff1,RequestCountPerTarget,2026-05-12T03:00:00Z,2026-05-12T04:00:00Z,0
app/bodegaai-production-alb/31b69d3d76ab5ed1,targetgroup/bodegaai-production-store-servic/736691f5beac1ff1,RequestCountPerTarget,2026-05-12T04:00:00Z,2026-05-12T05:00:00Z,0
app/bodegaai-production-alb/31b69d3d76ab5ed1,targetgroup/bodegaai-production-store-servic/736691f5beac1ff1,RequestCountPerTarget,2026-05-12T05:00:00Z,2026-05-12T06:00:00Z,0
app/bodegaai-production-alb/31b69d3d76ab5ed1,targetgroup/bodegaai-production-store-servic/736691f5beac1ff1,RequestCountPerTarget,2026-05-12T06:00:00Z,2026-05-12T07:00:00Z,0
app/bodegaai-production-alb/31b69d3d76ab5ed1,targetgroup/bodegaai-production-store-servic/736691f5beac1ff1,RequestCountPerTarget,2026-05-12T07:00:00Z,2026-05-12T08:00:00Z,0
app/bodegaai-production-alb/31b69d3d76ab5ed1,targetgroup/bodegaai-production-store-servic/736691f5beac1ff1,RequestCountPerTarget,2026-05-12T08:00:00Z,2026-05-12T09:00:00Z,0
app/bodegaai-production-alb/31b69d3d76ab5ed1,targetgroup/bodegaai-production-store-servic/736691f5beac1ff1,RequestCountPerTarget,2026-05-12T09:00:00Z,2026-05-12T10:00:00Z,0
app/bodegaai-production-alb/31b69d3d76ab5ed1,targetgroup/bodegaai-production-store-servic/736691f5beac1ff1,RequestCountPerTarget,2026-05-12T10:00:00Z,2026-05-12T11:00:00Z,0
app/bodegaai-production-alb/31b69d3d76ab5ed1,targetgroup/bodegaai-production-store-servic/736691f5beac1ff1,RequestCountPerTarget,2026-05-12T11:00:00Z,2026-05-12T12:00:00Z,0
app/bodegaai-production-alb/31b69d3d76ab5ed1,targetgroup/bodegaai-production-store-servic/736691f5beac1ff1,RequestCountPerTarget,2026-05-12T12:00:00Z,2026-05-12T13:00:00Z,0
app/bodegaai-production-alb/31b69d3d76ab5ed1,targetgroup/bodegaai-production-store-servic/736691f5beac1ff1,RequestCountPerTarget,2026-05-12T13:00:00Z,2026-05-12T14:00:00Z,0
app/bodegaai-production-alb/31b69d3d76ab5ed1,targetgroup/bodegaai-production-store-servic/736691f5beac1ff1,RequestCountPerTarget,2026-05-12T14:00:00Z,2026-05-12T15:00:00Z,0
app/bodegaai-production-alb/31b69d3d76ab5ed1,targetgroup/bodegaai-production-store-servic/736691f5beac1ff1,RequestCountPerTarget,2026-05-12T15:00:00Z,2026-05-12T16:00:00Z,0
app/bodegaai-production-alb/31b69d3d76ab5ed1,targetgroup/bodegaai-production-store-servic/736691f5beac1ff1,RequestCountPerTarget,2026-05-12T16:00:00Z,2026-05-12T17:00:00Z,0
app/bodegaai-production-alb/31b69d3d76ab5ed1,targetgroup/bodegaai-production-store-servic/736691f5beac1ff1,RequestCountPerTarget,2026-05-12T17:00:00Z,2026-05-12T18:00:00Z,0
app/bodegaai-production-alb/31b69d3d76ab5ed1,targetgroup/bodegaai-production-store-servic/736691f5beac1ff1,RequestCountPerTarget,2026-05-12T18:00:00Z,2026-05-12T19:00:00Z,0
app/bodegaai-production-alb/31b69d3d76ab5ed1,targetgroup/bodegaai-production-store-servic/736691f5beac1ff1,RequestCountPerTarget,2026-05-12T19:00:00Z,2026-05-12T20:00:00Z,0
app/bodegaai-production-alb/31b69d3d76ab5ed1,targetgroup/bodegaai-production-store-servic/736691f5beac1ff1,RequestCountPerTarget,2026-05-12T20:00:00Z,2026-05-12T21:00:00Z,0
app/bodegaai-production-alb/31b69d3d76ab5ed1,targetgroup/bodegaai-production-store-servic/736691f5beac1ff1,RequestCountPerTarget,2026-05-12T21:00:00Z,2026-05-12T22:00:00Z,0
app/bodegaai-production-alb/31b69d3d76ab5ed1,targetgroup/bodegaai-production-store-servic/736691f5beac1ff1,RequestCountPerTarget,2026-05-12T22:00:00Z,2026-05-12T23:00:00Z,0
app/bodegaai-production-alb/31b69d3d76ab5ed1,targetgroup/bodegaai-production-store-servic/736691f5beac1ff1,RequestCountPerTarget,2026-05-12T23:00:00Z,2026-05-13T00:00:00Z,0
app/bodegaai-production-alb/31b69d3d76ab5ed1,targetgroup/bodegaai-production-store-servic/736691f5beac1ff1,RequestCountPerTarget,2026-05-13T00:00:00Z,2026-05-13T01:00:00Z,0
app/bodegaai-production-alb/31b69d3d76ab5ed1,targetgroup/bodegaai-production-store-servic/736691f5beac1ff1,RequestCountPerTarget,2026-05-13T01:00:00Z,2026-05-13T02:00:00Z,0
app/bodegaai-production-alb/31b69d3d76ab5ed1,targetgroup/bodegaai-production-store-servic/736691f5beac1ff1,RequestCountPerTarget,2026-05-13T02:00:00Z,2026-05-13T03:00:00Z,0
app/bodegaai-production-alb/31b69d3d76ab5ed1,targetgroup/bodegaai-production-store-servic/736691f5beac1ff1,RequestCountPerTarget,2026-05-13T03:00:00Z,2026-05-13T04:00:00Z,0
app/bodegaai-production-alb/31b69d3d76ab5ed1,targetgroup/bodegaai-production-store-servic/736691f5beac1ff1,RequestCountPerTarget,2026-05-13T04:00:00Z,2026-05-13T05:00:00Z,0
app/bodegaai-production-alb/31b69d3d76ab5ed1,targetgroup/bodegaai-production-store-servic/736691f5beac1ff1,RequestCountPerTarget,2026-05-13T05:00:00Z,2026-05-13T06:00:00Z,0
app/bodegaai-production-alb/31b69d3d76ab5ed1,targetgroup/bodegaai-production-store-servic/736691f5beac1ff1,RequestCountPerTarget,2026-05-13T06:00:00Z,2026-05-13T07:00:00Z,0
app/bodegaai-production-alb/31b69d3d76ab5ed1,targetgroup/bodegaai-production-store-servic/736691f5beac1ff1,RequestCountPerTarget,2026-05-13T07:00:00Z,2026-05-13T08:00:00Z,0
app/bodegaai-production-alb/31b69d3d76ab5ed1,targetgroup/bodegaai-production-store-servic/736691f5beac1ff1,RequestCountPerTarget,2026-05-13T08:00:00Z,2026-05-13T09:00:00Z,0
app/bodegaai-production-alb/31b69d3d76ab5ed1,targetgroup/bodegaai-production-store-servic/736691f5beac1ff1,RequestCountPerTarget,2026-05-13T09:00:00Z,2026-05-13T10:00:00Z,0
app/bodegaai-production-alb/31b69d3d76ab5ed1,targetgroup/bodegaai-production-store-servic/736691f5beac1ff1,RequestCountPerTarget,2026-05-13T10:00:00Z,2026-05-13T11:00:00Z,0
app/bodegaai-production-alb/31b69d3d76ab5ed1,targetgroup/bodegaai-production-store-servic/736691f5beac1ff1,RequestCountPerTarget,2026-05-13T11:00:00Z,2026-05-13T12:00:00Z,0
app/bodegaai-production-alb/31b69d3d76ab5ed1,targetgroup/bodegaai-production-store-servic/736691f5beac1ff1,RequestCountPerTarget,2026-05-13T12:00:00Z,2026-05-13T13:00:00Z,0
app/bodegaai-production-alb/31b69d3d76ab5ed1,targetgroup/bodegaai-production-store-servic/736691f5beac1ff1,RequestCountPerTarget,2026-05-13T13:00:00Z,2026-05-13T14:00:00Z,0
app/bodegaai-production-alb/31b69d3d76ab5ed1,targetgroup/bodegaai-production-store-servic/736691f5beac1ff1,RequestCountPerTarget,2026-05-13T14:00:00Z,2026-05-13T15:00:00Z,0
app/bodegaai-production-alb/31b69d3d76ab5ed1,targetgroup/bodegaai-production-store-servic/736691f5beac1ff1,RequestCountPerTarget,2026-05-13T15:00:00Z,2026-05-13T16:00:00Z,0
app/bodegaai-production-alb/31b69d3d76ab5ed1,targetgroup/bodegaai-production-store-servic/736691f5beac1ff1,RequestCountPerTarget,2026-05-13T16:00:00Z,2026-05-13T17:00:00Z,0
app/bodegaai-production-alb/31b69d3d76ab5ed1,targetgroup/bodegaai-production-store-servic/736691f5beac1ff1,RequestCountPerTarget,2026-05-13T17:00:00Z,2026-05-13T18:00:00Z,0
app/bodegaai-production-alb/31b69d3d76ab5ed1,targetgroup/bodegaai-production-store-servic/736691f5beac1ff1,RequestCountPerTarget,2026-05-13T18:00:00Z,2026-05-13T19:00:00Z,0
app/bodegaai-production-alb/31b69d3d76ab5ed1,targetgroup/bodegaai-production-store-servic/736691f5beac1ff1,RequestCountPerTarget,2026-05-13T19:00:00Z,2026-05-13T20:00:00Z,0
app/bodegaai-production-alb/31b69d3d76ab5ed1,targetgroup/bodegaai-production-store-servic/736691f5beac1ff1,RequestCountPerTarget,2026-05-13T20:00:00Z,2026-05-13T21:00:00Z,0
app/bodegaai-production-alb/31b69d3d76ab5ed1,targetgroup/bodegaai-production-store-servic/736691f5beac1ff1,RequestCountPerTarget,2026-05-13T21:00:00Z,2026-05-13T22:00:00Z,0
app/bodegaai-production-alb/31b69d3d76ab5ed1,targetgroup/bodegaai-production-store-servic/736691f5beac1ff1,RequestCountPerTarget,2026-05-13T22:00:00Z,2026-05-13T23:00:00Z,0
app/bodegaai-production-alb/31b69d3d76ab5ed1,targetgroup/bodegaai-production-store-servic/736691f5beac1ff1,RequestCountPerTarget,2026-05-13T23:00:00Z,2026-05-14T00:00:00Z,0
app/bodegaai-production-alb/31b69d3d76ab5ed1,targetgroup/bodegaai-production-store-servic/736691f5beac1ff1,RequestCountPerTarget,2026-05-14T00:00:00Z,2026-05-14T01:00:00Z,0
app/bodegaai-production-alb/31b69d3d76ab5ed1,targetgroup/bodegaai-production-store-servic/736691f5beac1ff1,RequestCountPerTarget,2026-05-14T01:00:00Z,2026-05-14T02:00:00Z,0
app/bodegaai-production-alb/31b69d3d76ab5ed1,targetgroup/bodegaai-production-store-servic/736691f5beac1ff1,RequestCountPerTarget,2026-05-14T02:00:00Z,2026-05-14T03:00:00Z,0
app/bodegaai-production-alb/31b69d3d76ab5ed1,targetgroup/bodegaai-production-store-servic/736691f5beac1ff1,RequestCountPerTarget,2026-05-14T03:00:00Z,2026-05-14T04:00:00Z,0
app/bodegaai-production-alb/31b69d3d76ab5ed1,targetgroup/bodegaai-production-store-servic/736691f5beac1ff1,RequestCountPerTarget,2026-05-14T04:00:00Z,2026-05-14T05:00:00Z,0
app/bodegaai-production-alb/31b69d3d76ab5ed1,targetgroup/bodegaai-production-store-servic/736691f5beac1ff1,RequestCountPerTarget,2026-05-14T05:00:00Z,2026-05-14T06:00:00Z,0
app/bodegaai-production-alb/31b69d3d76ab5ed1,targetgroup/bodegaai-production-store-servic/736691f5beac1ff1,RequestCountPerTarget,2026-05-14T06:00:00Z,2026-05-14T07:00:00Z,0
app/bodegaai-production-alb/31b69d3d76ab5ed1,targetgroup/bodegaai-production-store-servic/736691f5beac1ff1,RequestCountPerTarget,2026-05-14T07:00:00Z,2026-05-14T08:00:00Z,0
app/bodegaai-production-alb/31b69d3d76ab5ed1,targetgroup/bodegaai-production-store-servic/736691f5beac1ff1,RequestCountPerTarget,2026-05-14T08:00:00Z,2026-05-14T09:00:00Z,0
app/bodegaai-production-alb/31b69d3d76ab5ed1,targetgroup/bodegaai-production-store-servic/736691f5beac1ff1,RequestCountPerTarget,2026-05-14T09:00:00Z,2026-05-14T10:00:00Z,0
app/bodegaai-production-alb/31b69d3d76ab5ed1,targetgroup/bodegaai-production-store-servic/736691f5beac1ff1,RequestCountPerTarget,2026-05-14T10:00:00Z,2026-05-14T11:00:00Z,0
app/bodegaai-production-alb/31b69d3d76ab5ed1,targetgroup/bodegaai-production-store-servic/736691f5beac1ff1,RequestCountPerTarget,2026-05-14T11:00:00Z,2026-05-14T12:00:00Z,0
app/bodegaai-production-alb/31b69d3d76ab5ed1,targetgroup/bodegaai-production-store-servic/736691f5beac1ff1,RequestCountPerTarget,2026-05-14T12:00:00Z,2026-05-14T13:00:00Z,0
app/bodegaai-production-alb/31b69d3d76ab5ed1,targetgroup/bodegaai-production-store-servic/736691f5beac1ff1,RequestCountPerTarget,2026-05-14T13:00:00Z,2026-05-14T14:00:00Z,0
app/bodegaai-production-alb/31b69d3d76ab5ed1,targetgroup/bodegaai-production-store-servic/736691f5beac1ff1,RequestCountPerTarget,2026-05-14T14:00:00Z,2026-05-14T15:00:00Z,0
app/bodegaai-production-alb/31b69d3d76ab5ed1,targetgroup/bodegaai-production-store-servic/736691f5beac1ff1,RequestCountPerTarget,2026-05-14T15:00:00Z,2026-05-14T16:00:00Z,0
app/bodegaai-production-alb/31b69d3d76ab5ed1,targetgroup/bodegaai-production-store-servic/736691f5beac1ff1,RequestCountPerTarget,2026-05-14T16:00:00Z,2026-05-14T17:00:00Z,0
app/bodegaai-production-alb/31b69d3d76ab5ed1,targetgroup/bodegaai-production-store-servic/736691f5beac1ff1,RequestCountPerTarget,2026-05-14T17:00:00Z,2026-05-14T18:00:00Z,0
app/bodegaai-production-alb/31b69d3d76ab5ed1,targetgroup/bodegaai-production-store-servic/736691f5beac1ff1,RequestCountPerTarget,2026-05-14T18:00:00Z,2026-05-14T19:00:00Z,0
app/bodegaai-production-alb/31b69d3d76ab5ed1,targetgroup/bodegaai-production-store-servic/736691f5beac1ff1,RequestCountPerTarget,2026-05-14T19:00:00Z,2026-05-14T20:00:00Z,0
app/bodegaai-production-alb/31b69d3d76ab5ed1,targetgroup/bodegaai-production-store-servic/736691f5beac1ff1,RequestCountPerTarget,2026-05-14T20:00:00Z,2026-05-14T21:00:00Z,0
app/bodegaai-production-alb/31b69d3d76ab5ed1,targetgroup/bodegaai-production-store-servic/736691f5beac1ff1,RequestCountPerTarget,2026-05-14T21:00:00Z,2026-05-14T22:00:00Z,0
app/bodegaai-production-alb/31b69d3d76ab5ed1,targetgroup/bodegaai-production-store-servic/736691f5beac1ff1,RequestCountPerTarget,2026-05-14T22:00:00Z,2026-05-14T23:00:00Z,0
app/bodegaai-production-alb/31b69d3d76ab5ed1,targetgroup/bodegaai-production-store-servic/736691f5beac1ff1,RequestCountPerTarget,2026-05-14T23:00:00Z,2026-05-15T00:00:00Z,0
app/bodegaai-production-alb/31b69d3d76ab5ed1,targetgroup/bodegaai-production-store-servic/736691f5beac1ff1,RequestCountPerTarget,2026-05-15T00:00:00Z,2026-05-15T01:00:00Z,0
app/bodegaai-production-alb/31b69d3d76ab5ed1,targetgroup/bodegaai-production-store-servic/736691f5beac1ff1,RequestCountPerTarget,2026-05-15T01:00:00Z,2026-05-15T02:00:00Z,0
app/bodegaai-production-alb/31b69d3d76ab5ed1,targetgroup/bodegaai-production-store-servic/736691f5beac1ff1,RequestCountPerTarget,2026-05-15T02:00:00Z,2026-05-15T03:00:00Z,0
app/bodegaai-production-alb/31b69d3d76ab5ed1,targetgroup/bodegaai-production-store-servic/736691f5beac1ff1,RequestCountPerTarget,2026-05-15T03:00:00Z,2026-05-15T04:00:00Z,0
app/bodegaai-production-alb/31b69d3d76ab5ed1,targetgroup/bodegaai-production-store-servic/736691f5beac1ff1,RequestCountPerTarget,2026-05-15T04:00:00Z,2026-05-15T05:00:00Z,0
app/bodegaai-production-alb/31b69d3d76ab5ed1,targetgroup/bodegaai-production-store-servic/736691f5beac1ff1,RequestCountPerTarget,2026-05-15T05:00:00Z,2026-05-15T06:00:00Z,0
app/bodegaai-production-alb/31b69d3d76ab5ed1,targetgroup/bodegaai-production-store-servic/736691f5beac1ff1,RequestCountPerTarget,2026-05-15T06:00:00Z,2026-05-15T07:00:00Z,0
app/bodegaai-production-alb/31b69d3d76ab5ed1,targetgroup/bodegaai-production-store-servic/736691f5beac1ff1,RequestCountPerTarget,2026-05-15T07:00:00Z,2026-05-15T08:00:00Z,0
app/bodegaai-production-alb/31b69d3d76ab5ed1,targetgroup/bodegaai-production-store-servic/736691f5beac1ff1,RequestCountPerTarget,2026-05-15T08:00:00Z,2026-05-15T09:00:00Z,0
app/bodegaai-production-alb/31b69d3d76ab5ed1,targetgroup/bodegaai-production-store-servic/736691f5beac1ff1,RequestCountPerTarget,2026-05-15T09:00:00Z,2026-05-15T10:00:00Z,0
app/bodegaai-production-alb/31b69d3d76ab5ed1,targetgroup/bodegaai-production-store-servic/736691f5beac1ff1,RequestCountPerTarget,2026-05-15T10:00:00Z,2026-05-15T11:00:00Z,0
app/bodegaai-production-alb/31b69d3d76ab5ed1,targetgroup/bodegaai-production-store-servic/736691f5beac1ff1,RequestCountPerTarget,2026-05-15T11:00:00Z,2026-05-15T12:00:00Z,0
app/bodegaai-production-alb/31b69d3d76ab5ed1,targetgroup/bodegaai-production-store-servic/736691f5beac1ff1,RequestCountPerTarget,2026-05-15T12:00:00Z,2026-05-15T13:00:00Z,0
app/bodegaai-production-alb/31b69d3d76ab5ed1,targetgroup/bodegaai-production-store-servic/736691f5beac1ff1,RequestCountPerTarget,2026-05-15T13:00:00Z,2026-05-15T14:00:00Z,0
app/bodegaai-production-alb/31b69d3d76ab5ed1,targetgroup/bodegaai-production-store-servic/736691f5beac1ff1,RequestCountPerTarget,2026-05-15T14:00:00Z,2026-05-15T15:00:00Z,0
app/bodegaai-production-alb/31b69d3d76ab5ed1,targetgroup/bodegaai-production-store-servic/736691f5beac1ff1,RequestCountPerTarget,2026-05-15T15:00:00Z,2026-05-15T16:00:00Z,0
app/bodegaai-production-alb/31b69d3d76ab5ed1,targetgroup/bodegaai-production-store-servic/736691f5beac1ff1,RequestCountPerTarget,2026-05-15T16:00:00Z,2026-05-15T17:00:00Z,0
app/bodegaai-production-alb/31b69d3d76ab5ed1,targetgroup/bodegaai-production-store-servic/736691f5beac1ff1,RequestCountPerTarget,2026-05-15T17:00:00Z,2026-05-15T18:00:00Z,0
app/bodegaai-production-alb/31b69d3d76ab5ed1,targetgroup/bodegaai-production-store-servic/736691f5beac1ff1,RequestCountPerTarget,2026-05-15T18:00:00Z,2026-05-15T19:00:00Z,0
app/bodegaai-production-alb/31b69d3d76ab5ed1,targetgroup/bodegaai-production-store-servic/736691f5beac1ff1,RequestCountPerTarget,2026-05-15T19:00:00Z,2026-05-15T20:00:00Z,0
app/bodegaai-production-alb/31b69d3d76ab5ed1,targetgroup/bodegaai-production-store-servic/736691f5beac1ff1,RequestCountPerTarget,2026-05-15T20:00:00Z,2026-05-15T21:00:00Z,0
app/bodegaai-production-alb/31b69d3d76ab5ed1,targetgroup/bodegaai-production-store-servic/736691f5beac1ff1,RequestCountPerTarget,2026-05-15T21:00:00Z,2026-05-15T22:00:00Z,0
app/bodegaai-production-alb/31b69d3d76ab5ed1,targetgroup/bodegaai-production-store-servic/736691f5beac1ff1,RequestCountPerTarget,2026-05-15T22:00:00Z,2026-05-15T23:00:00Z,0
app/bodegaai-production-alb/31b69d3d76ab5ed1,targetgroup/bodegaai-production-store-servic/736691f5beac1ff1,RequestCountPerTarget,2026-05-15T23:00:00Z,2026-05-16T00:00:00Z,0
app/bodegaai-production-alb/31b69d3d76ab5ed1,targetgroup/bodegaai-production-store-servic/736691f5beac1ff1,RequestCountPerTarget,2026-05-16T00:00:00Z,2026-05-16T01:00:00Z,0
app/bodegaai-production-alb/31b69d3d76ab5ed1,targetgroup/bodegaai-production-store-servic/736691f5beac1ff1,RequestCountPerTarget,2026-05-16T01:00:00Z,2026-05-16T02:00:00Z,0
app/bodegaai-production-alb/31b69d3d76ab5ed1,targetgroup/bodegaai-production-store-servic/736691f5beac1ff1,RequestCountPerTarget,2026-05-16T02:00:00Z,2026-05-16T03:00:00Z,0
app/bodegaai-production-alb/31b69d3d76ab5ed1,targetgroup/bodegaai-production-store-servic/736691f5beac1ff1,RequestCountPerTarget,2026-05-16T03:00:00Z,2026-05-16T04:00:00Z,0
app/bodegaai-production-alb/31b69d3d76ab5ed1,targetgroup/bodegaai-production-store-servic/736691f5beac1ff1,RequestCountPerTarget,2026-05-16T04:00:00Z,2026-05-16T05:00:00Z,0
app/bodegaai-production-alb/31b69d3d76ab5ed1,targetgroup/bodegaai-production-store-servic/736691f5beac1ff1,RequestCountPerTarget,2026-05-16T05:00:00Z,2026-05-16T06:00:00Z,0
app/bodegaai-production-alb/31b69d3d76ab5ed1,targetgroup/bodegaai-production-store-servic/736691f5beac1ff1,RequestCountPerTarget,2026-05-16T06:00:00Z,2026-05-16T07:00:00Z,0
app/bodegaai-production-alb/31b69d3d76ab5ed1,targetgroup/bodegaai-production-store-servic/736691f5beac1ff1,RequestCountPerTarget,2026-05-16T07:00:00Z,2026-05-16T08:00:00Z,0
app/bodegaai-production-alb/31b69d3d76ab5ed1,targetgroup/bodegaai-production-store-servic/736691f5beac1ff1,RequestCountPerTarget,2026-05-16T08:00:00Z,2026-05-16T09:00:00Z,0
app/bodegaai-production-alb/31b69d3d76ab5ed1,targetgroup/bodegaai-production-store-servic/736691f5beac1ff1,RequestCountPerTarget,2026-05-16T09:00:00Z,2026-05-16T10:00:00Z,0
app/bodegaai-production-alb/31b69d3d76ab5ed1,targetgroup/bodegaai-production-store-servic/736691f5beac1ff1,RequestCountPerTarget,2026-05-16T10:00:00Z,2026-05-16T11:00:00Z,0
app/bodegaai-production-alb/31b69d3d76ab5ed1,targetgroup/bodegaai-production-store-servic/736691f5beac1ff1,RequestCountPerTarget,2026-05-16T11:00:00Z,2026-05-16T12:00:00Z,0
app/bodegaai-production-alb/31b69d3d76ab5ed1,targetgroup/bodegaai-production-store-servic/736691f5beac1ff1,RequestCountPerTarget,2026-05-16T12:00:00Z,2026-05-16T13:00:00Z,0
app/bodegaai-production-alb/31b69d3d76ab5ed1,targetgroup/bodegaai-production-store-servic/736691f5beac1ff1,RequestCountPerTarget,2026-05-16T13:00:00Z,2026-05-16T14:00:00Z,0
app/bodegaai-production-alb/31b69d3d76ab5ed1,targetgroup/bodegaai-production-store-servic/736691f5beac1ff1,RequestCountPerTarget,2026-05-16T14:00:00Z,2026-05-16T15:00:00Z,0
app/bodegaai-production-alb/31b69d3d76ab5ed1,targetgroup/bodegaai-production-store-servic/736691f5beac1ff1,RequestCountPerTarget,2026-05-16T15:00:00Z,2026-05-16T16:00:00Z,0
app/bodegaai-production-alb/31b69d3d76ab5ed1,targetgroup/bodegaai-production-store-servic/736691f5beac1ff1,RequestCountPerTarget,2026-05-16T16:00:00Z,2026-05-16T17:00:00Z,0
app/bodegaai-production-alb/31b69d3d76ab5ed1,targetgroup/bodegaai-production-store-servic/736691f5beac1ff1,RequestCountPerTarget,2026-05-16T17:00:00Z,2026-05-16T18:00:00Z,0
app/bodegaai-production-alb/31b69d3d76ab5ed1,targetgroup/bodegaai-production-store-servic/736691f5beac1ff1,RequestCountPerTarget,2026-05-16T18:00:00Z,2026-05-16T19:00:00Z,0
app/bodegaai-production-alb/31b69d3d76ab5ed1,targetgroup/bodegaai-production-store-servic/736691f5beac1ff1,RequestCountPerTarget,2026-05-16T19:00:00Z,2026-05-16T20:00:00Z,0
app/bodegaai-production-alb/31b69d3d76ab5ed1,targetgroup/bodegaai-production-store-servic/736691f5beac1ff1,RequestCountPerTarget,2026-05-16T20:00:00Z,2026-05-16T21:00:00Z,0
app/bodegaai-production-alb/31b69d3d76ab5ed1,targetgroup/bodegaai-production-store-servic/736691f5beac1ff1,RequestCountPerTarget,2026-05-16T21:00:00Z,2026-05-16T22:00:00Z,0
app/bodegaai-production-alb/31b69d3d76ab5ed1,targetgroup/bodegaai-production-store-servic/736691f5beac1ff1,RequestCountPerTarget,2026-05-16T22:00:00Z,2026-05-16T23:00:00Z,0
app/bodegaai-production-alb/31b69d3d76ab5ed1,targetgroup/bodegaai-production-store-servic/736691f5beac1ff1,RequestCountPerTarget,2026-05-16T23:00:00Z,2026-05-17T00:00:00Z,0
app/bodegaai-production-alb/31b69d3d76ab5ed1,targetgroup/bodegaai-production-store-servic/736691f5beac1ff1,RequestCountPerTarget,2026-05-17T00:00:00Z,2026-05-17T01:00:00Z,0
app/bodegaai-production-alb/31b69d3d76ab5ed1,targetgroup/bodegaai-production-store-servic/736691f5beac1ff1,RequestCountPerTarget,2026-05-17T01:00:00Z,2026-05-17T02:00:00Z,0
app/bodegaai-production-alb/31b69d3d76ab5ed1,targetgroup/bodegaai-production-store-servic/736691f5beac1ff1,RequestCountPerTarget,2026-05-17T02:00:00Z,2026-05-17T03:00:00Z,0
app/bodegaai-production-alb/31b69d3d76ab5ed1,targetgroup/bodegaai-production-store-servic/736691f5beac1ff1,RequestCountPerTarget,2026-05-17T03:00:00Z,2026-05-17T04:00:00Z,0
app/bodegaai-production-alb/31b69d3d76ab5ed1,targetgroup/bodegaai-production-store-servic/736691f5beac1ff1,RequestCountPerTarget,2026-05-17T04:00:00Z,2026-05-17T05:00:00Z,0
app/bodegaai-production-alb/31b69d3d76ab5ed1,targetgroup/bodegaai-production-store-servic/736691f5beac1ff1,RequestCountPerTarget,2026-05-17T05:00:00Z,2026-05-17T06:00:00Z,0
app/bodegaai-production-alb/31b69d3d76ab5ed1,targetgroup/bodegaai-production-store-servic/736691f5beac1ff1,RequestCountPerTarget,2026-05-17T06:00:00Z,2026-05-17T07:00:00Z,0
app/bodegaai-production-alb/31b69d3d76ab5ed1,targetgroup/bodegaai-production-store-servic/736691f5beac1ff1,RequestCountPerTarget,2026-05-17T07:00:00Z,2026-05-17T08:00:00Z,0
app/bodegaai-production-alb/31b69d3d76ab5ed1,targetgroup/bodegaai-production-store-servic/736691f5beac1ff1,RequestCountPerTarget,2026-05-17T08:00:00Z,2026-05-17T09:00:00Z,0
app/bodegaai-production-alb/31b69d3d76ab5ed1,targetgroup/bodegaai-production-store-servic/736691f5beac1ff1,RequestCountPerTarget,2026-05-17T09:00:00Z,2026-05-17T10:00:00Z,0
app/bodegaai-production-alb/31b69d3d76ab5ed1,targetgroup/bodegaai-production-store-servic/736691f5beac1ff1,RequestCountPerTarget,2026-05-17T10:00:00Z,2026-05-17T11:00:00Z,0
app/bodegaai-production-alb/31b69d3d76ab5ed1,targetgroup/bodegaai-production-store-servic/736691f5beac1ff1,RequestCountPerTarget,2026-05-17T11:00:00Z,2026-05-17T12:00:00Z,0
app/bodegaai-production-alb/31b69d3d76ab5ed1,targetgroup/bodegaai-production-store-servic/736691f5beac1ff1,RequestCountPerTarget,2026-05-17T12:00:00Z,2026-05-17T13:00:00Z,0
app/bodegaai-production-alb/31b69d3d76ab5ed1,targetgroup/bodegaai-production-store-servic/736691f5beac1ff1,RequestCountPerTarget,2026-05-17T13:00:00Z,2026-05-17T14:00:00Z,0
app/bodegaai-production-alb/31b69d3d76ab5ed1,targetgroup/bodegaai-production-store-servic/736691f5beac1ff1,RequestCountPerTarget,2026-05-17T14:00:00Z,2026-05-17T15:00:00Z,0
app/bodegaai-production-alb/31b69d3d76ab5ed1,targetgroup/bodegaai-production-store-servic/736691f5beac1ff1,RequestCountPerTarget,2026-05-17T15:00:00Z,2026-05-17T16:00:00Z,0
app/bodegaai-production-alb/31b69d3d76ab5ed1,targetgroup/bodegaai-production-store-servic/736691f5beac1ff1,RequestCountPerTarget,2026-05-17T16:00:00Z,2026-05-17T17:00:00Z,0
app/bodegaai-production-alb/31b69d3d76ab5ed1,targetgroup/bodegaai-production-store-servic/736691f5beac1ff1,RequestCountPerTarget,2026-05-17T17:00:00Z,2026-05-17T18:00:00Z,0
app/bodegaai-production-alb/31b69d3d76ab5ed1,targetgroup/bodegaai-production-store-servic/736691f5beac1ff1,RequestCountPerTarget,2026-05-17T18:00:00Z,2026-05-17T19:00:00Z,0
app/bodegaai-production-alb/31b69d3d76ab5ed1,targetgroup/bodegaai-production-store-servic/736691f5beac1ff1,RequestCountPerTarget,2026-05-17T19:00:00Z,2026-05-17T20:00:00Z,0
app/bodegaai-production-alb/31b69d3d76ab5ed1,targetgroup/bodegaai-production-store-servic/736691f5beac1ff1,RequestCountPerTarget,2026-05-17T20:00:00Z,2026-05-17T21:00:00Z,0
app/bodegaai-production-alb/31b69d3d76ab5ed1,targetgroup/bodegaai-production-store-servic/736691f5beac1ff1,RequestCountPerTarget,2026-05-17T21:00:00Z,2026-05-17T22:00:00Z,0
app/bodegaai-production-alb/31b69d3d76ab5ed1,targetgroup/bodegaai-production-store-servic/736691f5beac1ff1,RequestCountPerTarget,2026-05-17T22:00:00Z,2026-05-17T23:00:00Z,0
app/bodegaai-production-alb/31b69d3d76ab5ed1,targetgroup/bodegaai-production-store-servic/736691f5beac1ff1,RequestCountPerTarget,2026-05-17T23:00:00Z,2026-05-18T00:00:00Z,0
app/bodegaai-production-alb/31b69d3d76ab5ed1,targetgroup/bodegaai-production-store-servic/736691f5beac1ff1,RequestCountPerTarget,2026-05-18T00:00:00Z,2026-05-18T01:00:00Z,0
app/bodegaai-production-alb/31b69d3d76ab5ed1,targetgroup/bodegaai-production-store-servic/736691f5beac1ff1,RequestCountPerTarget,2026-05-18T01:00:00Z,2026-05-18T02:00:00Z,0
app/bodegaai-production-alb/31b69d3d76ab5ed1,targetgroup/bodegaai-production-store-servic/736691f5beac1ff1,RequestCountPerTarget,2026-05-18T02:00:00Z,2026-05-18T03:00:00Z,0
app/bodegaai-production-alb/31b69d3d76ab5ed1,targetgroup/bodegaai-production-store-servic/736691f5beac1ff1,RequestCountPerTarget,2026-05-18T03:00:00Z,2026-05-18T04:00:00Z,0
app/bodegaai-production-alb/31b69d3d76ab5ed1,targetgroup/bodegaai-production-store-servic/736691f5beac1ff1,RequestCountPerTarget,2026-05-18T04:00:00Z,2026-05-18T05:00:00Z,0
app/bodegaai-production-alb/31b69d3d76ab5ed1,targetgroup/bodegaai-production-store-servic/736691f5beac1ff1,RequestCountPerTarget,2026-05-18T05:00:00Z,2026-05-18T06:00:00Z,0
app/bodegaai-production-alb/31b69d3d76ab5ed1,targetgroup/bodegaai-production-store-servic/736691f5beac1ff1,RequestCountPerTarget,2026-05-18T06:00:00Z,2026-05-18T07:00:00Z,0
app/bodegaai-production-alb/31b69d3d76ab5ed1,targetgroup/bodegaai-production-store-servic/736691f5beac1ff1,RequestCountPerTarget,2026-05-18T07:00:00Z,2026-05-18T08:00:00Z,0
app/bodegaai-production-alb/31b69d3d76ab5ed1,targetgroup/bodegaai-production-store-servic/736691f5beac1ff1,RequestCountPerTarget,2026-05-18T08:00:00Z,2026-05-18T09:00:00Z,0
app/bodegaai-production-alb/31b69d3d76ab5ed1,targetgroup/bodegaai-production-store-servic/736691f5beac1ff1,RequestCountPerTarget,2026-05-18T09:00:00Z,2026-05-18T10:00:00Z,0
app/bodegaai-production-alb/31b69d3d76ab5ed1,targetgroup/bodegaai-production-store-servic/736691f5beac1ff1,RequestCountPerTarget,2026-05-18T10:00:00Z,2026-05-18T11:00:00Z,0
app/bodegaai-production-alb/31b69d3d76ab5ed1,targetgroup/bodegaai-production-store-servic/736691f5beac1ff1,RequestCountPerTarget,2026-05-18T11:00:00Z,2026-05-18T12:00:00Z,0
app/bodegaai-production-alb/31b69d3d76ab5ed1,targetgroup/bodegaai-production-store-servic/736691f5beac1ff1,RequestCountPerTarget,2026-05-18T12:00:00Z,2026-05-18T13:00:00Z,0
app/bodegaai-production-alb/31b69d3d76ab5ed1,targetgroup/bodegaai-production-store-servic/736691f5beac1ff1,RequestCountPerTarget,2026-05-18T13:00:00Z,2026-05-18T14:00:00Z,0
app/bodegaai-production-alb/31b69d3d76ab5ed1,targetgroup/bodegaai-production-store-servic/736691f5beac1ff1,RequestCountPerTarget,2026-05-18T14:00:00Z,2026-05-18T15:00:00Z,0
app/bodegaai-production-alb/31b69d3d76ab5ed1,targetgroup/bodegaai-production-store-servic/736691f5beac1ff1,RequestCountPerTarget,2026-05-18T15:00:00Z,2026-05-18T16:00:00Z,0
app/bodegaai-production-alb/31b69d3d76ab5ed1,targetgroup/bodegaai-production-store-servic/736691f5beac1ff1,RequestCountPerTarget,2026-05-18T16:00:00Z,2026-05-18T17:00:00Z,0
app/bodegaai-production-alb/31b69d3d76ab5ed1,targetgroup/bodegaai-production-store-servic/736691f5beac1ff1,RequestCountPerTarget,2026-05-18T17:00:00Z,2026-05-18T18:00:00Z,0
app/bodegaai-production-alb/31b69d3d76ab5ed1,targetgroup/bodegaai-production-store-servic/736691f5beac1ff1,RequestCountPerTarget,2026-05-18T18:00:00Z,2026-05-18T19:00:00Z,0
app/bodegaai-production-alb/31b69d3d76ab5ed1,targetgroup/bodegaai-production-store-servic/736691f5beac1ff1,RequestCountPerTarget,2026-05-18T19:00:00Z,2026-05-18T20:00:00Z,0
app/bodegaai-production-alb/31b69d3d76ab5ed1,targetgroup/bodegaai-production-store-servic/736691f5beac1ff1,RequestCountPerTarget,2026-05-18T20:00:00Z,2026-05-18T21:00:00Z,0
app/bodegaai-production-alb/31b69d3d76ab5ed1,targetgroup/bodegaai-production-store-servic/736691f5beac1ff1,RequestCountPerTarget,2026-05-18T21:00:00Z,2026-05-18T22:00:00Z,0
app/bodegaai-production-alb/31b69d3d76ab5ed1,targetgroup/bodegaai-production-store-servic/736691f5beac1ff1,RequestCountPerTarget,2026-05-18T22:00:00Z,2026-05-18T23:00:00Z,0
app/bodegaai-production-alb/31b69d3d76ab5ed1,targetgroup/bodegaai-production-store-servic/736691f5beac1ff1,RequestCountPerTarget,2026-05-18T23:00:00Z,2026-05-19T00:00:00Z,0
app/bodegaai-production-alb/31b69d3d76ab5ed1,targetgroup/bodegaai-production-store-servic/736691f5beac1ff1,RequestCountPerTarget,2026-05-19T00:00:00Z,2026-05-19T01:00:00Z,0
app/bodegaai-production-alb/31b69d3d76ab5ed1,targetgroup/bodegaai-production-store-servic/736691f5beac1ff1,RequestCountPerTarget,2026-05-19T01:00:00Z,2026-05-19T02:00:00Z,0
app/bodegaai-production-alb/31b69d3d76ab5ed1,targetgroup/bodegaai-production-store-servic/736691f5beac1ff1,RequestCountPerTarget,2026-05-19T02:00:00Z,2026-05-19T03:00:00Z,0
app/bodegaai-production-alb/31b69d3d76ab5ed1,targetgroup/bodegaai-production-store-servic/736691f5beac1ff1,RequestCountPerTarget,2026-05-19T03:00:00Z,2026-05-19T04:00:00Z,0
app/bodegaai-production-alb/31b69d3d76ab5ed1,targetgroup/bodegaai-production-store-servic/736691f5beac1ff1,RequestCountPerTarget,2026-05-19T04:00:00Z,2026-05-19T05:00:00Z,0
app/bodegaai-production-alb/31b69d3d76ab5ed1,targetgroup/bodegaai-production-store-servic/736691f5beac1ff1,RequestCountPerTarget,2026-05-19T05:00:00Z,2026-05-19T06:00:00Z,0
app/bodegaai-production-alb/31b69d3d76ab5ed1,targetgroup/bodegaai-production-store-servic/736691f5beac1ff1,RequestCountPerTarget,2026-05-19T06:00:00Z,2026-05-19T07:00:00Z,0
app/bodegaai-production-alb/31b69d3d76ab5ed1,targetgroup/bodegaai-production-store-servic/736691f5beac1ff1,RequestCountPerTarget,2026-05-19T07:00:00Z,2026-05-19T08:00:00Z,0
app/bodegaai-production-alb/31b69d3d76ab5ed1,targetgroup/bodegaai-production-store-servic/736691f5beac1ff1,RequestCountPerTarget,2026-05-19T08:00:00Z,2026-05-19T09:00:00Z,0
app/bodegaai-production-alb/31b69d3d76ab5ed1,targetgroup/bodegaai-production-store-servic/736691f5beac1ff1,RequestCountPerTarget,2026-05-19T09:00:00Z,2026-05-19T10:00:00Z,0
app/bodegaai-production-alb/31b69d3d76ab5ed1,targetgroup/bodegaai-production-store-servic/736691f5beac1ff1,RequestCountPerTarget,2026-05-19T10:00:00Z,2026-05-19T11:00:00Z,0
app/bodegaai-production-alb/31b69d3d76ab5ed1,targetgroup/bodegaai-production-store-servic/736691f5beac1ff1,RequestCountPerTarget,2026-05-19T11:00:00Z,2026-05-19T12:00:00Z,0
app/bodegaai-production-alb/31b69d3d76ab5ed1,targetgroup/bodegaai-production-store-servic/736691f5beac1ff1,RequestCountPerTarget,2026-05-19T12:00:00Z,2026-05-19T13:00:00Z,0
app/bodegaai-production-alb/31b69d3d76ab5ed1,targetgroup/bodegaai-production-store-servic/736691f5beac1ff1,RequestCountPerTarget,2026-05-19T13:00:00Z,2026-05-19T14:00:00Z,0
app/bodegaai-production-alb/31b69d3d76ab5ed1,targetgroup/bodegaai-production-store-servic/736691f5beac1ff1,RequestCountPerTarget,2026-05-19T14:00:00Z,2026-05-19T15:00:00Z,0
app/bodegaai-production-alb/31b69d3d76ab5ed1,targetgroup/bodegaai-production-store-servic/736691f5beac1ff1,RequestCountPerTarget,2026-05-19T15:00:00Z,2026-05-19T16:00:00Z,0
app/bodegaai-production-alb/31b69d3d76ab5ed1,targetgroup/bodegaai-production-store-servic/736691f5beac1ff1,RequestCountPerTarget,2026-05-19T16:00:00Z,2026-05-19T17:00:00Z,0
app/bodegaai-production-alb/31b69d3d76ab5ed1,targetgroup/bodegaai-production-store-servic/736691f5beac1ff1,RequestCountPerTarget,2026-05-19T17:00:00Z,2026-05-19T18:00:00Z,0
app/bodegaai-production-alb/31b69d3d76ab5ed1,targetgroup/bodegaai-production-store-servic/736691f5beac1ff1,RequestCountPerTarget,2026-05-19T18:00:00Z,2026-05-19T19:00:00Z,0
app/bodegaai-production-alb/31b69d3d76ab5ed1,targetgroup/bodegaai-production-store-servic/736691f5beac1ff1,RequestCountPerTarget,2026-05-19T19:00:00Z,2026-05-19T20:00:00Z,0
app/bodegaai-production-alb/31b69d3d76ab5ed1,targetgroup/bodegaai-production-store-servic/736691f5beac1ff1,RequestCountPerTarget,2026-05-19T20:00:00Z,2026-05-19T21:00:00Z,0
app/bodegaai-production-alb/31b69d3d76ab5ed1,targetgroup/bodegaai-production-store-servic/736691f5beac1ff1,RequestCountPerTarget,2026-05-19T21:00:00Z,2026-05-19T22:00:00Z,0
app/bodegaai-production-alb/31b69d3d76ab5ed1,targetgroup/bodegaai-production-store-servic/736691f5beac1ff1,RequestCountPerTarget,2026-05-19T22:00:00Z,2026-05-19T23:00:00Z,0
app/bodegaai-production-alb/31b69d3d76ab5ed1,targetgroup/bodegaai-production-store-servic/736691f5beac1ff1,RequestCountPerTarget,2026-05-19T23:00:00Z,2026-05-20T00:00:00Z,0
app/bodegaai-production-alb/31b69d3d76ab5ed1,targetgroup/bodegaai-production-store-servic/736691f5beac1ff1,RequestCountPerTarget,2026-05-20T00:00:00Z,2026-05-20T01:00:00Z,0
app/bodegaai-production-alb/31b69d3d76ab5ed1,targetgroup/bodegaai-production-store-servic/736691f5beac1ff1,RequestCountPerTarget,2026-05-20T01:00:00Z,2026-05-20T02:00:00Z,0
app/bodegaai-production-alb/31b69d3d76ab5ed1,targetgroup/bodegaai-production-store-servic/736691f5beac1ff1,RequestCountPerTarget,2026-05-20T02:00:00Z,2026-05-20T03:00:00Z,0
app/bodegaai-production-alb/31b69d3d76ab5ed1,targetgroup/bodegaai-production-store-servic/736691f5beac1ff1,RequestCountPerTarget,2026-05-20T03:00:00Z,2026-05-20T04:00:00Z,0
app/bodegaai-production-alb/31b69d3d76ab5ed1,targetgroup/bodegaai-production-store-servic/736691f5beac1ff1,RequestCountPerTarget,2026-05-20T04:00:00Z,2026-05-20T05:00:00Z,0
app/bodegaai-production-alb/31b69d3d76ab5ed1,targetgroup/bodegaai-production-store-servic/736691f5beac1ff1,RequestCountPerTarget,2026-05-20T05:00:00Z,2026-05-20T06:00:00Z,0
app/bodegaai-production-alb/31b69d3d76ab5ed1,targetgroup/bodegaai-production-store-servic/736691f5beac1ff1,RequestCountPerTarget,2026-05-20T06:00:00Z,2026-05-20T07:00:00Z,0
app/bodegaai-production-alb/31b69d3d76ab5ed1,targetgroup/bodegaai-production-store-servic/736691f5beac1ff1,RequestCountPerTarget,2026-05-20T07:00:00Z,2026-05-20T08:00:00Z,0
app/bodegaai-production-alb/31b69d3d76ab5ed1,targetgroup/bodegaai-production-store-servic/736691f5beac1ff1,RequestCountPerTarget,2026-05-20T08:00:00Z,2026-05-20T09:00:00Z,0
app/bodegaai-production-alb/31b69d3d76ab5ed1,targetgroup/bodegaai-production-store-servic/736691f5beac1ff1,RequestCountPerTarget,2026-05-20T09:00:00Z,2026-05-20T10:00:00Z,0
app/bodegaai-production-alb/31b69d3d76ab5ed1,targetgroup/bodegaai-production-store-servic/736691f5beac1ff1,RequestCountPerTarget,2026-05-20T10:00:00Z,2026-05-20T11:00:00Z,0
app/bodegaai-production-alb/31b69d3d76ab5ed1,targetgroup/bodegaai-production-store-servic/736691f5beac1ff1,RequestCountPerTarget,2026-05-20T11:00:00Z,2026-05-20T12:00:00Z,0
app/bodegaai-production-alb/31b69d3d76ab5ed1,targetgroup/bodegaai-production-store-servic/736691f5beac1ff1,RequestCountPerTarget,2026-05-20T12:00:00Z,2026-05-20T13:00:00Z,0
app/bodegaai-production-alb/31b69d3d76ab5ed1,targetgroup/bodegaai-production-store-servic/736691f5beac1ff1,RequestCountPerTarget,2026-05-20T13:00:00Z,2026-05-20T14:00:00Z,0
app/bodegaai-production-alb/31b69d3d76ab5ed1,targetgroup/bodegaai-production-store-servic/736691f5beac1ff1,RequestCountPerTarget,2026-05-20T14:00:00Z,2026-05-20T15:00:00Z,0
app/bodegaai-production-alb/31b69d3d76ab5ed1,targetgroup/bodegaai-production-store-servic/736691f5beac1ff1,RequestCountPerTarget,2026-05-20T15:00:00Z,2026-05-20T16:00:00Z,0
app/bodegaai-production-alb/31b69d3d76ab5ed1,targetgroup/bodegaai-production-store-servic/736691f5beac1ff1,RequestCountPerTarget,2026-05-20T16:00:00Z,2026-05-20T17:00:00Z,0
app/bodegaai-production-alb/31b69d3d76ab5ed1,targetgroup/bodegaai-production-store-servic/736691f5beac1ff1,RequestCountPerTarget,2026-05-20T17:00:00Z,2026-05-20T18:00:00Z,0
app/bodegaai-production-alb/31b69d3d76ab5ed1,targetgroup/bodegaai-production-store-servic/736691f5beac1ff1,RequestCountPerTarget,2026-05-20T18:00:00Z,2026-05-20T19:00:00Z,0
app/bodegaai-production-alb/31b69d3d76ab5ed1,targetgroup/bodegaai-production-store-servic/736691f5beac1ff1,RequestCountPerTarget,2026-05-20T19:00:00Z,2026-05-20T20:00:00Z,0
app/bodegaai-production-alb/31b69d3d76ab5ed1,targetgroup/bodegaai-production-store-servic/736691f5beac1ff1,RequestCountPerTarget,2026-05-20T20:00:00Z,2026-05-20T21:00:00Z,0
app/bodegaai-production-alb/31b69d3d76ab5ed1,targetgroup/bodegaai-production-store-servic/736691f5beac1ff1,RequestCountPerTarget,2026-05-20T21:00:00Z,2026-05-20T22:00:00Z,0
app/bodegaai-production-alb/31b69d3d76ab5ed1,targetgroup/bodegaai-production-store-servic/736691f5beac1ff1,RequestCountPerTarget,2026-05-20T22:00:00Z,2026-05-20T23:00:00Z,0
app/bodegaai-production-alb/31b69d3d76ab5ed1,targetgroup/bodegaai-production-store-servic/736691f5beac1ff1,RequestCountPerTarget,2026-05-20T23:00:00Z,2026-05-21T00:00:00Z,0
app/bodegaai-production-alb/31b69d3d76ab5ed1,targetgroup/bodegaai-production-store-servic/736691f5beac1ff1,RequestCountPerTarget,2026-05-21T00:00:00Z,2026-05-21T01:00:00Z,0
app/bodegaai-production-alb/31b69d3d76ab5ed1,targetgroup/bodegaai-production-store-servic/736691f5beac1ff1,RequestCountPerTarget,2026-05-21T01:00:00Z,2026-05-21T02:00:00Z,0
app/bodegaai-production-alb/31b69d3d76ab5ed1,targetgroup/bodegaai-production-store-servic/736691f5beac1ff1,RequestCountPerTarget,2026-05-21T02:00:00Z,2026-05-21T03:00:00Z,0
app/bodegaai-production-alb/31b69d3d76ab5ed1,targetgroup/bodegaai-production-store-servic/736691f5beac1ff1,RequestCountPerTarget,2026-05-21T03:00:00Z,2026-05-21T04:00:00Z,0
app/bodegaai-production-alb/31b69d3d76ab5ed1,targetgroup/bodegaai-production-store-servic/736691f5beac1ff1,RequestCountPerTarget,2026-05-21T04:00:00Z,2026-05-21T05:00:00Z,0
app/bodegaai-production-alb/31b69d3d76ab5ed1,targetgroup/bodegaai-production-store-servic/736691f5beac1ff1,RequestCountPerTarget,2026-05-21T05:00:00Z,2026-05-21T06:00:00Z,0
app/bodegaai-production-alb/31b69d3d76ab5ed1,targetgroup/bodegaai-production-store-servic/736691f5beac1ff1,RequestCountPerTarget,2026-05-21T06:00:00Z,2026-05-21T07:00:00Z,0
app/bodegaai-production-alb/31b69d3d76ab5ed1,targetgroup/bodegaai-production-store-servic/736691f5beac1ff1,RequestCountPerTarget,2026-05-21T07:00:00Z,2026-05-21T08:00:00Z,0
app/bodegaai-production-alb/31b69d3d76ab5ed1,targetgroup/bodegaai-production-store-servic/736691f5beac1ff1,RequestCountPerTarget,2026-05-21T08:00:00Z,2026-05-21T09:00:00Z,0
app/bodegaai-production-alb/31b69d3d76ab5ed1,targetgroup/bodegaai-production-store-servic/736691f5beac1ff1,RequestCountPerTarget,2026-05-21T09:00:00Z,2026-05-21T10:00:00Z,0
app/bodegaai-production-alb/31b69d3d76ab5ed1,targetgroup/bodegaai-production-store-servic/736691f5beac1ff1,RequestCountPerTarget,2026-05-21T10:00:00Z,2026-05-21T11:00:00Z,0
app/bodegaai-production-alb/31b69d3d76ab5ed1,targetgroup/bodegaai-production-store-servic/736691f5beac1ff1,RequestCountPerTarget,2026-05-21T11:00:00Z,2026-05-21T12:00:00Z,0
app/bodegaai-production-alb/31b69d3d76ab5ed1,targetgroup/bodegaai-production-store-servic/736691f5beac1ff1,RequestCountPerTarget,2026-05-21T12:00:00Z,2026-05-21T13:00:00Z,0
app/bodegaai-production-alb/31b69d3d76ab5ed1,targetgroup/bodegaai-production-store-servic/736691f5beac1ff1,RequestCountPerTarget,2026-05-21T13:00:00Z,2026-05-21T14:00:00Z,0
app/bodegaai-production-alb/31b69d3d76ab5ed1,targetgroup/bodegaai-production-store-servic/736691f5beac1ff1,RequestCountPerTarget,2026-05-21T14:00:00Z,2026-05-21T15:00:00Z,0
app/bodegaai-production-alb/31b69d3d76ab5ed1,targetgroup/bodegaai-production-store-servic/736691f5beac1ff1,RequestCountPerTarget,2026-05-21T15:00:00Z,2026-05-21T16:00:00Z,0
app/bodegaai-production-alb/31b69d3d76ab5ed1,targetgroup/bodegaai-production-store-servic/736691f5beac1ff1,RequestCountPerTarget,2026-05-21T16:00:00Z,2026-05-21T17:00:00Z,0
app/bodegaai-production-alb/31b69d3d76ab5ed1,targetgroup/bodegaai-production-store-servic/736691f5beac1ff1,RequestCountPerTarget,2026-05-21T17:00:00Z,2026-05-21T18:00:00Z,0
app/bodegaai-production-alb/31b69d3d76ab5ed1,targetgroup/bodegaai-production-store-servic/736691f5beac1ff1,RequestCountPerTarget,2026-05-21T18:00:00Z,2026-05-21T19:00:00Z,0
app/bodegaai-production-alb/31b69d3d76ab5ed1,targetgroup/bodegaai-production-store-servic/736691f5beac1ff1,RequestCountPerTarget,2026-05-21T19:00:00Z,2026-05-21T20:00:00Z,0
app/bodegaai-production-alb/31b69d3d76ab5ed1,targetgroup/bodegaai-production-store-servic/736691f5beac1ff1,RequestCountPerTarget,2026-05-21T20:00:00Z,2026-05-21T21:00:00Z,0
app/bodegaai-production-alb/31b69d3d76ab5ed1,targetgroup/bodegaai-production-store-servic/736691f5beac1ff1,RequestCountPerTarget,2026-05-21T21:00:00Z,2026-05-21T22:00:00Z,0
app/bodegaai-production-alb/31b69d3d76ab5ed1,targetgroup/bodegaai-production-store-servic/736691f5beac1ff1,RequestCountPerTarget,2026-05-21T22:00:00Z,2026-05-21T23:00:00Z,0
app/bodegaai-production-alb/31b69d3d76ab5ed1,targetgroup/bodegaai-production-store-servic/736691f5beac1ff1,RequestCountPerTarget,2026-05-21T23:00:00Z,2026-05-22T00:00:00Z,0
app/bodegaai-production-alb/31b69d3d76ab5ed1,targetgroup/bodegaai-production-store-servic/736691f5beac1ff1,RequestCountPerTarget,2026-05-22T00:00:00Z,2026-05-22T01:00:00Z,0
app/bodegaai-production-alb/31b69d3d76ab5ed1,targetgroup/bodegaai-production-store-servic/736691f5beac1ff1,RequestCountPerTarget,2026-05-22T01:00:00Z,2026-05-22T02:00:00Z,0
app/bodegaai-production-alb/31b69d3d76ab5ed1,targetgroup/bodegaai-production-store-servic/736691f5beac1ff1,RequestCountPerTarget,2026-05-22T02:00:00Z,2026-05-22T03:00:00Z,0
app/bodegaai-production-alb/31b69d3d76ab5ed1,targetgroup/bodegaai-production-store-servic/736691f5beac1ff1,RequestCountPerTarget,2026-05-22T03:00:00Z,2026-05-22T04:00:00Z,0
app/bodegaai-production-alb/31b69d3d76ab5ed1,targetgroup/bodegaai-production-store-servic/736691f5beac1ff1,RequestCountPerTarget,2026-05-22T04:00:00Z,2026-05-22T05:00:00Z,0
app/bodegaai-production-alb/31b69d3d76ab5ed1,targetgroup/bodegaai-production-store-servic/736691f5beac1ff1,RequestCountPerTarget,2026-05-22T05:00:00Z,2026-05-22T06:00:00Z,0
app/bodegaai-production-alb/31b69d3d76ab5ed1,targetgroup/bodegaai-production-store-servic/736691f5beac1ff1,RequestCountPerTarget,2026-05-22T06:00:00Z,2026-05-22T07:00:00Z,0
app/bodegaai-production-alb/31b69d3d76ab5ed1,targetgroup/bodegaai-production-store-servic/736691f5beac1ff1,RequestCountPerTarget,2026-05-22T07:00:00Z,2026-05-22T08:00:00Z,0
app/bodegaai-production-alb/31b69d3d76ab5ed1,targetgroup/bodegaai-production-store-servic/736691f5beac1ff1,RequestCountPerTarget,2026-05-22T08:00:00Z,2026-05-22T09:00:00Z,0
app/bodegaai-production-alb/31b69d3d76ab5ed1,targetgroup/bodegaai-production-store-servic/736691f5beac1ff1,RequestCountPerTarget,2026-05-22T09:00:00Z,2026-05-22T10:00:00Z,0
app/bodegaai-production-alb/31b69d3d76ab5ed1,targetgroup/bodegaai-production-store-servic/736691f5beac1ff1,RequestCountPerTarget,2026-05-22T10:00:00Z,2026-05-22T11:00:00Z,0
app/bodegaai-production-alb/31b69d3d76ab5ed1,targetgroup/bodegaai-production-store-servic/736691f5beac1ff1,RequestCountPerTarget,2026-05-22T11:00:00Z,2026-05-22T12:00:00Z,0
app/bodegaai-production-alb/31b69d3d76ab5ed1,targetgroup/bodegaai-production-store-servic/736691f5beac1ff1,RequestCountPerTarget,2026-05-22T12:00:00Z,2026-05-22T13:00:00Z,0
app/bodegaai-production-alb/31b69d3d76ab5ed1,targetgroup/bodegaai-production-store-servic/736691f5beac1ff1,RequestCountPerTarget,2026-05-22T13:00:00Z,2026-05-22T14:00:00Z,0
app/bodegaai-production-alb/31b69d3d76ab5ed1,targetgroup/bodegaai-production-store-servic/736691f5beac1ff1,RequestCountPerTarget,2026-05-22T14:00:00Z,2026-05-22T15:00:00Z,0
app/bodegaai-production-alb/31b69d3d76ab5ed1,targetgroup/bodegaai-production-store-servic/736691f5beac1ff1,RequestCountPerTarget,2026-05-22T15:00:00Z,2026-05-22T16:00:00Z,0
app/bodegaai-production-alb/31b69d3d76ab5ed1,targetgroup/bodegaai-production-store-servic/736691f5beac1ff1,RequestCountPerTarget,2026-05-22T16:00:00Z,2026-05-22T17:00:00Z,0
app/bodegaai-production-alb/31b69d3d76ab5ed1,targetgroup/bodegaai-production-store-servic/736691f5beac1ff1,RequestCountPerTarget,2026-05-22T17:00:00Z,2026-05-22T18:00:00Z,0
app/bodegaai-production-alb/31b69d3d76ab5ed1,targetgroup/bodegaai-production-store-servic/736691f5beac1ff1,RequestCountPerTarget,2026-05-22T18:00:00Z,2026-05-22T19:00:00Z,0
app/bodegaai-production-alb/31b69d3d76ab5ed1,targetgroup/bodegaai-production-store-servic/736691f5beac1ff1,RequestCountPerTarget,2026-05-22T19:00:00Z,2026-05-22T20:00:00Z,0
app/bodegaai-production-alb/31b69d3d76ab5ed1,targetgroup/bodegaai-production-store-servic/736691f5beac1ff1,RequestCountPerTarget,2026-05-22T20:00:00Z,2026-05-22T21:00:00Z,0
app/bodegaai-production-alb/31b69d3d76ab5ed1,targetgroup/bodegaai-production-store-servic/736691f5beac1ff1,RequestCountPerTarget,2026-05-22T21:00:00Z,2026-05-22T22:00:00Z,0
app/bodegaai-production-alb/31b69d3d76ab5ed1,targetgroup/bodegaai-production-store-servic/736691f5beac1ff1,RequestCountPerTarget,2026-05-22T22:00:00Z,2026-05-22T23:00:00Z,0
app/bodegaai-production-alb/31b69d3d76ab5ed1,targetgroup/bodegaai-production-store-servic/736691f5beac1ff1,RequestCountPerTarget,2026-05-22T23:00:00Z,2026-05-23T00:00:00Z,0
app/bodegaai-production-alb/31b69d3d76ab5ed1,targetgroup/bodegaai-production-store-servic/736691f5beac1ff1,RequestCountPerTarget,2026-05-23T00:00:00Z,2026-05-23T01:00:00Z,0
app/bodegaai-production-alb/31b69d3d76ab5ed1,targetgroup/bodegaai-production-store-servic/736691f5beac1ff1,RequestCountPerTarget,2026-05-23T01:00:00Z,2026-05-23T02:00:00Z,0
app/bodegaai-production-alb/31b69d3d76ab5ed1,targetgroup/bodegaai-production-store-servic/736691f5beac1ff1,RequestCountPerTarget,2026-05-23T02:00:00Z,2026-05-23T03:00:00Z,0
app/bodegaai-production-alb/31b69d3d76ab5ed1,targetgroup/bodegaai-production-store-servic/736691f5beac1ff1,RequestCountPerTarget,2026-05-23T03:00:00Z,2026-05-23T04:00:00Z,0
app/bodegaai-production-alb/31b69d3d76ab5ed1,targetgroup/bodegaai-production-store-servic/736691f5beac1ff1,RequestCountPerTarget,2026-05-23T04:00:00Z,2026-05-23T05:00:00Z,0
app/bodegaai-production-alb/31b69d3d76ab5ed1,targetgroup/bodegaai-production-store-servic/736691f5beac1ff1,RequestCountPerTarget,2026-05-23T05:00:00Z,2026-05-23T06:00:00Z,0
app/bodegaai-production-alb/31b69d3d76ab5ed1,targetgroup/bodegaai-production-store-servic/736691f5beac1ff1,RequestCountPerTarget,2026-05-23T06:00:00Z,2026-05-23T07:00:00Z,0
app/bodegaai-production-alb/31b69d3d76ab5ed1,targetgroup/bodegaai-production-store-servic/736691f5beac1ff1,RequestCountPerTarget,2026-05-23T07:00:00Z,2026-05-23T08:00:00Z,0
app/bodegaai-production-alb/31b69d3d76ab5ed1,targetgroup/bodegaai-production-store-servic/736691f5beac1ff1,RequestCountPerTarget,2026-05-23T08:00:00Z,2026-05-23T09:00:00Z,0
app/bodegaai-production-alb/31b69d3d76ab5ed1,targetgroup/bodegaai-production-store-servic/736691f5beac1ff1,RequestCountPerTarget,2026-05-23T09:00:00Z,2026-05-23T10:00:00Z,0
app/bodegaai-production-alb/31b69d3d76ab5ed1,targetgroup/bodegaai-production-store-servic/736691f5beac1ff1,RequestCountPerTarget,2026-05-23T10:00:00Z,2026-05-23T11:00:00Z,0
app/bodegaai-production-alb/31b69d3d76ab5ed1,targetgroup/bodegaai-production-store-servic/736691f5beac1ff1,RequestCountPerTarget,2026-05-23T11:00:00Z,2026-05-23T12:00:00Z,0
app/bodegaai-production-alb/31b69d3d76ab5ed1,targetgroup/bodegaai-production-store-servic/736691f5beac1ff1,RequestCountPerTarget,2026-05-23T12:00:00Z,2026-05-23T13:00:00Z,0
app/bodegaai-production-alb/31b69d3d76ab5ed1,targetgroup/bodegaai-production-store-servic/736691f5beac1ff1,RequestCountPerTarget,2026-05-23T13:00:00Z,2026-05-23T14:00:00Z,0
app/bodegaai-production-alb/31b69d3d76ab5ed1,targetgroup/bodegaai-production-store-servic/736691f5beac1ff1,RequestCountPerTarget,2026-05-23T14:00:00Z,2026-05-23T15:00:00Z,0
app/bodegaai-production-alb/31b69d3d76ab5ed1,targetgroup/bodegaai-production-store-servic/736691f5beac1ff1,RequestCountPerTarget,2026-05-23T15:00:00Z,2026-05-23T16:00:00Z,0
app/bodegaai-production-alb/31b69d3d76ab5ed1,targetgroup/bodegaai-production-store-servic/736691f5beac1ff1,RequestCountPerTarget,2026-05-23T16:00:00Z,2026-05-23T17:00:00Z,0
app/bodegaai-production-alb/31b69d3d76ab5ed1,targetgroup/bodegaai-production-store-servic/736691f5beac1ff1,RequestCountPerTarget,2026-05-23T17:00:00Z,2026-05-23T18:00:00Z,0
app/bodegaai-production-alb/31b69d3d76ab5ed1,targetgroup/bodegaai-production-store-servic/736691f5beac1ff1,RequestCountPerTarget,2026-05-23T18:00:00Z,2026-05-23T19:00:00Z,0
app/bodegaai-production-alb/31b69d3d76ab5ed1,targetgroup/bodegaai-production-store-servic/736691f5beac1ff1,RequestCountPerTarget,2026-05-23T19:00:00Z,2026-05-23T20:00:00Z,0
app/bodegaai-production-alb/31b69d3d76ab5ed1,targetgroup/bodegaai-production-store-servic/736691f5beac1ff1,RequestCountPerTarget,2026-05-23T20:00:00Z,2026-05-23T21:00:00Z,0
app/bodegaai-production-alb/31b69d3d76ab5ed1,targetgroup/bodegaai-production-store-servic/736691f5beac1ff1,RequestCountPerTarget,2026-05-23T21:00:00Z,2026-05-23T22:00:00Z,0
app/bodegaai-production-alb/31b69d3d76ab5ed1,targetgroup/bodegaai-production-store-servic/736691f5beac1ff1,RequestCountPerTarget,2026-05-23T22:00:00Z,2026-05-23T23:00:00Z,0
app/bodegaai-production-alb/31b69d3d76ab5ed1,targetgroup/bodegaai-production-store-servic/736691f5beac1ff1,RequestCountPerTarget,2026-05-23T23:00:00Z,2026-05-24T00:00:00Z,0
app/bodegaai-production-alb/31b69d3d76ab5ed1,targetgroup/bodegaai-production-store-servic/736691f5beac1ff1,RequestCountPerTarget,2026-05-24T00:00:00Z,2026-05-24T01:00:00Z,0
app/bodegaai-production-alb/31b69d3d76ab5ed1,targetgroup/bodegaai-production-store-servic/736691f5beac1ff1,RequestCountPerTarget,2026-05-24T01:00:00Z,2026-05-24T02:00:00Z,0
app/bodegaai-production-alb/31b69d3d76ab5ed1,targetgroup/bodegaai-production-store-servic/736691f5beac1ff1,RequestCountPerTarget,2026-05-24T02:00:00Z,2026-05-24T03:00:00Z,0
app/bodegaai-production-alb/31b69d3d76ab5ed1,targetgroup/bodegaai-production-store-servic/736691f5beac1ff1,RequestCountPerTarget,2026-05-24T03:00:00Z,2026-05-24T04:00:00Z,0
app/bodegaai-production-alb/31b69d3d76ab5ed1,targetgroup/bodegaai-production-store-servic/736691f5beac1ff1,RequestCountPerTarget,2026-05-24T04:00:00Z,2026-05-24T05:00:00Z,0
app/bodegaai-production-alb/31b69d3d76ab5ed1,targetgroup/bodegaai-production-store-servic/736691f5beac1ff1,RequestCountPerTarget,2026-05-24T05:00:00Z,2026-05-24T06:00:00Z,0
app/bodegaai-production-alb/31b69d3d76ab5ed1,targetgroup/bodegaai-production-store-servic/736691f5beac1ff1,RequestCountPerTarget,2026-05-24T06:00:00Z,2026-05-24T07:00:00Z,0
app/bodegaai-production-alb/31b69d3d76ab5ed1,targetgroup/bodegaai-production-store-servic/736691f5beac1ff1,RequestCountPerTarget,2026-05-24T07:00:00Z,2026-05-24T08:00:00Z,0
app/bodegaai-production-alb/31b69d3d76ab5ed1,targetgroup/bodegaai-production-store-servic/736691f5beac1ff1,RequestCountPerTarget,2026-05-24T08:00:00Z,2026-05-24T09:00:00Z,0
app/bodegaai-production-alb/31b69d3d76ab5ed1,targetgroup/bodegaai-production-store-servic/736691f5beac1ff1,RequestCountPerTarget,2026-05-24T09:00:00Z,2026-05-24T10:00:00Z,0
app/bodegaai-production-alb/31b69d3d76ab5ed1,targetgroup/bodegaai-production-store-servic/736691f5beac1ff1,RequestCountPerTarget,2026-05-24T10:00:00Z,2026-05-24T11:00:00Z,0
app/bodegaai-production-alb/31b69d3d76ab5ed1,targetgroup/bodegaai-production-store-servic/736691f5beac1ff1,RequestCountPerTarget,2026-05-24T11:00:00Z,2026-05-24T12:00:00Z,0
app/bodegaai-production-alb/31b69d3d76ab5ed1,targetgroup/bodegaai-production-store-servic/736691f5beac1ff1,RequestCountPerTarget,2026-05-24T12:00:00Z,2026-05-24T13:00:00Z,0
app/bodegaai-production-alb/31b69d3d76ab5ed1,targetgroup/bodegaai-production-store-servic/736691f5beac1ff1,RequestCountPerTarget,2026-05-24T13:00:00Z,2026-05-24T14:00:00Z,0
app/bodegaai-production-alb/31b69d3d76ab5ed1,targetgroup/bodegaai-production-store-servic/736691f5beac1ff1,RequestCountPerTarget,2026-05-24T14:00:00Z,2026-05-24T15:00:00Z,0
app/bodegaai-production-alb/31b69d3d76ab5ed1,targetgroup/bodegaai-production-store-servic/736691f5beac1ff1,RequestCountPerTarget,2026-05-24T15:00:00Z,2026-05-24T16:00:00Z,0
app/bodegaai-production-alb/31b69d3d76ab5ed1,targetgroup/bodegaai-production-store-servic/736691f5beac1ff1,RequestCountPerTarget,2026-05-24T16:00:00Z,2026-05-24T17:00:00Z,0
app/bodegaai-production-alb/31b69d3d76ab5ed1,targetgroup/bodegaai-production-store-servic/736691f5beac1ff1,RequestCountPerTarget,2026-05-24T17:00:00Z,2026-05-24T18:00:00Z,0
app/bodegaai-production-alb/31b69d3d76ab5ed1,targetgroup/bodegaai-production-store-servic/736691f5beac1ff1,RequestCountPerTarget,2026-05-24T18:00:00Z,2026-05-24T19:00:00Z,0
app/bodegaai-production-alb/31b69d3d76ab5ed1,targetgroup/bodegaai-production-store-servic/736691f5beac1ff1,RequestCountPerTarget,2026-05-24T19:00:00Z,2026-05-24T20:00:00Z,0
app/bodegaai-production-alb/31b69d3d76ab5ed1,targetgroup/bodegaai-production-store-servic/736691f5beac1ff1,RequestCountPerTarget,2026-05-24T20:00:00Z,2026-05-24T21:00:00Z,0
app/bodegaai-production-alb/31b69d3d76ab5ed1,targetgroup/bodegaai-production-store-servic/736691f5beac1ff1,RequestCountPerTarget,2026-05-24T21:00:00Z,2026-05-24T22:00:00Z,0
app/bodegaai-production-alb/31b69d3d76ab5ed1,targetgroup/bodegaai-production-store-servic/736691f5beac1ff1,RequestCountPerTarget,2026-05-24T22:00:00Z,2026-05-24T23:00:00Z,0
app/bodegaai-production-alb/31b69d3d76ab5ed1,targetgroup/bodegaai-production-store-servic/736691f5beac1ff1,RequestCountPerTarget,2026-05-24T23:00:00Z,2026-05-25T00:00:00Z,0
app/bodegaai-production-alb/31b69d3d76ab5ed1,targetgroup/bodegaai-production-store-servic/736691f5beac1ff1,RequestCountPerTarget,2026-05-25T00:00:00Z,2026-05-25T01:00:00Z,0
app/bodegaai-production-alb/31b69d3d76ab5ed1,targetgroup/bodegaai-production-store-servic/736691f5beac1ff1,RequestCountPerTarget,2026-05-25T01:00:00Z,2026-05-25T02:00:00Z,0
app/bodegaai-production-alb/31b69d3d76ab5ed1,targetgroup/bodegaai-production-store-servic/736691f5beac1ff1,RequestCountPerTarget,2026-05-25T02:00:00Z,2026-05-25T03:00:00Z,0
app/bodegaai-production-alb/31b69d3d76ab5ed1,targetgroup/bodegaai-production-store-servic/736691f5beac1ff1,RequestCountPerTarget,2026-05-25T03:00:00Z,2026-05-25T04:00:00Z,0
app/bodegaai-production-alb/31b69d3d76ab5ed1,targetgroup/bodegaai-production-store-servic/736691f5beac1ff1,RequestCountPerTarget,2026-05-25T04:00:00Z,2026-05-25T05:00:00Z,0
app/bodegaai-production-alb/31b69d3d76ab5ed1,targetgroup/bodegaai-production-store-servic/736691f5beac1ff1,RequestCountPerTarget,2026-05-25T05:00:00Z,2026-05-25T06:00:00Z,0
app/bodegaai-production-alb/31b69d3d76ab5ed1,targetgroup/bodegaai-production-store-servic/736691f5beac1ff1,RequestCountPerTarget,2026-05-25T06:00:00Z,2026-05-25T07:00:00Z,0
app/bodegaai-production-alb/31b69d3d76ab5ed1,targetgroup/bodegaai-production-store-servic/736691f5beac1ff1,RequestCountPerTarget,2026-05-25T07:00:00Z,2026-05-25T08:00:00Z,0
app/bodegaai-production-alb/31b69d3d76ab5ed1,targetgroup/bodegaai-production-store-servic/736691f5beac1ff1,RequestCountPerTarget,2026-05-25T08:00:00Z,2026-05-25T09:00:00Z,0
app/bodegaai-production-alb/31b69d3d76ab5ed1,targetgroup/bodegaai-production-store-servic/736691f5beac1ff1,RequestCountPerTarget,2026-05-25T09:00:00Z,2026-05-25T10:00:00Z,0
app/bodegaai-production-alb/31b69d3d76ab5ed1,targetgroup/bodegaai-production-store-servic/736691f5beac1ff1,RequestCountPerTarget,2026-05-25T10:00:00Z,2026-05-25T11:00:00Z,0
app/bodegaai-production-alb/31b69d3d76ab5ed1,targetgroup/bodegaai-production-store-servic/736691f5beac1ff1,RequestCountPerTarget,2026-05-25T11:00:00Z,2026-05-25T12:00:00Z,0
app/bodegaai-production-alb/31b69d3d76ab5ed1,targetgroup/bodegaai-production-store-servic/736691f5beac1ff1,RequestCountPerTarget,2026-05-25T12:00:00Z,2026-05-25T13:00:00Z,0
app/bodegaai-production-alb/31b69d3d76ab5ed1,targetgroup/bodegaai-production-store-servic/736691f5beac1ff1,RequestCountPerTarget,2026-05-25T13:00:00Z,2026-05-25T14:00:00Z,0
app/bodegaai-production-alb/31b69d3d76ab5ed1,targetgroup/bodegaai-production-store-servic/736691f5beac1ff1,RequestCountPerTarget,2026-05-25T14:00:00Z,2026-05-25T15:00:00Z,0
app/bodegaai-production-alb/31b69d3d76ab5ed1,targetgroup/bodegaai-production-store-servic/736691f5beac1ff1,RequestCountPerTarget,2026-05-25T15:00:00Z,2026-05-25T16:00:00Z,0
app/bodegaai-production-alb/31b69d3d76ab5ed1,targetgroup/bodegaai-production-store-servic/736691f5beac1ff1,RequestCountPerTarget,2026-05-25T16:00:00Z,2026-05-25T17:00:00Z,0
app/bodegaai-production-alb/31b69d3d76ab5ed1,targetgroup/bodegaai-production-store-servic/736691f5beac1ff1,RequestCountPerTarget,2026-05-25T17:00:00Z,2026-05-25T18:00:00Z,0
app/bodegaai-production-alb/31b69d3d76ab5ed1,targetgroup/bodegaai-production-store-servic/736691f5beac1ff1,RequestCountPerTarget,2026-05-25T18:00:00Z,2026-05-25T19:00:00Z,0
app/bodegaai-production-alb/31b69d3d76ab5ed1,targetgroup/bodegaai-production-store-servic/736691f5beac1ff1,RequestCountPerTarget,2026-05-25T19:00:00Z,2026-05-25T20:00:00Z,0
app/bodegaai-production-alb/31b69d3d76ab5ed1,targetgroup/bodegaai-production-store-servic/736691f5beac1ff1,RequestCountPerTarget,2026-05-25T20:00:00Z,2026-05-25T21:00:00Z,0
app/bodegaai-production-alb/31b69d3d76ab5ed1,targetgroup/bodegaai-production-store-servic/736691f5beac1ff1,RequestCountPerTarget,2026-05-25T21:00:00Z,2026-05-25T22:00:00Z,0
app/bodegaai-production-alb/31b69d3d76ab5ed1,targetgroup/bodegaai-production-store-servic/736691f5beac1ff1,RequestCountPerTarget,2026-05-25T22:00:00Z,2026-05-25T23:00:00Z,0
app/bodegaai-production-alb/31b69d3d76ab5ed1,targetgroup/bodegaai-production-store-servic/736691f5beac1ff1,RequestCountPerTarget,2026-05-25T23:00:00Z,2026-05-26T00:00:00Z,0
app/bodegaai-production-alb/31b69d3d76ab5ed1,targetgroup/bodegaai-production-store-servic/736691f5beac1ff1,RequestCountPerTarget,2026-05-26T00:00:00Z,2026-05-26T01:00:00Z,0
app/bodegaai-production-alb/31b69d3d76ab5ed1,targetgroup/bodegaai-production-store-servic/736691f5beac1ff1,RequestCountPerTarget,2026-05-26T01:00:00Z,2026-05-26T02:00:00Z,0
app/bodegaai-production-alb/31b69d3d76ab5ed1,targetgroup/bodegaai-production-store-servic/736691f5beac1ff1,RequestCountPerTarget,2026-05-26T02:00:00Z,2026-05-26T03:00:00Z,0
app/bodegaai-production-alb/31b69d3d76ab5ed1,targetgroup/bodegaai-production-store-servic/736691f5beac1ff1,RequestCountPerTarget,2026-05-26T03:00:00Z,2026-05-26T04:00:00Z,0
app/bodegaai-production-alb/31b69d3d76ab5ed1,targetgroup/bodegaai-production-store-servic/736691f5beac1ff1,RequestCountPerTarget,2026-05-26T04:00:00Z,2026-05-26T05:00:00Z,0
app/bodegaai-production-alb/31b69d3d76ab5ed1,targetgroup/bodegaai-production-store-servic/736691f5beac1ff1,RequestCountPerTarget,2026-05-26T05:00:00Z,2026-05-26T06:00:00Z,0
app/bodegaai-production-alb/31b69d3d76ab5ed1,targetgroup/bodegaai-production-store-servic/736691f5beac1ff1,RequestCountPerTarget,2026-05-26T06:00:00Z,2026-05-26T07:00:00Z,0
app/bodegaai-production-alb/31b69d3d76ab5ed1,targetgroup/bodegaai-production-store-servic/736691f5beac1ff1,RequestCountPerTarget,2026-05-26T07:00:00Z,2026-05-26T08:00:00Z,0
app/bodegaai-production-alb/31b69d3d76ab5ed1,targetgroup/bodegaai-production-store-servic/736691f5beac1ff1,RequestCountPerTarget,2026-05-26T08:00:00Z,2026-05-26T09:00:00Z,0
app/bodegaai-production-alb/31b69d3d76ab5ed1,targetgroup/bodegaai-production-store-servic/736691f5beac1ff1,RequestCountPerTarget,2026-05-26T09:00:00Z,2026-05-26T10:00:00Z,0
app/bodegaai-production-alb/31b69d3d76ab5ed1,targetgroup/bodegaai-production-store-servic/736691f5beac1ff1,RequestCountPerTarget,2026-05-26T10:00:00Z,2026-05-26T11:00:00Z,0
app/bodegaai-production-alb/31b69d3d76ab5ed1,targetgroup/bodegaai-production-store-servic/736691f5beac1ff1,RequestCountPerTarget,2026-05-26T11:00:00Z,2026-05-26T12:00:00Z,0
app/bodegaai-production-alb/31b69d3d76ab5ed1,targetgroup/bodegaai-production-store-servic/736691f5beac1ff1,RequestCountPerTarget,2026-05-26T12:00:00Z,2026-05-26T13:00:00Z,0
app/bodegaai-production-alb/31b69d3d76ab5ed1,targetgroup/bodegaai-production-store-servic/736691f5beac1ff1,RequestCountPerTarget,2026-05-26T13:00:00Z,2026-05-26T14:00:00Z,0
app/bodegaai-production-alb/31b69d3d76ab5ed1,targetgroup/bodegaai-production-store-servic/736691f5beac1ff1,RequestCountPerTarget,2026-05-26T14:00:00Z,2026-05-26T15:00:00Z,0
app/bodegaai-production-alb/31b69d3d76ab5ed1,targetgroup/bodegaai-production-store-servic/736691f5beac1ff1,RequestCountPerTarget,2026-05-26T15:00:00Z,2026-05-26T16:00:00Z,0
app/bodegaai-production-alb/31b69d3d76ab5ed1,targetgroup/bodegaai-production-store-servic/736691f5beac1ff1,RequestCountPerTarget,2026-05-26T16:00:00Z,2026-05-26T17:00:00Z,0
app/bodegaai-production-alb/31b69d3d76ab5ed1,targetgroup/bodegaai-production-store-servic/736691f5beac1ff1,RequestCountPerTarget,2026-05-26T17:00:00Z,2026-05-26T18:00:00Z,0
app/bodegaai-production-alb/31b69d3d76ab5ed1,targetgroup/bodegaai-production-store-servic/736691f5beac1ff1,RequestCountPerTarget,2026-05-26T18:00:00Z,2026-05-26T19:00:00Z,0
app/bodegaai-production-alb/31b69d3d76ab5ed1,targetgroup/bodegaai-production-store-servic/736691f5beac1ff1,RequestCountPerTarget,2026-05-26T19:00:00Z,2026-05-26T20:00:00Z,0
app/bodegaai-production-alb/31b69d3d76ab5ed1,targetgroup/bodegaai-production-store-servic/736691f5beac1ff1,RequestCountPerTarget,2026-05-26T20:00:00Z,2026-05-26T21:00:00Z,0
app/bodegaai-production-alb/31b69d3d76ab5ed1,targetgroup/bodegaai-production-store-servic/736691f5beac1ff1,RequestCountPerTarget,2026-05-26T21:00:00Z,2026-05-26T22:00:00Z,0
app/bodegaai-production-alb/31b69d3d76ab5ed1,targetgroup/bodegaai-production-store-servic/736691f5beac1ff1,RequestCountPerTarget,2026-05-26T22:00:00Z,2026-05-26T23:00:00Z,0
app/bodegaai-production-alb/31b69d3d76ab5ed1,targetgroup/bodegaai-production-store-servic/736691f5beac1ff1,RequestCountPerTarget,2026-05-26T23:00:00Z,2026-05-27T00:00:00Z,0
app/bodegaai-production-alb/31b69d3d76ab5ed1,targetgroup/bodegaai-production-store-servic/736691f5beac1ff1,RequestCountPerTarget,2026-05-27T00:00:00Z,2026-05-27T01:00:00Z,0
app/bodegaai-production-alb/31b69d3d76ab5ed1,targetgroup/bodegaai-production-store-servic/736691f5beac1ff1,RequestCountPerTarget,2026-05-27T01:00:00Z,2026-05-27T02:00:00Z,0
app/bodegaai-production-alb/31b69d3d76ab5ed1,targetgroup/bodegaai-production-store-servic/736691f5beac1ff1,RequestCountPerTarget,2026-05-27T02:00:00Z,2026-05-27T03:00:00Z,0
app/bodegaai-production-alb/31b69d3d76ab5ed1,targetgroup/bodegaai-production-store-servic/736691f5beac1ff1,RequestCountPerTarget,2026-05-27T03:00:00Z,2026-05-27T04:00:00Z,0
app/bodegaai-production-alb/31b69d3d76ab5ed1,targetgroup/bodegaai-production-store-servic/736691f5beac1ff1,RequestCountPerTarget,2026-05-27T04:00:00Z,2026-05-27T05:00:00Z,0
app/bodegaai-production-alb/31b69d3d76ab5ed1,targetgroup/bodegaai-production-store-servic/736691f5beac1ff1,RequestCountPerTarget,2026-05-27T05:00:00Z,2026-05-27T06:00:00Z,0
app/bodegaai-production-alb/31b69d3d76ab5ed1,targetgroup/bodegaai-production-store-servic/736691f5beac1ff1,RequestCountPerTarget,2026-05-27T06:00:00Z,2026-05-27T07:00:00Z,0
app/bodegaai-production-alb/31b69d3d76ab5ed1,targetgroup/bodegaai-production-store-servic/736691f5beac1ff1,RequestCountPerTarget,2026-05-27T07:00:00Z,2026-05-27T08:00:00Z,0
app/bodegaai-production-alb/31b69d3d76ab5ed1,targetgroup/bodegaai-production-store-servic/736691f5beac1ff1,RequestCountPerTarget,2026-05-27T08:00:00Z,2026-05-27T09:00:00Z,0
app/bodegaai-production-alb/31b69d3d76ab5ed1,targetgroup/bodegaai-production-store-servic/736691f5beac1ff1,RequestCountPerTarget,2026-05-27T09:00:00Z,2026-05-27T10:00:00Z,0
app/bodegaai-production-alb/31b69d3d76ab5ed1,targetgroup/bodegaai-production-store-servic/736691f5beac1ff1,RequestCountPerTarget,2026-05-27T10:00:00Z,2026-05-27T11:00:00Z,0
app/bodegaai-production-alb/31b69d3d76ab5ed1,targetgroup/bodegaai-production-store-servic/736691f5beac1ff1,RequestCountPerTarget,2026-05-27T11:00:00Z,2026-05-27T12:00:00Z,0
app/bodegaai-production-alb/31b69d3d76ab5ed1,targetgroup/bodegaai-production-store-servic/736691f5beac1ff1,RequestCountPerTarget,2026-05-27T12:00:00Z,2026-05-27T13:00:00Z,0
app/bodegaai-production-alb/31b69d3d76ab5ed1,targetgroup/bodegaai-production-store-servic/736691f5beac1ff1,RequestCountPerTarget,2026-05-27T13:00:00Z,2026-05-27T14:00:00Z,0
app/bodegaai-production-alb/31b69d3d76ab5ed1,targetgroup/bodegaai-production-store-servic/736691f5beac1ff1,RequestCountPerTarget,2026-05-27T14:00:00Z,2026-05-27T15:00:00Z,0
app/bodegaai-production-alb/31b69d3d76ab5ed1,targetgroup/bodegaai-production-store-servic/736691f5beac1ff1,RequestCountPerTarget,2026-05-27T15:00:00Z,2026-05-27T16:00:00Z,0
app/bodegaai-production-alb/31b69d3d76ab5ed1,targetgroup/bodegaai-production-store-servic/736691f5beac1ff1,RequestCountPerTarget,2026-05-27T16:00:00Z,2026-05-27T17:00:00Z,0
app/bodegaai-production-alb/31b69d3d76ab5ed1,targetgroup/bodegaai-production-store-servic/736691f5beac1ff1,RequestCountPerTarget,2026-05-27T17:00:00Z,2026-05-27T18:00:00Z,0
app/bodegaai-production-alb/31b69d3d76ab5ed1,targetgroup/bodegaai-production-store-servic/736691f5beac1ff1,RequestCountPerTarget,2026-05-27T18:00:00Z,2026-05-27T19:00:00Z,0
app/bodegaai-production-alb/31b69d3d76ab5ed1,targetgroup/bodegaai-production-store-servic/736691f5beac1ff1,RequestCountPerTarget,2026-05-27T19:00:00Z,2026-05-27T20:00:00Z,0
app/bodegaai-production-alb/31b69d3d76ab5ed1,targetgroup/bodegaai-production-store-servic/736691f5beac1ff1,RequestCountPerTarget,2026-05-27T20:00:00Z,2026-05-27T21:00:00Z,0
app/bodegaai-production-alb/31b69d3d76ab5ed1,targetgroup/bodegaai-production-store-servic/736691f5beac1ff1,RequestCountPerTarget,2026-05-27T21:00:00Z,2026-05-27T22:00:00Z,0
app/bodegaai-production-alb/31b69d3d76ab5ed1,targetgroup/bodegaai-production-store-servic/736691f5beac1ff1,RequestCountPerTarget,2026-05-27T22:00:00Z,2026-05-27T23:00:00Z,0
app/bodegaai-production-alb/31b69d3d76ab5ed1,targetgroup/bodegaai-production-store-servic/736691f5beac1ff1,RequestCountPerTarget,2026-05-27T23:00:00Z,2026-05-28T00:00:00Z,0
app/bodegaai-production-alb/31b69d3d76ab5ed1,targetgroup/bodegaai-production-store-servic/736691f5beac1ff1,RequestCountPerTarget,2026-05-28T00:00:00Z,2026-05-28T01:00:00Z,0
app/bodegaai-production-alb/31b69d3d76ab5ed1,targetgroup/bodegaai-production-store-servic/736691f5beac1ff1,RequestCountPerTarget,2026-05-28T01:00:00Z,2026-05-28T02:00:00Z,0
app/bodegaai-production-alb/31b69d3d76ab5ed1,targetgroup/bodegaai-production-store-servic/736691f5beac1ff1,RequestCountPerTarget,2026-05-28T02:00:00Z,2026-05-28T03:00:00Z,0
app/bodegaai-production-alb/31b69d3d76ab5ed1,targetgroup/bodegaai-production-store-servic/736691f5beac1ff1,RequestCountPerTarget,2026-05-28T03:00:00Z,2026-05-28T04:00:00Z,0
app/bodegaai-production-alb/31b69d3d76ab5ed1,targetgroup/bodegaai-production-store-servic/736691f5beac1ff1,RequestCountPerTarget,2026-05-28T04:00:00Z,2026-05-28T05:00:00Z,0
app/bodegaai-production-alb/31b69d3d76ab5ed1,targetgroup/bodegaai-production-store-servic/736691f5beac1ff1,RequestCountPerTarget,2026-05-28T05:00:00Z,2026-05-28T06:00:00Z,0
app/bodegaai-production-alb/31b69d3d76ab5ed1,targetgroup/bodegaai-production-store-servic/736691f5beac1ff1,RequestCountPerTarget,2026-05-28T06:00:00Z,2026-05-28T07:00:00Z,0
app/bodegaai-production-alb/31b69d3d76ab5ed1,targetgroup/bodegaai-production-store-servic/736691f5beac1ff1,RequestCountPerTarget,2026-05-28T07:00:00Z,2026-05-28T08:00:00Z,0
app/bodegaai-production-alb/31b69d3d76ab5ed1,targetgroup/bodegaai-production-store-servic/736691f5beac1ff1,RequestCountPerTarget,2026-05-28T08:00:00Z,2026-05-28T09:00:00Z,0
app/bodegaai-production-alb/31b69d3d76ab5ed1,targetgroup/bodegaai-production-store-servic/736691f5beac1ff1,RequestCountPerTarget,2026-05-28T09:00:00Z,2026-05-28T10:00:00Z,0
app/bodegaai-production-alb/31b69d3d76ab5ed1,targetgroup/bodegaai-production-store-servic/736691f5beac1ff1,RequestCountPerTarget,2026-05-28T10:00:00Z,2026-05-28T11:00:00Z,0
app/bodegaai-production-alb/31b69d3d76ab5ed1,targetgroup/bodegaai-production-store-servic/736691f5beac1ff1,RequestCountPerTarget,2026-05-28T11:00:00Z,2026-05-28T12:00:00Z,0
app/bodegaai-production-alb/31b69d3d76ab5ed1,targetgroup/bodegaai-production-store-servic/736691f5beac1ff1,RequestCountPerTarget,2026-05-28T12:00:00Z,2026-05-28T13:00:00Z,0
app/bodegaai-production-alb/31b69d3d76ab5ed1,targetgroup/bodegaai-production-store-servic/736691f5beac1ff1,RequestCountPerTarget,2026-05-28T13:00:00Z,2026-05-28T14:00:00Z,0
app/bodegaai-production-alb/31b69d3d76ab5ed1,targetgroup/bodegaai-production-store-servic/736691f5beac1ff1,RequestCountPerTarget,2026-05-28T14:00:00Z,2026-05-28T15:00:00Z,0
app/bodegaai-production-alb/31b69d3d76ab5ed1,targetgroup/bodegaai-production-store-servic/736691f5beac1ff1,RequestCountPerTarget,2026-05-28T15:00:00Z,2026-05-28T16:00:00Z,0
app/bodegaai-production-alb/31b69d3d76ab5ed1,targetgroup/bodegaai-production-store-servic/736691f5beac1ff1,RequestCountPerTarget,2026-05-28T16:00:00Z,2026-05-28T17:00:00Z,0
app/bodegaai-production-alb/31b69d3d76ab5ed1,targetgroup/bodegaai-production-store-servic/736691f5beac1ff1,RequestCountPerTarget,2026-05-28T17:00:00Z,2026-05-28T18:00:00Z,0
app/bodegaai-production-alb/31b69d3d76ab5ed1,targetgroup/bodegaai-production-store-servic/736691f5beac1ff1,RequestCountPerTarget,2026-05-28T18:00:00Z,2026-05-28T19:00:00Z,0
app/bodegaai-production-alb/31b69d3d76ab5ed1,targetgroup/bodegaai-production-store-servic/736691f5beac1ff1,RequestCountPerTarget,2026-05-28T19:00:00Z,2026-05-28T20:00:00Z,0
app/bodegaai-production-alb/31b69d3d76ab5ed1,targetgroup/bodegaai-production-store-servic/736691f5beac1ff1,RequestCountPerTarget,2026-05-28T20:00:00Z,2026-05-28T21:00:00Z,0
app/bodegaai-production-alb/31b69d3d76ab5ed1,targetgroup/bodegaai-production-store-servic/736691f5beac1ff1,RequestCountPerTarget,2026-05-28T21:00:00Z,2026-05-28T22:00:00Z,0
app/bodegaai-production-alb/31b69d3d76ab5ed1,targetgroup/bodegaai-production-store-servic/736691f5beac1ff1,RequestCountPerTarget,2026-05-28T22:00:00Z,2026-05-28T23:00:00Z,0
app/bodegaai-production-alb/31b69d3d76ab5ed1,targetgroup/bodegaai-production-store-servic/736691f5beac1ff1,RequestCountPerTarget,2026-05-28T23:00:00Z,2026-05-29T00:00:00Z,0
app/bodegaai-production-alb/31b69d3d76ab5ed1,targetgroup/bodegaai-production-store-servic/736691f5beac1ff1,RequestCountPerTarget,2026-05-29T00:00:00Z,2026-05-29T01:00:00Z,0
app/bodegaai-production-alb/31b69d3d76ab5ed1,targetgroup/bodegaai-production-store-servic/736691f5beac1ff1,RequestCountPerTarget,2026-05-29T01:00:00Z,2026-05-29T02:00:00Z,0
app/bodegaai-production-alb/31b69d3d76ab5ed1,targetgroup/bodegaai-production-store-servic/736691f5beac1ff1,RequestCountPerTarget,2026-05-29T02:00:00Z,2026-05-29T03:00:00Z,0
app/bodegaai-production-alb/31b69d3d76ab5ed1,targetgroup/bodegaai-production-store-servic/736691f5beac1ff1,RequestCountPerTarget,2026-05-29T03:00:00Z,2026-05-29T04:00:00Z,0
app/bodegaai-production-alb/31b69d3d76ab5ed1,targetgroup/bodegaai-production-store-servic/736691f5beac1ff1,RequestCountPerTarget,2026-05-29T04:00:00Z,2026-05-29T05:00:00Z,0
app/bodegaai-production-alb/31b69d3d76ab5ed1,targetgroup/bodegaai-production-store-servic/736691f5beac1ff1,RequestCountPerTarget,2026-05-29T05:00:00Z,2026-05-29T06:00:00Z,0
app/bodegaai-production-alb/31b69d3d76ab5ed1,targetgroup/bodegaai-production-store-servic/736691f5beac1ff1,RequestCountPerTarget,2026-05-29T06:00:00Z,2026-05-29T07:00:00Z,0
app/bodegaai-production-alb/31b69d3d76ab5ed1,targetgroup/bodegaai-production-store-servic/736691f5beac1ff1,RequestCountPerTarget,2026-05-29T07:00:00Z,2026-05-29T08:00:00Z,0
app/bodegaai-production-alb/31b69d3d76ab5ed1,targetgroup/bodegaai-production-store-servic/736691f5beac1ff1,RequestCountPerTarget,2026-05-29T08:00:00Z,2026-05-29T09:00:00Z,0
app/bodegaai-production-alb/31b69d3d76ab5ed1,targetgroup/bodegaai-production-store-servic/736691f5beac1ff1,RequestCountPerTarget,2026-05-29T09:00:00Z,2026-05-29T10:00:00Z,0
app/bodegaai-production-alb/31b69d3d76ab5ed1,targetgroup/bodegaai-production-store-servic/736691f5beac1ff1,RequestCountPerTarget,2026-05-29T10:00:00Z,2026-05-29T11:00:00Z,0
app/bodegaai-production-alb/31b69d3d76ab5ed1,targetgroup/bodegaai-production-store-servic/736691f5beac1ff1,RequestCountPerTarget,2026-05-29T11:00:00Z,2026-05-29T12:00:00Z,0
app/bodegaai-production-alb/31b69d3d76ab5ed1,targetgroup/bodegaai-production-store-servic/736691f5beac1ff1,RequestCountPerTarget,2026-05-29T12:00:00Z,2026-05-29T13:00:00Z,0
app/bodegaai-production-alb/31b69d3d76ab5ed1,targetgroup/bodegaai-production-store-servic/736691f5beac1ff1,RequestCountPerTarget,2026-05-29T13:00:00Z,2026-05-29T14:00:00Z,0
app/bodegaai-production-alb/31b69d3d76ab5ed1,targetgroup/bodegaai-production-store-servic/736691f5beac1ff1,RequestCountPerTarget,2026-05-29T14:00:00Z,2026-05-29T15:00:00Z,0
app/bodegaai-production-alb/31b69d3d76ab5ed1,targetgroup/bodegaai-production-store-servic/736691f5beac1ff1,RequestCountPerTarget,2026-05-29T15:00:00Z,2026-05-29T16:00:00Z,0
app/bodegaai-production-alb/31b69d3d76ab5ed1,targetgroup/bodegaai-production-store-servic/736691f5beac1ff1,RequestCountPerTarget,2026-05-29T16:00:00Z,2026-05-29T17:00:00Z,0
app/bodegaai-production-alb/31b69d3d76ab5ed1,targetgroup/bodegaai-production-store-servic/736691f5beac1ff1,RequestCountPerTarget,2026-05-29T17:00:00Z,2026-05-29T18:00:00Z,0
app/bodegaai-production-alb/31b69d3d76ab5ed1,targetgroup/bodegaai-production-store-servic/736691f5beac1ff1,RequestCountPerTarget,2026-05-29T18:00:00Z,2026-05-29T19:00:00Z,0
app/bodegaai-production-alb/31b69d3d76ab5ed1,targetgroup/bodegaai-production-store-servic/736691f5beac1ff1,RequestCountPerTarget,2026-05-29T19:00:00Z,2026-05-29T20:00:00Z,0
app/bodegaai-production-alb/31b69d3d76ab5ed1,targetgroup/bodegaai-production-store-servic/736691f5beac1ff1,RequestCountPerTarget,2026-05-29T20:00:00Z,2026-05-29T21:00:00Z,0
app/bodegaai-production-alb/31b69d3d76ab5ed1,targetgroup/bodegaai-production-store-servic/736691f5beac1ff1,RequestCountPerTarget,2026-05-29T21:00:00Z,2026-05-29T22:00:00Z,0
app/bodegaai-production-alb/31b69d3d76ab5ed1,targetgroup/bodegaai-production-store-servic/736691f5beac1ff1,RequestCountPerTarget,2026-05-29T22:00:00Z,2026-05-29T23:00:00Z,0
app/bodegaai-production-alb/31b69d3d76ab5ed1,targetgroup/bodegaai-production-store-servic/736691f5beac1ff1,RequestCountPerTarget,2026-05-29T23:00:00Z,2026-05-30T00:00:00Z,0
app/bodegaai-production-alb/31b69d3d76ab5ed1,targetgroup/bodegaai-production-store-servic/736691f5beac1ff1,RequestCountPerTarget,2026-05-30T00:00:00Z,2026-05-30T01:00:00Z,0
app/bodegaai-production-alb/31b69d3d76ab5ed1,targetgroup/bodegaai-production-store-servic/736691f5beac1ff1,RequestCountPerTarget,2026-05-30T01:00:00Z,2026-05-30T02:00:00Z,0
app/bodegaai-production-alb/31b69d3d76ab5ed1,targetgroup/bodegaai-production-store-servic/736691f5beac1ff1,RequestCountPerTarget,2026-05-30T02:00:00Z,2026-05-30T03:00:00Z,0
app/bodegaai-production-alb/31b69d3d76ab5ed1,targetgroup/bodegaai-production-store-servic/736691f5beac1ff1,RequestCountPerTarget,2026-05-30T03:00:00Z,2026-05-30T04:00:00Z,0
app/bodegaai-production-alb/31b69d3d76ab5ed1,targetgroup/bodegaai-production-store-servic/736691f5beac1ff1,RequestCountPerTarget,2026-05-30T04:00:00Z,2026-05-30T05:00:00Z,0
app/bodegaai-production-alb/31b69d3d76ab5ed1,targetgroup/bodegaai-production-store-servic/736691f5beac1ff1,RequestCountPerTarget,2026-05-30T05:00:00Z,2026-05-30T06:00:00Z,0
app/bodegaai-production-alb/31b69d3d76ab5ed1,targetgroup/bodegaai-production-store-servic/736691f5beac1ff1,RequestCountPerTarget,2026-05-30T06:00:00Z,2026-05-30T07:00:00Z,0
app/bodegaai-production-alb/31b69d3d76ab5ed1,targetgroup/bodegaai-production-store-servic/736691f5beac1ff1,RequestCountPerTarget,2026-05-30T07:00:00Z,2026-05-30T08:00:00Z,0
app/bodegaai-production-alb/31b69d3d76ab5ed1,targetgroup/bodegaai-production-store-servic/736691f5beac1ff1,RequestCountPerTarget,2026-05-30T08:00:00Z,2026-05-30T09:00:00Z,0
app/bodegaai-production-alb/31b69d3d76ab5ed1,targetgroup/bodegaai-production-store-servic/736691f5beac1ff1,RequestCountPerTarget,2026-05-30T09:00:00Z,2026-05-30T10:00:00Z,0
app/bodegaai-production-alb/31b69d3d76ab5ed1,targetgroup/bodegaai-production-store-servic/736691f5beac1ff1,RequestCountPerTarget,2026-05-30T10:00:00Z,2026-05-30T11:00:00Z,0
app/bodegaai-production-alb/31b69d3d76ab5ed1,targetgroup/bodegaai-production-store-servic/736691f5beac1ff1,RequestCountPerTarget,2026-05-30T11:00:00Z,2026-05-30T12:00:00Z,0
app/bodegaai-production-alb/31b69d3d76ab5ed1,targetgroup/bodegaai-production-store-servic/736691f5beac1ff1,RequestCountPerTarget,2026-05-30T12:00:00Z,2026-05-30T13:00:00Z,0
app/bodegaai-production-alb/31b69d3d76ab5ed1,targetgroup/bodegaai-production-store-servic/736691f5beac1ff1,RequestCountPerTarget,2026-05-30T13:00:00Z,2026-05-30T14:00:00Z,0
app/bodegaai-production-alb/31b69d3d76ab5ed1,targetgroup/bodegaai-production-store-servic/736691f5beac1ff1,RequestCountPerTarget,2026-05-30T14:00:00Z,2026-05-30T15:00:00Z,0
app/bodegaai-production-alb/31b69d3d76ab5ed1,targetgroup/bodegaai-production-store-servic/736691f5beac1ff1,RequestCountPerTarget,2026-05-30T15:00:00Z,2026-05-30T16:00:00Z,0
app/bodegaai-production-alb/31b69d3d76ab5ed1,targetgroup/bodegaai-production-store-servic/736691f5beac1ff1,RequestCountPerTarget,2026-05-30T16:00:00Z,2026-05-30T17:00:00Z,0
app/bodegaai-production-alb/31b69d3d76ab5ed1,targetgroup/bodegaai-production-store-servic/736691f5beac1ff1,RequestCountPerTarget,2026-05-30T17:00:00Z,2026-05-30T18:00:00Z,0
app/bodegaai-production-alb/31b69d3d76ab5ed1,targetgroup/bodegaai-production-store-servic/736691f5beac1ff1,RequestCountPerTarget,2026-05-30T18:00:00Z,2026-05-30T19:00:00Z,0
app/bodegaai-production-alb/31b69d3d76ab5ed1,targetgroup/bodegaai-production-store-servic/736691f5beac1ff1,RequestCountPerTarget,2026-05-30T19:00:00Z,2026-05-30T20:00:00Z,0
app/bodegaai-production-alb/31b69d3d76ab5ed1,targetgroup/bodegaai-production-store-servic/736691f5beac1ff1,RequestCountPerTarget,2026-05-30T20:00:00Z,2026-05-30T21:00:00Z,0
app/bodegaai-production-alb/31b69d3d76ab5ed1,targetgroup/bodegaai-production-store-servic/736691f5beac1ff1,RequestCountPerTarget,2026-05-30T21:00:00Z,2026-05-30T22:00:00Z,0
app/bodegaai-production-alb/31b69d3d76ab5ed1,targetgroup/bodegaai-production-store-servic/736691f5beac1ff1,RequestCountPerTarget,2026-05-30T22:00:00Z,2026-05-30T23:00:00Z,0
app/bodegaai-production-alb/31b69d3d76ab5ed1,targetgroup/bodegaai-production-store-servic/736691f5beac1ff1,RequestCountPerTarget,2026-05-30T23:00:00Z,2026-05-31T00:00:00Z,0
app/bodegaai-production-alb/31b69d3d76ab5ed1,targetgroup/bodegaai-production-store-servic/736691f5beac1ff1,RequestCountPerTarget,2026-05-31T00:00:00Z,2026-05-31T01:00:00Z,0
app/bodegaai-production-alb/31b69d3d76ab5ed1,targetgroup/bodegaai-production-store-servic/736691f5beac1ff1,RequestCountPerTarget,2026-05-31T01:00:00Z,2026-05-31T02:00:00Z,0
app/bodegaai-production-alb/31b69d3d76ab5ed1,targetgroup/bodegaai-production-store-servic/736691f5beac1ff1,RequestCountPerTarget,2026-05-31T02:00:00Z,2026-05-31T03:00:00Z,0
app/bodegaai-production-alb/31b69d3d76ab5ed1,targetgroup/bodegaai-production-store-servic/736691f5beac1ff1,RequestCountPerTarget,2026-05-31T03:00:00Z,2026-05-31T04:00:00Z,0
app/bodegaai-production-alb/31b69d3d76ab5ed1,targetgroup/bodegaai-production-store-servic/736691f5beac1ff1,RequestCountPerTarget,2026-05-31T04:00:00Z,2026-05-31T05:00:00Z,0
app/bodegaai-production-alb/31b69d3d76ab5ed1,targetgroup/bodegaai-production-store-servic/736691f5beac1ff1,RequestCountPerTarget,2026-05-31T05:00:00Z,2026-05-31T06:00:00Z,0
app/bodegaai-production-alb/31b69d3d76ab5ed1,targetgroup/bodegaai-production-store-servic/736691f5beac1ff1,RequestCountPerTarget,2026-05-31T06:00:00Z,2026-05-31T07:00:00Z,0
app/bodegaai-production-alb/31b69d3d76ab5ed1,targetgroup/bodegaai-production-store-servic/736691f5beac1ff1,RequestCountPerTarget,2026-05-31T07:00:00Z,2026-05-31T08:00:00Z,0
app/bodegaai-production-alb/31b69d3d76ab5ed1,targetgroup/bodegaai-production-store-servic/736691f5beac1ff1,RequestCountPerTarget,2026-05-31T08:00:00Z,2026-05-31T09:00:00Z,0
app/bodegaai-production-alb/31b69d3d76ab5ed1,targetgroup/bodegaai-production-store-servic/736691f5beac1ff1,RequestCountPerTarget,2026-05-31T09:00:00Z,2026-05-31T10:00:00Z,0
app/bodegaai-production-alb/31b69d3d76ab5ed1,targetgroup/bodegaai-production-store-servic/736691f5beac1ff1,RequestCountPerTarget,2026-05-31T10:00:00Z,2026-05-31T11:00:00Z,0
app/bodegaai-production-alb/31b69d3d76ab5ed1,targetgroup/bodegaai-production-store-servic/736691f5beac1ff1,RequestCountPerTarget,2026-05-31T11:00:00Z,2026-05-31T12:00:00Z,0
app/bodegaai-production-alb/31b69d3d76ab5ed1,targetgroup/bodegaai-production-store-servic/736691f5beac1ff1,RequestCountPerTarget,2026-05-31T12:00:00Z,2026-05-31T13:00:00Z,0
app/bodegaai-production-alb/31b69d3d76ab5ed1,targetgroup/bodegaai-production-store-servic/736691f5beac1ff1,RequestCountPerTarget,2026-05-31T13:00:00Z,2026-05-31T14:00:00Z,0
app/bodegaai-production-alb/31b69d3d76ab5ed1,targetgroup/bodegaai-production-store-servic/736691f5beac1ff1,RequestCountPerTarget,2026-05-31T14:00:00Z,2026-05-31T15:00:00Z,0
app/bodegaai-production-alb/31b69d3d76ab5ed1,targetgroup/bodegaai-production-store-servic/736691f5beac1ff1,RequestCountPerTarget,2026-05-31T15:00:00Z,2026-05-31T16:00:00Z,0
app/bodegaai-production-alb/31b69d3d76ab5ed1,targetgroup/bodegaai-production-store-servic/736691f5beac1ff1,RequestCountPerTarget,2026-05-31T16:00:00Z,2026-05-31T17:00:00Z,0
app/bodegaai-production-alb/31b69d3d76ab5ed1,targetgroup/bodegaai-production-store-servic/736691f5beac1ff1,RequestCountPerTarget,2026-05-31T17:00:00Z,2026-05-31T18:00:00Z,0
app/bodegaai-production-alb/31b69d3d76ab5ed1,targetgroup/bodegaai-production-store-servic/736691f5beac1ff1,RequestCountPerTarget,2026-05-31T18:00:00Z,2026-05-31T19:00:00Z,0
app/bodegaai-production-alb/31b69d3d76ab5ed1,targetgroup/bodegaai-production-store-servic/736691f5beac1ff1,RequestCountPerTarget,2026-05-31T19:00:00Z,2026-05-31T20:00:00Z,0
app/bodegaai-production-alb/31b69d3d76ab5ed1,targetgroup/bodegaai-production-store-servic/736691f5beac1ff1,RequestCountPerTarget,2026-05-31T20:00:00Z,2026-05-31T21:00:00Z,0
app/bodegaai-production-alb/31b69d3d76ab5ed1,targetgroup/bodegaai-production-store-servic/736691f5beac1ff1,RequestCountPerTarget,2026-05-31T21:00:00Z,2026-05-31T22:00:00Z,0
app/bodegaai-production-alb/31b69d3d76ab5ed1,targetgroup/bodegaai-production-store-servic/736691f5beac1ff1,RequestCountPerTarget,2026-05-31T22:00:00Z,2026-05-31T23:00:00Z,0
app/bodegaai-production-alb/31b69d3d76ab5ed1,targetgroup/bodegaai-production-store-servic/736691f5beac1ff1,RequestCountPerTarget,2026-05-31T23:00:00Z,2026-06-01T00:00:00Z,0
app/bodegaai-production-alb/31b69d3d76ab5ed1,targetgroup/bodegaai-production-store-servic/736691f5beac1ff1,RequestCountPerTarget,2026-06-01T00:00:00Z,2026-06-01T01:00:00Z,0
app/bodegaai-production-alb/31b69d3d76ab5ed1,targetgroup/bodegaai-production-store-servic/736691f5beac1ff1,RequestCountPerTarget,2026-06-01T01:00:00Z,2026-06-01T02:00:00Z,0
app/bodegaai-production-alb/31b69d3d76ab5ed1,targetgroup/bodegaai-production-store-servic/736691f5beac1ff1,RequestCountPerTarget,2026-06-01T02:00:00Z,2026-06-01T03:00:00Z,0
app/bodegaai-production-alb/31b69d3d76ab5ed1,targetgroup/bodegaai-production-store-servic/736691f5beac1ff1,RequestCountPerTarget,2026-06-01T03:00:00Z,2026-06-01T04:00:00Z,0
app/bodegaai-production-alb/31b69d3d76ab5ed1,targetgroup/bodegaai-production-store-servic/736691f5beac1ff1,RequestCountPerTarget,2026-06-01T04:00:00Z,2026-06-01T05:00:00Z,0
app/bodegaai-production-alb/31b69d3d76ab5ed1,targetgroup/bodegaai-production-store-servic/736691f5beac1ff1,RequestCountPerTarget,2026-06-01T05:00:00Z,2026-06-01T06:00:00Z,0
app/bodegaai-production-alb/31b69d3d76ab5ed1,targetgroup/bodegaai-production-store-servic/736691f5beac1ff1,RequestCountPerTarget,2026-06-01T06:00:00Z,2026-06-01T07:00:00Z,0
app/bodegaai-production-alb/31b69d3d76ab5ed1,targetgroup/bodegaai-production-store-servic/736691f5beac1ff1,RequestCountPerTarget,2026-06-01T07:00:00Z,2026-06-01T08:00:00Z,0
app/bodegaai-production-alb/31b69d3d76ab5ed1,targetgroup/bodegaai-production-store-servic/736691f5beac1ff1,RequestCountPerTarget,2026-06-01T08:00:00Z,2026-06-01T09:00:00Z,0
app/bodegaai-production-alb/31b69d3d76ab5ed1,targetgroup/bodegaai-production-store-servic/736691f5beac1ff1,RequestCountPerTarget,2026-06-01T09:00:00Z,2026-06-01T10:00:00Z,0
app/bodegaai-production-alb/31b69d3d76ab5ed1,targetgroup/bodegaai-production-store-servic/736691f5beac1ff1,RequestCountPerTarget,2026-06-01T10:00:00Z,2026-06-01T11:00:00Z,0
app/bodegaai-production-alb/31b69d3d76ab5ed1,targetgroup/bodegaai-production-store-servic/736691f5beac1ff1,RequestCountPerTarget,2026-06-01T11:00:00Z,2026-06-01T12:00:00Z,0
app/bodegaai-production-alb/31b69d3d76ab5ed1,targetgroup/bodegaai-production-store-servic/736691f5beac1ff1,RequestCountPerTarget,2026-06-01T12:00:00Z,2026-06-01T13:00:00Z,0
app/bodegaai-production-alb/31b69d3d76ab5ed1,targetgroup/bodegaai-production-store-servic/736691f5beac1ff1,RequestCountPerTarget,2026-06-01T13:00:00Z,2026-06-01T14:00:00Z,0
app/bodegaai-production-alb/31b69d3d76ab5ed1,targetgroup/bodegaai-production-store-servic/736691f5beac1ff1,RequestCountPerTarget,2026-06-01T14:00:00Z,2026-06-01T15:00:00Z,0
app/bodegaai-production-alb/31b69d3d76ab5ed1,targetgroup/bodegaai-production-store-servic/736691f5beac1ff1,RequestCountPerTarget,2026-06-01T15:00:00Z,2026-06-01T16:00:00Z,0
app/bodegaai-production-alb/31b69d3d76ab5ed1,targetgroup/bodegaai-production-store-servic/736691f5beac1ff1,RequestCountPerTarget,2026-06-01T16:00:00Z,2026-06-01T17:00:00Z,0
app/bodegaai-production-alb/31b69d3d76ab5ed1,targetgroup/bodegaai-production-store-servic/736691f5beac1ff1,RequestCountPerTarget,2026-06-01T17:00:00Z,2026-06-01T18:00:00Z,0
app/bodegaai-production-alb/31b69d3d76ab5ed1,targetgroup/bodegaai-production-store-servic/736691f5beac1ff1,RequestCountPerTarget,2026-06-01T18:00:00Z,2026-06-01T19:00:00Z,0
app/bodegaai-production-alb/31b69d3d76ab5ed1,targetgroup/bodegaai-production-store-servic/736691f5beac1ff1,RequestCountPerTarget,2026-06-01T19:00:00Z,2026-06-01T20:00:00Z,0
app/bodegaai-production-alb/31b69d3d76ab5ed1,targetgroup/bodegaai-production-store-servic/736691f5beac1ff1,RequestCountPerTarget,2026-06-01T20:00:00Z,2026-06-01T21:00:00Z,0
app/bodegaai-production-alb/31b69d3d76ab5ed1,targetgroup/bodegaai-production-store-servic/736691f5beac1ff1,RequestCountPerTarget,2026-06-01T21:00:00Z,2026-06-01T22:00:00Z,0
app/bodegaai-production-alb/31b69d3d76ab5ed1,targetgroup/bodegaai-production-store-servic/736691f5beac1ff1,RequestCountPerTarget,2026-06-01T22:00:00Z,2026-06-01T23:00:00Z,0
app/bodegaai-production-alb/31b69d3d76ab5ed1,targetgroup/bodegaai-production-store-servic/736691f5beac1ff1,RequestCountPerTarget,2026-06-01T23:00:00Z,2026-06-02T00:00:00Z,0
app/bodegaai-production-alb/31b69d3d76ab5ed1,targetgroup/bodegaai-production-store-servic/736691f5beac1ff1,RequestCountPerTarget,2026-06-02T00:00:00Z,2026-06-02T01:00:00Z,0
app/bodegaai-production-alb/31b69d3d76ab5ed1,targetgroup/bodegaai-production-store-servic/736691f5beac1ff1,RequestCountPerTarget,2026-06-02T01:00:00Z,2026-06-02T02:00:00Z,0
app/bodegaai-production-alb/31b69d3d76ab5ed1,targetgroup/bodegaai-production-store-servic/736691f5beac1ff1,RequestCountPerTarget,2026-06-02T02:00:00Z,2026-06-02T03:00:00Z,0
app/bodegaai-production-alb/31b69d3d76ab5ed1,targetgroup/bodegaai-production-store-servic/736691f5beac1ff1,RequestCountPerTarget,2026-06-02T03:00:00Z,2026-06-02T04:00:00Z,0
app/bodegaai-production-alb/31b69d3d76ab5ed1,targetgroup/bodegaai-production-store-servic/736691f5beac1ff1,RequestCountPerTarget,2026-06-02T04:00:00Z,2026-06-02T05:00:00Z,0
app/bodegaai-production-alb/31b69d3d76ab5ed1,targetgroup/bodegaai-production-store-servic/736691f5beac1ff1,RequestCountPerTarget,2026-06-02T05:00:00Z,2026-06-02T06:00:00Z,0
app/bodegaai-production-alb/31b69d3d76ab5ed1,targetgroup/bodegaai-production-store-servic/736691f5beac1ff1,RequestCountPerTarget,2026-06-02T06:00:00Z,2026-06-02T07:00:00Z,0
app/bodegaai-production-alb/31b69d3d76ab5ed1,targetgroup/bodegaai-production-store-servic/736691f5beac1ff1,RequestCountPerTarget,2026-06-02T07:00:00Z,2026-06-02T08:00:00Z,0
app/bodegaai-production-alb/31b69d3d76ab5ed1,targetgroup/bodegaai-production-store-servic/736691f5beac1ff1,RequestCountPerTarget,2026-06-02T08:00:00Z,2026-06-02T09:00:00Z,0
app/bodegaai-production-alb/31b69d3d76ab5ed1,targetgroup/bodegaai-production-store-servic/736691f5beac1ff1,RequestCountPerTarget,2026-06-02T09:00:00Z,2026-06-02T10:00:00Z,0
app/bodegaai-production-alb/31b69d3d76ab5ed1,targetgroup/bodegaai-production-store-servic/736691f5beac1ff1,RequestCountPerTarget,2026-06-02T10:00:00Z,2026-06-02T11:00:00Z,0
app/bodegaai-production-alb/31b69d3d76ab5ed1,targetgroup/bodegaai-production-store-servic/736691f5beac1ff1,RequestCountPerTarget,2026-06-02T11:00:00Z,2026-06-02T12:00:00Z,0
app/bodegaai-production-alb/31b69d3d76ab5ed1,targetgroup/bodegaai-production-store-servic/736691f5beac1ff1,RequestCountPerTarget,2026-06-02T12:00:00Z,2026-06-02T13:00:00Z,0
app/bodegaai-production-alb/31b69d3d76ab5ed1,targetgroup/bodegaai-production-store-servic/736691f5beac1ff1,RequestCountPerTarget,2026-06-02T13:00:00Z,2026-06-02T14:00:00Z,0
app/bodegaai-production-alb/31b69d3d76ab5ed1,targetgroup/bodegaai-production-store-servic/736691f5beac1ff1,RequestCountPerTarget,2026-06-02T14:00:00Z,2026-06-02T15:00:00Z,0
app/bodegaai-production-alb/31b69d3d76ab5ed1,targetgroup/bodegaai-production-store-servic/736691f5beac1ff1,RequestCountPerTarget,2026-06-02T15:00:00Z,2026-06-02T16:00:00Z,0
app/bodegaai-production-alb/31b69d3d76ab5ed1,targetgroup/bodegaai-production-store-servic/736691f5beac1ff1,RequestCountPerTarget,2026-06-02T16:00:00Z,2026-06-02T17:00:00Z,0
app/bodegaai-production-alb/31b69d3d76ab5ed1,targetgroup/bodegaai-production-store-servic/736691f5beac1ff1,RequestCountPerTarget,2026-06-02T17:00:00Z,2026-06-02T18:00:00Z,0
app/bodegaai-production-alb/31b69d3d76ab5ed1,targetgroup/bodegaai-production-store-servic/736691f5beac1ff1,RequestCountPerTarget,2026-06-02T18:00:00Z,2026-06-02T19:00:00Z,0
app/bodegaai-production-alb/31b69d3d76ab5ed1,targetgroup/bodegaai-production-store-servic/736691f5beac1ff1,RequestCountPerTarget,2026-06-02T19:00:00Z,2026-06-02T20:00:00Z,0
app/bodegaai-production-alb/31b69d3d76ab5ed1,targetgroup/bodegaai-production-store-servic/736691f5beac1ff1,RequestCountPerTarget,2026-06-02T20:00:00Z,2026-06-02T21:00:00Z,0
app/bodegaai-production-alb/31b69d3d76ab5ed1,targetgroup/bodegaai-production-store-servic/736691f5beac1ff1,RequestCountPerTarget,2026-06-02T21:00:00Z,2026-06-02T22:00:00Z,0
app/bodegaai-production-alb/31b69d3d76ab5ed1,targetgroup/bodegaai-production-store-servic/736691f5beac1ff1,RequestCountPerTarget,2026-06-02T22:00:00Z,2026-06-02T23:00:00Z,0
app/bodegaai-production-alb/31b69d3d76ab5ed1,targetgroup/bodegaai-production-store-servic/736691f5beac1ff1,RequestCountPerTarget,2026-06-02T23:00:00Z,2026-06-03T00:00:00Z,0
app/bodegaai-production-alb/31b69d3d76ab5ed1,targetgroup/bodegaai-production-store-servic/736691f5beac1ff1,RequestCountPerTarget,2026-06-03T00:00:00Z,2026-06-03T01:00:00Z,0
app/bodegaai-production-alb/31b69d3d76ab5ed1,targetgroup/bodegaai-production-store-servic/736691f5beac1ff1,RequestCountPerTarget,2026-06-03T01:00:00Z,2026-06-03T02:00:00Z,0
app/bodegaai-production-alb/31b69d3d76ab5ed1,targetgroup/bodegaai-production-store-servic/736691f5beac1ff1,RequestCountPerTarget,2026-06-03T02:00:00Z,2026-06-03T03:00:00Z,0
app/bodegaai-production-alb/31b69d3d76ab5ed1,targetgroup/bodegaai-production-store-servic/736691f5beac1ff1,RequestCountPerTarget,2026-06-03T03:00:00Z,2026-06-03T04:00:00Z,0
app/bodegaai-production-alb/31b69d3d76ab5ed1,targetgroup/bodegaai-production-store-servic/736691f5beac1ff1,RequestCountPerTarget,2026-06-03T04:00:00Z,2026-06-03T05:00:00Z,0
app/bodegaai-production-alb/31b69d3d76ab5ed1,targetgroup/bodegaai-production-store-servic/736691f5beac1ff1,RequestCountPerTarget,2026-06-03T05:00:00Z,2026-06-03T06:00:00Z,0
app/bodegaai-production-alb/31b69d3d76ab5ed1,targetgroup/bodegaai-production-store-servic/736691f5beac1ff1,RequestCountPerTarget,2026-06-03T06:00:00Z,2026-06-03T07:00:00Z,0
app/bodegaai-production-alb/31b69d3d76ab5ed1,targetgroup/bodegaai-production-store-servic/736691f5beac1ff1,RequestCountPerTarget,2026-06-03T07:00:00Z,2026-06-03T08:00:00Z,0
app/bodegaai-production-alb/31b69d3d76ab5ed1,targetgroup/bodegaai-production-store-servic/736691f5beac1ff1,RequestCountPerTarget,2026-06-03T08:00:00Z,2026-06-03T09:00:00Z,0
app/bodegaai-production-alb/31b69d3d76ab5ed1,targetgroup/bodegaai-production-store-servic/736691f5beac1ff1,RequestCountPerTarget,2026-06-03T09:00:00Z,2026-06-03T10:00:00Z,0
app/bodegaai-production-alb/31b69d3d76ab5ed1,targetgroup/bodegaai-production-store-servic/736691f5beac1ff1,RequestCountPerTarget,2026-06-03T10:00:00Z,2026-06-03T11:00:00Z,0
app/bodegaai-production-alb/31b69d3d76ab5ed1,targetgroup/bodegaai-production-store-servic/736691f5beac1ff1,RequestCountPerTarget,2026-06-03T11:00:00Z,2026-06-03T12:00:00Z,0
app/bodegaai-production-alb/31b69d3d76ab5ed1,targetgroup/bodegaai-production-store-servic/736691f5beac1ff1,RequestCountPerTarget,2026-06-03T12:00:00Z,2026-06-03T13:00:00Z,0
app/bodegaai-production-alb/31b69d3d76ab5ed1,targetgroup/bodegaai-production-store-servic/736691f5beac1ff1,RequestCountPerTarget,2026-06-03T13:00:00Z,2026-06-03T14:00:00Z,0
app/bodegaai-production-alb/31b69d3d76ab5ed1,targetgroup/bodegaai-production-store-servic/736691f5beac1ff1,RequestCountPerTarget,2026-06-03T14:00:00Z,2026-06-03T15:00:00Z,0
app/bodegaai-production-alb/31b69d3d76ab5ed1,targetgroup/bodegaai-production-store-servic/736691f5beac1ff1,RequestCountPerTarget,2026-06-03T15:00:00Z,2026-06-03T16:00:00Z,0
app/bodegaai-production-alb/31b69d3d76ab5ed1,targetgroup/bodegaai-production-store-servic/736691f5beac1ff1,RequestCountPerTarget,2026-06-03T16:00:00Z,2026-06-03T17:00:00Z,0
app/bodegaai-production-alb/31b69d3d76ab5ed1,targetgroup/bodegaai-production-store-servic/736691f5beac1ff1,RequestCountPerTarget,2026-06-03T17:00:00Z,2026-06-03T18:00:00Z,0
app/bodegaai-production-alb/31b69d3d76ab5ed1,targetgroup/bodegaai-production-store-servic/736691f5beac1ff1,RequestCountPerTarget,2026-06-03T18:00:00Z,2026-06-03T19:00:00Z,0
app/bodegaai-production-alb/31b69d3d76ab5ed1,targetgroup/bodegaai-production-store-servic/736691f5beac1ff1,RequestCountPerTarget,2026-06-03T19:00:00Z,2026-06-03T20:00:00Z,0
app/bodegaai-production-alb/31b69d3d76ab5ed1,targetgroup/bodegaai-production-store-servic/736691f5beac1ff1,RequestCountPerTarget,2026-06-03T20:00:00Z,2026-06-03T21:00:00Z,0
app/bodegaai-production-alb/31b69d3d76ab5ed1,targetgroup/bodegaai-production-store-servic/736691f5beac1ff1,RequestCountPerTarget,2026-06-03T21:00:00Z,2026-06-03T22:00:00Z,0
app/bodegaai-production-alb/31b69d3d76ab5ed1,targetgroup/bodegaai-production-store-servic/736691f5beac1ff1,RequestCountPerTarget,2026-06-03T22:00:00Z,2026-06-03T23:00:00Z,0
app/bodegaai-production-alb/31b69d3d76ab5ed1,targetgroup/bodegaai-production-store-servic/736691f5beac1ff1,RequestCountPerTarget,2026-06-03T23:00:00Z,2026-06-04T00:00:00Z,0
app/bodegaai-production-alb/31b69d3d76ab5ed1,targetgroup/bodegaai-production-store-servic/736691f5beac1ff1,RequestCountPerTarget,2026-06-04T00:00:00Z,2026-06-04T01:00:00Z,0
app/bodegaai-production-alb/31b69d3d76ab5ed1,targetgroup/bodegaai-production-store-servic/736691f5beac1ff1,RequestCountPerTarget,2026-06-04T01:00:00Z,2026-06-04T02:00:00Z,0
app/bodegaai-production-alb/31b69d3d76ab5ed1,targetgroup/bodegaai-production-store-servic/736691f5beac1ff1,RequestCountPerTarget,2026-06-04T02:00:00Z,2026-06-04T03:00:00Z,0
app/bodegaai-production-alb/31b69d3d76ab5ed1,targetgroup/bodegaai-production-store-servic/736691f5beac1ff1,RequestCountPerTarget,2026-06-04T03:00:00Z,2026-06-04T04:00:00Z,0
app/bodegaai-production-alb/31b69d3d76ab5ed1,targetgroup/bodegaai-production-store-servic/736691f5beac1ff1,RequestCountPerTarget,2026-06-04T04:00:00Z,2026-06-04T05:00:00Z,0
app/bodegaai-production-alb/31b69d3d76ab5ed1,targetgroup/bodegaai-production-store-servic/736691f5beac1ff1,RequestCountPerTarget,2026-06-04T05:00:00Z,2026-06-04T06:00:00Z,0
app/bodegaai-production-alb/31b69d3d76ab5ed1,targetgroup/bodegaai-production-store-servic/736691f5beac1ff1,RequestCountPerTarget,2026-06-04T06:00:00Z,2026-06-04T07:00:00Z,0
app/bodegaai-production-alb/31b69d3d76ab5ed1,targetgroup/bodegaai-production-store-servic/736691f5beac1ff1,RequestCountPerTarget,2026-06-04T07:00:00Z,2026-06-04T08:00:00Z,0
app/bodegaai-production-alb/31b69d3d76ab5ed1,targetgroup/bodegaai-production-store-servic/736691f5beac1ff1,RequestCountPerTarget,2026-06-04T08:00:00Z,2026-06-04T09:00:00Z,0
app/bodegaai-production-alb/31b69d3d76ab5ed1,targetgroup/bodegaai-production-store-servic/736691f5beac1ff1,RequestCountPerTarget,2026-06-04T09:00:00Z,2026-06-04T10:00:00Z,0
app/bodegaai-production-alb/31b69d3d76ab5ed1,targetgroup/bodegaai-production-store-servic/736691f5beac1ff1,RequestCountPerTarget,2026-06-04T10:00:00Z,2026-06-04T11:00:00Z,0
app/bodegaai-production-alb/31b69d3d76ab5ed1,targetgroup/bodegaai-production-store-servic/736691f5beac1ff1,RequestCountPerTarget,2026-06-04T11:00:00Z,2026-06-04T12:00:00Z,0
app/bodegaai-production-alb/31b69d3d76ab5ed1,targetgroup/bodegaai-production-store-servic/736691f5beac1ff1,RequestCountPerTarget,2026-06-04T12:00:00Z,2026-06-04T13:00:00Z,0
app/bodegaai-production-alb/31b69d3d76ab5ed1,targetgroup/bodegaai-production-store-servic/736691f5beac1ff1,RequestCountPerTarget,2026-06-04T13:00:00Z,2026-06-04T14:00:00Z,0
app/bodegaai-production-alb/31b69d3d76ab5ed1,targetgroup/bodegaai-production-store-servic/736691f5beac1ff1,RequestCountPerTarget,2026-06-04T14:00:00Z,2026-06-04T15:00:00Z,0
app/bodegaai-production-alb/31b69d3d76ab5ed1,targetgroup/bodegaai-production-store-servic/736691f5beac1ff1,RequestCountPerTarget,2026-06-04T15:00:00Z,2026-06-04T16:00:00Z,0
app/bodegaai-production-alb/31b69d3d76ab5ed1,targetgroup/bodegaai-production-store-servic/736691f5beac1ff1,RequestCountPerTarget,2026-06-04T16:00:00Z,2026-06-04T17:00:00Z,0
app/bodegaai-production-alb/31b69d3d76ab5ed1,targetgroup/bodegaai-production-store-servic/736691f5beac1ff1,RequestCountPerTarget,2026-06-04T17:00:00Z,2026-06-04T18:00:00Z,0
app/bodegaai-production-alb/31b69d3d76ab5ed1,targetgroup/bodegaai-production-store-servic/736691f5beac1ff1,RequestCountPerTarget,2026-06-04T18:00:00Z,2026-06-04T19:00:00Z,0
app/bodegaai-production-alb/31b69d3d76ab5ed1,targetgroup/bodegaai-production-store-servic/736691f5beac1ff1,RequestCountPerTarget,2026-06-04T19:00:00Z,2026-06-04T20:00:00Z,0
app/bodegaai-production-alb/31b69d3d76ab5ed1,targetgroup/bodegaai-production-store-servic/736691f5beac1ff1,RequestCountPerTarget,2026-06-04T20:00:00Z,2026-06-04T21:00:00Z,0
app/bodegaai-production-alb/31b69d3d76ab5ed1,targetgroup/bodegaai-production-store-servic/736691f5beac1ff1,RequestCountPerTarget,2026-06-04T21:00:00Z,2026-06-04T22:00:00Z,0
app/bodegaai-production-alb/31b69d3d76ab5ed1,targetgroup/bodegaai-production-store-servic/736691f5beac1ff1,RequestCountPerTarget,2026-06-04T22:00:00Z,2026-06-04T23:00:00Z,0
app/bodegaai-production-alb/31b69d3d76ab5ed1,targetgroup/bodegaai-production-store-servic/736691f5beac1ff1,RequestCountPerTarget,2026-06-04T23:00:00Z,2026-06-05T00:00:00Z,0
app/bodegaai-production-alb/31b69d3d76ab5ed1,targetgroup/bodegaai-production-store-servic/736691f5beac1ff1,RequestCountPerTarget,2026-06-05T00:00:00Z,2026-06-05T01:00:00Z,0
app/bodegaai-production-alb/31b69d3d76ab5ed1,targetgroup/bodegaai-production-store-servic/736691f5beac1ff1,RequestCountPerTarget,2026-06-05T01:00:00Z,2026-06-05T02:00:00Z,0
app/bodegaai-production-alb/31b69d3d76ab5ed1,targetgroup/bodegaai-production-store-servic/736691f5beac1ff1,RequestCountPerTarget,2026-06-05T02:00:00Z,2026-06-05T03:00:00Z,0
app/bodegaai-production-alb/31b69d3d76ab5ed1,targetgroup/bodegaai-production-store-servic/736691f5beac1ff1,RequestCountPerTarget,2026-06-05T03:00:00Z,2026-06-05T04:00:00Z,0
app/bodegaai-production-alb/31b69d3d76ab5ed1,targetgroup/bodegaai-production-store-servic/736691f5beac1ff1,RequestCountPerTarget,2026-06-05T04:00:00Z,2026-06-05T05:00:00Z,0
app/bodegaai-production-alb/31b69d3d76ab5ed1,targetgroup/bodegaai-production-store-servic/736691f5beac1ff1,RequestCountPerTarget,2026-06-05T05:00:00Z,2026-06-05T06:00:00Z,0
app/bodegaai-production-alb/31b69d3d76ab5ed1,targetgroup/bodegaai-production-store-servic/736691f5beac1ff1,RequestCountPerTarget,2026-06-05T06:00:00Z,2026-06-05T07:00:00Z,0
app/bodegaai-production-alb/31b69d3d76ab5ed1,targetgroup/bodegaai-production-store-servic/736691f5beac1ff1,RequestCountPerTarget,2026-06-05T07:00:00Z,2026-06-05T08:00:00Z,0
app/bodegaai-production-alb/31b69d3d76ab5ed1,targetgroup/bodegaai-production-store-servic/736691f5beac1ff1,RequestCountPerTarget,2026-06-05T08:00:00Z,2026-06-05T09:00:00Z,0
app/bodegaai-production-alb/31b69d3d76ab5ed1,targetgroup/bodegaai-production-store-servic/736691f5beac1ff1,RequestCountPerTarget,2026-06-05T09:00:00Z,2026-06-05T10:00:00Z,0
app/bodegaai-production-alb/31b69d3d76ab5ed1,targetgroup/bodegaai-production-store-servic/736691f5beac1ff1,RequestCountPerTarget,2026-06-05T10:00:00Z,2026-06-05T11:00:00Z,0
app/bodegaai-production-alb/31b69d3d76ab5ed1,targetgroup/bodegaai-production-store-servic/736691f5beac1ff1,RequestCountPerTarget,2026-06-05T11:00:00Z,2026-06-05T12:00:00Z,0
app/bodegaai-production-alb/31b69d3d76ab5ed1,targetgroup/bodegaai-production-store-servic/736691f5beac1ff1,RequestCountPerTarget,2026-06-05T12:00:00Z,2026-06-05T13:00:00Z,0
app/bodegaai-production-alb/31b69d3d76ab5ed1,targetgroup/bodegaai-production-store-servic/736691f5beac1ff1,RequestCountPerTarget,2026-06-05T13:00:00Z,2026-06-05T14:00:00Z,0
app/bodegaai-production-alb/31b69d3d76ab5ed1,targetgroup/bodegaai-production-store-servic/736691f5beac1ff1,RequestCountPerTarget,2026-06-05T14:00:00Z,2026-06-05T15:00:00Z,0
app/bodegaai-production-alb/31b69d3d76ab5ed1,targetgroup/bodegaai-production-store-servic/736691f5beac1ff1,RequestCountPerTarget,2026-06-05T15:00:00Z,2026-06-05T16:00:00Z,0
app/bodegaai-production-alb/31b69d3d76ab5ed1,targetgroup/bodegaai-production-store-servic/736691f5beac1ff1,RequestCountPerTarget,2026-06-05T16:00:00Z,2026-06-05T17:00:00Z,0
app/bodegaai-production-alb/31b69d3d76ab5ed1,targetgroup/bodegaai-production-store-servic/736691f5beac1ff1,RequestCountPerTarget,2026-06-05T17:00:00Z,2026-06-05T18:00:00Z,0
app/bodegaai-production-alb/31b69d3d76ab5ed1,targetgroup/bodegaai-production-store-servic/736691f5beac1ff1,RequestCountPerTarget,2026-06-05T18:00:00Z,2026-06-05T19:00:00Z,0
app/bodegaai-production-alb/31b69d3d76ab5ed1,targetgroup/bodegaai-production-store-servic/736691f5beac1ff1,RequestCountPerTarget,2026-06-05T19:00:00Z,2026-06-05T20:00:00Z,0
app/bodegaai-production-alb/31b69d3d76ab5ed1,targetgroup/bodegaai-production-store-servic/736691f5beac1ff1,RequestCountPerTarget,2026-06-05T20:00:00Z,2026-06-05T21:00:00Z,0
app/bodegaai-production-alb/31b69d3d76ab5ed1,targetgroup/bodegaai-production-store-servic/736691f5beac1ff1,RequestCountPerTarget,2026-06-05T21:00:00Z,2026-06-05T22:00:00Z,0
app/bodegaai-production-alb/31b69d3d76ab5ed1,targetgroup/bodegaai-production-store-servic/736691f5beac1ff1,RequestCountPerTarget,2026-06-05T22:00:00Z,2026-06-05T23:00:00Z,0
app/bodegaai-production-alb/31b69d3d76ab5ed1,targetgroup/bodegaai-production-store-servic/736691f5beac1ff1,RequestCountPerTarget,2026-06-05T23:00:00Z,2026-06-06T00:00:00Z,0
app/bodegaai-production-alb/31b69d3d76ab5ed1,targetgroup/bodegaai-production-store-servic/736691f5beac1ff1,RequestCountPerTarget,2026-06-06T00:00:00Z,2026-06-06T01:00:00Z,0
app/bodegaai-production-alb/31b69d3d76ab5ed1,targetgroup/bodegaai-production-store-servic/736691f5beac1ff1,RequestCountPerTarget,2026-06-06T01:00:00Z,2026-06-06T02:00:00Z,0
app/bodegaai-production-alb/31b69d3d76ab5ed1,targetgroup/bodegaai-production-store-servic/736691f5beac1ff1,RequestCountPerTarget,2026-06-06T02:00:00Z,2026-06-06T03:00:00Z,0
app/bodegaai-production-alb/31b69d3d76ab5ed1,targetgroup/bodegaai-production-store-servic/736691f5beac1ff1,RequestCountPerTarget,2026-06-06T03:00:00Z,2026-06-06T04:00:00Z,0
app/bodegaai-production-alb/31b69d3d76ab5ed1,targetgroup/bodegaai-production-store-servic/736691f5beac1ff1,RequestCountPerTarget,2026-06-06T04:00:00Z,2026-06-06T05:00:00Z,0
app/bodegaai-production-alb/31b69d3d76ab5ed1,targetgroup/bodegaai-production-store-servic/736691f5beac1ff1,RequestCountPerTarget,2026-06-06T05:00:00Z,2026-06-06T06:00:00Z,0
app/bodegaai-production-alb/31b69d3d76ab5ed1,targetgroup/bodegaai-production-store-servic/736691f5beac1ff1,RequestCountPerTarget,2026-06-06T06:00:00Z,2026-06-06T07:00:00Z,0
app/bodegaai-production-alb/31b69d3d76ab5ed1,targetgroup/bodegaai-production-store-servic/736691f5beac1ff1,RequestCountPerTarget,2026-06-06T07:00:00Z,2026-06-06T08:00:00Z,0
app/bodegaai-production-alb/31b69d3d76ab5ed1,targetgroup/bodegaai-production-store-servic/736691f5beac1ff1,RequestCountPerTarget,2026-06-06T08:00:00Z,2026-06-06T09:00:00Z,0
app/bodegaai-production-alb/31b69d3d76ab5ed1,targetgroup/bodegaai-production-store-servic/736691f5beac1ff1,RequestCountPerTarget,2026-06-06T09:00:00Z,2026-06-06T10:00:00Z,0
app/bodegaai-production-alb/31b69d3d76ab5ed1,targetgroup/bodegaai-production-store-servic/736691f5beac1ff1,RequestCountPerTarget,2026-06-06T10:00:00Z,2026-06-06T11:00:00Z,0
app/bodegaai-production-alb/31b69d3d76ab5ed1,targetgroup/bodegaai-production-store-servic/736691f5beac1ff1,RequestCountPerTarget,2026-06-06T11:00:00Z,2026-06-06T12:00:00Z,0
app/bodegaai-production-alb/31b69d3d76ab5ed1,targetgroup/bodegaai-production-store-servic/736691f5beac1ff1,RequestCountPerTarget,2026-06-06T12:00:00Z,2026-06-06T13:00:00Z,0
app/bodegaai-production-alb/31b69d3d76ab5ed1,targetgroup/bodegaai-production-store-servic/736691f5beac1ff1,RequestCountPerTarget,2026-06-06T13:00:00Z,2026-06-06T14:00:00Z,0
app/bodegaai-production-alb/31b69d3d76ab5ed1,targetgroup/bodegaai-production-store-servic/736691f5beac1ff1,RequestCountPerTarget,2026-06-06T14:00:00Z,2026-06-06T15:00:00Z,0
app/bodegaai-production-alb/31b69d3d76ab5ed1,targetgroup/bodegaai-production-store-servic/736691f5beac1ff1,RequestCountPerTarget,2026-06-06T15:00:00Z,2026-06-06T16:00:00Z,0
app/bodegaai-production-alb/31b69d3d76ab5ed1,targetgroup/bodegaai-production-store-servic/736691f5beac1ff1,RequestCountPerTarget,2026-06-06T16:00:00Z,2026-06-06T17:00:00Z,0
app/bodegaai-production-alb/31b69d3d76ab5ed1,targetgroup/bodegaai-production-store-servic/736691f5beac1ff1,RequestCountPerTarget,2026-06-06T17:00:00Z,2026-06-06T18:00:00Z,0
app/bodegaai-production-alb/31b69d3d76ab5ed1,targetgroup/bodegaai-production-store-servic/736691f5beac1ff1,RequestCountPerTarget,2026-06-06T18:00:00Z,2026-06-06T19:00:00Z,0
app/bodegaai-production-alb/31b69d3d76ab5ed1,targetgroup/bodegaai-production-store-servic/736691f5beac1ff1,RequestCountPerTarget,2026-06-06T19:00:00Z,2026-06-06T20:00:00Z,0
app/bodegaai-production-alb/31b69d3d76ab5ed1,targetgroup/bodegaai-production-store-servic/736691f5beac1ff1,RequestCountPerTarget,2026-06-06T20:00:00Z,2026-06-06T21:00:00Z,0
app/bodegaai-production-alb/31b69d3d76ab5ed1,targetgroup/bodegaai-production-store-servic/736691f5beac1ff1,RequestCountPerTarget,2026-06-06T21:00:00Z,2026-06-06T22:00:00Z,0
app/bodegaai-production-alb/31b69d3d76ab5ed1,targetgroup/bodegaai-production-store-servic/736691f5beac1ff1,RequestCountPerTarget,2026-06-06T22:00:00Z,2026-06-06T23:00:00Z,0
app/bodegaai-production-alb/31b69d3d76ab5ed1,targetgroup/bodegaai-production-store-servic/736691f5beac1ff1,RequestCountPerTarget,2026-06-06T23:00:00Z,2026-06-07T00:00:00Z,0
app/bodegaai-production-alb/31b69d3d76ab5ed1,targetgroup/bodegaai-production-store-servic/736691f5beac1ff1,RequestCountPerTarget,2026-06-07T00:00:00Z,2026-06-07T01:00:00Z,0
app/bodegaai-production-alb/31b69d3d76ab5ed1,targetgroup/bodegaai-production-store-servic/736691f5beac1ff1,RequestCountPerTarget,2026-06-07T01:00:00Z,2026-06-07T02:00:00Z,0
app/bodegaai-production-alb/31b69d3d76ab5ed1,targetgroup/bodegaai-production-store-servic/736691f5beac1ff1,RequestCountPerTarget,2026-06-07T02:00:00Z,2026-06-07T03:00:00Z,0
app/bodegaai-production-alb/31b69d3d76ab5ed1,targetgroup/bodegaai-production-store-servic/736691f5beac1ff1,RequestCountPerTarget,2026-06-07T03:00:00Z,2026-06-07T04:00:00Z,0
app/bodegaai-production-alb/31b69d3d76ab5ed1,targetgroup/bodegaai-production-store-servic/736691f5beac1ff1,RequestCountPerTarget,2026-06-07T04:00:00Z,2026-06-07T05:00:00Z,0
app/bodegaai-production-alb/31b69d3d76ab5ed1,targetgroup/bodegaai-production-store-servic/736691f5beac1ff1,RequestCountPerTarget,2026-06-07T05:00:00Z,2026-06-07T06:00:00Z,0
app/bodegaai-production-alb/31b69d3d76ab5ed1,targetgroup/bodegaai-production-store-servic/736691f5beac1ff1,RequestCountPerTarget,2026-06-07T06:00:00Z,2026-06-07T07:00:00Z,0
app/bodegaai-production-alb/31b69d3d76ab5ed1,targetgroup/bodegaai-production-store-servic/736691f5beac1ff1,RequestCountPerTarget,2026-06-07T07:00:00Z,2026-06-07T08:00:00Z,0
app/bodegaai-production-alb/31b69d3d76ab5ed1,targetgroup/bodegaai-production-store-servic/736691f5beac1ff1,RequestCountPerTarget,2026-06-07T08:00:00Z,2026-06-07T09:00:00Z,0
app/bodegaai-production-alb/31b69d3d76ab5ed1,targetgroup/bodegaai-production-store-servic/736691f5beac1ff1,RequestCountPerTarget,2026-06-07T09:00:00Z,2026-06-07T10:00:00Z,0
app/bodegaai-production-alb/31b69d3d76ab5ed1,targetgroup/bodegaai-production-store-servic/736691f5beac1ff1,RequestCountPerTarget,2026-06-07T10:00:00Z,2026-06-07T11:00:00Z,0
app/bodegaai-production-alb/31b69d3d76ab5ed1,targetgroup/bodegaai-production-store-servic/736691f5beac1ff1,RequestCountPerTarget,2026-06-07T11:00:00Z,2026-06-07T12:00:00Z,0
app/bodegaai-production-alb/31b69d3d76ab5ed1,targetgroup/bodegaai-production-store-servic/736691f5beac1ff1,RequestCountPerTarget,2026-06-07T12:00:00Z,2026-06-07T13:00:00Z,0
app/bodegaai-production-alb/31b69d3d76ab5ed1,targetgroup/bodegaai-production-store-servic/736691f5beac1ff1,RequestCountPerTarget,2026-06-07T13:00:00Z,2026-06-07T14:00:00Z,0
app/bodegaai-production-alb/31b69d3d76ab5ed1,targetgroup/bodegaai-production-store-servic/736691f5beac1ff1,RequestCountPerTarget,2026-06-07T14:00:00Z,2026-06-07T15:00:00Z,0
app/bodegaai-production-alb/31b69d3d76ab5ed1,targetgroup/bodegaai-production-store-servic/736691f5beac1ff1,RequestCountPerTarget,2026-06-07T15:00:00Z,2026-06-07T16:00:00Z,0
app/bodegaai-production-alb/31b69d3d76ab5ed1,targetgroup/bodegaai-production-store-servic/736691f5beac1ff1,RequestCountPerTarget,2026-06-07T16:00:00Z,2026-06-07T17:00:00Z,0
app/bodegaai-production-alb/31b69d3d76ab5ed1,targetgroup/bodegaai-production-store-servic/736691f5beac1ff1,RequestCountPerTarget,2026-06-07T17:00:00Z,2026-06-07T18:00:00Z,0
app/bodegaai-production-alb/31b69d3d76ab5ed1,targetgroup/bodegaai-production-store-servic/736691f5beac1ff1,RequestCountPerTarget,2026-06-07T18:00:00Z,2026-06-07T19:00:00Z,0
app/bodegaai-production-alb/31b69d3d76ab5ed1,targetgroup/bodegaai-production-store-servic/736691f5beac1ff1,RequestCountPerTarget,2026-06-07T19:00:00Z,2026-06-07T20:00:00Z,0
app/bodegaai-production-alb/31b69d3d76ab5ed1,targetgroup/bodegaai-production-store-servic/736691f5beac1ff1,RequestCountPerTarget,2026-06-07T20:00:00Z,2026-06-07T21:00:00Z,0
app/bodegaai-production-alb/31b69d3d76ab5ed1,targetgroup/bodegaai-production-store-servic/736691f5beac1ff1,RequestCountPerTarget,2026-06-07T21:00:00Z,2026-06-07T22:00:00Z,0
app/bodegaai-production-alb/31b69d3d76ab5ed1,targetgroup/bodegaai-production-store-servic/736691f5beac1ff1,RequestCountPerTarget,2026-06-07T22:00:00Z,2026-06-07T23:00:00Z,0
app/bodegaai-production-alb/31b69d3d76ab5ed1,targetgroup/bodegaai-production-store-servic/736691f5beac1ff1,RequestCountPerTarget,2026-06-07T23:00:00Z,2026-06-08T00:00:00Z,0
app/bodegaai-production-alb/31b69d3d76ab5ed1,targetgroup/bodegaai-production-store-servic/736691f5beac1ff1,RequestCountPerTarget,2026-06-08T00:00:00Z,2026-06-08T01:00:00Z,0
app/bodegaai-production-alb/31b69d3d76ab5ed1,targetgroup/bodegaai-production-store-servic/736691f5beac1ff1,RequestCountPerTarget,2026-06-08T01:00:00Z,2026-06-08T02:00:00Z,0
app/bodegaai-production-alb/31b69d3d76ab5ed1,targetgroup/bodegaai-production-store-servic/736691f5beac1ff1,RequestCountPerTarget,2026-06-08T02:00:00Z,2026-06-08T03:00:00Z,0
app/bodegaai-production-alb/31b69d3d76ab5ed1,targetgroup/bodegaai-production-store-servic/736691f5beac1ff1,RequestCountPerTarget,2026-06-08T03:00:00Z,2026-06-08T04:00:00Z,0
app/bodegaai-production-alb/31b69d3d76ab5ed1,targetgroup/bodegaai-production-store-servic/736691f5beac1ff1,RequestCountPerTarget,2026-06-08T04:00:00Z,2026-06-08T05:00:00Z,0
app/bodegaai-production-alb/31b69d3d76ab5ed1,targetgroup/bodegaai-production-store-servic/736691f5beac1ff1,RequestCountPerTarget,2026-06-08T05:00:00Z,2026-06-08T06:00:00Z,0
app/bodegaai-production-alb/31b69d3d76ab5ed1,targetgroup/bodegaai-production-store-servic/736691f5beac1ff1,RequestCountPerTarget,2026-06-08T06:00:00Z,2026-06-08T07:00:00Z,0
app/bodegaai-production-alb/31b69d3d76ab5ed1,targetgroup/bodegaai-production-store-servic/736691f5beac1ff1,RequestCountPerTarget,2026-06-08T07:00:00Z,2026-06-08T08:00:00Z,0
app/bodegaai-production-alb/31b69d3d76ab5ed1,targetgroup/bodegaai-production-store-servic/736691f5beac1ff1,RequestCountPerTarget,2026-06-08T08:00:00Z,2026-06-08T09:00:00Z,0
app/bodegaai-production-alb/31b69d3d76ab5ed1,targetgroup/bodegaai-production-store-servic/736691f5beac1ff1,RequestCountPerTarget,2026-06-08T09:00:00Z,2026-06-08T10:00:00Z,0
app/bodegaai-production-alb/31b69d3d76ab5ed1,targetgroup/bodegaai-production-store-servic/736691f5beac1ff1,RequestCountPerTarget,2026-06-08T10:00:00Z,2026-06-08T11:00:00Z,0
app/bodegaai-production-alb/31b69d3d76ab5ed1,targetgroup/bodegaai-production-store-servic/736691f5beac1ff1,RequestCountPerTarget,2026-06-08T11:00:00Z,2026-06-08T12:00:00Z,0
app/bodegaai-production-alb/31b69d3d76ab5ed1,targetgroup/bodegaai-production-store-servic/736691f5beac1ff1,RequestCountPerTarget,2026-06-08T12:00:00Z,2026-06-08T13:00:00Z,0
app/bodegaai-production-alb/31b69d3d76ab5ed1,targetgroup/bodegaai-production-store-servic/736691f5beac1ff1,RequestCountPerTarget,2026-06-08T13:00:00Z,2026-06-08T14:00:00Z,0
app/bodegaai-production-alb/31b69d3d76ab5ed1,targetgroup/bodegaai-production-store-servic/736691f5beac1ff1,RequestCountPerTarget,2026-06-08T14:00:00Z,2026-06-08T15:00:00Z,0
app/bodegaai-production-alb/31b69d3d76ab5ed1,targetgroup/bodegaai-production-store-servic/736691f5beac1ff1,RequestCountPerTarget,2026-06-08T15:00:00Z,2026-06-08T16:00:00Z,0
app/bodegaai-production-alb/31b69d3d76ab5ed1,targetgroup/bodegaai-production-store-servic/736691f5beac1ff1,RequestCountPerTarget,2026-06-08T16:00:00Z,2026-06-08T17:00:00Z,0
app/bodegaai-production-alb/31b69d3d76ab5ed1,targetgroup/bodegaai-production-store-servic/736691f5beac1ff1,RequestCountPerTarget,2026-06-08T17:00:00Z,2026-06-08T18:00:00Z,0
app/bodegaai-production-alb/31b69d3d76ab5ed1,targetgroup/bodegaai-production-store-servic/736691f5beac1ff1,RequestCountPerTarget,2026-06-08T18:00:00Z,2026-06-08T19:00:00Z,0
app/bodegaai-production-alb/31b69d3d76ab5ed1,targetgroup/bodegaai-production-store-servic/736691f5beac1ff1,RequestCountPerTarget,2026-06-08T19:00:00Z,2026-06-08T20:00:00Z,0
app/bodegaai-production-alb/31b69d3d76ab5ed1,targetgroup/bodegaai-production-store-servic/736691f5beac1ff1,RequestCountPerTarget,2026-06-08T20:00:00Z,2026-06-08T21:00:00Z,0
app/bodegaai-production-alb/31b69d3d76ab5ed1,targetgroup/bodegaai-production-store-servic/736691f5beac1ff1,RequestCountPerTarget,2026-06-08T21:00:00Z,2026-06-08T22:00:00Z,0
app/bodegaai-production-alb/31b69d3d76ab5ed1,targetgroup/bodegaai-production-store-servic/736691f5beac1ff1,RequestCountPerTarget,2026-06-08T22:00:00Z,2026-06-08T23:00:00Z,0
app/bodegaai-production-alb/31b69d3d76ab5ed1,targetgroup/bodegaai-production-store-servic/736691f5beac1ff1,RequestCountPerTarget,2026-06-08T23:00:00Z,2026-06-09T00:00:00Z,0
app/bodegaai-production-alb/31b69d3d76ab5ed1,targetgroup/bodegaai-production-store-servic/736691f5beac1ff1,RequestCountPerTarget,2026-06-09T00:00:00Z,2026-06-09T01:00:00Z,0
app/bodegaai-production-alb/31b69d3d76ab5ed1,targetgroup/bodegaai-production-store-servic/736691f5beac1ff1,RequestCountPerTarget,2026-06-09T01:00:00Z,2026-06-09T02:00:00Z,0
app/bodegaai-production-alb/31b69d3d76ab5ed1,targetgroup/bodegaai-production-store-servic/736691f5beac1ff1,RequestCountPerTarget,2026-06-09T02:00:00Z,2026-06-09T03:00:00Z,0
app/bodegaai-production-alb/31b69d3d76ab5ed1,targetgroup/bodegaai-production-store-servic/736691f5beac1ff1,RequestCountPerTarget,2026-06-09T03:00:00Z,2026-06-09T04:00:00Z,0
app/bodegaai-production-alb/31b69d3d76ab5ed1,targetgroup/bodegaai-production-store-servic/736691f5beac1ff1,RequestCountPerTarget,2026-06-09T04:00:00Z,2026-06-09T05:00:00Z,0
app/bodegaai-production-alb/31b69d3d76ab5ed1,targetgroup/bodegaai-production-store-servic/736691f5beac1ff1,RequestCountPerTarget,2026-06-09T05:00:00Z,2026-06-09T06:00:00Z,0
app/bodegaai-production-alb/31b69d3d76ab5ed1,targetgroup/bodegaai-production-store-servic/736691f5beac1ff1,RequestCountPerTarget,2026-06-09T06:00:00Z,2026-06-09T07:00:00Z,0
app/bodegaai-production-alb/31b69d3d76ab5ed1,targetgroup/bodegaai-production-store-servic/736691f5beac1ff1,RequestCountPerTarget,2026-06-09T07:00:00Z,2026-06-09T08:00:00Z,0
app/bodegaai-production-alb/31b69d3d76ab5ed1,targetgroup/bodegaai-production-store-servic/736691f5beac1ff1,RequestCountPerTarget,2026-06-09T08:00:00Z,2026-06-09T09:00:00Z,0
app/bodegaai-production-alb/31b69d3d76ab5ed1,targetgroup/bodegaai-production-store-servic/736691f5beac1ff1,RequestCountPerTarget,2026-06-09T09:00:00Z,2026-06-09T10:00:00Z,0
app/bodegaai-production-alb/31b69d3d76ab5ed1,targetgroup/bodegaai-production-store-servic/736691f5beac1ff1,RequestCountPerTarget,2026-06-09T10:00:00Z,2026-06-09T11:00:00Z,0
app/bodegaai-production-alb/31b69d3d76ab5ed1,targetgroup/bodegaai-production-store-servic/736691f5beac1ff1,RequestCountPerTarget,2026-06-09T11:00:00Z,2026-06-09T12:00:00Z,0
app/bodegaai-production-alb/31b69d3d76ab5ed1,targetgroup/bodegaai-production-store-servic/736691f5beac1ff1,RequestCountPerTarget,2026-06-09T12:00:00Z,2026-06-09T13:00:00Z,0
app/bodegaai-production-alb/31b69d3d76ab5ed1,targetgroup/bodegaai-production-store-servic/736691f5beac1ff1,RequestCountPerTarget,2026-06-09T13:00:00Z,2026-06-09T14:00:00Z,0
app/bodegaai-production-alb/31b69d3d76ab5ed1,targetgroup/bodegaai-production-store-servic/736691f5beac1ff1,RequestCountPerTarget,2026-06-09T14:00:00Z,2026-06-09T15:00:00Z,0
app/bodegaai-production-alb/31b69d3d76ab5ed1,targetgroup/bodegaai-production-store-servic/736691f5beac1ff1,RequestCountPerTarget,2026-06-09T15:00:00Z,2026-06-09T16:00:00Z,0
app/bodegaai-production-alb/31b69d3d76ab5ed1,targetgroup/bodegaai-production-store-servic/736691f5beac1ff1,RequestCountPerTarget,2026-06-09T16:00:00Z,2026-06-09T17:00:00Z,0
app/bodegaai-production-alb/31b69d3d76ab5ed1,targetgroup/bodegaai-production-store-servic/736691f5beac1ff1,RequestCountPerTarget,2026-06-09T17:00:00Z,2026-06-09T18:00:00Z,0
app/bodegaai-production-alb/31b69d3d76ab5ed1,targetgroup/bodegaai-production-store-servic/736691f5beac1ff1,RequestCountPerTarget,2026-06-09T18:00:00Z,2026-06-09T19:00:00Z,0
app/bodegaai-production-alb/31b69d3d76ab5ed1,targetgroup/bodegaai-production-store-servic/736691f5beac1ff1,RequestCountPerTarget,2026-06-09T19:00:00Z,2026-06-09T20:00:00Z,0
app/bodegaai-production-alb/31b69d3d76ab5ed1,targetgroup/bodegaai-production-store-servic/736691f5beac1ff1,RequestCountPerTarget,2026-06-09T20:00:00Z,2026-06-09T21:00:00Z,0
app/bodegaai-production-alb/31b69d3d76ab5ed1,targetgroup/bodegaai-production-store-servic/736691f5beac1ff1,RequestCountPerTarget,2026-06-09T21:00:00Z,2026-06-09T22:00:00Z,0
app/bodegaai-production-alb/31b69d3d76ab5ed1,targetgroup/bodegaai-production-store-servic/736691f5beac1ff1,RequestCountPerTarget,2026-06-09T22:00:00Z,2026-06-09T23:00:00Z,0
app/bodegaai-production-alb/31b69d3d76ab5ed1,targetgroup/bodegaai-production-store-servic/736691f5beac1ff1,RequestCountPerTarget,2026-06-09T23:00:00Z,2026-06-10T00:00:00Z,0
app/bodegaai-production-alb/31b69d3d76ab5ed1,targetgroup/bodegaai-production-store-servic/736691f5beac1ff1,RequestCountPerTarget,2026-06-10T00:00:00Z,2026-06-10T01:00:00Z,0
app/bodegaai-production-alb/31b69d3d76ab5ed1,targetgroup/bodegaai-production-store-servic/736691f5beac1ff1,RequestCountPerTarget,2026-06-10T01:00:00Z,2026-06-10T02:00:00Z,0
app/bodegaai-production-alb/31b69d3d76ab5ed1,targetgroup/bodegaai-production-store-servic/736691f5beac1ff1,RequestCountPerTarget,2026-06-10T02:00:00Z,2026-06-10T03:00:00Z,0
app/bodegaai-production-alb/31b69d3d76ab5ed1,targetgroup/bodegaai-production-store-servic/736691f5beac1ff1,RequestCountPerTarget,2026-06-10T03:00:00Z,2026-06-10T04:00:00Z,0
app/bodegaai-production-alb/31b69d3d76ab5ed1,targetgroup/bodegaai-production-store-servic/736691f5beac1ff1,RequestCountPerTarget,2026-06-10T04:00:00Z,2026-06-10T05:00:00Z,0
app/bodegaai-production-alb/31b69d3d76ab5ed1,targetgroup/bodegaai-production-store-servic/736691f5beac1ff1,RequestCountPerTarget,2026-06-10T05:00:00Z,2026-06-10T06:00:00Z,0
app/bodegaai-production-alb/31b69d3d76ab5ed1,targetgroup/bodegaai-production-store-servic/736691f5beac1ff1,RequestCountPerTarget,2026-06-10T06:00:00Z,2026-06-10T07:00:00Z,0
app/bodegaai-production-alb/31b69d3d76ab5ed1,targetgroup/bodegaai-production-store-servic/736691f5beac1ff1,RequestCountPerTarget,2026-06-10T07:00:00Z,2026-06-10T08:00:00Z,0
app/bodegaai-production-alb/31b69d3d76ab5ed1,targetgroup/bodegaai-production-store-servic/736691f5beac1ff1,RequestCountPerTarget,2026-06-10T08:00:00Z,2026-06-10T09:00:00Z,0
app/bodegaai-production-alb/31b69d3d76ab5ed1,targetgroup/bodegaai-production-store-servic/736691f5beac1ff1,RequestCountPerTarget,2026-06-10T09:00:00Z,2026-06-10T10:00:00Z,0
app/bodegaai-production-alb/31b69d3d76ab5ed1,targetgroup/bodegaai-production-store-servic/736691f5beac1ff1,RequestCountPerTarget,2026-06-10T10:00:00Z,2026-06-10T11:00:00Z,0
app/bodegaai-production-alb/31b69d3d76ab5ed1,targetgroup/bodegaai-production-store-servic/736691f5beac1ff1,RequestCountPerTarget,2026-06-10T11:00:00Z,2026-06-10T12:00:00Z,0
app/bodegaai-production-alb/31b69d3d76ab5ed1,targetgroup/bodegaai-production-store-servic/736691f5beac1ff1,RequestCountPerTarget,2026-06-10T12:00:00Z,2026-06-10T13:00:00Z,0
app/bodegaai-production-alb/31b69d3d76ab5ed1,targetgroup/bodegaai-production-store-servic/736691f5beac1ff1,RequestCountPerTarget,2026-06-10T13:00:00Z,2026-06-10T14:00:00Z,0
app/bodegaai-production-alb/31b69d3d76ab5ed1,targetgroup/bodegaai-production-store-servic/736691f5beac1ff1,RequestCountPerTarget,2026-06-10T14:00:00Z,2026-06-10T15:00:00Z,0
app/bodegaai-production-alb/31b69d3d76ab5ed1,targetgroup/bodegaai-production-store-servic/736691f5beac1ff1,RequestCountPerTarget,2026-06-10T15:00:00Z,2026-06-10T16:00:00Z,0
app/bodegaai-production-alb/31b69d3d76ab5ed1,targetgroup/bodegaai-production-store-servic/736691f5beac1ff1,RequestCountPerTarget,2026-06-10T16:00:00Z,2026-06-10T17:00:00Z,0
app/bodegaai-production-alb/31b69d3d76ab5ed1,targetgroup/bodegaai-production-store-servic/736691f5beac1ff1,RequestCountPerTarget,2026-06-10T17:00:00Z,2026-06-10T18:00:00Z,0
app/bodegaai-production-alb/31b69d3d76ab5ed1,targetgroup/bodegaai-production-store-servic/736691f5beac1ff1,RequestCountPerTarget,2026-06-10T18:00:00Z,2026-06-10T19:00:00Z,0
app/bodegaai-production-alb/31b69d3d76ab5ed1,targetgroup/bodegaai-production-store-servic/736691f5beac1ff1,RequestCountPerTarget,2026-06-10T19:00:00Z,2026-06-10T20:00:00Z,0
app/bodegaai-production-alb/31b69d3d76ab5ed1,targetgroup/bodegaai-production-store-servic/736691f5beac1ff1,RequestCountPerTarget,2026-06-10T20:00:00Z,2026-06-10T21:00:00Z,0
app/bodegaai-production-alb/31b69d3d76ab5ed1,targetgroup/bodegaai-production-store-servic/736691f5beac1ff1,RequestCountPerTarget,2026-06-10T21:00:00Z,2026-06-10T22:00:00Z,0
app/bodegaai-production-alb/31b69d3d76ab5ed1,targetgroup/bodegaai-production-store-servic/736691f5beac1ff1,RequestCountPerTarget,2026-06-10T22:00:00Z,2026-06-10T23:00:00Z,0
app/bodegaai-production-alb/31b69d3d76ab5ed1,targetgroup/bodegaai-production-store-servic/736691f5beac1ff1,RequestCountPerTarget,2026-06-10T23:00:00Z,2026-06-11T00:00:00Z,0
app/bodegaai-production-alb/31b69d3d76ab5ed1,targetgroup/bodegaai-production-store-servic/736691f5beac1ff1,RequestCountPerTarget,2026-06-11T00:00:00Z,2026-06-11T01:00:00Z,0
app/bodegaai-production-alb/31b69d3d76ab5ed1,targetgroup/bodegaai-production-store-servic/736691f5beac1ff1,RequestCountPerTarget,2026-06-11T01:00:00Z,2026-06-11T02:00:00Z,0
app/bodegaai-production-alb/31b69d3d76ab5ed1,targetgroup/bodegaai-production-store-servic/736691f5beac1ff1,RequestCountPerTarget,2026-06-11T02:00:00Z,2026-06-11T03:00:00Z,0
app/bodegaai-production-alb/31b69d3d76ab5ed1,targetgroup/bodegaai-production-store-servic/736691f5beac1ff1,RequestCountPerTarget,2026-06-11T03:00:00Z,2026-06-11T04:00:00Z,0
app/bodegaai-production-alb/31b69d3d76ab5ed1,targetgroup/bodegaai-production-store-servic/736691f5beac1ff1,RequestCountPerTarget,2026-06-11T04:00:00Z,2026-06-11T05:00:00Z,0
app/bodegaai-production-alb/31b69d3d76ab5ed1,targetgroup/bodegaai-production-store-servic/736691f5beac1ff1,RequestCountPerTarget,2026-06-11T05:00:00Z,2026-06-11T06:00:00Z,0
app/bodegaai-production-alb/31b69d3d76ab5ed1,targetgroup/bodegaai-production-store-servic/736691f5beac1ff1,RequestCountPerTarget,2026-06-11T06:00:00Z,2026-06-11T07:00:00Z,0
app/bodegaai-production-alb/31b69d3d76ab5ed1,targetgroup/bodegaai-production-store-servic/736691f5beac1ff1,RequestCountPerTarget,2026-06-11T07:00:00Z,2026-06-11T08:00:00Z,0
app/bodegaai-production-alb/31b69d3d76ab5ed1,targetgroup/bodegaai-production-store-servic/736691f5beac1ff1,RequestCountPerTarget,2026-06-11T08:00:00Z,2026-06-11T09:00:00Z,0
app/bodegaai-production-alb/31b69d3d76ab5ed1,targetgroup/bodegaai-production-store-servic/736691f5beac1ff1,RequestCountPerTarget,2026-06-11T09:00:00Z,2026-06-11T10:00:00Z,0
app/bodegaai-production-alb/31b69d3d76ab5ed1,targetgroup/bodegaai-production-store-servic/736691f5beac1ff1,RequestCountPerTarget,2026-06-11T10:00:00Z,2026-06-11T11:00:00Z,0
app/bodegaai-production-alb/31b69d3d76ab5ed1,targetgroup/bodegaai-production-store-servic/736691f5beac1ff1,RequestCountPerTarget,2026-06-11T11:00:00Z,2026-06-11T12:00:00Z,0
app/bodegaai-production-alb/31b69d3d76ab5ed1,targetgroup/bodegaai-production-store-servic/736691f5beac1ff1,RequestCountPerTarget,2026-06-11T12:00:00Z,2026-06-11T13:00:00Z,0
app/bodegaai-production-alb/31b69d3d76ab5ed1,targetgroup/bodegaai-production-store-servic/736691f5beac1ff1,RequestCountPerTarget,2026-06-11T13:00:00Z,2026-06-11T14:00:00Z,0
app/bodegaai-production-alb/31b69d3d76ab5ed1,targetgroup/bodegaai-production-store-servic/736691f5beac1ff1,RequestCountPerTarget,2026-06-11T14:00:00Z,2026-06-11T15:00:00Z,0
app/bodegaai-production-alb/31b69d3d76ab5ed1,targetgroup/bodegaai-production-store-servic/736691f5beac1ff1,RequestCountPerTarget,2026-06-11T15:00:00Z,2026-06-11T16:00:00Z,0
app/bodegaai-production-alb/31b69d3d76ab5ed1,targetgroup/bodegaai-production-store-servic/736691f5beac1ff1,RequestCountPerTarget,2026-06-11T16:00:00Z,2026-06-11T17:00:00Z,0
app/bodegaai-production-alb/31b69d3d76ab5ed1,targetgroup/bodegaai-production-store-servic/736691f5beac1ff1,RequestCountPerTarget,2026-06-11T17:00:00Z,2026-06-11T18:00:00Z,0
app/bodegaai-production-alb/31b69d3d76ab5ed1,targetgroup/bodegaai-production-store-servic/736691f5beac1ff1,RequestCountPerTarget,2026-06-11T18:00:00Z,2026-06-11T19:00:00Z,0
app/bodegaai-production-alb/31b69d3d76ab5ed1,targetgroup/bodegaai-production-store-servic/736691f5beac1ff1,RequestCountPerTarget,2026-06-11T19:00:00Z,2026-06-11T20:00:00Z,0
app/bodegaai-production-alb/31b69d3d76ab5ed1,targetgroup/bodegaai-production-store-servic/736691f5beac1ff1,RequestCountPerTarget,2026-06-11T20:00:00Z,2026-06-11T21:00:00Z,0
app/bodegaai-production-alb/31b69d3d76ab5ed1,targetgroup/bodegaai-production-store-servic/736691f5beac1ff1,RequestCountPerTarget,2026-06-11T21:00:00Z,2026-06-11T22:00:00Z,0
app/bodegaai-production-alb/31b69d3d76ab5ed1,targetgroup/bodegaai-production-store-servic/736691f5beac1ff1,RequestCountPerTarget,2026-06-11T22:00:00Z,2026-06-11T23:00:00Z,0
app/bodegaai-production-alb/31b69d3d76ab5ed1,targetgroup/bodegaai-production-store-servic/736691f5beac1ff1,RequestCountPerTarget,2026-06-11T23:00:00Z,2026-06-12T00:00:00Z,0
app/bodegaai-production-alb/31b69d3d76ab5ed1,targetgroup/bodegaai-production-store-servic/736691f5beac1ff1,RequestCountPerTarget,2026-06-12T00:00:00Z,2026-06-12T01:00:00Z,0
app/bodegaai-production-alb/31b69d3d76ab5ed1,targetgroup/bodegaai-production-store-servic/736691f5beac1ff1,RequestCountPerTarget,2026-06-12T01:00:00Z,2026-06-12T02:00:00Z,0
app/bodegaai-production-alb/31b69d3d76ab5ed1,targetgroup/bodegaai-production-store-servic/736691f5beac1ff1,RequestCountPerTarget,2026-06-12T02:00:00Z,2026-06-12T03:00:00Z,0
app/bodegaai-production-alb/31b69d3d76ab5ed1,targetgroup/bodegaai-production-store-servic/736691f5beac1ff1,RequestCountPerTarget,2026-06-12T03:00:00Z,2026-06-12T04:00:00Z,0
app/bodegaai-production-alb/31b69d3d76ab5ed1,targetgroup/bodegaai-production-store-servic/736691f5beac1ff1,RequestCountPerTarget,2026-06-12T04:00:00Z,2026-06-12T05:00:00Z,0
app/bodegaai-production-alb/31b69d3d76ab5ed1,targetgroup/bodegaai-production-store-servic/736691f5beac1ff1,RequestCountPerTarget,2026-06-12T05:00:00Z,2026-06-12T06:00:00Z,0
app/bodegaai-production-alb/31b69d3d76ab5ed1,targetgroup/bodegaai-production-store-servic/736691f5beac1ff1,RequestCountPerTarget,2026-06-12T06:00:00Z,2026-06-12T07:00:00Z,0
app/bodegaai-production-alb/31b69d3d76ab5ed1,targetgroup/bodegaai-production-store-servic/736691f5beac1ff1,RequestCountPerTarget,2026-06-12T07:00:00Z,2026-06-12T08:00:00Z,0
app/bodegaai-production-alb/31b69d3d76ab5ed1,targetgroup/bodegaai-production-store-servic/736691f5beac1ff1,RequestCountPerTarget,2026-06-12T08:00:00Z,2026-06-12T09:00:00Z,0
app/bodegaai-production-alb/31b69d3d76ab5ed1,targetgroup/bodegaai-production-store-servic/736691f5beac1ff1,RequestCountPerTarget,2026-06-12T09:00:00Z,2026-06-12T10:00:00Z,0
app/bodegaai-production-alb/31b69d3d76ab5ed1,targetgroup/bodegaai-production-store-servic/736691f5beac1ff1,RequestCountPerTarget,2026-06-12T10:00:00Z,2026-06-12T11:00:00Z,0
app/bodegaai-production-alb/31b69d3d76ab5ed1,targetgroup/bodegaai-production-store-servic/736691f5beac1ff1,RequestCountPerTarget,2026-06-12T11:00:00Z,2026-06-12T12:00:00Z,0
app/bodegaai-production-alb/31b69d3d76ab5ed1,targetgroup/bodegaai-production-store-servic/736691f5beac1ff1,RequestCountPerTarget,2026-06-12T12:00:00Z,2026-06-12T13:00:00Z,0
app/bodegaai-production-alb/31b69d3d76ab5ed1,targetgroup/bodegaai-production-store-servic/736691f5beac1ff1,RequestCountPerTarget,2026-06-12T13:00:00Z,2026-06-12T14:00:00Z,0
app/bodegaai-production-alb/31b69d3d76ab5ed1,targetgroup/bodegaai-production-store-servic/736691f5beac1ff1,RequestCountPerTarget,2026-06-12T14:00:00Z,2026-06-12T15:00:00Z,0
app/bodegaai-production-alb/31b69d3d76ab5ed1,targetgroup/bodegaai-production-store-servic/736691f5beac1ff1,RequestCountPerTarget,2026-06-12T15:00:00Z,2026-06-12T16:00:00Z,0
app/bodegaai-production-alb/31b69d3d76ab5ed1,targetgroup/bodegaai-production-store-servic/736691f5beac1ff1,RequestCountPerTarget,2026-06-12T16:00:00Z,2026-06-12T17:00:00Z,0
app/bodegaai-production-alb/31b69d3d76ab5ed1,targetgroup/bodegaai-production-store-servic/736691f5beac1ff1,RequestCountPerTarget,2026-06-12T17:00:00Z,2026-06-12T18:00:00Z,0
app/bodegaai-production-alb/31b69d3d76ab5ed1,targetgroup/bodegaai-production-store-servic/736691f5beac1ff1,RequestCountPerTarget,2026-06-12T18:00:00Z,2026-06-12T19:00:00Z,0
app/bodegaai-production-alb/31b69d3d76ab5ed1,targetgroup/bodegaai-production-store-servic/736691f5beac1ff1,RequestCountPerTarget,2026-06-12T19:00:00Z,2026-06-12T20:00:00Z,0
app/bodegaai-production-alb/31b69d3d76ab5ed1,targetgroup/bodegaai-production-store-servic/736691f5beac1ff1,RequestCountPerTarget,2026-06-12T20:00:00Z,2026-06-12T21:00:00Z,0
app/bodegaai-production-alb/31b69d3d76ab5ed1,targetgroup/bodegaai-production-store-servic/736691f5beac1ff1,RequestCountPerTarget,2026-06-12T21:00:00Z,2026-06-12T22:00:00Z,0
app/bodegaai-production-alb/31b69d3d76ab5ed1,targetgroup/bodegaai-production-store-servic/736691f5beac1ff1,RequestCountPerTarget,2026-06-12T22:00:00Z,2026-06-12T23:00:00Z,0
app/bodegaai-production-alb/31b69d3d76ab5ed1,targetgroup/bodegaai-production-store-servic/736691f5beac1ff1,RequestCountPerTarget,2026-06-12T23:00:00Z,2026-06-13T00:00:00Z,0
app/bodegaai-production-alb/31b69d3d76ab5ed1,targetgroup/bodegaai-production-store-servic/736691f5beac1ff1,RequestCountPerTarget,2026-06-13T00:00:00Z,2026-06-13T01:00:00Z,0
app/bodegaai-production-alb/31b69d3d76ab5ed1,targetgroup/bodegaai-production-store-servic/736691f5beac1ff1,RequestCountPerTarget,2026-06-13T01:00:00Z,2026-06-13T02:00:00Z,0
app/bodegaai-production-alb/31b69d3d76ab5ed1,targetgroup/bodegaai-production-store-servic/736691f5beac1ff1,RequestCountPerTarget,2026-06-13T02:00:00Z,2026-06-13T03:00:00Z,0
app/bodegaai-production-alb/31b69d3d76ab5ed1,targetgroup/bodegaai-production-store-servic/736691f5beac1ff1,RequestCountPerTarget,2026-06-13T03:00:00Z,2026-06-13T04:00:00Z,0
app/bodegaai-production-alb/31b69d3d76ab5ed1,targetgroup/bodegaai-production-store-servic/736691f5beac1ff1,RequestCountPerTarget,2026-06-13T04:00:00Z,2026-06-13T05:00:00Z,0
app/bodegaai-production-alb/31b69d3d76ab5ed1,targetgroup/bodegaai-production-store-servic/736691f5beac1ff1,RequestCountPerTarget,2026-06-13T05:00:00Z,2026-06-13T06:00:00Z,0
app/bodegaai-production-alb/31b69d3d76ab5ed1,targetgroup/bodegaai-production-store-servic/736691f5beac1ff1,RequestCountPerTarget,2026-06-13T06:00:00Z,2026-06-13T07:00:00Z,0
app/bodegaai-production-alb/31b69d3d76ab5ed1,targetgroup/bodegaai-production-store-servic/736691f5beac1ff1,RequestCountPerTarget,2026-06-13T07:00:00Z,2026-06-13T08:00:00Z,0
app/bodegaai-production-alb/31b69d3d76ab5ed1,targetgroup/bodegaai-production-store-servic/736691f5beac1ff1,RequestCountPerTarget,2026-06-13T08:00:00Z,2026-06-13T09:00:00Z,0
app/bodegaai-production-alb/31b69d3d76ab5ed1,targetgroup/bodegaai-production-store-servic/736691f5beac1ff1,RequestCountPerTarget,2026-06-13T09:00:00Z,2026-06-13T10:00:00Z,0
app/bodegaai-production-alb/31b69d3d76ab5ed1,targetgroup/bodegaai-production-store-servic/736691f5beac1ff1,RequestCountPerTarget,2026-06-13T10:00:00Z,2026-06-13T11:00:00Z,0
app/bodegaai-production-alb/31b69d3d76ab5ed1,targetgroup/bodegaai-production-store-servic/736691f5beac1ff1,RequestCountPerTarget,2026-06-13T11:00:00Z,2026-06-13T12:00:00Z,0
app/bodegaai-production-alb/31b69d3d76ab5ed1,targetgroup/bodegaai-production-store-servic/736691f5beac1ff1,RequestCountPerTarget,2026-06-13T12:00:00Z,2026-06-13T13:00:00Z,0
app/bodegaai-production-alb/31b69d3d76ab5ed1,targetgroup/bodegaai-production-store-servic/736691f5beac1ff1,RequestCountPerTarget,2026-06-13T13:00:00Z,2026-06-13T14:00:00Z,0
app/bodegaai-production-alb/31b69d3d76ab5ed1,targetgroup/bodegaai-production-store-servic/736691f5beac1ff1,RequestCountPerTarget,2026-06-13T14:00:00Z,2026-06-13T15:00:00Z,0
app/bodegaai-production-alb/31b69d3d76ab5ed1,targetgroup/bodegaai-production-store-servic/736691f5beac1ff1,RequestCountPerTarget,2026-06-13T15:00:00Z,2026-06-13T16:00:00Z,0
app/bodegaai-production-alb/31b69d3d76ab5ed1,targetgroup/bodegaai-production-store-servic/736691f5beac1ff1,RequestCountPerTarget,2026-06-13T16:00:00Z,2026-06-13T17:00:00Z,0
app/bodegaai-production-alb/31b69d3d76ab5ed1,targetgroup/bodegaai-production-store-servic/736691f5beac1ff1,RequestCountPerTarget,2026-06-13T17:00:00Z,2026-06-13T18:00:00Z,0
app/bodegaai-production-alb/31b69d3d76ab5ed1,targetgroup/bodegaai-production-store-servic/736691f5beac1ff1,RequestCountPerTarget,2026-06-13T18:00:00Z,2026-06-13T19:00:00Z,0
app/bodegaai-production-alb/31b69d3d76ab5ed1,targetgroup/bodegaai-production-store-servic/736691f5beac1ff1,RequestCountPerTarget,2026-06-13T19:00:00Z,2026-06-13T20:00:00Z,0
app/bodegaai-production-alb/31b69d3d76ab5ed1,targetgroup/bodegaai-production-store-servic/736691f5beac1ff1,RequestCountPerTarget,2026-06-13T20:00:00Z,2026-06-13T21:00:00Z,0
app/bodegaai-production-alb/31b69d3d76ab5ed1,targetgroup/bodegaai-production-store-servic/736691f5beac1ff1,RequestCountPerTarget,2026-06-13T21:00:00Z,2026-06-13T22:00:00Z,0
app/bodegaai-production-alb/31b69d3d76ab5ed1,targetgroup/bodegaai-production-store-servic/736691f5beac1ff1,RequestCountPerTarget,2026-06-13T22:00:00Z,2026-06-13T23:00:00Z,0
app/bodegaai-production-alb/31b69d3d76ab5ed1,targetgroup/bodegaai-production-store-servic/736691f5beac1ff1,RequestCountPerTarget,2026-06-13T23:00:00Z,2026-06-14T00:00:00Z,0
app/bodegaai-production-alb/31b69d3d76ab5ed1,targetgroup/bodegaai-production-store-servic/736691f5beac1ff1,RequestCountPerTarget,2026-06-14T00:00:00Z,2026-06-14T01:00:00Z,0
app/bodegaai-production-alb/31b69d3d76ab5ed1,targetgroup/bodegaai-production-store-servic/736691f5beac1ff1,RequestCountPerTarget,2026-06-14T01:00:00Z,2026-06-14T02:00:00Z,0
app/bodegaai-production-alb/31b69d3d76ab5ed1,targetgroup/bodegaai-production-store-servic/736691f5beac1ff1,RequestCountPerTarget,2026-06-14T02:00:00Z,2026-06-14T03:00:00Z,0
app/bodegaai-production-alb/31b69d3d76ab5ed1,targetgroup/bodegaai-production-store-servic/736691f5beac1ff1,RequestCountPerTarget,2026-06-14T03:00:00Z,2026-06-14T04:00:00Z,0
app/bodegaai-production-alb/31b69d3d76ab5ed1,targetgroup/bodegaai-production-store-servic/736691f5beac1ff1,RequestCountPerTarget,2026-06-14T04:00:00Z,2026-06-14T05:00:00Z,0
app/bodegaai-production-alb/31b69d3d76ab5ed1,targetgroup/bodegaai-production-store-servic/736691f5beac1ff1,RequestCountPerTarget,2026-06-14T05:00:00Z,2026-06-14T06:00:00Z,0
app/bodegaai-production-alb/31b69d3d76ab5ed1,targetgroup/bodegaai-production-store-servic/736691f5beac1ff1,RequestCountPerTarget,2026-06-14T06:00:00Z,2026-06-14T07:00:00Z,0
app/bodegaai-production-alb/31b69d3d76ab5ed1,targetgroup/bodegaai-production-store-servic/736691f5beac1ff1,RequestCountPerTarget,2026-06-14T07:00:00Z,2026-06-14T08:00:00Z,0
app/bodegaai-production-alb/31b69d3d76ab5ed1,targetgroup/bodegaai-production-store-servic/736691f5beac1ff1,RequestCountPerTarget,2026-06-14T08:00:00Z,2026-06-14T09:00:00Z,0
app/bodegaai-production-alb/31b69d3d76ab5ed1,targetgroup/bodegaai-production-store-servic/736691f5beac1ff1,RequestCountPerTarget,2026-06-14T09:00:00Z,2026-06-14T10:00:00Z,0
app/bodegaai-production-alb/31b69d3d76ab5ed1,targetgroup/bodegaai-production-store-servic/736691f5beac1ff1,RequestCountPerTarget,2026-06-14T10:00:00Z,2026-06-14T11:00:00Z,0
app/bodegaai-production-alb/31b69d3d76ab5ed1,targetgroup/bodegaai-production-store-servic/736691f5beac1ff1,RequestCountPerTarget,2026-06-14T11:00:00Z,2026-06-14T12:00:00Z,0
app/bodegaai-production-alb/31b69d3d76ab5ed1,targetgroup/bodegaai-production-store-servic/736691f5beac1ff1,RequestCountPerTarget,2026-06-14T12:00:00Z,2026-06-14T13:00:00Z,0
app/bodegaai-production-alb/31b69d3d76ab5ed1,targetgroup/bodegaai-production-store-servic/736691f5beac1ff1,RequestCountPerTarget,2026-06-14T13:00:00Z,2026-06-14T14:00:00Z,0
app/bodegaai-production-alb/31b69d3d76ab5ed1,targetgroup/bodegaai-production-store-servic/736691f5beac1ff1,RequestCountPerTarget,2026-06-14T14:00:00Z,2026-06-14T15:00:00Z,0
app/bodegaai-production-alb/31b69d3d76ab5ed1,targetgroup/bodegaai-production-store-servic/736691f5beac1ff1,RequestCountPerTarget,2026-06-14T15:00:00Z,2026-06-14T16:00:00Z,0
app/bodegaai-production-alb/31b69d3d76ab5ed1,targetgroup/bodegaai-production-store-servic/736691f5beac1ff1,RequestCountPerTarget,2026-06-14T16:00:00Z,2026-06-14T17:00:00Z,0
app/bodegaai-production-alb/31b69d3d76ab5ed1,targetgroup/bodegaai-production-store-servic/736691f5beac1ff1,RequestCountPerTarget,2026-06-14T17:00:00Z,2026-06-14T18:00:00Z,0
app/bodegaai-production-alb/31b69d3d76ab5ed1,targetgroup/bodegaai-production-store-servic/736691f5beac1ff1,RequestCountPerTarget,2026-06-14T18:00:00Z,2026-06-14T19:00:00Z,0
app/bodegaai-production-alb/31b69d3d76ab5ed1,targetgroup/bodegaai-production-store-servic/736691f5beac1ff1,RequestCountPerTarget,2026-06-14T19:00:00Z,2026-06-14T20:00:00Z,0
app/bodegaai-production-alb/31b69d3d76ab5ed1,targetgroup/bodegaai-production-store-servic/736691f5beac1ff1,RequestCountPerTarget,2026-06-14T20:00:00Z,2026-06-14T21:00:00Z,0
app/bodegaai-production-alb/31b69d3d76ab5ed1,targetgroup/bodegaai-production-store-servic/736691f5beac1ff1,RequestCountPerTarget,2026-06-14T21:00:00Z,2026-06-14T22:00:00Z,0
app/bodegaai-production-alb/31b69d3d76ab5ed1,targetgroup/bodegaai-production-store-servic/736691f5beac1ff1,RequestCountPerTarget,2026-06-14T22:00:00Z,2026-06-14T23:00:00Z,0
app/bodegaai-production-alb/31b69d3d76ab5ed1,targetgroup/bodegaai-production-store-servic/736691f5beac1ff1,RequestCountPerTarget,2026-06-14T23:00:00Z,2026-06-15T00:00:00Z,0
app/bodegaai-production-alb/31b69d3d76ab5ed1,targetgroup/bodegaai-production-store-servic/736691f5beac1ff1,RequestCountPerTarget,2026-06-15T00:00:00Z,2026-06-15T01:00:00Z,0
app/bodegaai-production-alb/31b69d3d76ab5ed1,targetgroup/bodegaai-production-store-servic/736691f5beac1ff1,RequestCountPerTarget,2026-06-15T01:00:00Z,2026-06-15T02:00:00Z,0
app/bodegaai-production-alb/31b69d3d76ab5ed1,targetgroup/bodegaai-production-store-servic/736691f5beac1ff1,RequestCountPerTarget,2026-06-15T02:00:00Z,2026-06-15T03:00:00Z,0
app/bodegaai-production-alb/31b69d3d76ab5ed1,targetgroup/bodegaai-production-store-servic/736691f5beac1ff1,RequestCountPerTarget,2026-06-15T03:00:00Z,2026-06-15T04:00:00Z,0
app/bodegaai-production-alb/31b69d3d76ab5ed1,targetgroup/bodegaai-production-store-servic/736691f5beac1ff1,RequestCountPerTarget,2026-06-15T04:00:00Z,2026-06-15T05:00:00Z,0
app/bodegaai-production-alb/31b69d3d76ab5ed1,targetgroup/bodegaai-production-store-servic/736691f5beac1ff1,RequestCountPerTarget,2026-06-15T05:00:00Z,2026-06-15T06:00:00Z,0
app/bodegaai-production-alb/31b69d3d76ab5ed1,targetgroup/bodegaai-production-store-servic/736691f5beac1ff1,RequestCountPerTarget,2026-06-15T06:00:00Z,2026-06-15T07:00:00Z,0
app/bodegaai-production-alb/31b69d3d76ab5ed1,targetgroup/bodegaai-production-store-servic/736691f5beac1ff1,RequestCountPerTarget,2026-06-15T07:00:00Z,2026-06-15T08:00:00Z,0
app/bodegaai-production-alb/31b69d3d76ab5ed1,targetgroup/bodegaai-production-store-servic/736691f5beac1ff1,RequestCountPerTarget,2026-06-15T08:00:00Z,2026-06-15T09:00:00Z,0
app/bodegaai-production-alb/31b69d3d76ab5ed1,targetgroup/bodegaai-production-store-servic/736691f5beac1ff1,RequestCountPerTarget,2026-06-15T09:00:00Z,2026-06-15T10:00:00Z,0
app/bodegaai-production-alb/31b69d3d76ab5ed1,targetgroup/bodegaai-production-store-servic/736691f5beac1ff1,RequestCountPerTarget,2026-06-15T10:00:00Z,2026-06-15T11:00:00Z,0
app/bodegaai-production-alb/31b69d3d76ab5ed1,targetgroup/bodegaai-production-store-servic/736691f5beac1ff1,RequestCountPerTarget,2026-06-15T11:00:00Z,2026-06-15T12:00:00Z,0
app/bodegaai-production-alb/31b69d3d76ab5ed1,targetgroup/bodegaai-production-store-servic/736691f5beac1ff1,RequestCountPerTarget,2026-06-15T12:00:00Z,2026-06-15T13:00:00Z,0
app/bodegaai-production-alb/31b69d3d76ab5ed1,targetgroup/bodegaai-production-store-servic/736691f5beac1ff1,RequestCountPerTarget,2026-06-15T13:00:00Z,2026-06-15T14:00:00Z,0
app/bodegaai-production-alb/31b69d3d76ab5ed1,targetgroup/bodegaai-production-store-servic/736691f5beac1ff1,RequestCountPerTarget,2026-06-15T14:00:00Z,2026-06-15T15:00:00Z,0
app/bodegaai-production-alb/31b69d3d76ab5ed1,targetgroup/bodegaai-production-store-servic/736691f5beac1ff1,RequestCountPerTarget,2026-06-15T15:00:00Z,2026-06-15T16:00:00Z,0
app/bodegaai-production-alb/31b69d3d76ab5ed1,targetgroup/bodegaai-production-store-servic/736691f5beac1ff1,RequestCountPerTarget,2026-06-15T16:00:00Z,2026-06-15T17:00:00Z,0
app/bodegaai-production-alb/31b69d3d76ab5ed1,targetgroup/bodegaai-production-store-servic/736691f5beac1ff1,RequestCountPerTarget,2026-06-15T17:00:00Z,2026-06-15T18:00:00Z,0
app/bodegaai-production-alb/31b69d3d76ab5ed1,targetgroup/bodegaai-production-store-servic/736691f5beac1ff1,RequestCountPerTarget,2026-06-15T18:00:00Z,2026-06-15T19:00:00Z,0
app/bodegaai-production-alb/31b69d3d76ab5ed1,targetgroup/bodegaai-production-store-servic/736691f5beac1ff1,RequestCountPerTarget,2026-06-15T19:00:00Z,2026-06-15T20:00:00Z,0
app/bodegaai-production-alb/31b69d3d76ab5ed1,targetgroup/bodegaai-production-store-servic/736691f5beac1ff1,RequestCountPerTarget,2026-06-15T20:00:00Z,2026-06-15T21:00:00Z,0
app/bodegaai-production-alb/31b69d3d76ab5ed1,targetgroup/bodegaai-production-store-servic/736691f5beac1ff1,RequestCountPerTarget,2026-06-15T21:00:00Z,2026-06-15T22:00:00Z,0
app/bodegaai-production-alb/31b69d3d76ab5ed1,targetgroup/bodegaai-production-store-servic/736691f5beac1ff1,RequestCountPerTarget,2026-06-15T22:00:00Z,2026-06-15T23:00:00Z,0
app/bodegaai-production-alb/31b69d3d76ab5ed1,targetgroup/bodegaai-production-store-servic/736691f5beac1ff1,RequestCountPerTarget,2026-06-15T23:00:00Z,2026-06-16T00:00:00Z,0
app/bodegaai-production-alb/31b69d3d76ab5ed1,targetgroup/bodegaai-production-store-servic/736691f5beac1ff1,RequestCountPerTarget,2026-06-16T00:00:00Z,2026-06-16T01:00:00Z,0
app/bodegaai-production-alb/31b69d3d76ab5ed1,targetgroup/bodegaai-production-store-servic/736691f5beac1ff1,RequestCountPerTarget,2026-06-16T01:00:00Z,2026-06-16T02:00:00Z,0
app/bodegaai-production-alb/31b69d3d76ab5ed1,targetgroup/bodegaai-production-store-servic/736691f5beac1ff1,RequestCountPerTarget,2026-06-16T02:00:00Z,2026-06-16T03:00:00Z,0
app/bodegaai-production-alb/31b69d3d76ab5ed1,targetgroup/bodegaai-production-store-servic/736691f5beac1ff1,RequestCountPerTarget,2026-06-16T03:00:00Z,2026-06-16T04:00:00Z,0
app/bodegaai-production-alb/31b69d3d76ab5ed1,targetgroup/bodegaai-production-store-servic/736691f5beac1ff1,RequestCountPerTarget,2026-06-16T04:00:00Z,2026-06-16T05:00:00Z,0
app/bodegaai-production-alb/31b69d3d76ab5ed1,targetgroup/bodegaai-production-store-servic/736691f5beac1ff1,RequestCountPerTarget,2026-06-16T05:00:00Z,2026-06-16T06:00:00Z,0
app/bodegaai-production-alb/31b69d3d76ab5ed1,targetgroup/bodegaai-production-store-servic/736691f5beac1ff1,RequestCountPerTarget,2026-06-16T06:00:00Z,2026-06-16T07:00:00Z,0
app/bodegaai-production-alb/31b69d3d76ab5ed1,targetgroup/bodegaai-production-store-servic/736691f5beac1ff1,RequestCountPerTarget,2026-06-16T07:00:00Z,2026-06-16T08:00:00Z,0
app/bodegaai-production-alb/31b69d3d76ab5ed1,targetgroup/bodegaai-production-store-servic/736691f5beac1ff1,RequestCountPerTarget,2026-06-16T08:00:00Z,2026-06-16T09:00:00Z,0
app/bodegaai-production-alb/31b69d3d76ab5ed1,targetgroup/bodegaai-production-store-servic/736691f5beac1ff1,RequestCountPerTarget,2026-06-16T09:00:00Z,2026-06-16T10:00:00Z,0
app/bodegaai-production-alb/31b69d3d76ab5ed1,targetgroup/bodegaai-production-store-servic/736691f5beac1ff1,RequestCountPerTarget,2026-06-16T10:00:00Z,2026-06-16T11:00:00Z,0
app/bodegaai-production-alb/31b69d3d76ab5ed1,targetgroup/bodegaai-production-store-servic/736691f5beac1ff1,RequestCountPerTarget,2026-06-16T11:00:00Z,2026-06-16T12:00:00Z,0
app/bodegaai-production-alb/31b69d3d76ab5ed1,targetgroup/bodegaai-production-store-servic/736691f5beac1ff1,RequestCountPerTarget,2026-06-16T12:00:00Z,2026-06-16T13:00:00Z,0
app/bodegaai-production-alb/31b69d3d76ab5ed1,targetgroup/bodegaai-production-store-servic/736691f5beac1ff1,RequestCountPerTarget,2026-06-16T13:00:00Z,2026-06-16T14:00:00Z,0
app/bodegaai-production-alb/31b69d3d76ab5ed1,targetgroup/bodegaai-production-store-servic/736691f5beac1ff1,RequestCountPerTarget,2026-06-16T14:00:00Z,2026-06-16T15:00:00Z,0
app/bodegaai-production-alb/31b69d3d76ab5ed1,targetgroup/bodegaai-production-store-servic/736691f5beac1ff1,RequestCountPerTarget,2026-06-16T15:00:00Z,2026-06-16T16:00:00Z,0
app/bodegaai-production-alb/31b69d3d76ab5ed1,targetgroup/bodegaai-production-store-servic/736691f5beac1ff1,RequestCountPerTarget,2026-06-16T16:00:00Z,2026-06-16T17:00:00Z,0
app/bodegaai-production-alb/31b69d3d76ab5ed1,targetgroup/bodegaai-production-store-servic/736691f5beac1ff1,RequestCountPerTarget,2026-06-16T17:00:00Z,2026-06-16T18:00:00Z,0
app/bodegaai-production-alb/31b69d3d76ab5ed1,targetgroup/bodegaai-production-store-servic/736691f5beac1ff1,RequestCountPerTarget,2026-06-16T18:00:00Z,2026-06-16T19:00:00Z,0
app/bodegaai-production-alb/31b69d3d76ab5ed1,targetgroup/bodegaai-production-store-servic/736691f5beac1ff1,RequestCountPerTarget,2026-06-16T19:00:00Z,2026-06-16T20:00:00Z,0
app/bodegaai-production-alb/31b69d3d76ab5ed1,targetgroup/bodegaai-production-store-servic/736691f5beac1ff1,RequestCountPerTarget,2026-06-16T20:00:00Z,2026-06-16T21:00:00Z,0
app/bodegaai-production-alb/31b69d3d76ab5ed1,targetgroup/bodegaai-production-store-servic/736691f5beac1ff1,RequestCountPerTarget,2026-06-16T21:00:00Z,2026-06-16T22:00:00Z,0
app/bodegaai-production-alb/31b69d3d76ab5ed1,targetgroup/bodegaai-production-store-servic/736691f5beac1ff1,RequestCountPerTarget,2026-06-16T22:00:00Z,2026-06-16T23:00:00Z,0
app/bodegaai-production-alb/31b69d3d76ab5ed1,targetgroup/bodegaai-production-store-servic/736691f5beac1ff1,RequestCountPerTarget,2026-06-16T23:00:00Z,2026-06-17T00:00:00Z,0
app/bodegaai-production-alb/31b69d3d76ab5ed1,targetgroup/bodegaai-production-store-servic/736691f5beac1ff1,RequestCountPerTarget,2026-06-17T00:00:00Z,2026-06-17T01:00:00Z,0
app/bodegaai-production-alb/31b69d3d76ab5ed1,targetgroup/bodegaai-production-store-servic/736691f5beac1ff1,RequestCountPerTarget,2026-06-17T01:00:00Z,2026-06-17T02:00:00Z,0
app/bodegaai-production-alb/31b69d3d76ab5ed1,targetgroup/bodegaai-production-store-servic/736691f5beac1ff1,RequestCountPerTarget,2026-06-17T02:00:00Z,2026-06-17T03:00:00Z,0
app/bodegaai-production-alb/31b69d3d76ab5ed1,targetgroup/bodegaai-production-store-servic/736691f5beac1ff1,RequestCountPerTarget,2026-06-17T03:00:00Z,2026-06-17T04:00:00Z,0
app/bodegaai-production-alb/31b69d3d76ab5ed1,targetgroup/bodegaai-production-store-servic/736691f5beac1ff1,RequestCountPerTarget,2026-06-17T04:00:00Z,2026-06-17T05:00:00Z,0
app/bodegaai-production-alb/31b69d3d76ab5ed1,targetgroup/bodegaai-production-store-servic/736691f5beac1ff1,RequestCountPerTarget,2026-06-17T05:00:00Z,2026-06-17T06:00:00Z,0
app/bodegaai-production-alb/31b69d3d76ab5ed1,targetgroup/bodegaai-production-store-servic/736691f5beac1ff1,RequestCountPerTarget,2026-06-17T06:00:00Z,2026-06-17T07:00:00Z,0
app/bodegaai-production-alb/31b69d3d76ab5ed1,targetgroup/bodegaai-production-store-servic/736691f5beac1ff1,RequestCountPerTarget,2026-06-17T07:00:00Z,2026-06-17T08:00:00Z,0
app/bodegaai-production-alb/31b69d3d76ab5ed1,targetgroup/bodegaai-production-store-servic/736691f5beac1ff1,RequestCountPerTarget,2026-06-17T08:00:00Z,2026-06-17T09:00:00Z,0
app/bodegaai-production-alb/31b69d3d76ab5ed1,targetgroup/bodegaai-production-store-servic/736691f5beac1ff1,RequestCountPerTarget,2026-06-17T09:00:00Z,2026-06-17T10:00:00Z,0
app/bodegaai-production-alb/31b69d3d76ab5ed1,targetgroup/bodegaai-production-store-servic/736691f5beac1ff1,RequestCountPerTarget,2026-06-17T10:00:00Z,2026-06-17T11:00:00Z,0
app/bodegaai-production-alb/31b69d3d76ab5ed1,targetgroup/bodegaai-production-store-servic/736691f5beac1ff1,RequestCountPerTarget,2026-06-17T11:00:00Z,2026-06-17T12:00:00Z,0
app/bodegaai-production-alb/31b69d3d76ab5ed1,targetgroup/bodegaai-production-store-servic/736691f5beac1ff1,RequestCountPerTarget,2026-06-17T12:00:00Z,2026-06-17T13:00:00Z,0
app/bodegaai-production-alb/31b69d3d76ab5ed1,targetgroup/bodegaai-production-store-servic/736691f5beac1ff1,RequestCountPerTarget,2026-06-17T13:00:00Z,2026-06-17T14:00:00Z,0
app/bodegaai-production-alb/31b69d3d76ab5ed1,targetgroup/bodegaai-production-store-servic/736691f5beac1ff1,RequestCountPerTarget,2026-06-17T14:00:00Z,2026-06-17T15:00:00Z,0
app/bodegaai-production-alb/31b69d3d76ab5ed1,targetgroup/bodegaai-production-store-servic/736691f5beac1ff1,RequestCountPerTarget,2026-06-17T15:00:00Z,2026-06-17T16:00:00Z,0
app/bodegaai-production-alb/31b69d3d76ab5ed1,targetgroup/bodegaai-production-store-servic/736691f5beac1ff1,RequestCountPerTarget,2026-06-17T16:00:00Z,2026-06-17T17:00:00Z,0
app/bodegaai-production-alb/31b69d3d76ab5ed1,targetgroup/bodegaai-production-store-servic/736691f5beac1ff1,RequestCountPerTarget,2026-06-17T17:00:00Z,2026-06-17T18:00:00Z,0
app/bodegaai-production-alb/31b69d3d76ab5ed1,targetgroup/bodegaai-production-store-servic/736691f5beac1ff1,RequestCountPerTarget,2026-06-17T18:00:00Z,2026-06-17T19:00:00Z,0
app/bodegaai-production-alb/31b69d3d76ab5ed1,targetgroup/bodegaai-production-store-servic/736691f5beac1ff1,RequestCountPerTarget,2026-06-17T19:00:00Z,2026-06-17T20:00:00Z,0
app/bodegaai-production-alb/31b69d3d76ab5ed1,targetgroup/bodegaai-production-store-servic/736691f5beac1ff1,RequestCountPerTarget,2026-06-17T20:00:00Z,2026-06-17T21:00:00Z,0
app/bodegaai-production-alb/31b69d3d76ab5ed1,targetgroup/bodegaai-production-store-servic/736691f5beac1ff1,RequestCountPerTarget,2026-06-17T21:00:00Z,2026-06-17T22:00:00Z,0
app/bodegaai-production-alb/31b69d3d76ab5ed1,targetgroup/bodegaai-production-store-servic/736691f5beac1ff1,RequestCountPerTarget,2026-06-17T22:00:00Z,2026-06-17T23:00:00Z,0
app/bodegaai-production-alb/31b69d3d76ab5ed1,targetgroup/bodegaai-production-store-servic/736691f5beac1ff1,RequestCountPerTarget,2026-06-17T23:00:00Z,2026-06-18T00:00:00Z,0
app/bodegaai-production-alb/31b69d3d76ab5ed1,targetgroup/bodegaai-production-store-servic/736691f5beac1ff1,RequestCountPerTarget,2026-06-18T00:00:00Z,2026-06-18T01:00:00Z,0
app/bodegaai-production-alb/31b69d3d76ab5ed1,targetgroup/bodegaai-production-store-servic/736691f5beac1ff1,RequestCountPerTarget,2026-06-18T01:00:00Z,2026-06-18T02:00:00Z,0
app/bodegaai-production-alb/31b69d3d76ab5ed1,targetgroup/bodegaai-production-store-servic/736691f5beac1ff1,RequestCountPerTarget,2026-06-18T02:00:00Z,2026-06-18T03:00:00Z,0
app/bodegaai-production-alb/31b69d3d76ab5ed1,targetgroup/bodegaai-production-store-servic/736691f5beac1ff1,RequestCountPerTarget,2026-06-18T03:00:00Z,2026-06-18T04:00:00Z,0
app/bodegaai-production-alb/31b69d3d76ab5ed1,targetgroup/bodegaai-production-store-servic/736691f5beac1ff1,RequestCountPerTarget,2026-06-18T04:00:00Z,2026-06-18T05:00:00Z,0
app/bodegaai-production-alb/31b69d3d76ab5ed1,targetgroup/bodegaai-production-store-servic/736691f5beac1ff1,RequestCountPerTarget,2026-06-18T05:00:00Z,2026-06-18T06:00:00Z,0
app/bodegaai-production-alb/31b69d3d76ab5ed1,targetgroup/bodegaai-production-store-servic/736691f5beac1ff1,RequestCountPerTarget,2026-06-18T06:00:00Z,2026-06-18T07:00:00Z,0
app/bodegaai-production-alb/31b69d3d76ab5ed1,targetgroup/bodegaai-production-store-servic/736691f5beac1ff1,RequestCountPerTarget,2026-06-18T07:00:00Z,2026-06-18T08:00:00Z,0
app/bodegaai-production-alb/31b69d3d76ab5ed1,targetgroup/bodegaai-production-store-servic/736691f5beac1ff1,RequestCountPerTarget,2026-06-18T08:00:00Z,2026-06-18T09:00:00Z,0
app/bodegaai-production-alb/31b69d3d76ab5ed1,targetgroup/bodegaai-production-store-servic/736691f5beac1ff1,RequestCountPerTarget,2026-06-18T09:00:00Z,2026-06-18T10:00:00Z,0
app/bodegaai-production-alb/31b69d3d76ab5ed1,targetgroup/bodegaai-production-store-servic/736691f5beac1ff1,RequestCountPerTarget,2026-06-18T10:00:00Z,2026-06-18T11:00:00Z,0
app/bodegaai-production-alb/31b69d3d76ab5ed1,targetgroup/bodegaai-production-store-servic/736691f5beac1ff1,RequestCountPerTarget,2026-06-18T11:00:00Z,2026-06-18T12:00:00Z,0
app/bodegaai-production-alb/31b69d3d76ab5ed1,targetgroup/bodegaai-production-store-servic/736691f5beac1ff1,RequestCountPerTarget,2026-06-18T12:00:00Z,2026-06-18T13:00:00Z,0
app/bodegaai-production-alb/31b69d3d76ab5ed1,targetgroup/bodegaai-production-store-servic/736691f5beac1ff1,RequestCountPerTarget,2026-06-18T13:00:00Z,2026-06-18T14:00:00Z,0
app/bodegaai-production-alb/31b69d3d76ab5ed1,targetgroup/bodegaai-production-store-servic/736691f5beac1ff1,RequestCountPerTarget,2026-06-18T14:00:00Z,2026-06-18T15:00:00Z,0
app/bodegaai-production-alb/31b69d3d76ab5ed1,targetgroup/bodegaai-production-store-servic/736691f5beac1ff1,RequestCountPerTarget,2026-06-18T15:00:00Z,2026-06-18T16:00:00Z,0
app/bodegaai-production-alb/31b69d3d76ab5ed1,targetgroup/bodegaai-production-store-servic/736691f5beac1ff1,RequestCountPerTarget,2026-06-18T16:00:00Z,2026-06-18T17:00:00Z,0
app/bodegaai-production-alb/31b69d3d76ab5ed1,targetgroup/bodegaai-production-store-servic/736691f5beac1ff1,RequestCountPerTarget,2026-06-18T17:00:00Z,2026-06-18T18:00:00Z,0
app/bodegaai-production-alb/31b69d3d76ab5ed1,targetgroup/bodegaai-production-store-servic/736691f5beac1ff1,RequestCountPerTarget,2026-06-18T18:00:00Z,2026-06-18T19:00:00Z,0
app/bodegaai-production-alb/31b69d3d76ab5ed1,targetgroup/bodegaai-production-store-servic/736691f5beac1ff1,RequestCountPerTarget,2026-06-18T19:00:00Z,2026-06-18T20:00:00Z,0
app/bodegaai-production-alb/31b69d3d76ab5ed1,targetgroup/bodegaai-production-store-servic/736691f5beac1ff1,RequestCountPerTarget,2026-06-18T20:00:00Z,2026-06-18T21:00:00Z,0
app/bodegaai-production-alb/31b69d3d76ab5ed1,targetgroup/bodegaai-production-store-servic/736691f5beac1ff1,RequestCountPerTarget,2026-06-18T21:00:00Z,2026-06-18T22:00:00Z,0
app/bodegaai-production-alb/31b69d3d76ab5ed1,targetgroup/bodegaai-production-store-servic/736691f5beac1ff1,RequestCountPerTarget,2026-06-18T22:00:00Z,2026-06-18T23:00:00Z,0
app/bodegaai-production-alb/31b69d3d76ab5ed1,targetgroup/bodegaai-production-store-servic/736691f5beac1ff1,RequestCountPerTarget,2026-06-18T23:00:00Z,2026-06-19T00:00:00Z,0
app/bodegaai-production-alb/31b69d3d76ab5ed1,targetgroup/bodegaai-production-store-servic/736691f5beac1ff1,RequestCountPerTarget,2026-06-19T00:00:00Z,2026-06-19T01:00:00Z,0
app/bodegaai-production-alb/31b69d3d76ab5ed1,targetgroup/bodegaai-production-store-servic/736691f5beac1ff1,RequestCountPerTarget,2026-06-19T01:00:00Z,2026-06-19T02:00:00Z,0
app/bodegaai-production-alb/31b69d3d76ab5ed1,targetgroup/bodegaai-production-store-servic/736691f5beac1ff1,RequestCountPerTarget,2026-06-19T02:00:00Z,2026-06-19T03:00:00Z,0
app/bodegaai-production-alb/31b69d3d76ab5ed1,targetgroup/bodegaai-production-store-servic/736691f5beac1ff1,RequestCountPerTarget,2026-06-19T03:00:00Z,2026-06-19T04:00:00Z,0
app/bodegaai-production-alb/31b69d3d76ab5ed1,targetgroup/bodegaai-production-store-servic/736691f5beac1ff1,RequestCountPerTarget,2026-06-19T04:00:00Z,2026-06-19T05:00:00Z,0
app/bodegaai-production-alb/31b69d3d76ab5ed1,targetgroup/bodegaai-production-store-servic/736691f5beac1ff1,RequestCountPerTarget,2026-06-19T05:00:00Z,2026-06-19T06:00:00Z,0
app/bodegaai-production-alb/31b69d3d76ab5ed1,targetgroup/bodegaai-production-store-servic/736691f5beac1ff1,RequestCountPerTarget,2026-06-19T06:00:00Z,2026-06-19T07:00:00Z,0
app/bodegaai-production-alb/31b69d3d76ab5ed1,targetgroup/bodegaai-production-store-servic/736691f5beac1ff1,RequestCountPerTarget,2026-06-19T07:00:00Z,2026-06-19T08:00:00Z,0
app/bodegaai-production-alb/31b69d3d76ab5ed1,targetgroup/bodegaai-production-store-servic/736691f5beac1ff1,RequestCountPerTarget,2026-06-19T08:00:00Z,2026-06-19T09:00:00Z,0
app/bodegaai-production-alb/31b69d3d76ab5ed1,targetgroup/bodegaai-production-store-servic/736691f5beac1ff1,RequestCountPerTarget,2026-06-19T09:00:00Z,2026-06-19T10:00:00Z,0
app/bodegaai-production-alb/31b69d3d76ab5ed1,targetgroup/bodegaai-production-store-servic/736691f5beac1ff1,RequestCountPerTarget,2026-06-19T10:00:00Z,2026-06-19T11:00:00Z,0
app/bodegaai-production-alb/31b69d3d76ab5ed1,targetgroup/bodegaai-production-store-servic/736691f5beac1ff1,RequestCountPerTarget,2026-06-19T11:00:00Z,2026-06-19T12:00:00Z,0
app/bodegaai-production-alb/31b69d3d76ab5ed1,targetgroup/bodegaai-production-store-servic/736691f5beac1ff1,RequestCountPerTarget,2026-06-19T12:00:00Z,2026-06-19T13:00:00Z,0
app/bodegaai-production-alb/31b69d3d76ab5ed1,targetgroup/bodegaai-production-store-servic/736691f5beac1ff1,RequestCountPerTarget,2026-06-19T13:00:00Z,2026-06-19T14:00:00Z,0
app/bodegaai-production-alb/31b69d3d76ab5ed1,targetgroup/bodegaai-production-store-servic/736691f5beac1ff1,RequestCountPerTarget,2026-06-19T14:00:00Z,2026-06-19T15:00:00Z,0
app/bodegaai-production-alb/31b69d3d76ab5ed1,targetgroup/bodegaai-production-store-servic/736691f5beac1ff1,RequestCountPerTarget,2026-06-19T15:00:00Z,2026-06-19T16:00:00Z,0
app/bodegaai-production-alb/31b69d3d76ab5ed1,targetgroup/bodegaai-production-store-servic/736691f5beac1ff1,RequestCountPerTarget,2026-06-19T16:00:00Z,2026-06-19T17:00:00Z,0
app/bodegaai-production-alb/31b69d3d76ab5ed1,targetgroup/bodegaai-production-store-servic/736691f5beac1ff1,RequestCountPerTarget,2026-06-19T17:00:00Z,2026-06-19T18:00:00Z,0
app/bodegaai-production-alb/31b69d3d76ab5ed1,targetgroup/bodegaai-production-store-servic/736691f5beac1ff1,RequestCountPerTarget,2026-06-19T18:00:00Z,2026-06-19T19:00:00Z,0
app/bodegaai-production-alb/31b69d3d76ab5ed1,targetgroup/bodegaai-production-store-servic/736691f5beac1ff1,RequestCountPerTarget,2026-06-19T19:00:00Z,2026-06-19T20:00:00Z,0
app/bodegaai-production-alb/31b69d3d76ab5ed1,targetgroup/bodegaai-production-store-servic/736691f5beac1ff1,RequestCountPerTarget,2026-06-19T20:00:00Z,2026-06-19T21:00:00Z,0
app/bodegaai-production-alb/31b69d3d76ab5ed1,targetgroup/bodegaai-production-store-servic/736691f5beac1ff1,RequestCountPerTarget,2026-06-19T21:00:00Z,2026-06-19T22:00:00Z,0
app/bodegaai-production-alb/31b69d3d76ab5ed1,targetgroup/bodegaai-production-store-servic/736691f5beac1ff1,RequestCountPerTarget,2026-06-19T22:00:00Z,2026-06-19T23:00:00Z,0
app/bodegaai-production-alb/31b69d3d76ab5ed1,targetgroup/bodegaai-production-store-servic/736691f5beac1ff1,RequestCountPerTarget,2026-06-19T23:00:00Z,2026-06-20T00:00:00Z,0
app/bodegaai-production-alb/31b69d3d76ab5ed1,targetgroup/bodegaai-production-store-servic/736691f5beac1ff1,RequestCountPerTarget,2026-06-20T00:00:00Z,2026-06-20T01:00:00Z,0
app/bodegaai-production-alb/31b69d3d76ab5ed1,targetgroup/bodegaai-production-store-servic/736691f5beac1ff1,RequestCountPerTarget,2026-06-20T01:00:00Z,2026-06-20T02:00:00Z,0
app/bodegaai-production-alb/31b69d3d76ab5ed1,targetgroup/bodegaai-production-store-servic/736691f5beac1ff1,RequestCountPerTarget,2026-06-20T02:00:00Z,2026-06-20T03:00:00Z,0
app/bodegaai-production-alb/31b69d3d76ab5ed1,targetgroup/bodegaai-production-store-servic/736691f5beac1ff1,RequestCountPerTarget,2026-06-20T03:00:00Z,2026-06-20T04:00:00Z,0
app/bodegaai-production-alb/31b69d3d76ab5ed1,targetgroup/bodegaai-production-store-servic/736691f5beac1ff1,RequestCountPerTarget,2026-06-20T04:00:00Z,2026-06-20T05:00:00Z,0
app/bodegaai-production-alb/31b69d3d76ab5ed1,targetgroup/bodegaai-production-store-servic/736691f5beac1ff1,RequestCountPerTarget,2026-06-20T05:00:00Z,2026-06-20T06:00:00Z,0
app/bodegaai-production-alb/31b69d3d76ab5ed1,targetgroup/bodegaai-production-store-servic/736691f5beac1ff1,RequestCountPerTarget,2026-06-20T06:00:00Z,2026-06-20T07:00:00Z,0
app/bodegaai-production-alb/31b69d3d76ab5ed1,targetgroup/bodegaai-production-store-servic/736691f5beac1ff1,RequestCountPerTarget,2026-06-20T07:00:00Z,2026-06-20T08:00:00Z,0
app/bodegaai-production-alb/31b69d3d76ab5ed1,targetgroup/bodegaai-production-store-servic/736691f5beac1ff1,RequestCountPerTarget,2026-06-20T08:00:00Z,2026-06-20T09:00:00Z,0
app/bodegaai-production-alb/31b69d3d76ab5ed1,targetgroup/bodegaai-production-store-servic/736691f5beac1ff1,RequestCountPerTarget,2026-06-20T09:00:00Z,2026-06-20T10:00:00Z,0
app/bodegaai-production-alb/31b69d3d76ab5ed1,targetgroup/bodegaai-production-store-servic/736691f5beac1ff1,RequestCountPerTarget,2026-06-20T10:00:00Z,2026-06-20T11:00:00Z,0
app/bodegaai-production-alb/31b69d3d76ab5ed1,targetgroup/bodegaai-production-store-servic/736691f5beac1ff1,RequestCountPerTarget,2026-06-20T11:00:00Z,2026-06-20T12:00:00Z,0
app/bodegaai-production-alb/31b69d3d76ab5ed1,targetgroup/bodegaai-production-store-servic/736691f5beac1ff1,RequestCountPerTarget,2026-06-20T12:00:00Z,2026-06-20T13:00:00Z,0
app/bodegaai-production-alb/31b69d3d76ab5ed1,targetgroup/bodegaai-production-store-servic/736691f5beac1ff1,RequestCountPerTarget,2026-06-20T13:00:00Z,2026-06-20T14:00:00Z,0
app/bodegaai-production-alb/31b69d3d76ab5ed1,targetgroup/bodegaai-production-store-servic/736691f5beac1ff1,RequestCountPerTarget,2026-06-20T14:00:00Z,2026-06-20T15:00:00Z,0
app/bodegaai-production-alb/31b69d3d76ab5ed1,targetgroup/bodegaai-production-store-servic/736691f5beac1ff1,RequestCountPerTarget,2026-06-20T15:00:00Z,2026-06-20T16:00:00Z,0
app/bodegaai-production-alb/31b69d3d76ab5ed1,targetgroup/bodegaai-production-store-servic/736691f5beac1ff1,RequestCountPerTarget,2026-06-20T16:00:00Z,2026-06-20T17:00:00Z,0
app/bodegaai-production-alb/31b69d3d76ab5ed1,targetgroup/bodegaai-production-store-servic/736691f5beac1ff1,RequestCountPerTarget,2026-06-20T17:00:00Z,2026-06-20T18:00:00Z,0
app/bodegaai-production-alb/31b69d3d76ab5ed1,targetgroup/bodegaai-production-store-servic/736691f5beac1ff1,RequestCountPerTarget,2026-06-20T18:00:00Z,2026-06-20T19:00:00Z,0
app/bodegaai-production-alb/31b69d3d76ab5ed1,targetgroup/bodegaai-production-store-servic/736691f5beac1ff1,RequestCountPerTarget,2026-06-20T19:00:00Z,2026-06-20T20:00:00Z,0
app/bodegaai-production-alb/31b69d3d76ab5ed1,targetgroup/bodegaai-production-store-servic/736691f5beac1ff1,RequestCountPerTarget,2026-06-20T20:00:00Z,2026-06-20T21:00:00Z,0
app/bodegaai-production-alb/31b69d3d76ab5ed1,targetgroup/bodegaai-production-store-servic/736691f5beac1ff1,RequestCountPerTarget,2026-06-20T21:00:00Z,2026-06-20T22:00:00Z,0
app/bodegaai-production-alb/31b69d3d76ab5ed1,targetgroup/bodegaai-production-store-servic/736691f5beac1ff1,RequestCountPerTarget,2026-06-20T22:00:00Z,2026-06-20T23:00:00Z,0
app/bodegaai-production-alb/31b69d3d76ab5ed1,targetgroup/bodegaai-production-store-servic/736691f5beac1ff1,RequestCountPerTarget,2026-06-20T23:00:00Z,2026-06-21T00:00:00Z,0
app/bodegaai-production-alb/31b69d3d76ab5ed1,targetgroup/bodegaai-production-store-servic/736691f5beac1ff1,RequestCountPerTarget,2026-06-21T00:00:00Z,2026-06-21T01:00:00Z,0
app/bodegaai-production-alb/31b69d3d76ab5ed1,targetgroup/bodegaai-production-store-servic/736691f5beac1ff1,RequestCountPerTarget,2026-06-21T01:00:00Z,2026-06-21T02:00:00Z,0
app/bodegaai-production-alb/31b69d3d76ab5ed1,targetgroup/bodegaai-production-store-servic/736691f5beac1ff1,RequestCountPerTarget,2026-06-21T02:00:00Z,2026-06-21T03:00:00Z,0
app/bodegaai-production-alb/31b69d3d76ab5ed1,targetgroup/bodegaai-production-store-servic/736691f5beac1ff1,RequestCountPerTarget,2026-06-21T03:00:00Z,2026-06-21T04:00:00Z,0
app/bodegaai-production-alb/31b69d3d76ab5ed1,targetgroup/bodegaai-production-store-servic/736691f5beac1ff1,RequestCountPerTarget,2026-06-21T04:00:00Z,2026-06-21T05:00:00Z,0
app/bodegaai-production-alb/31b69d3d76ab5ed1,targetgroup/bodegaai-production-store-servic/736691f5beac1ff1,RequestCountPerTarget,2026-06-21T05:00:00Z,2026-06-21T06:00:00Z,0
app/bodegaai-production-alb/31b69d3d76ab5ed1,targetgroup/bodegaai-production-store-servic/736691f5beac1ff1,RequestCountPerTarget,2026-06-21T06:00:00Z,2026-06-21T07:00:00Z,0
app/bodegaai-production-alb/31b69d3d76ab5ed1,targetgroup/bodegaai-production-store-servic/736691f5beac1ff1,RequestCountPerTarget,2026-06-21T07:00:00Z,2026-06-21T08:00:00Z,0
app/bodegaai-production-alb/31b69d3d76ab5ed1,targetgroup/bodegaai-production-store-servic/736691f5beac1ff1,RequestCountPerTarget,2026-06-21T08:00:00Z,2026-06-21T09:00:00Z,0
app/bodegaai-production-alb/31b69d3d76ab5ed1,targetgroup/bodegaai-production-store-servic/736691f5beac1ff1,RequestCountPerTarget,2026-06-21T09:00:00Z,2026-06-21T10:00:00Z,0
app/bodegaai-production-alb/31b69d3d76ab5ed1,targetgroup/bodegaai-production-store-servic/736691f5beac1ff1,RequestCountPerTarget,2026-06-21T10:00:00Z,2026-06-21T11:00:00Z,0
app/bodegaai-production-alb/31b69d3d76ab5ed1,targetgroup/bodegaai-production-store-servic/736691f5beac1ff1,RequestCountPerTarget,2026-06-21T11:00:00Z,2026-06-21T12:00:00Z,0
app/bodegaai-production-alb/31b69d3d76ab5ed1,targetgroup/bodegaai-production-store-servic/736691f5beac1ff1,RequestCountPerTarget,2026-06-21T12:00:00Z,2026-06-21T13:00:00Z,0
app/bodegaai-production-alb/31b69d3d76ab5ed1,targetgroup/bodegaai-production-store-servic/736691f5beac1ff1,RequestCountPerTarget,2026-06-21T13:00:00Z,2026-06-21T14:00:00Z,0
app/bodegaai-production-alb/31b69d3d76ab5ed1,targetgroup/bodegaai-production-store-servic/736691f5beac1ff1,RequestCountPerTarget,2026-06-21T14:00:00Z,2026-06-21T15:00:00Z,0
app/bodegaai-production-alb/31b69d3d76ab5ed1,targetgroup/bodegaai-production-store-servic/736691f5beac1ff1,RequestCountPerTarget,2026-06-21T15:00:00Z,2026-06-21T16:00:00Z,0
app/bodegaai-production-alb/31b69d3d76ab5ed1,targetgroup/bodegaai-production-store-servic/736691f5beac1ff1,RequestCountPerTarget,2026-06-21T16:00:00Z,2026-06-21T17:00:00Z,0
app/bodegaai-production-alb/31b69d3d76ab5ed1,targetgroup/bodegaai-production-store-servic/736691f5beac1ff1,RequestCountPerTarget,2026-06-21T17:00:00Z,2026-06-21T18:00:00Z,0
app/bodegaai-production-alb/31b69d3d76ab5ed1,targetgroup/bodegaai-production-store-servic/736691f5beac1ff1,RequestCountPerTarget,2026-06-21T18:00:00Z,2026-06-21T19:00:00Z,0
app/bodegaai-production-alb/31b69d3d76ab5ed1,targetgroup/bodegaai-production-store-servic/736691f5beac1ff1,RequestCountPerTarget,2026-06-21T19:00:00Z,2026-06-21T20:00:00Z,0
app/bodegaai-production-alb/31b69d3d76ab5ed1,targetgroup/bodegaai-production-store-servic/736691f5beac1ff1,RequestCountPerTarget,2026-06-21T20:00:00Z,2026-06-21T21:00:00Z,0
app/bodegaai-production-alb/31b69d3d76ab5ed1,targetgroup/bodegaai-production-store-servic/736691f5beac1ff1,RequestCountPerTarget,2026-06-21T21:00:00Z,2026-06-21T22:00:00Z,0
app/bodegaai-production-alb/31b69d3d76ab5ed1,targetgroup/bodegaai-production-store-servic/736691f5beac1ff1,RequestCountPerTarget,2026-06-21T22:00:00Z,2026-06-21T23:00:00Z,0
app/bodegaai-production-alb/31b69d3d76ab5ed1,targetgroup/bodegaai-production-store-servic/736691f5beac1ff1,RequestCountPerTarget,2026-06-21T23:00:00Z,2026-06-22T00:00:00Z,0
app/bodegaai-production-alb/31b69d3d76ab5ed1,targetgroup/bodegaai-production-store-servic/736691f5beac1ff1,RequestCountPerTarget,2026-06-22T00:00:00Z,2026-06-22T01:00:00Z,0
app/bodegaai-production-alb/31b69d3d76ab5ed1,targetgroup/bodegaai-production-store-servic/736691f5beac1ff1,RequestCountPerTarget,2026-06-22T01:00:00Z,2026-06-22T02:00:00Z,0
app/bodegaai-production-alb/31b69d3d76ab5ed1,targetgroup/bodegaai-production-store-servic/736691f5beac1ff1,RequestCountPerTarget,2026-06-22T02:00:00Z,2026-06-22T03:00:00Z,0
app/bodegaai-production-alb/31b69d3d76ab5ed1,targetgroup/bodegaai-production-store-servic/736691f5beac1ff1,RequestCountPerTarget,2026-06-22T03:00:00Z,2026-06-22T04:00:00Z,0
app/bodegaai-production-alb/31b69d3d76ab5ed1,targetgroup/bodegaai-production-store-servic/736691f5beac1ff1,RequestCountPerTarget,2026-06-22T04:00:00Z,2026-06-22T05:00:00Z,0
app/bodegaai-production-alb/31b69d3d76ab5ed1,targetgroup/bodegaai-production-store-servic/736691f5beac1ff1,RequestCountPerTarget,2026-06-22T05:00:00Z,2026-06-22T06:00:00Z,0
app/bodegaai-production-alb/31b69d3d76ab5ed1,targetgroup/bodegaai-production-store-servic/736691f5beac1ff1,RequestCountPerTarget,2026-06-22T06:00:00Z,2026-06-22T07:00:00Z,0
app/bodegaai-production-alb/31b69d3d76ab5ed1,targetgroup/bodegaai-production-store-servic/736691f5beac1ff1,RequestCountPerTarget,2026-06-22T07:00:00Z,2026-06-22T08:00:00Z,0
app/bodegaai-production-alb/31b69d3d76ab5ed1,targetgroup/bodegaai-production-store-servic/736691f5beac1ff1,RequestCountPerTarget,2026-06-22T08:00:00Z,2026-06-22T09:00:00Z,0
app/bodegaai-production-alb/31b69d3d76ab5ed1,targetgroup/bodegaai-production-store-servic/736691f5beac1ff1,RequestCountPerTarget,2026-06-22T09:00:00Z,2026-06-22T10:00:00Z,0
app/bodegaai-production-alb/31b69d3d76ab5ed1,targetgroup/bodegaai-production-store-servic/736691f5beac1ff1,RequestCountPerTarget,2026-06-22T10:00:00Z,2026-06-22T11:00:00Z,0
app/bodegaai-production-alb/31b69d3d76ab5ed1,targetgroup/bodegaai-production-store-servic/736691f5beac1ff1,RequestCountPerTarget,2026-06-22T11:00:00Z,2026-06-22T12:00:00Z,0
app/bodegaai-production-alb/31b69d3d76ab5ed1,targetgroup/bodegaai-production-store-servic/736691f5beac1ff1,RequestCountPerTarget,2026-06-22T12:00:00Z,2026-06-22T13:00:00Z,0
app/bodegaai-production-alb/31b69d3d76ab5ed1,targetgroup/bodegaai-production-store-servic/736691f5beac1ff1,RequestCountPerTarget,2026-06-22T13:00:00Z,2026-06-22T14:00:00Z,0
app/bodegaai-production-alb/31b69d3d76ab5ed1,targetgroup/bodegaai-production-store-servic/736691f5beac1ff1,RequestCountPerTarget,2026-06-22T14:00:00Z,2026-06-22T15:00:00Z,0
app/bodegaai-production-alb/31b69d3d76ab5ed1,targetgroup/bodegaai-production-store-servic/736691f5beac1ff1,RequestCountPerTarget,2026-06-22T15:00:00Z,2026-06-22T16:00:00Z,0
app/bodegaai-production-alb/31b69d3d76ab5ed1,targetgroup/bodegaai-production-store-servic/736691f5beac1ff1,RequestCountPerTarget,2026-06-22T16:00:00Z,2026-06-22T17:00:00Z,0.5
app/bodegaai-production-alb/31b69d3d76ab5ed1,targetgroup/bodegaai-production-store-servic/736691f5beac1ff1,RequestCountPerTarget,2026-06-22T17:00:00Z,2026-06-22T18:00:00Z,22
app/bodegaai-production-alb/31b69d3d76ab5ed1,targetgroup/bodegaai-production-store-servic/736691f5beac1ff1,RequestCountPerTarget,2026-06-22T18:00:00Z,2026-06-22T19:00:00Z,20.5
app/bodegaai-production-alb/31b69d3d76ab5ed1,targetgroup/bodegaai-production-store-servic/736691f5beac1ff1,RequestCountPerTarget,2026-06-22T19:00:00Z,2026-06-22T20:00:00Z,16.5
app/bodegaai-production-alb/31b69d3d76ab5ed1,targetgroup/bodegaai-production-store-servic/736691f5beac1ff1,RequestCountPerTarget,2026-06-22T20:00:00Z,2026-06-22T21:00:00Z,14.5
app/bodegaai-production-alb/31b69d3d76ab5ed1,targetgroup/bodegaai-production-store-servic/736691f5beac1ff1,RequestCountPerTarget,2026-06-22T21:00:00Z,2026-06-22T22:00:00Z,0.5
app/bodegaai-production-alb/31b69d3d76ab5ed1,targetgroup/bodegaai-production-store-servic/736691f5beac1ff1,RequestCountPerTarget,2026-06-22T22:00:00Z,2026-06-22T23:00:00Z,0
app/bodegaai-production-alb/31b69d3d76ab5ed1,targetgroup/bodegaai-production-store-servic/736691f5beac1ff1,RequestCountPerTarget,2026-06-22T23:00:00Z,2026-06-23T00:00:00Z,0
app/bodegaai-production-alb/31b69d3d76ab5ed1,targetgroup/bodegaai-production-store-servic/736691f5beac1ff1,RequestCountPerTarget,2026-06-23T00:00:00Z,2026-06-23T01:00:00Z,0
app/bodegaai-production-alb/31b69d3d76ab5ed1,targetgroup/bodegaai-production-store-servic/736691f5beac1ff1,RequestCountPerTarget,2026-06-23T01:00:00Z,2026-06-23T02:00:00Z,0
app/bodegaai-production-alb/31b69d3d76ab5ed1,targetgroup/bodegaai-production-store-servic/736691f5beac1ff1,RequestCountPerTarget,2026-06-23T02:00:00Z,2026-06-23T03:00:00Z,0.5
app/bodegaai-production-alb/31b69d3d76ab5ed1,targetgroup/bodegaai-production-store-servic/736691f5beac1ff1,RequestCountPerTarget,2026-06-23T03:00:00Z,2026-06-23T04:00:00Z,0
app/bodegaai-production-alb/31b69d3d76ab5ed1,targetgroup/bodegaai-production-store-servic/736691f5beac1ff1,RequestCountPerTarget,2026-06-23T04:00:00Z,2026-06-23T05:00:00Z,0
app/bodegaai-production-alb/31b69d3d76ab5ed1,targetgroup/bodegaai-production-store-servic/736691f5beac1ff1,RequestCountPerTarget,2026-06-23T05:00:00Z,2026-06-23T06:00:00Z,0
app/bodegaai-production-alb/31b69d3d76ab5ed1,targetgroup/bodegaai-production-store-servic/736691f5beac1ff1,RequestCountPerTarget,2026-06-23T06:00:00Z,2026-06-23T07:00:00Z,0
app/bodegaai-production-alb/31b69d3d76ab5ed1,targetgroup/bodegaai-production-store-servic/736691f5beac1ff1,RequestCountPerTarget,2026-06-23T07:00:00Z,2026-06-23T08:00:00Z,0
app/bodegaai-production-alb/31b69d3d76ab5ed1,targetgroup/bodegaai-production-store-servic/736691f5beac1ff1,RequestCountPerTarget,2026-06-23T08:00:00Z,2026-06-23T09:00:00Z,0.5
app/bodegaai-production-alb/31b69d3d76ab5ed1,targetgroup/bodegaai-production-store-servic/736691f5beac1ff1,RequestCountPerTarget,2026-06-23T09:00:00Z,2026-06-23T10:00:00Z,0
app/bodegaai-production-alb/31b69d3d76ab5ed1,targetgroup/bodegaai-production-store-servic/736691f5beac1ff1,RequestCountPerTarget,2026-06-23T10:00:00Z,2026-06-23T11:00:00Z,0
app/bodegaai-production-alb/31b69d3d76ab5ed1,targetgroup/bodegaai-production-store-servic/736691f5beac1ff1,RequestCountPerTarget,2026-06-23T11:00:00Z,2026-06-23T12:00:00Z,0
app/bodegaai-production-alb/31b69d3d76ab5ed1,targetgroup/bodegaai-production-store-servic/736691f5beac1ff1,RequestCountPerTarget,2026-06-23T12:00:00Z,2026-06-23T13:00:00Z,6
app/bodegaai-production-alb/31b69d3d76ab5ed1,targetgroup/bodegaai-production-store-servic/736691f5beac1ff1,RequestCountPerTarget,2026-06-23T13:00:00Z,2026-06-23T14:00:00Z,6.5
app/bodegaai-production-alb/31b69d3d76ab5ed1,targetgroup/bodegaai-production-store-servic/736691f5beac1ff1,RequestCountPerTarget,2026-06-23T14:00:00Z,2026-06-23T15:00:00Z,2.5
app/bodegaai-production-alb/31b69d3d76ab5ed1,targetgroup/bodegaai-production-store-servic/736691f5beac1ff1,RequestCountPerTarget,2026-06-23T15:00:00Z,2026-06-23T16:00:00Z,0
app/bodegaai-production-alb/31b69d3d76ab5ed1,targetgroup/bodegaai-production-store-servic/736691f5beac1ff1,RequestCountPerTarget,2026-06-23T16:00:00Z,2026-06-23T17:00:00Z,0
app/bodegaai-production-alb/31b69d3d76ab5ed1,targetgroup/bodegaai-production-store-servic/736691f5beac1ff1,RequestCountPerTarget,2026-06-23T17:00:00Z,2026-06-23T18:00:00Z,0
app/bodegaai-production-alb/31b69d3d76ab5ed1,targetgroup/bodegaai-production-store-servic/736691f5beac1ff1,RequestCountPerTarget,2026-06-23T18:00:00Z,2026-06-23T19:00:00Z,0
app/bodegaai-production-alb/31b69d3d76ab5ed1,targetgroup/bodegaai-production-store-servic/736691f5beac1ff1,RequestCountPerTarget,2026-06-23T19:00:00Z,2026-06-23T20:00:00Z,0
app/bodegaai-production-alb/31b69d3d76ab5ed1,targetgroup/bodegaai-production-store-servic/736691f5beac1ff1,RequestCountPerTarget,2026-06-23T20:00:00Z,2026-06-23T21:00:00Z,0
app/bodegaai-production-alb/31b69d3d76ab5ed1,targetgroup/bodegaai-production-store-servic/736691f5beac1ff1,RequestCountPerTarget,2026-06-23T21:00:00Z,2026-06-23T22:00:00Z,0
app/bodegaai-production-alb/31b69d3d76ab5ed1,targetgroup/bodegaai-production-store-servic/736691f5beac1ff1,RequestCountPerTarget,2026-06-23T22:00:00Z,2026-06-23T23:00:00Z,0
app/bodegaai-production-alb/31b69d3d76ab5ed1,targetgroup/bodegaai-production-store-servic/736691f5beac1ff1,RequestCountPerTarget,2026-06-23T23:00:00Z,2026-06-24T00:00:00Z,0
app/bodegaai-production-alb/31b69d3d76ab5ed1,targetgroup/bodegaai-production-store-servic/736691f5beac1ff1,RequestCountPerTarget,2026-06-24T00:00:00Z,2026-06-24T01:00:00Z,0
app/bodegaai-production-alb/31b69d3d76ab5ed1,targetgroup/bodegaai-production-store-servic/736691f5beac1ff1,RequestCountPerTarget,2026-06-24T01:00:00Z,2026-06-24T02:00:00Z,0
app/bodegaai-production-alb/31b69d3d76ab5ed1,targetgroup/bodegaai-production-store-servic/736691f5beac1ff1,RequestCountPerTarget,2026-06-24T02:00:00Z,2026-06-24T03:00:00Z,0
app/bodegaai-production-alb/31b69d3d76ab5ed1,targetgroup/bodegaai-production-store-servic/736691f5beac1ff1,RequestCountPerTarget,2026-06-24T03:00:00Z,2026-06-24T04:00:00Z,0
app/bodegaai-production-alb/31b69d3d76ab5ed1,targetgroup/bodegaai-production-store-servic/736691f5beac1ff1,RequestCountPerTarget,2026-06-24T04:00:00Z,2026-06-24T05:00:00Z,0
app/bodegaai-production-alb/31b69d3d76ab5ed1,targetgroup/bodegaai-production-store-servic/736691f5beac1ff1,RequestCountPerTarget,2026-06-24T05:00:00Z,2026-06-24T06:00:00Z,0
app/bodegaai-production-alb/31b69d3d76ab5ed1,targetgroup/bodegaai-production-store-servic/736691f5beac1ff1,RequestCountPerTarget,2026-06-24T06:00:00Z,2026-06-24T07:00:00Z,0
app/bodegaai-production-alb/31b69d3d76ab5ed1,targetgroup/bodegaai-production-store-servic/736691f5beac1ff1,RequestCountPerTarget,2026-06-24T07:00:00Z,2026-06-24T08:00:00Z,0
app/bodegaai-production-alb/31b69d3d76ab5ed1,targetgroup/bodegaai-production-store-servic/736691f5beac1ff1,RequestCountPerTarget,2026-06-24T08:00:00Z,2026-06-24T09:00:00Z,0
app/bodegaai-production-alb/31b69d3d76ab5ed1,targetgroup/bodegaai-production-store-servic/736691f5beac1ff1,RequestCountPerTarget,2026-06-24T09:00:00Z,2026-06-24T10:00:00Z,0
app/bodegaai-production-alb/31b69d3d76ab5ed1,targetgroup/bodegaai-production-store-servic/736691f5beac1ff1,RequestCountPerTarget,2026-06-24T10:00:00Z,2026-06-24T11:00:00Z,0
app/bodegaai-production-alb/31b69d3d76ab5ed1,targetgroup/bodegaai-production-store-servic/736691f5beac1ff1,RequestCountPerTarget,2026-06-24T11:00:00Z,2026-06-24T12:00:00Z,0
app/bodegaai-production-alb/31b69d3d76ab5ed1,targetgroup/bodegaai-production-store-servic/736691f5beac1ff1,RequestCountPerTarget,2026-06-24T12:00:00Z,2026-06-24T13:00:00Z,0
app/bodegaai-production-alb/31b69d3d76ab5ed1,targetgroup/bodegaai-production-store-servic/736691f5beac1ff1,RequestCountPerTarget,2026-06-24T13:00:00Z,2026-06-24T14:00:00Z,0
app/bodegaai-production-alb/31b69d3d76ab5ed1,targetgroup/bodegaai-production-store-servic/736691f5beac1ff1,RequestCountPerTarget,2026-06-24T14:00:00Z,2026-06-24T15:00:00Z,0
app/bodegaai-production-alb/31b69d3d76ab5ed1,targetgroup/bodegaai-production-store-servic/736691f5beac1ff1,RequestCountPerTarget,2026-06-24T15:00:00Z,2026-06-24T16:00:00Z,0
app/bodegaai-production-alb/31b69d3d76ab5ed1,targetgroup/bodegaai-production-store-servic/736691f5beac1ff1,RequestCountPerTarget,2026-06-24T16:00:00Z,2026-06-24T17:00:00Z,0
app/bodegaai-production-alb/31b69d3d76ab5ed1,targetgroup/bodegaai-production-store-servic/736691f5beac1ff1,RequestCountPerTarget,2026-06-24T17:00:00Z,2026-06-24T18:00:00Z,0
app/bodegaai-production-alb/31b69d3d76ab5ed1,targetgroup/bodegaai-production-store-servic/736691f5beac1ff1,RequestCountPerTarget,2026-06-24T18:00:00Z,2026-06-24T19:00:00Z,0
app/bodegaai-production-alb/31b69d3d76ab5ed1,targetgroup/bodegaai-production-store-servic/736691f5beac1ff1,RequestCountPerTarget,2026-06-24T19:00:00Z,2026-06-24T20:00:00Z,5648.5
app/bodegaai-production-alb/31b69d3d76ab5ed1,targetgroup/bodegaai-production-store-servic/736691f5beac1ff1,RequestCountPerTarget,2026-06-24T20:00:00Z,2026-06-24T21:00:00Z,19390.5
app/bodegaai-production-alb/31b69d3d76ab5ed1,targetgroup/bodegaai-production-store-servic/736691f5beac1ff1,RequestCountPerTarget,2026-06-24T21:00:00Z,2026-06-24T22:00:00Z,19279.5
app/bodegaai-production-alb/31b69d3d76ab5ed1,targetgroup/bodegaai-production-store-servic/736691f5beac1ff1,RequestCountPerTarget,2026-06-24T22:00:00Z,2026-06-24T23:00:00Z,19667
app/bodegaai-production-alb/31b69d3d76ab5ed1,targetgroup/bodegaai-production-store-servic/736691f5beac1ff1,RequestCountPerTarget,2026-06-24T23:00:00Z,2026-06-25T00:00:00Z,20041
app/bodegaai-production-alb/31b69d3d76ab5ed1,targetgroup/bodegaai-production-store-servic/736691f5beac1ff1,RequestCountPerTarget,2026-06-25T00:00:00Z,2026-06-25T01:00:00Z,19899
app/bodegaai-production-alb/31b69d3d76ab5ed1,targetgroup/bodegaai-production-store-servic/736691f5beac1ff1,RequestCountPerTarget,2026-06-25T01:00:00Z,2026-06-25T02:00:00Z,19782.5
app/bodegaai-production-alb/31b69d3d76ab5ed1,targetgroup/bodegaai-production-store-servic/736691f5beac1ff1,RequestCountPerTarget,2026-06-25T02:00:00Z,2026-06-25T03:00:00Z,18785
app/bodegaai-production-alb/31b69d3d76ab5ed1,targetgroup/bodegaai-production-store-servic/736691f5beac1ff1,RequestCountPerTarget,2026-06-25T03:00:00Z,2026-06-25T04:00:00Z,15353
app/bodegaai-production-alb/31b69d3d76ab5ed1,targetgroup/bodegaai-production-store-servic/736691f5beac1ff1,RequestCountPerTarget,2026-06-25T04:00:00Z,2026-06-25T05:00:00Z,17230.5
app/bodegaai-production-alb/31b69d3d76ab5ed1,targetgroup/bodegaai-production-store-servic/736691f5beac1ff1,RequestCountPerTarget,2026-06-25T05:00:00Z,2026-06-25T06:00:00Z,20169
app/bodegaai-production-alb/31b69d3d76ab5ed1,targetgroup/bodegaai-production-store-servic/736691f5beac1ff1,RequestCountPerTarget,2026-06-25T06:00:00Z,2026-06-25T07:00:00Z,18671.5
app/bodegaai-production-alb/31b69d3d76ab5ed1,targetgroup/bodegaai-production-store-servic/736691f5beac1ff1,RequestCountPerTarget,2026-06-25T07:00:00Z,2026-06-25T08:00:00Z,17907.5
app/bodegaai-production-alb/31b69d3d76ab5ed1,targetgroup/bodegaai-production-store-servic/736691f5beac1ff1,RequestCountPerTarget,2026-06-25T08:00:00Z,2026-06-25T09:00:00Z,18123.5
app/bodegaai-production-alb/31b69d3d76ab5ed1,targetgroup/bodegaai-production-store-servic/736691f5beac1ff1,RequestCountPerTarget,2026-06-25T09:00:00Z,2026-06-25T10:00:00Z,18764
app/bodegaai-production-alb/31b69d3d76ab5ed1,targetgroup/bodegaai-production-store-servic/736691f5beac1ff1,RequestCountPerTarget,2026-06-25T10:00:00Z,2026-06-25T11:00:00Z,18680
app/bodegaai-production-alb/31b69d3d76ab5ed1,targetgroup/bodegaai-production-store-servic/736691f5beac1ff1,RequestCountPerTarget,2026-06-25T11:00:00Z,2026-06-25T12:00:00Z,18786
app/bodegaai-production-alb/31b69d3d76ab5ed1,targetgroup/bodegaai-production-store-servic/736691f5beac1ff1,RequestCountPerTarget,2026-06-25T12:00:00Z,2026-06-25T13:00:00Z,19111.5
app/bodegaai-production-alb/31b69d3d76ab5ed1,targetgroup/bodegaai-production-store-servic/736691f5beac1ff1,RequestCountPerTarget,2026-06-25T13:00:00Z,2026-06-25T14:00:00Z,22003
app/bodegaai-production-alb/31b69d3d76ab5ed1,targetgroup/bodegaai-production-store-servic/736691f5beac1ff1,RequestCountPerTarget,2026-06-25T14:00:00Z,2026-06-25T15:00:00Z,27455
app/bodegaai-production-alb/31b69d3d76ab5ed1,targetgroup/bodegaai-production-store-servic/736691f5beac1ff1,RequestCountPerTarget,2026-06-25T15:00:00Z,2026-06-25T16:00:00Z,7250.5
app/bodegaai-production-alb/31b69d3d76ab5ed1,targetgroup/bodegaai-production-store-servic/736691f5beac1ff1,RequestCountPerTarget,2026-06-25T16:00:00Z,2026-06-25T17:00:00Z,0
app/bodegaai-production-alb/31b69d3d76ab5ed1,targetgroup/bodegaai-production-store-servic/736691f5beac1ff1,RequestCountPerTarget,2026-06-25T17:00:00Z,2026-06-25T18:00:00Z,0
app/bodegaai-production-alb/31b69d3d76ab5ed1,targetgroup/bodegaai-production-store-servic/736691f5beac1ff1,RequestCountPerTarget,2026-06-25T18:00:00Z,2026-06-25T19:00:00Z,0
app/bodegaai-production-alb/31b69d3d76ab5ed1,targetgroup/bodegaai-production-store-servic/736691f5beac1ff1,RequestCountPerTarget,2026-06-25T19:00:00Z,2026-06-25T20:00:00Z,0
app/bodegaai-production-alb/31b69d3d76ab5ed1,targetgroup/bodegaai-production-store-servic/736691f5beac1ff1,RequestCountPerTarget,2026-06-25T20:00:00Z,2026-06-25T21:00:00Z,0
app/bodegaai-production-alb/31b69d3d76ab5ed1,targetgroup/bodegaai-production-store-servic/736691f5beac1ff1,RequestCountPerTarget,2026-06-25T21:00:00Z,2026-06-25T22:00:00Z,0
app/bodegaai-production-alb/31b69d3d76ab5ed1,targetgroup/bodegaai-production-store-servic/736691f5beac1ff1,RequestCountPerTarget,2026-06-25T22:00:00Z,2026-06-25T23:00:00Z,0
app/bodegaai-production-alb/31b69d3d76ab5ed1,targetgroup/bodegaai-production-store-servic/736691f5beac1ff1,RequestCountPerTarget,2026-06-25T23:00:00Z,2026-06-26T00:00:00Z,0
app/bodegaai-production-alb/31b69d3d76ab5ed1,targetgroup/bodegaai-production-store-servic/736691f5beac1ff1,RequestCountPerTarget,2026-06-26T00:00:00Z,2026-06-26T01:00:00Z,0
app/bodegaai-production-alb/31b69d3d76ab5ed1,targetgroup/bodegaai-production-store-servic/736691f5beac1ff1,RequestCountPerTarget,2026-06-26T01:00:00Z,2026-06-26T02:00:00Z,0
app/bodegaai-production-alb/31b69d3d76ab5ed1,targetgroup/bodegaai-production-store-servic/736691f5beac1ff1,RequestCountPerTarget,2026-06-26T02:00:00Z,2026-06-26T03:00:00Z,0
app/bodegaai-production-alb/31b69d3d76ab5ed1,targetgroup/bodegaai-production-store-servic/736691f5beac1ff1,RequestCountPerTarget,2026-06-26T03:00:00Z,2026-06-26T04:00:00Z,0
app/bodegaai-production-alb/31b69d3d76ab5ed1,targetgroup/bodegaai-production-store-servic/736691f5beac1ff1,RequestCountPerTarget,2026-06-26T04:00:00Z,2026-06-26T05:00:00Z,0
app/bodegaai-production-alb/31b69d3d76ab5ed1,targetgroup/bodegaai-production-store-servic/736691f5beac1ff1,RequestCountPerTarget,2026-06-26T05:00:00Z,2026-06-26T06:00:00Z,0
app/bodegaai-production-alb/31b69d3d76ab5ed1,targetgroup/bodegaai-production-store-servic/736691f5beac1ff1,RequestCountPerTarget,2026-06-26T06:00:00Z,2026-06-26T07:00:00Z,0
app/bodegaai-production-alb/31b69d3d76ab5ed1,targetgroup/bodegaai-production-store-servic/736691f5beac1ff1,RequestCountPerTarget,2026-06-26T07:00:00Z,2026-06-26T08:00:00Z,0
app/bodegaai-production-alb/31b69d3d76ab5ed1,targetgroup/bodegaai-production-store-servic/736691f5beac1ff1,RequestCountPerTarget,2026-06-26T08:00:00Z,2026-06-26T09:00:00Z,0
app/bodegaai-production-alb/31b69d3d76ab5ed1,targetgroup/bodegaai-production-store-servic/736691f5beac1ff1,RequestCountPerTarget,2026-06-26T09:00:00Z,2026-06-26T10:00:00Z,0
app/bodegaai-production-alb/31b69d3d76ab5ed1,targetgroup/bodegaai-production-store-servic/736691f5beac1ff1,RequestCountPerTarget,2026-06-26T10:00:00Z,2026-06-26T11:00:00Z,0
app/bodegaai-production-alb/31b69d3d76ab5ed1,targetgroup/bodegaai-production-store-servic/736691f5beac1ff1,RequestCountPerTarget,2026-06-26T11:00:00Z,2026-06-26T12:00:00Z,0
app/bodegaai-production-alb/31b69d3d76ab5ed1,targetgroup/bodegaai-production-store-servic/736691f5beac1ff1,RequestCountPerTarget,2026-06-26T12:00:00Z,2026-06-26T13:00:00Z,0
app/bodegaai-production-alb/31b69d3d76ab5ed1,targetgroup/bodegaai-production-store-servic/736691f5beac1ff1,RequestCountPerTarget,2026-06-26T13:00:00Z,2026-06-26T14:00:00Z,16703
app/bodegaai-production-alb/31b69d3d76ab5ed1,targetgroup/bodegaai-production-store-servic/736691f5beac1ff1,RequestCountPerTarget,2026-06-26T14:00:00Z,2026-06-26T15:00:00Z,28270
app/bodegaai-production-alb/31b69d3d76ab5ed1,targetgroup/bodegaai-production-store-servic/736691f5beac1ff1,RequestCountPerTarget,2026-06-26T15:00:00Z,2026-06-26T16:00:00Z,35449
app/bodegaai-production-alb/31b69d3d76ab5ed1,targetgroup/bodegaai-production-store-servic/736691f5beac1ff1,RequestCountPerTarget,2026-06-26T16:00:00Z,2026-06-26T17:00:00Z,37729.5
app/bodegaai-production-alb/31b69d3d76ab5ed1,targetgroup/bodegaai-production-store-servic/736691f5beac1ff1,RequestCountPerTarget,2026-06-26T17:00:00Z,2026-06-26T18:00:00Z,39906.5
app/bodegaai-production-alb/31b69d3d76ab5ed1,targetgroup/bodegaai-production-store-servic/736691f5beac1ff1,RequestCountPerTarget,2026-06-26T18:00:00Z,2026-06-26T19:00:00Z,34524.5
app/bodegaai-production-alb/31b69d3d76ab5ed1,targetgroup/bodegaai-production-store-servic/736691f5beac1ff1,RequestCountPerTarget,2026-06-26T19:00:00Z,2026-06-26T20:00:00Z,37621.5
app/bodegaai-production-alb/31b69d3d76ab5ed1,targetgroup/bodegaai-production-store-servic/736691f5beac1ff1,RequestCountPerTarget,2026-06-26T20:00:00Z,2026-06-26T21:00:00Z,38242
app/bodegaai-production-alb/31b69d3d76ab5ed1,targetgroup/bodegaai-production-store-servic/736691f5beac1ff1,RequestCountPerTarget,2026-06-26T21:00:00Z,2026-06-26T22:00:00Z,37374
app/bodegaai-production-alb/31b69d3d76ab5ed1,targetgroup/bodegaai-production-store-servic/736691f5beac1ff1,RequestCountPerTarget,2026-06-26T22:00:00Z,2026-06-26T23:00:00Z,38495
app/bodegaai-production-alb/31b69d3d76ab5ed1,targetgroup/bodegaai-production-store-servic/736691f5beac1ff1,RequestCountPerTarget,2026-06-26T23:00:00Z,2026-06-27T00:00:00Z,39357
app/bodegaai-production-alb/31b69d3d76ab5ed1,targetgroup/bodegaai-production-store-servic/736691f5beac1ff1,RequestCountPerTarget,2026-06-27T00:00:00Z,2026-06-27T01:00:00Z,42071.5
app/bodegaai-production-alb/31b69d3d76ab5ed1,targetgroup/bodegaai-production-store-servic/736691f5beac1ff1,RequestCountPerTarget,2026-06-27T01:00:00Z,2026-06-27T02:00:00Z,39068.5
app/bodegaai-production-alb/31b69d3d76ab5ed1,targetgroup/bodegaai-production-store-servic/736691f5beac1ff1,RequestCountPerTarget,2026-06-27T02:00:00Z,2026-06-27T03:00:00Z,36133.5
app/bodegaai-production-alb/31b69d3d76ab5ed1,targetgroup/bodegaai-production-store-servic/736691f5beac1ff1,RequestCountPerTarget,2026-06-27T03:00:00Z,2026-06-27T04:00:00Z,33530
app/bodegaai-production-alb/31b69d3d76ab5ed1,targetgroup/bodegaai-production-store-servic/736691f5beac1ff1,RequestCountPerTarget,2026-06-27T04:00:00Z,2026-06-27T05:00:00Z,34799
app/bodegaai-production-alb/31b69d3d76ab5ed1,targetgroup/bodegaai-production-store-servic/736691f5beac1ff1,RequestCountPerTarget,2026-06-27T05:00:00Z,2026-06-27T06:00:00Z,35586
app/bodegaai-production-alb/31b69d3d76ab5ed1,targetgroup/bodegaai-production-store-servic/736691f5beac1ff1,RequestCountPerTarget,2026-06-27T06:00:00Z,2026-06-27T07:00:00Z,38147.5
app/bodegaai-production-alb/31b69d3d76ab5ed1,targetgroup/bodegaai-production-store-servic/736691f5beac1ff1,RequestCountPerTarget,2026-06-27T07:00:00Z,2026-06-27T08:00:00Z,39734.5
app/bodegaai-production-alb/31b69d3d76ab5ed1,targetgroup/bodegaai-production-store-servic/736691f5beac1ff1,RequestCountPerTarget,2026-06-27T08:00:00Z,2026-06-27T09:00:00Z,34098
app/bodegaai-production-alb/31b69d3d76ab5ed1,targetgroup/bodegaai-production-store-servic/736691f5beac1ff1,RequestCountPerTarget,2026-06-27T09:00:00Z,2026-06-27T10:00:00Z,37379
app/bodegaai-production-alb/31b69d3d76ab5ed1,targetgroup/bodegaai-production-store-servic/736691f5beac1ff1,RequestCountPerTarget,2026-06-27T10:00:00Z,2026-06-27T11:00:00Z,35687.5
app/bodegaai-production-alb/31b69d3d76ab5ed1,targetgroup/bodegaai-production-store-servic/736691f5beac1ff1,RequestCountPerTarget,2026-06-27T11:00:00Z,2026-06-27T12:00:00Z,35167.5
app/bodegaai-production-alb/31b69d3d76ab5ed1,targetgroup/bodegaai-production-store-servic/736691f5beac1ff1,RequestCountPerTarget,2026-06-27T12:00:00Z,2026-06-27T13:00:00Z,33359
app/bodegaai-production-alb/31b69d3d76ab5ed1,targetgroup/bodegaai-production-store-servic/736691f5beac1ff1,RequestCountPerTarget,2026-06-27T13:00:00Z,2026-06-27T14:00:00Z,34686
app/bodegaai-production-alb/31b69d3d76ab5ed1,targetgroup/bodegaai-production-store-servic/736691f5beac1ff1,RequestCountPerTarget,2026-06-27T14:00:00Z,2026-06-27T15:00:00Z,33937.5
app/bodegaai-production-alb/31b69d3d76ab5ed1,targetgroup/bodegaai-production-store-servic/736691f5beac1ff1,RequestCountPerTarget,2026-06-27T15:00:00Z,2026-06-27T16:00:00Z,37307
app/bodegaai-production-alb/31b69d3d76ab5ed1,targetgroup/bodegaai-production-store-servic/736691f5beac1ff1,RequestCountPerTarget,2026-06-27T16:00:00Z,2026-06-27T17:00:00Z,35402
app/bodegaai-production-alb/31b69d3d76ab5ed1,targetgroup/bodegaai-production-store-servic/736691f5beac1ff1,RequestCountPerTarget,2026-06-27T17:00:00Z,2026-06-27T18:00:00Z,37895.5
app/bodegaai-production-alb/31b69d3d76ab5ed1,targetgroup/bodegaai-production-store-servic/736691f5beac1ff1,RequestCountPerTarget,2026-06-27T18:00:00Z,2026-06-27T19:00:00Z,39031.5
app/bodegaai-production-alb/31b69d3d76ab5ed1,targetgroup/bodegaai-production-store-servic/736691f5beac1ff1,RequestCountPerTarget,2026-06-27T19:00:00Z,2026-06-27T20:00:00Z,39611
app/bodegaai-production-alb/31b69d3d76ab5ed1,targetgroup/bodegaai-production-store-servic/736691f5beac1ff1,RequestCountPerTarget,2026-06-27T20:00:00Z,2026-06-27T21:00:00Z,38971
app/bodegaai-production-alb/31b69d3d76ab5ed1,targetgroup/bodegaai-production-store-servic/736691f5beac1ff1,RequestCountPerTarget,2026-06-27T21:00:00Z,2026-06-27T22:00:00Z,41208.5
app/bodegaai-production-alb/31b69d3d76ab5ed1,targetgroup/bodegaai-production-store-servic/736691f5beac1ff1,RequestCountPerTarget,2026-06-27T22:00:00Z,2026-06-27T23:00:00Z,37795
app/bodegaai-production-alb/31b69d3d76ab5ed1,targetgroup/bodegaai-production-store-servic/736691f5beac1ff1,RequestCountPerTarget,2026-06-27T23:00:00Z,2026-06-28T00:00:00Z,38551.5
app/bodegaai-production-alb/31b69d3d76ab5ed1,targetgroup/bodegaai-production-store-servic/736691f5beac1ff1,RequestCountPerTarget,2026-06-28T00:00:00Z,2026-06-28T01:00:00Z,38069
app/bodegaai-production-alb/31b69d3d76ab5ed1,targetgroup/bodegaai-production-store-servic/736691f5beac1ff1,RequestCountPerTarget,2026-06-28T01:00:00Z,2026-06-28T02:00:00Z,35620.5
app/bodegaai-production-alb/31b69d3d76ab5ed1,targetgroup/bodegaai-production-store-servic/736691f5beac1ff1,RequestCountPerTarget,2026-06-28T02:00:00Z,2026-06-28T03:00:00Z,35280
app/bodegaai-production-alb/31b69d3d76ab5ed1,targetgroup/bodegaai-production-store-servic/736691f5beac1ff1,RequestCountPerTarget,2026-06-28T03:00:00Z,2026-06-28T04:00:00Z,32686.5
app/bodegaai-production-alb/31b69d3d76ab5ed1,targetgroup/bodegaai-production-store-servic/736691f5beac1ff1,RequestCountPerTarget,2026-06-28T04:00:00Z,2026-06-28T05:00:00Z,29163.5
app/bodegaai-production-alb/31b69d3d76ab5ed1,targetgroup/bodegaai-production-store-servic/736691f5beac1ff1,RequestCountPerTarget,2026-06-28T05:00:00Z,2026-06-28T06:00:00Z,29641
app/bodegaai-production-alb/31b69d3d76ab5ed1,targetgroup/bodegaai-production-store-servic/736691f5beac1ff1,RequestCountPerTarget,2026-06-28T06:00:00Z,2026-06-28T07:00:00Z,27612.5
app/bodegaai-production-alb/31b69d3d76ab5ed1,targetgroup/bodegaai-production-store-servic/736691f5beac1ff1,RequestCountPerTarget,2026-06-28T07:00:00Z,2026-06-28T08:00:00Z,27111.5
app/bodegaai-production-alb/31b69d3d76ab5ed1,targetgroup/bodegaai-production-store-servic/736691f5beac1ff1,RequestCountPerTarget,2026-06-28T08:00:00Z,2026-06-28T09:00:00Z,25627.5
app/bodegaai-production-alb/31b69d3d76ab5ed1,targetgroup/bodegaai-production-store-servic/736691f5beac1ff1,RequestCountPerTarget,2026-06-28T09:00:00Z,2026-06-28T10:00:00Z,29177.5
app/bodegaai-production-alb/31b69d3d76ab5ed1,targetgroup/bodegaai-production-store-servic/736691f5beac1ff1,RequestCountPerTarget,2026-06-28T10:00:00Z,2026-06-28T11:00:00Z,31127.5
app/bodegaai-production-alb/31b69d3d76ab5ed1,targetgroup/bodegaai-production-store-servic/736691f5beac1ff1,RequestCountPerTarget,2026-06-28T11:00:00Z,2026-06-28T12:00:00Z,32808
app/bodegaai-production-alb/31b69d3d76ab5ed1,targetgroup/bodegaai-production-store-servic/736691f5beac1ff1,RequestCountPerTarget,2026-06-28T12:00:00Z,2026-06-28T13:00:00Z,31661
app/bodegaai-production-alb/31b69d3d76ab5ed1,targetgroup/bodegaai-production-store-servic/736691f5beac1ff1,RequestCountPerTarget,2026-06-28T13:00:00Z,2026-06-28T14:00:00Z,32422.5
app/bodegaai-production-alb/31b69d3d76ab5ed1,targetgroup/bodegaai-production-store-servic/736691f5beac1ff1,RequestCountPerTarget,2026-06-28T14:00:00Z,2026-06-28T15:00:00Z,33770
app/bodegaai-production-alb/31b69d3d76ab5ed1,targetgroup/bodegaai-production-store-servic/736691f5beac1ff1,RequestCountPerTarget,2026-06-28T15:00:00Z,2026-06-28T16:00:00Z,34211.5
app/bodegaai-production-alb/31b69d3d76ab5ed1,targetgroup/bodegaai-production-store-servic/736691f5beac1ff1,RequestCountPerTarget,2026-06-28T16:00:00Z,2026-06-28T17:00:00Z,35656.5
app/bodegaai-production-alb/31b69d3d76ab5ed1,targetgroup/bodegaai-production-store-servic/736691f5beac1ff1,RequestCountPerTarget,2026-06-28T17:00:00Z,2026-06-28T18:00:00Z,36112.5
app/bodegaai-production-alb/31b69d3d76ab5ed1,targetgroup/bodegaai-production-store-servic/736691f5beac1ff1,RequestCountPerTarget,2026-06-28T18:00:00Z,2026-06-28T19:00:00Z,37261.5
app/bodegaai-production-alb/31b69d3d76ab5ed1,targetgroup/bodegaai-production-store-servic/736691f5beac1ff1,RequestCountPerTarget,2026-06-28T19:00:00Z,2026-06-28T20:00:00Z,38046
app/bodegaai-production-alb/31b69d3d76ab5ed1,targetgroup/bodegaai-production-store-servic/736691f5beac1ff1,RequestCountPerTarget,2026-06-28T20:00:00Z,2026-06-28T21:00:00Z,38262
app/bodegaai-production-alb/31b69d3d76ab5ed1,targetgroup/bodegaai-production-store-servic/736691f5beac1ff1,RequestCountPerTarget,2026-06-28T21:00:00Z,2026-06-28T22:00:00Z,36433
app/bodegaai-production-alb/31b69d3d76ab5ed1,targetgroup/bodegaai-production-store-servic/736691f5beac1ff1,RequestCountPerTarget,2026-06-28T22:00:00Z,2026-06-28T23:00:00Z,39082
app/bodegaai-production-alb/31b69d3d76ab5ed1,targetgroup/bodegaai-production-store-servic/736691f5beac1ff1,RequestCountPerTarget,2026-06-28T23:00:00Z,2026-06-29T00:00:00Z,38870
app/bodegaai-production-alb/31b69d3d76ab5ed1,targetgroup/bodegaai-production-store-servic/736691f5beac1ff1,RequestCountPerTarget,2026-06-29T00:00:00Z,2026-06-29T01:00:00Z,41521
app/bodegaai-production-alb/31b69d3d76ab5ed1,targetgroup/bodegaai-production-store-servic/736691f5beac1ff1,RequestCountPerTarget,2026-06-29T01:00:00Z,2026-06-29T02:00:00Z,39097
app/bodegaai-production-alb/31b69d3d76ab5ed1,targetgroup/bodegaai-production-store-servic/736691f5beac1ff1,RequestCountPerTarget,2026-06-29T02:00:00Z,2026-06-29T03:00:00Z,39752.5
app/bodegaai-production-alb/31b69d3d76ab5ed1,targetgroup/bodegaai-production-store-servic/736691f5beac1ff1,RequestCountPerTarget,2026-06-29T03:00:00Z,2026-06-29T04:00:00Z,40627
app/bodegaai-production-alb/31b69d3d76ab5ed1,targetgroup/bodegaai-production-store-servic/736691f5beac1ff1,RequestCountPerTarget,2026-06-29T04:00:00Z,2026-06-29T05:00:00Z,40224.5
app/bodegaai-production-alb/31b69d3d76ab5ed1,targetgroup/bodegaai-production-store-servic/736691f5beac1ff1,RequestCountPerTarget,2026-06-29T05:00:00Z,2026-06-29T06:00:00Z,35118.5
app/bodegaai-production-alb/31b69d3d76ab5ed1,targetgroup/bodegaai-production-store-servic/736691f5beac1ff1,RequestCountPerTarget,2026-06-29T06:00:00Z,2026-06-29T07:00:00Z,39299.5
app/bodegaai-production-alb/31b69d3d76ab5ed1,targetgroup/bodegaai-production-store-servic/736691f5beac1ff1,RequestCountPerTarget,2026-06-29T07:00:00Z,2026-06-29T08:00:00Z,39560
app/bodegaai-production-alb/31b69d3d76ab5ed1,targetgroup/bodegaai-production-store-servic/736691f5beac1ff1,RequestCountPerTarget,2026-06-29T08:00:00Z,2026-06-29T09:00:00Z,34887.5
app/bodegaai-production-alb/31b69d3d76ab5ed1,targetgroup/bodegaai-production-store-servic/736691f5beac1ff1,RequestCountPerTarget,2026-06-29T09:00:00Z,2026-06-29T10:00:00Z,33543
app/bodegaai-production-alb/31b69d3d76ab5ed1,targetgroup/bodegaai-production-store-servic/736691f5beac1ff1,RequestCountPerTarget,2026-06-29T10:00:00Z,2026-06-29T11:00:00Z,32878.5
app/bodegaai-production-alb/31b69d3d76ab5ed1,targetgroup/bodegaai-production-store-servic/736691f5beac1ff1,RequestCountPerTarget,2026-06-29T11:00:00Z,2026-06-29T12:00:00Z,31523
app/bodegaai-production-alb/31b69d3d76ab5ed1,targetgroup/bodegaai-production-store-servic/736691f5beac1ff1,RequestCountPerTarget,2026-06-29T12:00:00Z,2026-06-29T13:00:00Z,35425
app/bodegaai-production-alb/31b69d3d76ab5ed1,targetgroup/bodegaai-production-store-servic/736691f5beac1ff1,RequestCountPerTarget,2026-06-29T13:00:00Z,2026-06-29T14:00:00Z,34682.5
app/bodegaai-production-alb/31b69d3d76ab5ed1,targetgroup/bodegaai-production-store-servic/736691f5beac1ff1,RequestCountPerTarget,2026-06-29T14:00:00Z,2026-06-29T15:00:00Z,35939.5
app/bodegaai-production-alb/31b69d3d76ab5ed1,targetgroup/bodegaai-production-store-servic/736691f5beac1ff1,RequestCountPerTarget,2026-06-29T15:00:00Z,2026-06-29T16:00:00Z,34176
app/bodegaai-production-alb/31b69d3d76ab5ed1,targetgroup/bodegaai-production-store-servic/736691f5beac1ff1,RequestCountPerTarget,2026-06-29T16:00:00Z,2026-06-29T17:00:00Z,33563.5
app/bodegaai-production-alb/31b69d3d76ab5ed1,targetgroup/bodegaai-production-store-servic/736691f5beac1ff1,RequestCountPerTarget,2026-06-29T17:00:00Z,2026-06-29T18:00:00Z,34790.5
app/bodegaai-production-alb/31b69d3d76ab5ed1,targetgroup/bodegaai-production-store-servic/736691f5beac1ff1,RequestCountPerTarget,2026-06-29T18:00:00Z,2026-06-29T19:00:00Z,34351.5
app/bodegaai-production-alb/31b69d3d76ab5ed1,targetgroup/bodegaai-production-store-servic/736691f5beac1ff1,RequestCountPerTarget,2026-06-29T19:00:00Z,2026-06-29T20:00:00Z,37186
app/bodegaai-production-alb/31b69d3d76ab5ed1,targetgroup/bodegaai-production-store-servic/736691f5beac1ff1,RequestCountPerTarget,2026-06-29T20:00:00Z,2026-06-29T21:00:00Z,37241.5
app/bodegaai-production-alb/31b69d3d76ab5ed1,targetgroup/bodegaai-production-store-servic/736691f5beac1ff1,RequestCountPerTarget,2026-06-29T21:00:00Z,2026-06-29T22:00:00Z,34323.5
app/bodegaai-production-alb/31b69d3d76ab5ed1,targetgroup/bodegaai-production-store-servic/736691f5beac1ff1,RequestCountPerTarget,2026-06-29T22:00:00Z,2026-06-29T23:00:00Z,38068
app/bodegaai-production-alb/31b69d3d76ab5ed1,targetgroup/bodegaai-production-store-servic/736691f5beac1ff1,RequestCountPerTarget,2026-06-29T23:00:00Z,2026-06-30T00:00:00Z,37472.5
app/bodegaai-production-alb/31b69d3d76ab5ed1,targetgroup/bodegaai-production-store-servic/736691f5beac1ff1,RequestCountPerTarget,2026-06-30T00:00:00Z,2026-06-30T01:00:00Z,28632.5
app/bodegaai-production-alb/31b69d3d76ab5ed1,targetgroup/bodegaai-production-store-servic/736691f5beac1ff1,RequestCountPerTarget,2026-06-30T01:00:00Z,2026-06-30T02:00:00Z,35926
app/bodegaai-production-alb/31b69d3d76ab5ed1,targetgroup/bodegaai-production-store-servic/736691f5beac1ff1,RequestCountPerTarget,2026-06-30T02:00:00Z,2026-06-30T03:00:00Z,38078.5
app/bodegaai-production-alb/31b69d3d76ab5ed1,targetgroup/bodegaai-production-store-servic/736691f5beac1ff1,RequestCountPerTarget,2026-06-30T03:00:00Z,2026-06-30T04:00:00Z,33527.5
app/bodegaai-production-alb/31b69d3d76ab5ed1,targetgroup/bodegaai-production-store-servic/736691f5beac1ff1,RequestCountPerTarget,2026-06-30T04:00:00Z,2026-06-30T05:00:00Z,37747.5
app/bodegaai-production-alb/31b69d3d76ab5ed1,targetgroup/bodegaai-production-store-servic/736691f5beac1ff1,RequestCountPerTarget,2026-06-30T05:00:00Z,2026-06-30T06:00:00Z,33423
app/bodegaai-production-alb/31b69d3d76ab5ed1,targetgroup/bodegaai-production-store-servic/736691f5beac1ff1,RequestCountPerTarget,2026-06-30T06:00:00Z,2026-06-30T07:00:00Z,33042.5
app/bodegaai-production-alb/31b69d3d76ab5ed1,targetgroup/bodegaai-production-store-servic/736691f5beac1ff1,RequestCountPerTarget,2026-06-30T07:00:00Z,2026-06-30T08:00:00Z,29572
app/bodegaai-production-alb/31b69d3d76ab5ed1,targetgroup/bodegaai-production-store-servic/736691f5beac1ff1,RequestCountPerTarget,2026-06-30T08:00:00Z,2026-06-30T09:00:00Z,31673.5
app/bodegaai-production-alb/31b69d3d76ab5ed1,targetgroup/bodegaai-production-store-servic/736691f5beac1ff1,RequestCountPerTarget,2026-06-30T09:00:00Z,2026-06-30T10:00:00Z,36064.5
app/bodegaai-production-alb/31b69d3d76ab5ed1,targetgroup/bodegaai-production-store-servic/736691f5beac1ff1,RequestCountPerTarget,2026-06-30T10:00:00Z,2026-06-30T11:00:00Z,35599
app/bodegaai-production-alb/31b69d3d76ab5ed1,targetgroup/bodegaai-production-store-servic/736691f5beac1ff1,RequestCountPerTarget,2026-06-30T11:00:00Z,2026-06-30T12:00:00Z,34829
app/bodegaai-production-alb/31b69d3d76ab5ed1,targetgroup/bodegaai-production-store-servic/736691f5beac1ff1,RequestCountPerTarget,2026-06-30T12:00:00Z,2026-06-30T13:00:00Z,31266.5
app/bodegaai-production-alb/31b69d3d76ab5ed1,targetgroup/bodegaai-production-store-servic/736691f5beac1ff1,RequestCountPerTarget,2026-06-30T13:00:00Z,2026-06-30T14:00:00Z,29569
app/bodegaai-production-alb/31b69d3d76ab5ed1,targetgroup/bodegaai-production-store-servic/736691f5beac1ff1,RequestCountPerTarget,2026-06-30T14:00:00Z,2026-06-30T15:00:00Z,32132
app/bodegaai-production-alb/31b69d3d76ab5ed1,targetgroup/bodegaai-production-store-servic/736691f5beac1ff1,RequestCountPerTarget,2026-06-30T15:00:00Z,2026-06-30T16:00:00Z,50747
app/bodegaai-production-alb/31b69d3d76ab5ed1,targetgroup/bodegaai-production-store-servic/736691f5beac1ff1,RequestCountPerTarget,2026-06-30T16:00:00Z,2026-06-30T17:00:00Z,60902.5
app/bodegaai-production-alb/31b69d3d76ab5ed1,targetgroup/bodegaai-production-store-servic/736691f5beac1ff1,RequestCountPerTarget,2026-06-30T17:00:00Z,2026-06-30T18:00:00Z,47808
app/bodegaai-production-alb/31b69d3d76ab5ed1,targetgroup/bodegaai-production-store-servic/736691f5beac1ff1,RequestCountPerTarget,2026-06-30T18:00:00Z,2026-06-30T19:00:00Z,49219
app/bodegaai-production-alb/31b69d3d76ab5ed1,targetgroup/bodegaai-production-store-servic/736691f5beac1ff1,RequestCountPerTarget,2026-06-30T19:00:00Z,2026-06-30T20:00:00Z,49781.5
app/bodegaai-production-alb/31b69d3d76ab5ed1,targetgroup/bodegaai-production-store-servic/736691f5beac1ff1,RequestCountPerTarget,2026-06-30T20:00:00Z,2026-06-30T21:00:00Z,49171
app/bodegaai-production-alb/31b69d3d76ab5ed1,targetgroup/bodegaai-production-store-servic/736691f5beac1ff1,RequestCountPerTarget,2026-06-30T21:00:00Z,2026-06-30T22:00:00Z,52413.5
app/bodegaai-production-alb/31b69d3d76ab5ed1,targetgroup/bodegaai-production-store-servic/736691f5beac1ff1,RequestCountPerTarget,2026-06-30T22:00:00Z,2026-06-30T23:00:00Z,51662
app/bodegaai-production-alb/31b69d3d76ab5ed1,targetgroup/bodegaai-production-store-servic/736691f5beac1ff1,RequestCountPerTarget,2026-06-30T23:00:00Z,2026-07-01T00:00:00Z,50897.5
app/bodegaai-production-alb/31b69d3d76ab5ed1,targetgroup/bodegaai-production-store-servic/736691f5beac1ff1,RequestCountPerTarget,2026-07-01T00:00:00Z,2026-07-01T01:00:00Z,50483.5
app/bodegaai-production-alb/31b69d3d76ab5ed1,targetgroup/bodegaai-production-store-servic/736691f5beac1ff1,RequestCountPerTarget,2026-07-01T01:00:00Z,2026-07-01T02:00:00Z,49149
app/bodegaai-production-alb/31b69d3d76ab5ed1,targetgroup/bodegaai-production-store-servic/736691f5beac1ff1,RequestCountPerTarget,2026-07-01T02:00:00Z,2026-07-01T03:00:00Z,46192.5
app/bodegaai-production-alb/31b69d3d76ab5ed1,targetgroup/bodegaai-production-store-servic/736691f5beac1ff1,RequestCountPerTarget,2026-07-01T03:00:00Z,2026-07-01T04:00:00Z,43488.5
app/bodegaai-production-alb/31b69d3d76ab5ed1,targetgroup/bodegaai-production-store-servic/736691f5beac1ff1,RequestCountPerTarget,2026-07-01T04:00:00Z,2026-07-01T05:00:00Z,41771.5
app/bodegaai-production-alb/31b69d3d76ab5ed1,targetgroup/bodegaai-production-store-servic/736691f5beac1ff1,RequestCountPerTarget,2026-07-01T05:00:00Z,2026-07-01T06:00:00Z,40793.5
app/bodegaai-production-alb/31b69d3d76ab5ed1,targetgroup/bodegaai-production-store-servic/736691f5beac1ff1,RequestCountPerTarget,2026-07-01T06:00:00Z,2026-07-01T07:00:00Z,40680.5
app/bodegaai-production-alb/31b69d3d76ab5ed1,targetgroup/bodegaai-production-store-servic/736691f5beac1ff1,RequestCountPerTarget,2026-07-01T07:00:00Z,2026-07-01T08:00:00Z,40128
app/bodegaai-production-alb/31b69d3d76ab5ed1,targetgroup/bodegaai-production-store-servic/736691f5beac1ff1,RequestCountPerTarget,2026-07-01T08:00:00Z,2026-07-01T09:00:00Z,41085
app/bodegaai-production-alb/31b69d3d76ab5ed1,targetgroup/bodegaai-production-store-servic/736691f5beac1ff1,RequestCountPerTarget,2026-07-01T09:00:00Z,2026-07-01T10:00:00Z,40412
app/bodegaai-production-alb/31b69d3d76ab5ed1,targetgroup/bodegaai-production-store-servic/736691f5beac1ff1,RequestCountPerTarget,2026-07-01T10:00:00Z,2026-07-01T11:00:00Z,42632.5
app/bodegaai-production-alb/31b69d3d76ab5ed1,targetgroup/bodegaai-production-store-servic/736691f5beac1ff1,RequestCountPerTarget,2026-07-01T11:00:00Z,2026-07-01T12:00:00Z,45486.5
app/bodegaai-production-alb/31b69d3d76ab5ed1,targetgroup/bodegaai-production-store-servic/736691f5beac1ff1,RequestCountPerTarget,2026-07-01T12:00:00Z,2026-07-01T13:00:00Z,47640
app/bodegaai-production-alb/31b69d3d76ab5ed1,targetgroup/bodegaai-production-store-servic/736691f5beac1ff1,RequestCountPerTarget,2026-07-01T13:00:00Z,2026-07-01T14:00:00Z,47039
app/bodegaai-production-alb/31b69d3d76ab5ed1,targetgroup/bodegaai-production-store-servic/736691f5beac1ff1,RequestCountPerTarget,2026-07-01T14:00:00Z,2026-07-01T15:00:00Z,47779.5
app/bodegaai-production-alb/31b69d3d76ab5ed1,targetgroup/bodegaai-production-store-servic/736691f5beac1ff1,RequestCountPerTarget,2026-07-01T15:00:00Z,2026-07-01T16:00:00Z,38486.5
app/bodegaai-production-alb/31b69d3d76ab5ed1,targetgroup/bodegaai-production-store-servic/736691f5beac1ff1,RequestCountPerTarget,2026-07-01T16:00:00Z,2026-07-01T17:00:00Z,48659
app/bodegaai-production-alb/31b69d3d76ab5ed1,targetgroup/bodegaai-production-store-servic/736691f5beac1ff1,RequestCountPerTarget,2026-07-01T17:00:00Z,2026-07-01T18:00:00Z,50449
app/bodegaai-production-alb/31b69d3d76ab5ed1,targetgroup/bodegaai-production-store-servic/736691f5beac1ff1,RequestCountPerTarget,2026-07-01T18:00:00Z,2026-07-01T19:00:00Z,51418.5
app/bodegaai-production-alb/31b69d3d76ab5ed1,targetgroup/bodegaai-production-store-servic/736691f5beac1ff1,RequestCountPerTarget,2026-07-01T19:00:00Z,2026-07-01T20:00:00Z,53774
app/bodegaai-production-alb/31b69d3d76ab5ed1,targetgroup/bodegaai-production-store-servic/736691f5beac1ff1,RequestCountPerTarget,2026-07-01T20:00:00Z,2026-07-01T21:00:00Z,54593
app/bodegaai-production-alb/31b69d3d76ab5ed1,targetgroup/bodegaai-production-store-servic/736691f5beac1ff1,RequestCountPerTarget,2026-07-01T21:00:00Z,2026-07-01T22:00:00Z,55907.5
app/bodegaai-production-alb/31b69d3d76ab5ed1,targetgroup/bodegaai-production-store-servic/736691f5beac1ff1,RequestCountPerTarget,2026-07-01T22:00:00Z,2026-07-01T23:00:00Z,52341.5
app/bodegaai-production-alb/31b69d3d76ab5ed1,targetgroup/bodegaai-production-store-servic/736691f5beac1ff1,RequestCountPerTarget,2026-07-01T23:00:00Z,2026-07-02T00:00:00Z,53044.5
app/bodegaai-production-alb/31b69d3d76ab5ed1,targetgroup/bodegaai-production-store-servic/736691f5beac1ff1,RequestCountPerTarget,2026-07-02T00:00:00Z,2026-07-02T01:00:00Z,50674
app/bodegaai-production-alb/31b69d3d76ab5ed1,targetgroup/bodegaai-production-store-servic/736691f5beac1ff1,RequestCountPerTarget,2026-07-02T01:00:00Z,2026-07-02T02:00:00Z,51600.5
app/bodegaai-production-alb/31b69d3d76ab5ed1,targetgroup/bodegaai-production-store-servic/736691f5beac1ff1,RequestCountPerTarget,2026-07-02T02:00:00Z,2026-07-02T03:00:00Z,45897
app/bodegaai-production-alb/31b69d3d76ab5ed1,targetgroup/bodegaai-production-store-servic/736691f5beac1ff1,RequestCountPerTarget,2026-07-02T03:00:00Z,2026-07-02T04:00:00Z,39374
app/bodegaai-production-alb/31b69d3d76ab5ed1,targetgroup/bodegaai-production-store-servic/736691f5beac1ff1,RequestCountPerTarget,2026-07-02T04:00:00Z,2026-07-02T05:00:00Z,40262
app/bodegaai-production-alb/31b69d3d76ab5ed1,targetgroup/bodegaai-production-store-servic/736691f5beac1ff1,RequestCountPerTarget,2026-07-02T05:00:00Z,2026-07-02T06:00:00Z,36951.5
app/bodegaai-production-alb/31b69d3d76ab5ed1,targetgroup/bodegaai-production-store-servic/736691f5beac1ff1,RequestCountPerTarget,2026-07-02T06:00:00Z,2026-07-02T07:00:00Z,36573.5
app/bodegaai-production-alb/31b69d3d76ab5ed1,targetgroup/bodegaai-production-store-servic/736691f5beac1ff1,RequestCountPerTarget,2026-07-02T07:00:00Z,2026-07-02T08:00:00Z,38041.5
app/bodegaai-production-alb/31b69d3d76ab5ed1,targetgroup/bodegaai-production-store-servic/736691f5beac1ff1,RequestCountPerTarget,2026-07-02T08:00:00Z,2026-07-02T09:00:00Z,37690
app/bodegaai-production-alb/31b69d3d76ab5ed1,targetgroup/bodegaai-production-store-servic/736691f5beac1ff1,RequestCountPerTarget,2026-07-02T09:00:00Z,2026-07-02T10:00:00Z,38305.5
app/bodegaai-production-alb/31b69d3d76ab5ed1,targetgroup/bodegaai-production-store-servic/736691f5beac1ff1,RequestCountPerTarget,2026-07-02T10:00:00Z,2026-07-02T11:00:00Z,39341.5
app/bodegaai-production-alb/31b69d3d76ab5ed1,targetgroup/bodegaai-production-store-servic/736691f5beac1ff1,RequestCountPerTarget,2026-07-02T11:00:00Z,2026-07-02T12:00:00Z,41255.5
app/bodegaai-production-alb/31b69d3d76ab5ed1,targetgroup/bodegaai-production-store-servic/736691f5beac1ff1,RequestCountPerTarget,2026-07-02T12:00:00Z,2026-07-02T13:00:00Z,45578
app/bodegaai-production-alb/31b69d3d76ab5ed1,targetgroup/bodegaai-production-store-servic/736691f5beac1ff1,RequestCountPerTarget,2026-07-02T13:00:00Z,2026-07-02T14:00:00Z,48268
app/bodegaai-production-alb/31b69d3d76ab5ed1,targetgroup/bodegaai-production-store-servic/736691f5beac1ff1,RequestCountPerTarget,2026-07-02T14:00:00Z,2026-07-02T15:00:00Z,50071
app/bodegaai-production-alb/31b69d3d76ab5ed1,targetgroup/bodegaai-production-store-servic/736691f5beac1ff1,RequestCountPerTarget,2026-07-02T15:00:00Z,2026-07-02T16:00:00Z,54140.5
app/bodegaai-production-alb/31b69d3d76ab5ed1,targetgroup/bodegaai-production-store-servic/736691f5beac1ff1,RequestCountPerTarget,2026-07-02T16:00:00Z,2026-07-02T17:00:00Z,73255
app/bodegaai-production-alb/31b69d3d76ab5ed1,targetgroup/bodegaai-production-store-servic/736691f5beac1ff1,RequestCountPerTarget,2026-07-02T17:00:00Z,2026-07-02T18:00:00Z,68079.5
app/bodegaai-production-alb/31b69d3d76ab5ed1,targetgroup/bodegaai-production-store-servic/736691f5beac1ff1,RequestCountPerTarget,2026-07-02T18:00:00Z,2026-07-02T19:00:00Z,61770
app/bodegaai-production-alb/31b69d3d76ab5ed1,targetgroup/bodegaai-production-store-servic/736691f5beac1ff1,RequestCountPerTarget,2026-07-02T19:00:00Z,2026-07-02T20:00:00Z,98422.5
app/bodegaai-production-alb/31b69d3d76ab5ed1,targetgroup/bodegaai-production-store-servic/736691f5beac1ff1,RequestCountPerTarget,2026-07-02T20:00:00Z,2026-07-02T21:00:00Z,101706.5
app/bodegaai-production-alb/31b69d3d76ab5ed1,targetgroup/bodegaai-production-store-servic/736691f5beac1ff1,RequestCountPerTarget,2026-07-02T21:00:00Z,2026-07-02T22:00:00Z,102174.333331
app/bodegaai-production-alb/31b69d3d76ab5ed1,targetgroup/bodegaai-production-store-servic/736691f5beac1ff1,RequestCountPerTarget,2026-07-02T22:00:00Z,2026-07-02T23:00:00Z,102244.5
app/bodegaai-production-alb/31b69d3d76ab5ed1,targetgroup/bodegaai-production-store-servic/736691f5beac1ff1,RequestCountPerTarget,2026-07-02T23:00:00Z,2026-07-03T00:00:00Z,102522
app/bodegaai-production-alb/31b69d3d76ab5ed1,targetgroup/bodegaai-production-store-servic/736691f5beac1ff1,RequestCountPerTarget,2026-07-03T00:00:00Z,2026-07-03T01:00:00Z,99967.5
app/bodegaai-production-alb/31b69d3d76ab5ed1,targetgroup/bodegaai-production-store-servic/736691f5beac1ff1,RequestCountPerTarget,2026-07-03T01:00:00Z,2026-07-03T02:00:00Z,99747.5
app/bodegaai-production-alb/31b69d3d76ab5ed1,targetgroup/bodegaai-production-store-servic/736691f5beac1ff1,RequestCountPerTarget,2026-07-03T02:00:00Z,2026-07-03T03:00:00Z,95536.5
app/bodegaai-production-alb/31b69d3d76ab5ed1,targetgroup/bodegaai-production-store-servic/736691f5beac1ff1,RequestCountPerTarget,2026-07-03T03:00:00Z,2026-07-03T04:00:00Z,91459.5
app/bodegaai-production-alb/31b69d3d76ab5ed1,targetgroup/bodegaai-production-store-servic/736691f5beac1ff1,RequestCountPerTarget,2026-07-03T04:00:00Z,2026-07-03T05:00:00Z,87829
app/bodegaai-production-alb/31b69d3d76ab5ed1,targetgroup/bodegaai-production-store-servic/736691f5beac1ff1,RequestCountPerTarget,2026-07-03T05:00:00Z,2026-07-03T06:00:00Z,86098
app/bodegaai-production-alb/31b69d3d76ab5ed1,targetgroup/bodegaai-production-store-servic/736691f5beac1ff1,RequestCountPerTarget,2026-07-03T06:00:00Z,2026-07-03T07:00:00Z,85560
app/bodegaai-production-alb/31b69d3d76ab5ed1,targetgroup/bodegaai-production-store-servic/736691f5beac1ff1,RequestCountPerTarget,2026-07-03T07:00:00Z,2026-07-03T08:00:00Z,85180.5
app/bodegaai-production-alb/31b69d3d76ab5ed1,targetgroup/bodegaai-production-store-servic/736691f5beac1ff1,RequestCountPerTarget,2026-07-03T08:00:00Z,2026-07-03T09:00:00Z,85263.5
app/bodegaai-production-alb/31b69d3d76ab5ed1,targetgroup/bodegaai-production-store-servic/736691f5beac1ff1,RequestCountPerTarget,2026-07-03T09:00:00Z,2026-07-03T10:00:00Z,84821
app/bodegaai-production-alb/31b69d3d76ab5ed1,targetgroup/bodegaai-production-store-servic/736691f5beac1ff1,RequestCountPerTarget,2026-07-03T10:00:00Z,2026-07-03T11:00:00Z,86160.5
app/bodegaai-production-alb/31b69d3d76ab5ed1,targetgroup/bodegaai-production-store-servic/736691f5beac1ff1,RequestCountPerTarget,2026-07-03T11:00:00Z,2026-07-03T12:00:00Z,88967.5
app/bodegaai-production-alb/31b69d3d76ab5ed1,targetgroup/bodegaai-production-store-servic/736691f5beac1ff1,RequestCountPerTarget,2026-07-03T12:00:00Z,2026-07-03T13:00:00Z,91771
app/bodegaai-production-alb/31b69d3d76ab5ed1,targetgroup/bodegaai-production-store-servic/736691f5beac1ff1,RequestCountPerTarget,2026-07-03T13:00:00Z,2026-07-03T14:00:00Z,97941
app/bodegaai-production-alb/31b69d3d76ab5ed1,targetgroup/bodegaai-production-store-servic/736691f5beac1ff1,RequestCountPerTarget,2026-07-03T14:00:00Z,2026-07-03T15:00:00Z,92499.333331
app/bodegaai-production-alb/31b69d3d76ab5ed1,targetgroup/bodegaai-production-store-servic/736691f5beac1ff1,RequestCountPerTarget,2026-07-03T15:00:00Z,2026-07-03T16:00:00Z,99689
app/bodegaai-production-alb/31b69d3d76ab5ed1,targetgroup/bodegaai-production-store-servic/736691f5beac1ff1,RequestCountPerTarget,2026-07-03T16:00:00Z,2026-07-03T17:00:00Z,99610.5
app/bodegaai-production-alb/31b69d3d76ab5ed1,targetgroup/bodegaai-production-store-servic/736691f5beac1ff1,RequestCountPerTarget,2026-07-03T17:00:00Z,2026-07-03T18:00:00Z,98942.5
app/bodegaai-production-alb/31b69d3d76ab5ed1,targetgroup/bodegaai-production-store-servic/736691f5beac1ff1,RequestCountPerTarget,2026-07-03T18:00:00Z,2026-07-03T19:00:00Z,98150
app/bodegaai-production-alb/31b69d3d76ab5ed1,targetgroup/bodegaai-production-store-servic/736691f5beac1ff1,RequestCountPerTarget,2026-07-03T19:00:00Z,2026-07-03T20:00:00Z,98866
app/bodegaai-production-alb/31b69d3d76ab5ed1,targetgroup/bodegaai-production-store-servic/736691f5beac1ff1,RequestCountPerTarget,2026-07-03T20:00:00Z,2026-07-03T21:00:00Z,96734
app/bodegaai-production-alb/31b69d3d76ab5ed1,targetgroup/bodegaai-production-store-servic/736691f5beac1ff1,RequestCountPerTarget,2026-07-03T21:00:00Z,2026-07-03T22:00:00Z,96952.5
app/bodegaai-production-alb/31b69d3d76ab5ed1,targetgroup/bodegaai-production-store-servic/736691f5beac1ff1,RequestCountPerTarget,2026-07-03T22:00:00Z,2026-07-03T23:00:00Z,89284
app/bodegaai-production-alb/31b69d3d76ab5ed1,targetgroup/bodegaai-production-store-servic/736691f5beac1ff1,RequestCountPerTarget,2026-07-03T23:00:00Z,2026-07-04T00:00:00Z,83566.5
app/bodegaai-production-alb/31b69d3d76ab5ed1,targetgroup/bodegaai-production-store-servic/736691f5beac1ff1,RequestCountPerTarget,2026-07-04T00:00:00Z,2026-07-04T01:00:00Z,82417
app/bodegaai-production-alb/31b69d3d76ab5ed1,targetgroup/bodegaai-production-store-servic/736691f5beac1ff1,RequestCountPerTarget,2026-07-04T01:00:00Z,2026-07-04T02:00:00Z,84399.5
app/bodegaai-production-alb/31b69d3d76ab5ed1,targetgroup/bodegaai-production-store-servic/736691f5beac1ff1,RequestCountPerTarget,2026-07-04T02:00:00Z,2026-07-04T03:00:00Z,79940.5
app/bodegaai-production-alb/31b69d3d76ab5ed1,targetgroup/bodegaai-production-store-servic/736691f5beac1ff1,RequestCountPerTarget,2026-07-04T03:00:00Z,2026-07-04T04:00:00Z,74435.5
app/bodegaai-production-alb/31b69d3d76ab5ed1,targetgroup/bodegaai-production-store-servic/736691f5beac1ff1,RequestCountPerTarget,2026-07-04T04:00:00Z,2026-07-04T05:00:00Z,70786.5
app/bodegaai-production-alb/31b69d3d76ab5ed1,targetgroup/bodegaai-production-store-servic/736691f5beac1ff1,RequestCountPerTarget,2026-07-04T05:00:00Z,2026-07-04T06:00:00Z,69709.5
app/bodegaai-production-alb/31b69d3d76ab5ed1,targetgroup/bodegaai-production-store-servic/736691f5beac1ff1,RequestCountPerTarget,2026-07-04T06:00:00Z,2026-07-04T07:00:00Z,69335.5
app/bodegaai-production-alb/31b69d3d76ab5ed1,targetgroup/bodegaai-production-store-servic/736691f5beac1ff1,RequestCountPerTarget,2026-07-04T07:00:00Z,2026-07-04T08:00:00Z,68074
app/bodegaai-production-alb/31b69d3d76ab5ed1,targetgroup/bodegaai-production-store-servic/736691f5beac1ff1,RequestCountPerTarget,2026-07-04T08:00:00Z,2026-07-04T09:00:00Z,69012.5
app/bodegaai-production-alb/31b69d3d76ab5ed1,targetgroup/bodegaai-production-store-servic/736691f5beac1ff1,RequestCountPerTarget,2026-07-04T09:00:00Z,2026-07-04T10:00:00Z,68951
app/bodegaai-production-alb/31b69d3d76ab5ed1,targetgroup/bodegaai-production-store-servic/736691f5beac1ff1,RequestCountPerTarget,2026-07-04T10:00:00Z,2026-07-04T11:00:00Z,69084.5
app/bodegaai-production-alb/31b69d3d76ab5ed1,targetgroup/bodegaai-production-store-servic/736691f5beac1ff1,RequestCountPerTarget,2026-07-04T11:00:00Z,2026-07-04T12:00:00Z,70373
app/bodegaai-production-alb/31b69d3d76ab5ed1,targetgroup/bodegaai-production-store-servic/736691f5beac1ff1,RequestCountPerTarget,2026-07-04T12:00:00Z,2026-07-04T13:00:00Z,81754.5
app/bodegaai-production-alb/31b69d3d76ab5ed1,targetgroup/bodegaai-production-store-servic/736691f5beac1ff1,RequestCountPerTarget,2026-07-04T13:00:00Z,2026-07-04T14:00:00Z,85450.5
app/bodegaai-production-alb/31b69d3d76ab5ed1,targetgroup/bodegaai-production-store-servic/736691f5beac1ff1,RequestCountPerTarget,2026-07-04T14:00:00Z,2026-07-04T15:00:00Z,87605
app/bodegaai-production-alb/31b69d3d76ab5ed1,targetgroup/bodegaai-production-store-servic/736691f5beac1ff1,RequestCountPerTarget,2026-07-04T15:00:00Z,2026-07-04T16:00:00Z,90694.5
app/bodegaai-production-alb/31b69d3d76ab5ed1,targetgroup/bodegaai-production-store-servic/736691f5beac1ff1,RequestCountPerTarget,2026-07-04T16:00:00Z,2026-07-04T17:00:00Z,91071
app/bodegaai-production-alb/31b69d3d76ab5ed1,targetgroup/bodegaai-production-store-servic/736691f5beac1ff1,RequestCountPerTarget,2026-07-04T17:00:00Z,2026-07-04T18:00:00Z,91957.5
app/bodegaai-production-alb/31b69d3d76ab5ed1,targetgroup/bodegaai-production-store-servic/736691f5beac1ff1,RequestCountPerTarget,2026-07-04T18:00:00Z,2026-07-04T19:00:00Z,93253
app/bodegaai-production-alb/31b69d3d76ab5ed1,targetgroup/bodegaai-production-store-servic/736691f5beac1ff1,RequestCountPerTarget,2026-07-04T19:00:00Z,2026-07-04T20:00:00Z,93348
app/bodegaai-production-alb/31b69d3d76ab5ed1,targetgroup/bodegaai-production-store-servic/736691f5beac1ff1,RequestCountPerTarget,2026-07-04T20:00:00Z,2026-07-04T21:00:00Z,93328.5
app/bodegaai-production-alb/31b69d3d76ab5ed1,targetgroup/bodegaai-production-store-servic/736691f5beac1ff1,RequestCountPerTarget,2026-07-04T21:00:00Z,2026-07-04T22:00:00Z,92318
app/bodegaai-production-alb/31b69d3d76ab5ed1,targetgroup/bodegaai-production-store-servic/736691f5beac1ff1,RequestCountPerTarget,2026-07-04T22:00:00Z,2026-07-04T23:00:00Z,91331.5
app/bodegaai-production-alb/31b69d3d76ab5ed1,targetgroup/bodegaai-production-store-servic/736691f5beac1ff1,RequestCountPerTarget,2026-07-04T23:00:00Z,2026-07-05T00:00:00Z,91097
app/bodegaai-production-alb/31b69d3d76ab5ed1,targetgroup/bodegaai-production-store-servic/736691f5beac1ff1,RequestCountPerTarget,2026-07-05T00:00:00Z,2026-07-05T01:00:00Z,90566.5
app/bodegaai-production-alb/31b69d3d76ab5ed1,targetgroup/bodegaai-production-store-servic/736691f5beac1ff1,RequestCountPerTarget,2026-07-05T01:00:00Z,2026-07-05T02:00:00Z,90309.5
app/bodegaai-production-alb/31b69d3d76ab5ed1,targetgroup/bodegaai-production-store-servic/736691f5beac1ff1,RequestCountPerTarget,2026-07-05T02:00:00Z,2026-07-05T03:00:00Z,88000
app/bodegaai-production-alb/31b69d3d76ab5ed1,targetgroup/bodegaai-production-store-servic/736691f5beac1ff1,RequestCountPerTarget,2026-07-05T03:00:00Z,2026-07-05T04:00:00Z,82502
app/bodegaai-production-alb/31b69d3d76ab5ed1,targetgroup/bodegaai-production-store-servic/736691f5beac1ff1,RequestCountPerTarget,2026-07-05T04:00:00Z,2026-07-05T05:00:00Z,80797.5
app/bodegaai-production-alb/31b69d3d76ab5ed1,targetgroup/bodegaai-production-store-servic/736691f5beac1ff1,RequestCountPerTarget,2026-07-05T05:00:00Z,2026-07-05T06:00:00Z,77991
app/bodegaai-production-alb/31b69d3d76ab5ed1,targetgroup/bodegaai-production-store-servic/736691f5beac1ff1,RequestCountPerTarget,2026-07-05T06:00:00Z,2026-07-05T07:00:00Z,76746.5
app/bodegaai-production-alb/31b69d3d76ab5ed1,targetgroup/bodegaai-production-store-servic/736691f5beac1ff1,RequestCountPerTarget,2026-07-05T07:00:00Z,2026-07-05T08:00:00Z,75445
app/bodegaai-production-alb/31b69d3d76ab5ed1,targetgroup/bodegaai-production-store-servic/736691f5beac1ff1,RequestCountPerTarget,2026-07-05T08:00:00Z,2026-07-05T09:00:00Z,75134
app/bodegaai-production-alb/31b69d3d76ab5ed1,targetgroup/bodegaai-production-store-servic/736691f5beac1ff1,RequestCountPerTarget,2026-07-05T09:00:00Z,2026-07-05T10:00:00Z,75525.5
app/bodegaai-production-alb/31b69d3d76ab5ed1,targetgroup/bodegaai-production-store-servic/736691f5beac1ff1,RequestCountPerTarget,2026-07-05T10:00:00Z,2026-07-05T11:00:00Z,75601
app/bodegaai-production-alb/31b69d3d76ab5ed1,targetgroup/bodegaai-production-store-servic/736691f5beac1ff1,RequestCountPerTarget,2026-07-05T11:00:00Z,2026-07-05T12:00:00Z,76159.5
app/bodegaai-production-alb/31b69d3d76ab5ed1,targetgroup/bodegaai-production-store-servic/736691f5beac1ff1,RequestCountPerTarget,2026-07-05T12:00:00Z,2026-07-05T13:00:00Z,79896.5
app/bodegaai-production-alb/31b69d3d76ab5ed1,targetgroup/bodegaai-production-store-servic/736691f5beac1ff1,RequestCountPerTarget,2026-07-05T13:00:00Z,2026-07-05T14:00:00Z,82111
app/bodegaai-production-alb/31b69d3d76ab5ed1,targetgroup/bodegaai-production-store-servic/736691f5beac1ff1,RequestCountPerTarget,2026-07-05T14:00:00Z,2026-07-05T15:00:00Z,85593.5
app/bodegaai-production-alb/31b69d3d76ab5ed1,targetgroup/bodegaai-production-store-servic/736691f5beac1ff1,RequestCountPerTarget,2026-07-05T15:00:00Z,2026-07-05T16:00:00Z,87363.5
app/bodegaai-production-alb/31b69d3d76ab5ed1,targetgroup/bodegaai-production-store-servic/736691f5beac1ff1,RequestCountPerTarget,2026-07-05T16:00:00Z,2026-07-05T17:00:00Z,91209.5
app/bodegaai-production-alb/31b69d3d76ab5ed1,targetgroup/bodegaai-production-store-servic/736691f5beac1ff1,RequestCountPerTarget,2026-07-05T17:00:00Z,2026-07-05T18:00:00Z,90984
app/bodegaai-production-alb/31b69d3d76ab5ed1,targetgroup/bodegaai-production-store-servic/736691f5beac1ff1,RequestCountPerTarget,2026-07-05T18:00:00Z,2026-07-05T19:00:00Z,90022
app/bodegaai-production-alb/31b69d3d76ab5ed1,targetgroup/bodegaai-production-store-servic/736691f5beac1ff1,RequestCountPerTarget,2026-07-05T19:00:00Z,2026-07-05T20:00:00Z,90465
app/bodegaai-production-alb/31b69d3d76ab5ed1,targetgroup/bodegaai-production-store-servic/736691f5beac1ff1,RequestCountPerTarget,2026-07-05T20:00:00Z,2026-07-05T21:00:00Z,90202.5
app/bodegaai-production-alb/31b69d3d76ab5ed1,targetgroup/bodegaai-production-store-servic/736691f5beac1ff1,RequestCountPerTarget,2026-07-05T21:00:00Z,2026-07-05T22:00:00Z,91400
app/bodegaai-production-alb/31b69d3d76ab5ed1,targetgroup/bodegaai-production-store-servic/736691f5beac1ff1,RequestCountPerTarget,2026-07-05T22:00:00Z,2026-07-05T23:00:00Z,91240.5
app/bodegaai-production-alb/31b69d3d76ab5ed1,targetgroup/bodegaai-production-store-servic/736691f5beac1ff1,RequestCountPerTarget,2026-07-05T23:00:00Z,2026-07-06T00:00:00Z,90757
app/bodegaai-production-alb/31b69d3d76ab5ed1,targetgroup/bodegaai-production-store-servic/736691f5beac1ff1,RequestCountPerTarget,2026-07-06T00:00:00Z,2026-07-06T01:00:00Z,90306
app/bodegaai-production-alb/31b69d3d76ab5ed1,targetgroup/bodegaai-production-store-servic/736691f5beac1ff1,RequestCountPerTarget,2026-07-06T01:00:00Z,2026-07-06T02:00:00Z,87073.5
app/bodegaai-production-alb/31b69d3d76ab5ed1,targetgroup/bodegaai-production-store-servic/736691f5beac1ff1,RequestCountPerTarget,2026-07-06T02:00:00Z,2026-07-06T03:00:00Z,82389.5
app/bodegaai-production-alb/31b69d3d76ab5ed1,targetgroup/bodegaai-production-store-servic/736691f5beac1ff1,RequestCountPerTarget,2026-07-06T03:00:00Z,2026-07-06T04:00:00Z,79189.5
app/bodegaai-production-alb/31b69d3d76ab5ed1,targetgroup/bodegaai-production-store-servic/736691f5beac1ff1,RequestCountPerTarget,2026-07-06T04:00:00Z,2026-07-06T05:00:00Z,77853
app/bodegaai-production-alb/31b69d3d76ab5ed1,targetgroup/bodegaai-production-store-servic/736691f5beac1ff1,RequestCountPerTarget,2026-07-06T05:00:00Z,2026-07-06T06:00:00Z,76245.5
app/bodegaai-production-alb/31b69d3d76ab5ed1,targetgroup/bodegaai-production-store-servic/736691f5beac1ff1,RequestCountPerTarget,2026-07-06T06:00:00Z,2026-07-06T07:00:00Z,75595.5
app/bodegaai-production-alb/31b69d3d76ab5ed1,targetgroup/bodegaai-production-store-servic/736691f5beac1ff1,RequestCountPerTarget,2026-07-06T07:00:00Z,2026-07-06T08:00:00Z,75406.5
app/bodegaai-production-alb/31b69d3d76ab5ed1,targetgroup/bodegaai-production-store-servic/736691f5beac1ff1,RequestCountPerTarget,2026-07-06T08:00:00Z,2026-07-06T09:00:00Z,75323
app/bodegaai-production-alb/31b69d3d76ab5ed1,targetgroup/bodegaai-production-store-servic/736691f5beac1ff1,RequestCountPerTarget,2026-07-06T09:00:00Z,2026-07-06T10:00:00Z,76090
app/bodegaai-production-alb/31b69d3d76ab5ed1,targetgroup/bodegaai-production-store-servic/736691f5beac1ff1,RequestCountPerTarget,2026-07-06T10:00:00Z,2026-07-06T11:00:00Z,78127.5
app/bodegaai-production-alb/31b69d3d76ab5ed1,targetgroup/bodegaai-production-store-servic/736691f5beac1ff1,RequestCountPerTarget,2026-07-06T11:00:00Z,2026-07-06T12:00:00Z,80370.5
app/bodegaai-production-alb/31b69d3d76ab5ed1,targetgroup/bodegaai-production-store-servic/736691f5beac1ff1,RequestCountPerTarget,2026-07-06T12:00:00Z,2026-07-06T13:00:00Z,81080
app/bodegaai-production-alb/31b69d3d76ab5ed1,targetgroup/bodegaai-production-store-servic/736691f5beac1ff1,RequestCountPerTarget,2026-07-06T13:00:00Z,2026-07-06T14:00:00Z,84235
app/bodegaai-production-alb/31b69d3d76ab5ed1,targetgroup/bodegaai-production-store-servic/736691f5beac1ff1,RequestCountPerTarget,2026-07-06T14:00:00Z,2026-07-06T15:00:00Z,89101
app/bodegaai-production-alb/31b69d3d76ab5ed1,targetgroup/bodegaai-production-store-servic/736691f5beac1ff1,RequestCountPerTarget,2026-07-06T15:00:00Z,2026-07-06T16:00:00Z,93355
app/bodegaai-production-alb/31b69d3d76ab5ed1,targetgroup/bodegaai-production-store-servic/736691f5beac1ff1,RequestCountPerTarget,2026-07-06T16:00:00Z,2026-07-06T17:00:00Z,93220.5
app/bodegaai-production-alb/31b69d3d76ab5ed1,targetgroup/bodegaai-production-store-servic/736691f5beac1ff1,RequestCountPerTarget,2026-07-06T17:00:00Z,2026-07-06T18:00:00Z,93170
app/bodegaai-production-alb/31b69d3d76ab5ed1,targetgroup/bodegaai-production-store-servic/736691f5beac1ff1,RequestCountPerTarget,2026-07-06T18:00:00Z,2026-07-06T19:00:00Z,96279
app/bodegaai-production-alb/31b69d3d76ab5ed1,targetgroup/bodegaai-production-store-servic/736691f5beac1ff1,RequestCountPerTarget,2026-07-06T19:00:00Z,2026-07-06T20:00:00Z,92546
app/bodegaai-production-alb/31b69d3d76ab5ed1,targetgroup/bodegaai-production-store-servic/736691f5beac1ff1,RequestCountPerTarget,2026-07-06T20:00:00Z,2026-07-06T21:00:00Z,93203
app/bodegaai-production-alb/31b69d3d76ab5ed1,targetgroup/bodegaai-production-store-servic/736691f5beac1ff1,RequestCountPerTarget,2026-07-06T21:00:00Z,2026-07-06T22:00:00Z,97950
app/bodegaai-production-alb/31b69d3d76ab5ed1,targetgroup/bodegaai-production-store-servic/736691f5beac1ff1,RequestCountPerTarget,2026-07-06T22:00:00Z,2026-07-06T23:00:00Z,97263
app/bodegaai-production-alb/31b69d3d76ab5ed1,targetgroup/bodegaai-production-store-servic/736691f5beac1ff1,RequestCountPerTarget,2026-07-06T23:00:00Z,2026-07-07T00:00:00Z,97253.5
app/bodegaai-production-alb/31b69d3d76ab5ed1,targetgroup/bodegaai-production-store-servic/736691f5beac1ff1,RequestCountPerTarget,2026-07-07T00:00:00Z,2026-07-07T01:00:00Z,95672
app/bodegaai-production-alb/31b69d3d76ab5ed1,targetgroup/bodegaai-production-store-servic/736691f5beac1ff1,RequestCountPerTarget,2026-07-07T01:00:00Z,2026-07-07T02:00:00Z,94424
app/bodegaai-production-alb/31b69d3d76ab5ed1,targetgroup/bodegaai-production-store-servic/736691f5beac1ff1,RequestCountPerTarget,2026-07-07T02:00:00Z,2026-07-07T03:00:00Z,86641.5
app/bodegaai-production-alb/31b69d3d76ab5ed1,targetgroup/bodegaai-production-store-servic/736691f5beac1ff1,RequestCountPerTarget,2026-07-07T03:00:00Z,2026-07-07T04:00:00Z,83249
app/bodegaai-production-alb/31b69d3d76ab5ed1,targetgroup/bodegaai-production-store-servic/736691f5beac1ff1,RequestCountPerTarget,2026-07-07T04:00:00Z,2026-07-07T05:00:00Z,81607
app/bodegaai-production-alb/31b69d3d76ab5ed1,targetgroup/bodegaai-production-store-servic/736691f5beac1ff1,RequestCountPerTarget,2026-07-07T05:00:00Z,2026-07-07T06:00:00Z,81259.5
app/bodegaai-production-alb/31b69d3d76ab5ed1,targetgroup/bodegaai-production-store-servic/736691f5beac1ff1,RequestCountPerTarget,2026-07-07T06:00:00Z,2026-07-07T07:00:00Z,81123.5
app/bodegaai-production-alb/31b69d3d76ab5ed1,targetgroup/bodegaai-production-store-servic/736691f5beac1ff1,RequestCountPerTarget,2026-07-07T07:00:00Z,2026-07-07T08:00:00Z,81605
app/bodegaai-production-alb/31b69d3d76ab5ed1,targetgroup/bodegaai-production-store-servic/736691f5beac1ff1,RequestCountPerTarget,2026-07-07T08:00:00Z,2026-07-07T09:00:00Z,81251.5
app/bodegaai-production-alb/31b69d3d76ab5ed1,targetgroup/bodegaai-production-store-servic/736691f5beac1ff1,RequestCountPerTarget,2026-07-07T09:00:00Z,2026-07-07T10:00:00Z,81754
app/bodegaai-production-alb/31b69d3d76ab5ed1,targetgroup/bodegaai-production-store-servic/736691f5beac1ff1,RequestCountPerTarget,2026-07-07T10:00:00Z,2026-07-07T11:00:00Z,82105
app/bodegaai-production-alb/31b69d3d76ab5ed1,targetgroup/bodegaai-production-store-servic/736691f5beac1ff1,RequestCountPerTarget,2026-07-07T11:00:00Z,2026-07-07T12:00:00Z,84166
app/bodegaai-production-alb/31b69d3d76ab5ed1,targetgroup/bodegaai-production-store-servic/736691f5beac1ff1,RequestCountPerTarget,2026-07-07T12:00:00Z,2026-07-07T13:00:00Z,86219
app/bodegaai-production-alb/31b69d3d76ab5ed1,targetgroup/bodegaai-production-store-servic/736691f5beac1ff1,RequestCountPerTarget,2026-07-07T13:00:00Z,2026-07-07T14:00:00Z,88004
app/bodegaai-production-alb/31b69d3d76ab5ed1,targetgroup/bodegaai-production-store-servic/736691f5beac1ff1,RequestCountPerTarget,2026-07-07T14:00:00Z,2026-07-07T15:00:00Z,89379
app/bodegaai-production-alb/31b69d3d76ab5ed1,targetgroup/bodegaai-production-store-servic/736691f5beac1ff1,RequestCountPerTarget,2026-07-07T15:00:00Z,2026-07-07T16:00:00Z,91836.5
app/bodegaai-production-alb/31b69d3d76ab5ed1,targetgroup/bodegaai-production-store-servic/736691f5beac1ff1,RequestCountPerTarget,2026-07-07T16:00:00Z,2026-07-07T17:00:00Z,93840
app/bodegaai-production-alb/31b69d3d76ab5ed1,targetgroup/bodegaai-production-store-servic/736691f5beac1ff1,RequestCountPerTarget,2026-07-07T17:00:00Z,2026-07-07T18:00:00Z,69126
app/bodegaai-production-alb/31b69d3d76ab5ed1,targetgroup/bodegaai-production-store-servic/736691f5beac1ff1,RequestCountPerTarget,2026-07-07T18:00:00Z,2026-07-07T19:00:00Z,80070.5
app/bodegaai-production-alb/31b69d3d76ab5ed1,targetgroup/bodegaai-production-store-servic/736691f5beac1ff1,RequestCountPerTarget,2026-07-07T19:00:00Z,2026-07-07T20:00:00Z,92279.5
app/bodegaai-production-alb/31b69d3d76ab5ed1,targetgroup/bodegaai-production-store-servic/736691f5beac1ff1,RequestCountPerTarget,2026-07-07T20:00:00Z,2026-07-07T21:00:00Z,93116
app/bodegaai-production-alb/31b69d3d76ab5ed1,targetgroup/bodegaai-production-store-servic/736691f5beac1ff1,RequestCountPerTarget,2026-07-07T21:00:00Z,2026-07-07T22:00:00Z,92945
app/bodegaai-production-alb/31b69d3d76ab5ed1,targetgroup/bodegaai-production-store-servic/736691f5beac1ff1,RequestCountPerTarget,2026-07-07T22:00:00Z,2026-07-07T23:00:00Z,92314
app/bodegaai-production-alb/31b69d3d76ab5ed1,targetgroup/bodegaai-production-store-servic/736691f5beac1ff1,RequestCountPerTarget,2026-07-07T23:00:00Z,2026-07-08T00:00:00Z,92401
app/bodegaai-production-alb/31b69d3d76ab5ed1,targetgroup/bodegaai-production-store-servic/736691f5beac1ff1,RequestCountPerTarget,2026-07-08T00:00:00Z,2026-07-08T01:00:00Z,90793
app/bodegaai-production-alb/31b69d3d76ab5ed1,targetgroup/bodegaai-production-store-servic/736691f5beac1ff1,RequestCountPerTarget,2026-07-08T01:00:00Z,2026-07-08T02:00:00Z,89504
app/bodegaai-production-alb/31b69d3d76ab5ed1,targetgroup/bodegaai-production-store-servic/736691f5beac1ff1,RequestCountPerTarget,2026-07-08T02:00:00Z,2026-07-08T03:00:00Z,84687.5
app/bodegaai-production-alb/31b69d3d76ab5ed1,targetgroup/bodegaai-production-store-servic/736691f5beac1ff1,RequestCountPerTarget,2026-07-08T03:00:00Z,2026-07-08T04:00:00Z,79767.5
app/bodegaai-production-alb/31b69d3d76ab5ed1,targetgroup/bodegaai-production-store-servic/736691f5beac1ff1,RequestCountPerTarget,2026-07-08T04:00:00Z,2026-07-08T05:00:00Z,77256
app/bodegaai-production-alb/31b69d3d76ab5ed1,targetgroup/bodegaai-production-store-servic/736691f5beac1ff1,RequestCountPerTarget,2026-07-08T05:00:00Z,2026-07-08T06:00:00Z,75549.5
app/bodegaai-production-alb/31b69d3d76ab5ed1,targetgroup/bodegaai-production-store-servic/736691f5beac1ff1,RequestCountPerTarget,2026-07-08T06:00:00Z,2026-07-08T07:00:00Z,76713.5
app/bodegaai-production-alb/31b69d3d76ab5ed1,targetgroup/bodegaai-production-store-servic/736691f5beac1ff1,RequestCountPerTarget,2026-07-08T07:00:00Z,2026-07-08T08:00:00Z,76117
app/bodegaai-production-alb/31b69d3d76ab5ed1,targetgroup/bodegaai-production-store-servic/736691f5beac1ff1,RequestCountPerTarget,2026-07-08T08:00:00Z,2026-07-08T09:00:00Z,76931.5
app/bodegaai-production-alb/31b69d3d76ab5ed1,targetgroup/bodegaai-production-store-servic/736691f5beac1ff1,RequestCountPerTarget,2026-07-08T09:00:00Z,2026-07-08T10:00:00Z,77934
app/bodegaai-production-alb/31b69d3d76ab5ed1,targetgroup/bodegaai-production-store-servic/736691f5beac1ff1,RequestCountPerTarget,2026-07-08T10:00:00Z,2026-07-08T11:00:00Z,77931
app/bodegaai-production-alb/31b69d3d76ab5ed1,targetgroup/bodegaai-production-store-servic/736691f5beac1ff1,RequestCountPerTarget,2026-07-08T11:00:00Z,2026-07-08T12:00:00Z,81830
app/bodegaai-production-alb/31b69d3d76ab5ed1,targetgroup/bodegaai-production-store-servic/736691f5beac1ff1,RequestCountPerTarget,2026-07-08T12:00:00Z,2026-07-08T13:00:00Z,85035
app/bodegaai-production-alb/31b69d3d76ab5ed1,targetgroup/bodegaai-production-store-servic/736691f5beac1ff1,RequestCountPerTarget,2026-07-08T13:00:00Z,2026-07-08T14:00:00Z,86224.5
app/bodegaai-production-alb/31b69d3d76ab5ed1,targetgroup/bodegaai-production-store-servic/736691f5beac1ff1,RequestCountPerTarget,2026-07-08T14:00:00Z,2026-07-08T15:00:00Z,89597
app/bodegaai-production-alb/31b69d3d76ab5ed1,targetgroup/bodegaai-production-store-servic/736691f5beac1ff1,RequestCountPerTarget,2026-07-08T15:00:00Z,2026-07-08T16:00:00Z,90503
app/bodegaai-production-alb/31b69d3d76ab5ed1,targetgroup/bodegaai-production-store-servic/736691f5beac1ff1,RequestCountPerTarget,2026-07-08T16:00:00Z,2026-07-08T17:00:00Z,92853.5
app/bodegaai-production-alb/31b69d3d76ab5ed1,targetgroup/bodegaai-production-store-servic/736691f5beac1ff1,RequestCountPerTarget,2026-07-08T17:00:00Z,2026-07-08T18:00:00Z,93560
app/bodegaai-production-alb/31b69d3d76ab5ed1,targetgroup/bodegaai-production-store-servic/736691f5beac1ff1,RequestCountPerTarget,2026-07-08T18:00:00Z,2026-07-08T19:00:00Z,90735.5
app/bodegaai-production-alb/31b69d3d76ab5ed1,targetgroup/bodegaai-production-store-servic/736691f5beac1ff1,RequestCountPerTarget,2026-07-08T19:00:00Z,2026-07-08T20:00:00Z,90586.5
app/bodegaai-production-alb/31b69d3d76ab5ed1,targetgroup/bodegaai-production-store-servic/736691f5beac1ff1,RequestCountPerTarget,2026-07-08T20:00:00Z,2026-07-08T21:00:00Z,94649.999994
app/bodegaai-production-alb/31b69d3d76ab5ed1,targetgroup/bodegaai-production-store-servic/736691f5beac1ff1,RequestCountPerTarget,2026-07-08T21:00:00Z,2026-07-08T22:00:00Z,98255.5
app/bodegaai-production-alb/31b69d3d76ab5ed1,targetgroup/bodegaai-production-store-servic/736691f5beac1ff1,RequestCountPerTarget,2026-07-08T22:00:00Z,2026-07-08T23:00:00Z,95867
app/bodegaai-production-alb/31b69d3d76ab5ed1,targetgroup/bodegaai-production-store-servic/736691f5beac1ff1,RequestCountPerTarget,2026-07-08T23:00:00Z,2026-07-09T00:00:00Z,95683
app/bodegaai-production-alb/31b69d3d76ab5ed1,targetgroup/bodegaai-production-store-servic/736691f5beac1ff1,RequestCountPerTarget,2026-07-09T00:00:00Z,2026-07-09T01:00:00Z,92960
app/bodegaai-production-alb/31b69d3d76ab5ed1,targetgroup/bodegaai-production-store-servic/736691f5beac1ff1,RequestCountPerTarget,2026-07-09T01:00:00Z,2026-07-09T02:00:00Z,95780
app/bodegaai-production-alb/31b69d3d76ab5ed1,targetgroup/bodegaai-production-store-servic/736691f5beac1ff1,RequestCountPerTarget,2026-07-09T02:00:00Z,2026-07-09T03:00:00Z,89712
app/bodegaai-production-alb/31b69d3d76ab5ed1,targetgroup/bodegaai-production-store-servic/736691f5beac1ff1,RequestCountPerTarget,2026-07-09T03:00:00Z,2026-07-09T04:00:00Z,85100
app/bodegaai-production-alb/31b69d3d76ab5ed1,targetgroup/bodegaai-production-store-servic/736691f5beac1ff1,RequestCountPerTarget,2026-07-09T04:00:00Z,2026-07-09T05:00:00Z,83175.5
app/bodegaai-production-alb/31b69d3d76ab5ed1,targetgroup/bodegaai-production-store-servic/736691f5beac1ff1,RequestCountPerTarget,2026-07-09T05:00:00Z,2026-07-09T06:00:00Z,82877.5
app/bodegaai-production-alb/31b69d3d76ab5ed1,targetgroup/bodegaai-production-store-servic/736691f5beac1ff1,RequestCountPerTarget,2026-07-09T06:00:00Z,2026-07-09T07:00:00Z,82007
app/bodegaai-production-alb/31b69d3d76ab5ed1,targetgroup/bodegaai-production-store-servic/736691f5beac1ff1,RequestCountPerTarget,2026-07-09T07:00:00Z,2026-07-09T08:00:00Z,81664
app/bodegaai-production-alb/31b69d3d76ab5ed1,targetgroup/bodegaai-production-store-servic/736691f5beac1ff1,RequestCountPerTarget,2026-07-09T08:00:00Z,2026-07-09T09:00:00Z,81352
app/bodegaai-production-alb/31b69d3d76ab5ed1,targetgroup/bodegaai-production-store-servic/736691f5beac1ff1,RequestCountPerTarget,2026-07-09T09:00:00Z,2026-07-09T10:00:00Z,81858.5
app/bodegaai-production-alb/31b69d3d76ab5ed1,targetgroup/bodegaai-production-store-servic/736691f5beac1ff1,RequestCountPerTarget,2026-07-09T10:00:00Z,2026-07-09T11:00:00Z,83323
app/bodegaai-production-alb/31b69d3d76ab5ed1,targetgroup/bodegaai-production-store-servic/736691f5beac1ff1,RequestCountPerTarget,2026-07-09T11:00:00Z,2026-07-09T12:00:00Z,85709
app/bodegaai-production-alb/31b69d3d76ab5ed1,targetgroup/bodegaai-production-store-servic/736691f5beac1ff1,RequestCountPerTarget,2026-07-09T12:00:00Z,2026-07-09T13:00:00Z,88951
app/bodegaai-production-alb/31b69d3d76ab5ed1,targetgroup/bodegaai-production-store-servic/736691f5beac1ff1,RequestCountPerTarget,2026-07-09T13:00:00Z,2026-07-09T14:00:00Z,90130.5
app/bodegaai-production-alb/31b69d3d76ab5ed1,targetgroup/bodegaai-production-store-servic/736691f5beac1ff1,RequestCountPerTarget,2026-07-09T14:00:00Z,2026-07-09T15:00:00Z,92494.5
app/bodegaai-production-alb/31b69d3d76ab5ed1,targetgroup/bodegaai-production-store-servic/736691f5beac1ff1,RequestCountPerTarget,2026-07-09T15:00:00Z,2026-07-09T16:00:00Z,94951.5
app/bodegaai-production-alb/31b69d3d76ab5ed1,targetgroup/bodegaai-production-store-servic/736691f5beac1ff1,RequestCountPerTarget,2026-07-09T16:00:00Z,2026-07-09T17:00:00Z,94710.5
app/bodegaai-production-alb/31b69d3d76ab5ed1,targetgroup/bodegaai-production-store-servic/736691f5beac1ff1,RequestCountPerTarget,2026-07-09T17:00:00Z,2026-07-09T18:00:00Z,94852.5
app/bodegaai-production-alb/31b69d3d76ab5ed1,targetgroup/bodegaai-production-store-servic/736691f5beac1ff1,RequestCountPerTarget,2026-07-09T18:00:00Z,2026-07-09T19:00:00Z,94522.166667
app/bodegaai-production-alb/31b69d3d76ab5ed1,targetgroup/bodegaai-production-store-servic/736691f5beac1ff1,RequestCountPerTarget,2026-07-09T19:00:00Z,2026-07-09T20:00:00Z,96440.5
app/bodegaai-production-alb/31b69d3d76ab5ed1,targetgroup/bodegaai-production-store-servic/736691f5beac1ff1,RequestCountPerTarget,2026-07-09T20:00:00Z,2026-07-09T21:00:00Z,96289.5
app/bodegaai-production-alb/31b69d3d76ab5ed1,targetgroup/bodegaai-production-store-servic/736691f5beac1ff1,RequestCountPerTarget,2026-07-09T21:00:00Z,2026-07-09T22:00:00Z,98170.5
app/bodegaai-production-alb/31b69d3d76ab5ed1,targetgroup/bodegaai-production-store-servic/736691f5beac1ff1,RequestCountPerTarget,2026-07-09T22:00:00Z,2026-07-09T23:00:00Z,98874
app/bodegaai-production-alb/31b69d3d76ab5ed1,targetgroup/bodegaai-production-store-servic/736691f5beac1ff1,RequestCountPerTarget,2026-07-09T23:00:00Z,2026-07-10T00:00:00Z,98260.5
app/bodegaai-production-alb/31b69d3d76ab5ed1,targetgroup/bodegaai-production-store-servic/736691f5beac1ff1,RequestCountPerTarget,2026-07-10T00:00:00Z,2026-07-10T01:00:00Z,97839.5
app/bodegaai-production-alb/31b69d3d76ab5ed1,targetgroup/bodegaai-production-store-servic/736691f5beac1ff1,RequestCountPerTarget,2026-07-10T01:00:00Z,2026-07-10T02:00:00Z,94619
app/bodegaai-production-alb/31b69d3d76ab5ed1,targetgroup/bodegaai-production-store-servic/736691f5beac1ff1,RequestCountPerTarget,2026-07-10T02:00:00Z,2026-07-10T03:00:00Z,90327
app/bodegaai-production-alb/31b69d3d76ab5ed1,targetgroup/bodegaai-production-store-servic/736691f5beac1ff1,RequestCountPerTarget,2026-07-10T03:00:00Z,2026-07-10T04:00:00Z,85324.5
app/bodegaai-production-alb/31b69d3d76ab5ed1,targetgroup/bodegaai-production-store-servic/736691f5beac1ff1,RequestCountPerTarget,2026-07-10T04:00:00Z,2026-07-10T05:00:00Z,82374.5
app/bodegaai-production-alb/31b69d3d76ab5ed1,targetgroup/bodegaai-production-store-servic/736691f5beac1ff1,RequestCountPerTarget,2026-07-10T05:00:00Z,2026-07-10T06:00:00Z,81303
app/bodegaai-production-alb/31b69d3d76ab5ed1,targetgroup/bodegaai-production-store-servic/736691f5beac1ff1,RequestCountPerTarget,2026-07-10T06:00:00Z,2026-07-10T07:00:00Z,80321.5
app/bodegaai-production-alb/31b69d3d76ab5ed1,targetgroup/bodegaai-production-store-servic/736691f5beac1ff1,RequestCountPerTarget,2026-07-10T07:00:00Z,2026-07-10T08:00:00Z,80396.5
app/bodegaai-production-alb/31b69d3d76ab5ed1,targetgroup/bodegaai-production-store-servic/736691f5beac1ff1,RequestCountPerTarget,2026-07-10T08:00:00Z,2026-07-10T09:00:00Z,80316.5
app/bodegaai-production-alb/31b69d3d76ab5ed1,targetgroup/bodegaai-production-store-servic/736691f5beac1ff1,RequestCountPerTarget,2026-07-10T09:00:00Z,2026-07-10T10:00:00Z,80259
app/bodegaai-production-alb/31b69d3d76ab5ed1,targetgroup/bodegaai-production-store-servic/736691f5beac1ff1,RequestCountPerTarget,2026-07-10T10:00:00Z,2026-07-10T11:00:00Z,82302.5
app/bodegaai-production-alb/31b69d3d76ab5ed1,targetgroup/bodegaai-production-store-servic/736691f5beac1ff1,RequestCountPerTarget,2026-07-10T11:00:00Z,2026-07-10T12:00:00Z,86443
app/bodegaai-production-alb/31b69d3d76ab5ed1,targetgroup/bodegaai-production-store-servic/736691f5beac1ff1,RequestCountPerTarget,2026-07-10T12:00:00Z,2026-07-10T13:00:00Z,89024.5
app/bodegaai-production-alb/31b69d3d76ab5ed1,targetgroup/bodegaai-production-store-servic/736691f5beac1ff1,RequestCountPerTarget,2026-07-10T13:00:00Z,2026-07-10T14:00:00Z,90401
app/bodegaai-production-alb/31b69d3d76ab5ed1,targetgroup/bodegaai-production-store-servic/736691f5beac1ff1,RequestCountPerTarget,2026-07-10T14:00:00Z,2026-07-10T15:00:00Z,92661.5
app/bodegaai-production-alb/31b69d3d76ab5ed1,targetgroup/bodegaai-production-store-servic/736691f5beac1ff1,RequestCountPerTarget,2026-07-10T15:00:00Z,2026-07-10T16:00:00Z,92593
app/bodegaai-production-alb/31b69d3d76ab5ed1,targetgroup/bodegaai-production-store-servic/736691f5beac1ff1,RequestCountPerTarget,2026-07-10T16:00:00Z,2026-07-10T17:00:00Z,99250.5
app/bodegaai-production-alb/31b69d3d76ab5ed1,targetgroup/bodegaai-production-store-servic/736691f5beac1ff1,RequestCountPerTarget,2026-07-10T17:00:00Z,2026-07-10T18:00:00Z,101610
app/bodegaai-production-alb/31b69d3d76ab5ed1,targetgroup/bodegaai-production-store-servic/736691f5beac1ff1,RequestCountPerTarget,2026-07-10T18:00:00Z,2026-07-10T19:00:00Z,94507.5
app/bodegaai-production-alb/31b69d3d76ab5ed1,targetgroup/bodegaai-production-store-servic/736691f5beac1ff1,RequestCountPerTarget,2026-07-10T19:00:00Z,2026-07-10T20:00:00Z,94217
app/bodegaai-production-alb/31b69d3d76ab5ed1,targetgroup/bodegaai-production-store-servic/736691f5beac1ff1,RequestCountPerTarget,2026-07-10T20:00:00Z,2026-07-10T21:00:00Z,84826.666655
app/bodegaai-production-alb/31b69d3d76ab5ed1,targetgroup/bodegaai-production-store-servic/736691f5beac1ff1,RequestCountPerTarget,2026-07-10T21:00:00Z,2026-07-10T22:00:00Z,92682.5
app/bodegaai-production-alb/31b69d3d76ab5ed1,targetgroup/bodegaai-production-store-servic/736691f5beac1ff1,RequestCountPerTarget,2026-07-10T22:00:00Z,2026-07-10T23:00:00Z,95284.5
app/bodegaai-production-alb/31b69d3d76ab5ed1,targetgroup/bodegaai-production-store-servic/736691f5beac1ff1,RequestCountPerTarget,2026-07-10T23:00:00Z,2026-07-11T00:00:00Z,91678
app/bodegaai-production-alb/31b69d3d76ab5ed1,targetgroup/bodegaai-production-store-servic/736691f5beac1ff1,RequestCountPerTarget,2026-07-11T00:00:00Z,2026-07-11T01:00:00Z,89950
app/bodegaai-production-alb/31b69d3d76ab5ed1,targetgroup/bodegaai-production-store-servic/736691f5beac1ff1,RequestCountPerTarget,2026-07-11T01:00:00Z,2026-07-11T02:00:00Z,92166
app/bodegaai-production-alb/31b69d3d76ab5ed1,targetgroup/bodegaai-production-store-servic/736691f5beac1ff1,RequestCountPerTarget,2026-07-11T02:00:00Z,2026-07-11T03:00:00Z,88156.166663
app/bodegaai-production-alb/31b69d3d76ab5ed1,targetgroup/bodegaai-production-store-servic/736691f5beac1ff1,RequestCountPerTarget,2026-07-11T03:00:00Z,2026-07-11T04:00:00Z,84822
app/bodegaai-production-alb/31b69d3d76ab5ed1,targetgroup/bodegaai-production-store-servic/736691f5beac1ff1,RequestCountPerTarget,2026-07-11T04:00:00Z,2026-07-11T05:00:00Z,83843.5
app/bodegaai-production-alb/31b69d3d76ab5ed1,targetgroup/bodegaai-production-store-servic/736691f5beac1ff1,RequestCountPerTarget,2026-07-11T05:00:00Z,2026-07-11T06:00:00Z,83013.5
app/bodegaai-production-alb/31b69d3d76ab5ed1,targetgroup/bodegaai-production-store-servic/736691f5beac1ff1,RequestCountPerTarget,2026-07-11T06:00:00Z,2026-07-11T07:00:00Z,81340
app/bodegaai-production-alb/31b69d3d76ab5ed1,targetgroup/bodegaai-production-store-servic/736691f5beac1ff1,RequestCountPerTarget,2026-07-11T07:00:00Z,2026-07-11T08:00:00Z,79865.5
app/bodegaai-production-alb/31b69d3d76ab5ed1,targetgroup/bodegaai-production-store-servic/736691f5beac1ff1,RequestCountPerTarget,2026-07-11T08:00:00Z,2026-07-11T09:00:00Z,75074.5
app/bodegaai-production-alb/31b69d3d76ab5ed1,targetgroup/bodegaai-production-store-servic/736691f5beac1ff1,RequestCountPerTarget,2026-07-11T09:00:00Z,2026-07-11T10:00:00Z,80165
app/bodegaai-production-alb/31b69d3d76ab5ed1,targetgroup/bodegaai-production-store-servic/736691f5beac1ff1,RequestCountPerTarget,2026-07-11T10:00:00Z,2026-07-11T11:00:00Z,81029.5
app/bodegaai-production-alb/31b69d3d76ab5ed1,targetgroup/bodegaai-production-store-servic/736691f5beac1ff1,RequestCountPerTarget,2026-07-11T11:00:00Z,2026-07-11T12:00:00Z,83513
app/bodegaai-production-alb/31b69d3d76ab5ed1,targetgroup/bodegaai-production-store-servic/736691f5beac1ff1,RequestCountPerTarget,2026-07-11T12:00:00Z,2026-07-11T13:00:00Z,90273
app/bodegaai-production-alb/31b69d3d76ab5ed1,targetgroup/bodegaai-production-store-servic/736691f5beac1ff1,RequestCountPerTarget,2026-07-11T13:00:00Z,2026-07-11T14:00:00Z,92206
app/bodegaai-production-alb/31b69d3d76ab5ed1,targetgroup/bodegaai-production-store-servic/736691f5beac1ff1,RequestCountPerTarget,2026-07-11T14:00:00Z,2026-07-11T15:00:00Z,96045.5
app/bodegaai-production-alb/31b69d3d76ab5ed1,targetgroup/bodegaai-production-store-servic/736691f5beac1ff1,RequestCountPerTarget,2026-07-11T15:00:00Z,2026-07-11T16:00:00Z,98897.5
app/bodegaai-production-alb/31b69d3d76ab5ed1,targetgroup/bodegaai-production-store-servic/736691f5beac1ff1,RequestCountPerTarget,2026-07-11T16:00:00Z,2026-07-11T17:00:00Z,100472
app/bodegaai-production-alb/31b69d3d76ab5ed1,targetgroup/bodegaai-production-store-servic/736691f5beac1ff1,RequestCountPerTarget,2026-07-11T17:00:00Z,2026-07-11T18:00:00Z,101421
app/bodegaai-production-alb/31b69d3d76ab5ed1,targetgroup/bodegaai-production-store-servic/736691f5beac1ff1,RequestCountPerTarget,2026-07-11T18:00:00Z,2026-07-11T19:00:00Z,101712
app/bodegaai-production-alb/31b69d3d76ab5ed1,targetgroup/bodegaai-production-store-servic/736691f5beac1ff1,RequestCountPerTarget,2026-07-11T19:00:00Z,2026-07-11T20:00:00Z,103231
app/bodegaai-production-alb/31b69d3d76ab5ed1,targetgroup/bodegaai-production-store-servic/736691f5beac1ff1,RequestCountPerTarget,2026-07-11T20:00:00Z,2026-07-11T21:00:00Z,102310
app/bodegaai-production-alb/31b69d3d76ab5ed1,targetgroup/bodegaai-production-store-servic/736691f5beac1ff1,RequestCountPerTarget,2026-07-11T21:00:00Z,2026-07-11T22:00:00Z,102604
app/bodegaai-production-alb/31b69d3d76ab5ed1,targetgroup/bodegaai-production-store-servic/736691f5beac1ff1,RequestCountPerTarget,2026-07-11T22:00:00Z,2026-07-11T23:00:00Z,101653
app/bodegaai-production-alb/31b69d3d76ab5ed1,targetgroup/bodegaai-production-store-servic/736691f5beac1ff1,RequestCountPerTarget,2026-07-11T23:00:00Z,2026-07-12T00:00:00Z,100911.5
app/bodegaai-production-alb/31b69d3d76ab5ed1,targetgroup/bodegaai-production-store-servic/736691f5beac1ff1,RequestCountPerTarget,2026-07-12T00:00:00Z,2026-07-12T01:00:00Z,101785
app/bodegaai-production-alb/31b69d3d76ab5ed1,targetgroup/bodegaai-production-store-servic/736691f5beac1ff1,RequestCountPerTarget,2026-07-12T01:00:00Z,2026-07-12T02:00:00Z,100044
app/bodegaai-production-alb/31b69d3d76ab5ed1,targetgroup/bodegaai-production-store-servic/736691f5beac1ff1,RequestCountPerTarget,2026-07-12T02:00:00Z,2026-07-12T03:00:00Z,94371
app/bodegaai-production-alb/31b69d3d76ab5ed1,targetgroup/bodegaai-production-store-servic/736691f5beac1ff1,RequestCountPerTarget,2026-07-12T03:00:00Z,2026-07-12T04:00:00Z,88501
app/bodegaai-production-alb/31b69d3d76ab5ed1,targetgroup/bodegaai-production-store-servic/736691f5beac1ff1,RequestCountPerTarget,2026-07-12T04:00:00Z,2026-07-12T05:00:00Z,88311.5
app/bodegaai-production-alb/31b69d3d76ab5ed1,targetgroup/bodegaai-production-store-servic/736691f5beac1ff1,RequestCountPerTarget,2026-07-12T05:00:00Z,2026-07-12T06:00:00Z,87829
app/bodegaai-production-alb/31b69d3d76ab5ed1,targetgroup/bodegaai-production-store-servic/736691f5beac1ff1,RequestCountPerTarget,2026-07-12T06:00:00Z,2026-07-12T07:00:00Z,86585
app/bodegaai-production-alb/31b69d3d76ab5ed1,targetgroup/bodegaai-production-store-servic/736691f5beac1ff1,RequestCountPerTarget,2026-07-12T07:00:00Z,2026-07-12T08:00:00Z,85613.5
app/bodegaai-production-alb/31b69d3d76ab5ed1,targetgroup/bodegaai-production-store-servic/736691f5beac1ff1,RequestCountPerTarget,2026-07-12T08:00:00Z,2026-07-12T09:00:00Z,85629
app/bodegaai-production-alb/31b69d3d76ab5ed1,targetgroup/bodegaai-production-store-servic/736691f5beac1ff1,RequestCountPerTarget,2026-07-12T09:00:00Z,2026-07-12T10:00:00Z,85376.5
app/bodegaai-production-alb/31b69d3d76ab5ed1,targetgroup/bodegaai-production-store-servic/736691f5beac1ff1,RequestCountPerTarget,2026-07-12T10:00:00Z,2026-07-12T11:00:00Z,86282.5
app/bodegaai-production-alb/31b69d3d76ab5ed1,targetgroup/bodegaai-production-store-servic/736691f5beac1ff1,RequestCountPerTarget,2026-07-12T11:00:00Z,2026-07-12T12:00:00Z,87539
app/bodegaai-production-alb/31b69d3d76ab5ed1,targetgroup/bodegaai-production-store-servic/736691f5beac1ff1,RequestCountPerTarget,2026-07-12T12:00:00Z,2026-07-12T13:00:00Z,91039.5
app/bodegaai-production-alb/31b69d3d76ab5ed1,targetgroup/bodegaai-production-store-servic/736691f5beac1ff1,RequestCountPerTarget,2026-07-12T13:00:00Z,2026-07-12T14:00:00Z,94682
app/bodegaai-production-alb/31b69d3d76ab5ed1,targetgroup/bodegaai-production-store-servic/736691f5beac1ff1,RequestCountPerTarget,2026-07-12T14:00:00Z,2026-07-12T15:00:00Z,97441
app/bodegaai-production-alb/31b69d3d76ab5ed1,targetgroup/bodegaai-production-store-servic/736691f5beac1ff1,RequestCountPerTarget,2026-07-12T15:00:00Z,2026-07-12T16:00:00Z,99642
app/bodegaai-production-alb/31b69d3d76ab5ed1,targetgroup/bodegaai-production-store-servic/736691f5beac1ff1,RequestCountPerTarget,2026-07-12T16:00:00Z,2026-07-12T17:00:00Z,101913
app/bodegaai-production-alb/31b69d3d76ab5ed1,targetgroup/bodegaai-production-store-servic/736691f5beac1ff1,RequestCountPerTarget,2026-07-12T17:00:00Z,2026-07-12T18:00:00Z,102999
app/bodegaai-production-alb/31b69d3d76ab5ed1,targetgroup/bodegaai-production-store-servic/736691f5beac1ff1,RequestCountPerTarget,2026-07-12T18:00:00Z,2026-07-12T19:00:00Z,103188.5
app/bodegaai-production-alb/31b69d3d76ab5ed1,targetgroup/bodegaai-production-store-servic/736691f5beac1ff1,RequestCountPerTarget,2026-07-12T19:00:00Z,2026-07-12T20:00:00Z,101707.5
app/bodegaai-production-alb/31b69d3d76ab5ed1,targetgroup/bodegaai-production-store-servic/736691f5beac1ff1,RequestCountPerTarget,2026-07-12T20:00:00Z,2026-07-12T21:00:00Z,102131
app/bodegaai-production-alb/31b69d3d76ab5ed1,targetgroup/bodegaai-production-store-servic/736691f5beac1ff1,RequestCountPerTarget,2026-07-12T21:00:00Z,2026-07-12T22:00:00Z,102167.5
app/bodegaai-production-alb/31b69d3d76ab5ed1,targetgroup/bodegaai-production-store-servic/736691f5beac1ff1,RequestCountPerTarget,2026-07-12T22:00:00Z,2026-07-12T23:00:00Z,100822.5
app/bodegaai-production-alb/31b69d3d76ab5ed1,targetgroup/bodegaai-production-store-servic/736691f5beac1ff1,RequestCountPerTarget,2026-07-12T23:00:00Z,2026-07-13T00:00:00Z,98381
app/bodegaai-production-alb/31b69d3d76ab5ed1,targetgroup/bodegaai-production-store-servic/736691f5beac1ff1,RequestCountPerTarget,2026-07-13T00:00:00Z,2026-07-13T01:00:00Z,95562.5
app/bodegaai-production-alb/31b69d3d76ab5ed1,targetgroup/bodegaai-production-store-servic/736691f5beac1ff1,RequestCountPerTarget,2026-07-13T01:00:00Z,2026-07-13T02:00:00Z,94145
app/bodegaai-production-alb/31b69d3d76ab5ed1,targetgroup/bodegaai-production-store-servic/736691f5beac1ff1,RequestCountPerTarget,2026-07-13T02:00:00Z,2026-07-13T03:00:00Z,89139
app/bodegaai-production-alb/31b69d3d76ab5ed1,targetgroup/bodegaai-production-store-servic/736691f5beac1ff1,RequestCountPerTarget,2026-07-13T03:00:00Z,2026-07-13T04:00:00Z,83446
app/bodegaai-production-alb/31b69d3d76ab5ed1,targetgroup/bodegaai-production-store-servic/736691f5beac1ff1,RequestCountPerTarget,2026-07-13T04:00:00Z,2026-07-13T05:00:00Z,81837
app/bodegaai-production-alb/31b69d3d76ab5ed1,targetgroup/bodegaai-production-store-servic/736691f5beac1ff1,RequestCountPerTarget,2026-07-13T05:00:00Z,2026-07-13T06:00:00Z,81687.5
app/bodegaai-production-alb/31b69d3d76ab5ed1,targetgroup/bodegaai-production-store-servic/736691f5beac1ff1,RequestCountPerTarget,2026-07-13T06:00:00Z,2026-07-13T07:00:00Z,81386.5
app/bodegaai-production-alb/31b69d3d76ab5ed1,targetgroup/bodegaai-production-store-servic/736691f5beac1ff1,RequestCountPerTarget,2026-07-13T07:00:00Z,2026-07-13T08:00:00Z,81062
app/bodegaai-production-alb/31b69d3d76ab5ed1,targetgroup/bodegaai-production-store-servic/736691f5beac1ff1,RequestCountPerTarget,2026-07-13T08:00:00Z,2026-07-13T09:00:00Z,81176
app/bodegaai-production-alb/31b69d3d76ab5ed1,targetgroup/bodegaai-production-store-servic/736691f5beac1ff1,RequestCountPerTarget,2026-07-13T09:00:00Z,2026-07-13T10:00:00Z,81564
app/bodegaai-production-alb/31b69d3d76ab5ed1,targetgroup/bodegaai-production-store-servic/736691f5beac1ff1,RequestCountPerTarget,2026-07-13T10:00:00Z,2026-07-13T11:00:00Z,84695
app/bodegaai-production-alb/31b69d3d76ab5ed1,targetgroup/bodegaai-production-store-servic/736691f5beac1ff1,RequestCountPerTarget,2026-07-13T11:00:00Z,2026-07-13T12:00:00Z,87456
app/bodegaai-production-alb/31b69d3d76ab5ed1,targetgroup/bodegaai-production-store-servic/736691f5beac1ff1,RequestCountPerTarget,2026-07-13T12:00:00Z,2026-07-13T13:00:00Z,91743
app/bodegaai-production-alb/31b69d3d76ab5ed1,targetgroup/bodegaai-production-store-servic/736691f5beac1ff1,RequestCountPerTarget,2026-07-13T13:00:00Z,2026-07-13T14:00:00Z,91363
app/bodegaai-production-alb/31b69d3d76ab5ed1,targetgroup/bodegaai-production-store-servic/736691f5beac1ff1,RequestCountPerTarget,2026-07-13T14:00:00Z,2026-07-13T15:00:00Z,94646.5
app/bodegaai-production-alb/31b69d3d76ab5ed1,targetgroup/bodegaai-production-store-servic/736691f5beac1ff1,RequestCountPerTarget,2026-07-13T15:00:00Z,2026-07-13T16:00:00Z,96415
app/bodegaai-production-alb/31b69d3d76ab5ed1,targetgroup/bodegaai-production-store-servic/736691f5beac1ff1,RequestCountPerTarget,2026-07-13T16:00:00Z,2026-07-13T17:00:00Z,98538
app/bodegaai-production-alb/31b69d3d76ab5ed1,targetgroup/bodegaai-production-store-servic/736691f5beac1ff1,RequestCountPerTarget,2026-07-13T17:00:00Z,2026-07-13T18:00:00Z,96564
app/bodegaai-production-alb/31b69d3d76ab5ed1,targetgroup/bodegaai-production-store-servic/736691f5beac1ff1,RequestCountPerTarget,2026-07-13T18:00:00Z,2026-07-13T19:00:00Z,101264
app/bodegaai-production-alb/31b69d3d76ab5ed1,targetgroup/bodegaai-production-store-servic/736691f5beac1ff1,RequestCountPerTarget,2026-07-13T19:00:00Z,2026-07-13T20:00:00Z,99498.5
app/bodegaai-production-alb/31b69d3d76ab5ed1,targetgroup/bodegaai-production-store-servic/736691f5beac1ff1,RequestCountPerTarget,2026-07-13T20:00:00Z,2026-07-13T21:00:00Z,100797.5
app/bodegaai-production-alb/31b69d3d76ab5ed1,targetgroup/bodegaai-production-store-servic/736691f5beac1ff1,RequestCountPerTarget,2026-07-13T21:00:00Z,2026-07-13T22:00:00Z,100811
app/bodegaai-production-alb/31b69d3d76ab5ed1,targetgroup/bodegaai-production-store-servic/736691f5beac1ff1,RequestCountPerTarget,2026-07-13T22:00:00Z,2026-07-13T23:00:00Z,101429.5
app/bodegaai-production-alb/31b69d3d76ab5ed1,targetgroup/bodegaai-production-store-servic/736691f5beac1ff1,RequestCountPerTarget,2026-07-13T23:00:00Z,2026-07-14T00:00:00Z,101017
app/bodegaai-production-alb/31b69d3d76ab5ed1,targetgroup/bodegaai-production-store-servic/736691f5beac1ff1,RequestCountPerTarget,2026-07-14T00:00:00Z,2026-07-14T01:00:00Z,99526
app/bodegaai-production-alb/31b69d3d76ab5ed1,targetgroup/bodegaai-production-store-servic/736691f5beac1ff1,RequestCountPerTarget,2026-07-14T01:00:00Z,2026-07-14T02:00:00Z,98690.5
app/bodegaai-production-alb/31b69d3d76ab5ed1,targetgroup/bodegaai-production-store-servic/736691f5beac1ff1,RequestCountPerTarget,2026-07-14T02:00:00Z,2026-07-14T03:00:00Z,94366.5
app/bodegaai-production-alb/31b69d3d76ab5ed1,targetgroup/bodegaai-production-store-servic/736691f5beac1ff1,RequestCountPerTarget,2026-07-14T03:00:00Z,2026-07-14T04:00:00Z,90592
app/bodegaai-production-alb/31b69d3d76ab5ed1,targetgroup/bodegaai-production-store-servic/736691f5beac1ff1,RequestCountPerTarget,2026-07-14T04:00:00Z,2026-07-14T05:00:00Z,88767.5
app/bodegaai-production-alb/31b69d3d76ab5ed1,targetgroup/bodegaai-production-store-servic/736691f5beac1ff1,RequestCountPerTarget,2026-07-14T05:00:00Z,2026-07-14T06:00:00Z,88297
app/bodegaai-production-alb/31b69d3d76ab5ed1,targetgroup/bodegaai-production-store-servic/736691f5beac1ff1,RequestCountPerTarget,2026-07-14T06:00:00Z,2026-07-14T07:00:00Z,87567.5
app/bodegaai-production-alb/31b69d3d76ab5ed1,targetgroup/bodegaai-production-store-servic/736691f5beac1ff1,RequestCountPerTarget,2026-07-14T07:00:00Z,2026-07-14T08:00:00Z,86429
app/bodegaai-production-alb/31b69d3d76ab5ed1,targetgroup/bodegaai-production-store-servic/736691f5beac1ff1,RequestCountPerTarget,2026-07-14T08:00:00Z,2026-07-14T09:00:00Z,86539.5
app/bodegaai-production-alb/31b69d3d76ab5ed1,targetgroup/bodegaai-production-store-servic/736691f5beac1ff1,RequestCountPerTarget,2026-07-14T09:00:00Z,2026-07-14T10:00:00Z,87267.5
app/bodegaai-production-alb/31b69d3d76ab5ed1,targetgroup/bodegaai-production-store-servic/736691f5beac1ff1,RequestCountPerTarget,2026-07-14T10:00:00Z,2026-07-14T11:00:00Z,88382
app/bodegaai-production-alb/31b69d3d76ab5ed1,targetgroup/bodegaai-production-store-servic/736691f5beac1ff1,RequestCountPerTarget,2026-07-14T11:00:00Z,2026-07-14T12:00:00Z,92238
app/bodegaai-production-alb/31b69d3d76ab5ed1,targetgroup/bodegaai-production-store-servic/736691f5beac1ff1,RequestCountPerTarget,2026-07-14T12:00:00Z,2026-07-14T13:00:00Z,93318.5
app/bodegaai-production-alb/31b69d3d76ab5ed1,targetgroup/bodegaai-production-store-servic/736691f5beac1ff1,RequestCountPerTarget,2026-07-14T13:00:00Z,2026-07-14T14:00:00Z,94629
app/bodegaai-production-alb/31b69d3d76ab5ed1,targetgroup/bodegaai-production-store-servic/736691f5beac1ff1,RequestCountPerTarget,2026-07-14T14:00:00Z,2026-07-14T15:00:00Z,97944.5
app/bodegaai-production-alb/31b69d3d76ab5ed1,targetgroup/bodegaai-production-store-servic/736691f5beac1ff1,RequestCountPerTarget,2026-07-14T15:00:00Z,2026-07-14T16:00:00Z,97879
app/bodegaai-production-alb/31b69d3d76ab5ed1,targetgroup/bodegaai-production-store-servic/736691f5beac1ff1,RequestCountPerTarget,2026-07-14T16:00:00Z,2026-07-14T17:00:00Z,102300
app/bodegaai-production-alb/31b69d3d76ab5ed1,targetgroup/bodegaai-production-store-servic/736691f5beac1ff1,RequestCountPerTarget,2026-07-14T17:00:00Z,2026-07-14T18:00:00Z,100915
app/bodegaai-production-alb/31b69d3d76ab5ed1,targetgroup/bodegaai-production-store-servic/736691f5beac1ff1,RequestCountPerTarget,2026-07-14T18:00:00Z,2026-07-14T19:00:00Z,97452.916667
app/bodegaai-production-alb/31b69d3d76ab5ed1,targetgroup/bodegaai-production-store-servic/736691f5beac1ff1,RequestCountPerTarget,2026-07-14T19:00:00Z,2026-07-14T20:00:00Z,99137.833332
app/bodegaai-production-alb/31b69d3d76ab5ed1,targetgroup/bodegaai-production-store-servic/736691f5beac1ff1,RequestCountPerTarget,2026-07-14T20:00:00Z,2026-07-14T21:00:00Z,101646.5
app/bodegaai-production-alb/31b69d3d76ab5ed1,targetgroup/bodegaai-production-store-servic/736691f5beac1ff1,RequestCountPerTarget,2026-07-14T21:00:00Z,2026-07-14T22:00:00Z,103694
app/bodegaai-production-alb/31b69d3d76ab5ed1,targetgroup/bodegaai-production-store-servic/736691f5beac1ff1,RequestCountPerTarget,2026-07-14T22:00:00Z,2026-07-14T23:00:00Z,106367.5
app/bodegaai-production-alb/31b69d3d76ab5ed1,targetgroup/bodegaai-production-store-servic/736691f5beac1ff1,RequestCountPerTarget,2026-07-14T23:00:00Z,2026-07-15T00:00:00Z,107232.5
app/bodegaai-production-alb/31b69d3d76ab5ed1,targetgroup/bodegaai-production-store-servic/736691f5beac1ff1,RequestCountPerTarget,2026-07-15T00:00:00Z,2026-07-15T01:00:00Z,105934
app/bodegaai-production-alb/31b69d3d76ab5ed1,targetgroup/bodegaai-production-store-servic/736691f5beac1ff1,RequestCountPerTarget,2026-07-15T01:00:00Z,2026-07-15T02:00:00Z,104401.5
app/bodegaai-production-alb/31b69d3d76ab5ed1,targetgroup/bodegaai-production-store-servic/736691f5beac1ff1,RequestCountPerTarget,2026-07-15T02:00:00Z,2026-07-15T03:00:00Z,99544
app/bodegaai-production-alb/31b69d3d76ab5ed1,targetgroup/bodegaai-production-store-servic/736691f5beac1ff1,RequestCountPerTarget,2026-07-15T03:00:00Z,2026-07-15T04:00:00Z,95340
app/bodegaai-production-alb/31b69d3d76ab5ed1,targetgroup/bodegaai-production-store-servic/736691f5beac1ff1,RequestCountPerTarget,2026-07-15T04:00:00Z,2026-07-15T05:00:00Z,92869.5
app/bodegaai-production-alb/31b69d3d76ab5ed1,targetgroup/bodegaai-production-store-servic/736691f5beac1ff1,RequestCountPerTarget,2026-07-15T05:00:00Z,2026-07-15T06:00:00Z,91277
app/bodegaai-production-alb/31b69d3d76ab5ed1,targetgroup/bodegaai-production-store-servic/736691f5beac1ff1,RequestCountPerTarget,2026-07-15T06:00:00Z,2026-07-15T07:00:00Z,91264.5
app/bodegaai-production-alb/31b69d3d76ab5ed1,targetgroup/bodegaai-production-store-servic/736691f5beac1ff1,RequestCountPerTarget,2026-07-15T07:00:00Z,2026-07-15T08:00:00Z,92359.5
app/bodegaai-production-alb/31b69d3d76ab5ed1,targetgroup/bodegaai-production-store-servic/736691f5beac1ff1,RequestCountPerTarget,2026-07-15T08:00:00Z,2026-07-15T09:00:00Z,91042
app/bodegaai-production-alb/31b69d3d76ab5ed1,targetgroup/bodegaai-production-store-servic/736691f5beac1ff1,RequestCountPerTarget,2026-07-15T09:00:00Z,2026-07-15T10:00:00Z,91686.5
app/bodegaai-production-alb/31b69d3d76ab5ed1,targetgroup/bodegaai-production-store-servic/736691f5beac1ff1,RequestCountPerTarget,2026-07-15T10:00:00Z,2026-07-15T11:00:00Z,93759
app/bodegaai-production-alb/31b69d3d76ab5ed1,targetgroup/bodegaai-production-store-servic/736691f5beac1ff1,RequestCountPerTarget,2026-07-15T11:00:00Z,2026-07-15T12:00:00Z,96427
app/bodegaai-production-alb/31b69d3d76ab5ed1,targetgroup/bodegaai-production-store-servic/736691f5beac1ff1,RequestCountPerTarget,2026-07-15T12:00:00Z,2026-07-15T13:00:00Z,99588
app/bodegaai-production-alb/31b69d3d76ab5ed1,targetgroup/bodegaai-production-store-servic/736691f5beac1ff1,RequestCountPerTarget,2026-07-15T13:00:00Z,2026-07-15T14:00:00Z,101334.5
app/bodegaai-production-alb/31b69d3d76ab5ed1,targetgroup/bodegaai-production-store-servic/736691f5beac1ff1,RequestCountPerTarget,2026-07-15T14:00:00Z,2026-07-15T15:00:00Z,102356.5
app/bodegaai-production-alb/31b69d3d76ab5ed1,targetgroup/bodegaai-production-store-servic/736691f5beac1ff1,RequestCountPerTarget,2026-07-15T15:00:00Z,2026-07-15T16:00:00Z,104501
app/bodegaai-production-alb/31b69d3d76ab5ed1,targetgroup/bodegaai-production-store-servic/736691f5beac1ff1,RequestCountPerTarget,2026-07-15T16:00:00Z,2026-07-15T17:00:00Z,105646.5
app/bodegaai-production-alb/31b69d3d76ab5ed1,targetgroup/bodegaai-production-store-servic/736691f5beac1ff1,RequestCountPerTarget,2026-07-15T17:00:00Z,2026-07-15T18:00:00Z,103096.499997
app/bodegaai-production-alb/31b69d3d76ab5ed1,targetgroup/bodegaai-production-store-servic/736691f5beac1ff1,RequestCountPerTarget,2026-07-15T18:00:00Z,2026-07-15T19:00:00Z,106852
app/bodegaai-production-alb/31b69d3d76ab5ed1,targetgroup/bodegaai-production-store-servic/736691f5beac1ff1,RequestCountPerTarget,2026-07-15T19:00:00Z,2026-07-15T20:00:00Z,109162
app/bodegaai-production-alb/31b69d3d76ab5ed1,targetgroup/bodegaai-production-store-servic/736691f5beac1ff1,RequestCountPerTarget,2026-07-15T20:00:00Z,2026-07-15T21:00:00Z,108152.5
app/bodegaai-production-alb/31b69d3d76ab5ed1,targetgroup/bodegaai-production-store-servic/736691f5beac1ff1,RequestCountPerTarget,2026-07-15T21:00:00Z,2026-07-15T22:00:00Z,106737.5
app/bodegaai-production-alb/31b69d3d76ab5ed1,targetgroup/bodegaai-production-store-servic/736691f5beac1ff1,RequestCountPerTarget,2026-07-15T22:00:00Z,2026-07-15T23:00:00Z,106649.5
app/bodegaai-production-alb/31b69d3d76ab5ed1,targetgroup/bodegaai-production-store-servic/736691f5beac1ff1,RequestCountPerTarget,2026-07-15T23:00:00Z,2026-07-16T00:00:00Z,106485.5
app/bodegaai-production-alb/31b69d3d76ab5ed1,targetgroup/bodegaai-production-store-servic/736691f5beac1ff1,RequestCountPerTarget,2026-07-16T00:00:00Z,2026-07-16T01:00:00Z,105119
app/bodegaai-production-alb/31b69d3d76ab5ed1,targetgroup/bodegaai-production-store-servic/736691f5beac1ff1,RequestCountPerTarget,2026-07-16T01:00:00Z,2026-07-16T02:00:00Z,102325
app/bodegaai-production-alb/31b69d3d76ab5ed1,targetgroup/bodegaai-production-store-servic/736691f5beac1ff1,RequestCountPerTarget,2026-07-16T02:00:00Z,2026-07-16T03:00:00Z,97360
app/bodegaai-production-alb/31b69d3d76ab5ed1,targetgroup/bodegaai-production-store-servic/736691f5beac1ff1,RequestCountPerTarget,2026-07-16T03:00:00Z,2026-07-16T04:00:00Z,93332
app/bodegaai-production-alb/31b69d3d76ab5ed1,targetgroup/bodegaai-production-store-servic/736691f5beac1ff1,RequestCountPerTarget,2026-07-16T04:00:00Z,2026-07-16T05:00:00Z,90436.5
app/bodegaai-production-alb/31b69d3d76ab5ed1,targetgroup/bodegaai-production-store-servic/736691f5beac1ff1,RequestCountPerTarget,2026-07-16T05:00:00Z,2026-07-16T06:00:00Z,89572.5
app/bodegaai-production-alb/31b69d3d76ab5ed1,targetgroup/bodegaai-production-store-servic/736691f5beac1ff1,RequestCountPerTarget,2026-07-16T06:00:00Z,2026-07-16T07:00:00Z,88810
app/bodegaai-production-alb/31b69d3d76ab5ed1,targetgroup/bodegaai-production-store-servic/736691f5beac1ff1,RequestCountPerTarget,2026-07-16T07:00:00Z,2026-07-16T08:00:00Z,88311
app/bodegaai-production-alb/31b69d3d76ab5ed1,targetgroup/bodegaai-production-store-servic/736691f5beac1ff1,RequestCountPerTarget,2026-07-16T08:00:00Z,2026-07-16T09:00:00Z,88163
app/bodegaai-production-alb/31b69d3d76ab5ed1,targetgroup/bodegaai-production-store-servic/736691f5beac1ff1,RequestCountPerTarget,2026-07-16T09:00:00Z,2026-07-16T10:00:00Z,88963.5
app/bodegaai-production-alb/31b69d3d76ab5ed1,targetgroup/bodegaai-production-store-servic/736691f5beac1ff1,RequestCountPerTarget,2026-07-16T10:00:00Z,2026-07-16T11:00:00Z,91726.5
app/bodegaai-production-alb/31b69d3d76ab5ed1,targetgroup/bodegaai-production-store-servic/736691f5beac1ff1,RequestCountPerTarget,2026-07-16T11:00:00Z,2026-07-16T12:00:00Z,95127.5
app/bodegaai-production-alb/31b69d3d76ab5ed1,targetgroup/bodegaai-production-store-servic/736691f5beac1ff1,RequestCountPerTarget,2026-07-16T12:00:00Z,2026-07-16T13:00:00Z,97392
app/bodegaai-production-alb/31b69d3d76ab5ed1,targetgroup/bodegaai-production-store-servic/736691f5beac1ff1,RequestCountPerTarget,2026-07-16T13:00:00Z,2026-07-16T14:00:00Z,99787
app/bodegaai-production-alb/31b69d3d76ab5ed1,targetgroup/bodegaai-production-store-servic/736691f5beac1ff1,RequestCountPerTarget,2026-07-16T14:00:00Z,2026-07-16T15:00:00Z,103733.5
app/bodegaai-production-alb/31b69d3d76ab5ed1,targetgroup/bodegaai-production-store-servic/736691f5beac1ff1,RequestCountPerTarget,2026-07-16T15:00:00Z,2026-07-16T16:00:00Z,102348.5
app/bodegaai-production-alb/31b69d3d76ab5ed1,targetgroup/bodegaai-production-store-servic/736691f5beac1ff1,RequestCountPerTarget,2026-07-16T16:00:00Z,2026-07-16T17:00:00Z,104022.833329
app/bodegaai-production-alb/31b69d3d76ab5ed1,targetgroup/bodegaai-production-store-servic/736691f5beac1ff1,RequestCountPerTarget,2026-07-16T17:00:00Z,2026-07-16T18:00:00Z,106681.5
app/bodegaai-production-alb/31b69d3d76ab5ed1,targetgroup/bodegaai-production-store-servic/736691f5beac1ff1,RequestCountPerTarget,2026-07-16T18:00:00Z,2026-07-16T19:00:00Z,116417.5
app/bodegaai-production-alb/31b69d3d76ab5ed1,targetgroup/bodegaai-production-store-servic/736691f5beac1ff1,RequestCountPerTarget,2026-07-16T19:00:00Z,2026-07-16T20:00:00Z,105691.249997
app/bodegaai-production-alb/31b69d3d76ab5ed1,targetgroup/bodegaai-production-store-servic/736691f5beac1ff1,RequestCountPerTarget,2026-07-16T20:00:00Z,2026-07-16T21:00:00Z,106040
app/bodegaai-production-alb/31b69d3d76ab5ed1,targetgroup/bodegaai-production-store-servic/736691f5beac1ff1,RequestCountPerTarget,2026-07-16T21:00:00Z,2026-07-16T22:00:00Z,107469.5
app/bodegaai-production-alb/31b69d3d76ab5ed1,targetgroup/bodegaai-production-store-servic/736691f5beac1ff1,RequestCountPerTarget,2026-07-16T22:00:00Z,2026-07-16T23:00:00Z,108638
app/bodegaai-production-alb/31b69d3d76ab5ed1,targetgroup/bodegaai-production-store-servic/736691f5beac1ff1,RequestCountPerTarget,2026-07-16T23:00:00Z,2026-07-17T00:00:00Z,107104
app/bodegaai-production-alb/31b69d3d76ab5ed1,targetgroup/bodegaai-production-store-servic/736691f5beac1ff1,RequestCountPerTarget,2026-07-17T00:00:00Z,2026-07-17T01:00:00Z,106914
app/bodegaai-production-alb/31b69d3d76ab5ed1,targetgroup/bodegaai-production-store-servic/736691f5beac1ff1,RequestCountPerTarget,2026-07-17T01:00:00Z,2026-07-17T02:00:00Z,105986
app/bodegaai-production-alb/31b69d3d76ab5ed1,targetgroup/bodegaai-production-store-servic/736691f5beac1ff1,RequestCountPerTarget,2026-07-17T02:00:00Z,2026-07-17T03:00:00Z,100628
app/bodegaai-production-alb/31b69d3d76ab5ed1,targetgroup/bodegaai-production-store-servic/736691f5beac1ff1,RequestCountPerTarget,2026-07-17T03:00:00Z,2026-07-17T04:00:00Z,96514
app/bodegaai-production-alb/31b69d3d76ab5ed1,targetgroup/bodegaai-production-store-servic/736691f5beac1ff1,RequestCountPerTarget,2026-07-17T04:00:00Z,2026-07-17T05:00:00Z,93539.5
app/bodegaai-production-alb/31b69d3d76ab5ed1,targetgroup/bodegaai-production-store-servic/736691f5beac1ff1,RequestCountPerTarget,2026-07-17T05:00:00Z,2026-07-17T06:00:00Z,93023.5
app/bodegaai-production-alb/31b69d3d76ab5ed1,targetgroup/bodegaai-production-store-servic/736691f5beac1ff1,RequestCountPerTarget,2026-07-17T06:00:00Z,2026-07-17T07:00:00Z,92139
app/bodegaai-production-alb/31b69d3d76ab5ed1,targetgroup/bodegaai-production-store-servic/736691f5beac1ff1,RequestCountPerTarget,2026-07-17T07:00:00Z,2026-07-17T08:00:00Z,91884.5
app/bodegaai-production-alb/31b69d3d76ab5ed1,targetgroup/bodegaai-production-store-servic/736691f5beac1ff1,RequestCountPerTarget,2026-07-17T08:00:00Z,2026-07-17T09:00:00Z,91584
app/bodegaai-production-alb/31b69d3d76ab5ed1,targetgroup/bodegaai-production-store-servic/736691f5beac1ff1,RequestCountPerTarget,2026-07-17T09:00:00Z,2026-07-17T10:00:00Z,91801
app/bodegaai-production-alb/31b69d3d76ab5ed1,targetgroup/bodegaai-production-store-servic/736691f5beac1ff1,RequestCountPerTarget,2026-07-17T10:00:00Z,2026-07-17T11:00:00Z,94012
app/bodegaai-production-alb/31b69d3d76ab5ed1,targetgroup/bodegaai-production-store-servic/736691f5beac1ff1,RequestCountPerTarget,2026-07-17T11:00:00Z,2026-07-17T12:00:00Z,97632.5
app/bodegaai-production-alb/31b69d3d76ab5ed1,targetgroup/bodegaai-production-store-servic/736691f5beac1ff1,RequestCountPerTarget,2026-07-17T12:00:00Z,2026-07-17T13:00:00Z,99935
app/bodegaai-production-alb/31b69d3d76ab5ed1,targetgroup/bodegaai-production-store-servic/736691f5beac1ff1,RequestCountPerTarget,2026-07-17T13:00:00Z,2026-07-17T14:00:00Z,99677.58333
app/bodegaai-production-alb/31b69d3d76ab5ed1,targetgroup/bodegaai-production-store-servic/736691f5beac1ff1,RequestCountPerTarget,2026-07-17T14:00:00Z,2026-07-17T15:00:00Z,104131.5
app/bodegaai-production-alb/31b69d3d76ab5ed1,targetgroup/bodegaai-production-store-servic/736691f5beac1ff1,RequestCountPerTarget,2026-07-17T15:00:00Z,2026-07-17T16:00:00Z,105222.5
app/bodegaai-production-alb/31b69d3d76ab5ed1,targetgroup/bodegaai-production-store-servic/736691f5beac1ff1,RequestCountPerTarget,2026-07-17T16:00:00Z,2026-07-17T17:00:00Z,105960.5
app/bodegaai-production-alb/31b69d3d76ab5ed1,targetgroup/bodegaai-production-store-servic/736691f5beac1ff1,RequestCountPerTarget,2026-07-17T17:00:00Z,2026-07-17T18:00:00Z,104365
app/bodegaai-production-alb/31b69d3d76ab5ed1,targetgroup/bodegaai-production-store-servic/736691f5beac1ff1,RequestCountPerTarget,2026-07-17T18:00:00Z,2026-07-17T19:00:00Z,104827
app/bodegaai-production-alb/31b69d3d76ab5ed1,targetgroup/bodegaai-production-store-servic/736691f5beac1ff1,RequestCountPerTarget,2026-07-17T19:00:00Z,2026-07-17T20:00:00Z,106555
app/bodegaai-production-alb/31b69d3d76ab5ed1,targetgroup/bodegaai-production-store-servic/736691f5beac1ff1,RequestCountPerTarget,2026-07-17T20:00:00Z,2026-07-17T21:00:00Z,110677.5
app/bodegaai-production-alb/31b69d3d76ab5ed1,targetgroup/bodegaai-production-store-servic/736691f5beac1ff1,RequestCountPerTarget,2026-07-17T21:00:00Z,2026-07-17T22:00:00Z,108287
app/bodegaai-production-alb/31b69d3d76ab5ed1,targetgroup/bodegaai-production-store-servic/736691f5beac1ff1,RequestCountPerTarget,2026-07-17T22:00:00Z,2026-07-17T23:00:00Z,108450.5
app/bodegaai-production-alb/31b69d3d76ab5ed1,targetgroup/bodegaai-production-store-servic/736691f5beac1ff1,RequestCountPerTarget,2026-07-17T23:00:00Z,2026-07-18T00:00:00Z,107707
app/bodegaai-production-alb/31b69d3d76ab5ed1,targetgroup/bodegaai-production-store-servic/736691f5beac1ff1,RequestCountPerTarget,2026-07-18T00:00:00Z,2026-07-18T01:00:00Z,108448.5
app/bodegaai-production-alb/31b69d3d76ab5ed1,targetgroup/bodegaai-production-store-servic/736691f5beac1ff1,RequestCountPerTarget,2026-07-18T01:00:00Z,2026-07-18T02:00:00Z,107184
app/bodegaai-production-alb/31b69d3d76ab5ed1,targetgroup/bodegaai-production-store-servic/736691f5beac1ff1,RequestCountPerTarget,2026-07-18T02:00:00Z,2026-07-18T03:00:00Z,101757.5
app/bodegaai-production-alb/31b69d3d76ab5ed1,targetgroup/bodegaai-production-store-servic/736691f5beac1ff1,RequestCountPerTarget,2026-07-18T03:00:00Z,2026-07-18T04:00:00Z,98377.5
app/bodegaai-production-alb/31b69d3d76ab5ed1,targetgroup/bodegaai-production-store-servic/736691f5beac1ff1,RequestCountPerTarget,2026-07-18T04:00:00Z,2026-07-18T05:00:00Z,93674
app/bodegaai-production-alb/31b69d3d76ab5ed1,targetgroup/bodegaai-production-store-servic/736691f5beac1ff1,RequestCountPerTarget,2026-07-18T05:00:00Z,2026-07-18T06:00:00Z,92627.5
app/bodegaai-production-alb/31b69d3d76ab5ed1,targetgroup/bodegaai-production-store-servic/736691f5beac1ff1,RequestCountPerTarget,2026-07-18T06:00:00Z,2026-07-18T07:00:00Z,91713
app/bodegaai-production-alb/31b69d3d76ab5ed1,targetgroup/bodegaai-production-store-servic/736691f5beac1ff1,RequestCountPerTarget,2026-07-18T07:00:00Z,2026-07-18T08:00:00Z,90952
app/bodegaai-production-alb/31b69d3d76ab5ed1,targetgroup/bodegaai-production-store-servic/736691f5beac1ff1,RequestCountPerTarget,2026-07-18T08:00:00Z,2026-07-18T09:00:00Z,91143.5
app/bodegaai-production-alb/31b69d3d76ab5ed1,targetgroup/bodegaai-production-store-servic/736691f5beac1ff1,RequestCountPerTarget,2026-07-18T09:00:00Z,2026-07-18T10:00:00Z,90871
app/bodegaai-production-alb/31b69d3d76ab5ed1,targetgroup/bodegaai-production-store-servic/736691f5beac1ff1,RequestCountPerTarget,2026-07-18T10:00:00Z,2026-07-18T11:00:00Z,91037.5
app/bodegaai-production-alb/31b69d3d76ab5ed1,targetgroup/bodegaai-production-store-servic/736691f5beac1ff1,RequestCountPerTarget,2026-07-18T11:00:00Z,2026-07-18T12:00:00Z,93608
app/bodegaai-production-alb/31b69d3d76ab5ed1,targetgroup/bodegaai-production-store-servic/736691f5beac1ff1,RequestCountPerTarget,2026-07-18T12:00:00Z,2026-07-18T13:00:00Z,97528
app/bodegaai-production-alb/31b69d3d76ab5ed1,targetgroup/bodegaai-production-store-servic/736691f5beac1ff1,RequestCountPerTarget,2026-07-18T13:00:00Z,2026-07-18T14:00:00Z,100204
app/bodegaai-production-alb/31b69d3d76ab5ed1,targetgroup/bodegaai-production-store-servic/736691f5beac1ff1,RequestCountPerTarget,2026-07-18T14:00:00Z,2026-07-18T15:00:00Z,104449
app/bodegaai-production-alb/31b69d3d76ab5ed1,targetgroup/bodegaai-production-store-servic/736691f5beac1ff1,RequestCountPerTarget,2026-07-18T15:00:00Z,2026-07-18T16:00:00Z,106470
app/bodegaai-production-alb/31b69d3d76ab5ed1,targetgroup/bodegaai-production-store-servic/736691f5beac1ff1,RequestCountPerTarget,2026-07-18T16:00:00Z,2026-07-18T17:00:00Z,108042.5
app/bodegaai-production-alb/31b69d3d76ab5ed1,targetgroup/bodegaai-production-store-servic/736691f5beac1ff1,RequestCountPerTarget,2026-07-18T17:00:00Z,2026-07-18T18:00:00Z,106932.5
app/bodegaai-production-alb/31b69d3d76ab5ed1,targetgroup/bodegaai-production-store-servic/736691f5beac1ff1,RequestCountPerTarget,2026-07-18T18:00:00Z,2026-07-18T19:00:00Z,107541.5
app/bodegaai-production-alb/31b69d3d76ab5ed1,targetgroup/bodegaai-production-store-servic/736691f5beac1ff1,RequestCountPerTarget,2026-07-18T19:00:00Z,2026-07-18T20:00:00Z,109725.5
app/bodegaai-production-alb/31b69d3d76ab5ed1,targetgroup/bodegaai-production-store-servic/736691f5beac1ff1,RequestCountPerTarget,2026-07-18T20:00:00Z,2026-07-18T21:00:00Z,108892
app/bodegaai-production-alb/31b69d3d76ab5ed1,targetgroup/bodegaai-production-store-servic/736691f5beac1ff1,RequestCountPerTarget,2026-07-18T21:00:00Z,2026-07-18T22:00:00Z,106633.5
app/bodegaai-production-alb/31b69d3d76ab5ed1,targetgroup/bodegaai-production-store-servic/736691f5beac1ff1,RequestCountPerTarget,2026-07-18T22:00:00Z,2026-07-18T23:00:00Z,109328
app/bodegaai-production-alb/31b69d3d76ab5ed1,targetgroup/bodegaai-production-store-servic/736691f5beac1ff1,RequestCountPerTarget,2026-07-18T23:00:00Z,2026-07-19T00:00:00Z,106109.5
app/bodegaai-production-alb/31b69d3d76ab5ed1,targetgroup/bodegaai-production-store-servic/736691f5beac1ff1,RequestCountPerTarget,2026-07-19T00:00:00Z,2026-07-19T01:00:00Z,104584.5
app/bodegaai-production-alb/31b69d3d76ab5ed1,targetgroup/bodegaai-production-store-servic/736691f5beac1ff1,RequestCountPerTarget,2026-07-19T01:00:00Z,2026-07-19T02:00:00Z,103480.5
app/bodegaai-production-alb/31b69d3d76ab5ed1,targetgroup/bodegaai-production-store-servic/736691f5beac1ff1,RequestCountPerTarget,2026-07-19T02:00:00Z,2026-07-19T03:00:00Z,100764
app/bodegaai-production-alb/31b69d3d76ab5ed1,targetgroup/bodegaai-production-store-servic/736691f5beac1ff1,RequestCountPerTarget,2026-07-19T03:00:00Z,2026-07-19T04:00:00Z,95389.5
app/bodegaai-production-alb/31b69d3d76ab5ed1,targetgroup/bodegaai-production-store-servic/736691f5beac1ff1,RequestCountPerTarget,2026-07-19T04:00:00Z,2026-07-19T05:00:00Z,93554
app/bodegaai-production-alb/31b69d3d76ab5ed1,targetgroup/bodegaai-production-store-servic/736691f5beac1ff1,RequestCountPerTarget,2026-07-19T05:00:00Z,2026-07-19T06:00:00Z,92429
app/bodegaai-production-alb/31b69d3d76ab5ed1,targetgroup/bodegaai-production-store-servic/736691f5beac1ff1,RequestCountPerTarget,2026-07-19T06:00:00Z,2026-07-19T07:00:00Z,91906.5
app/bodegaai-production-alb/31b69d3d76ab5ed1,targetgroup/bodegaai-production-store-servic/736691f5beac1ff1,RequestCountPerTarget,2026-07-19T07:00:00Z,2026-07-19T08:00:00Z,91054
app/bodegaai-production-alb/31b69d3d76ab5ed1,targetgroup/bodegaai-production-store-servic/736691f5beac1ff1,RequestCountPerTarget,2026-07-19T08:00:00Z,2026-07-19T09:00:00Z,91008
app/bodegaai-production-alb/31b69d3d76ab5ed1,targetgroup/bodegaai-production-store-servic/736691f5beac1ff1,RequestCountPerTarget,2026-07-19T09:00:00Z,2026-07-19T10:00:00Z,91328
app/bodegaai-production-alb/31b69d3d76ab5ed1,targetgroup/bodegaai-production-store-servic/736691f5beac1ff1,RequestCountPerTarget,2026-07-19T10:00:00Z,2026-07-19T11:00:00Z,91371.5
app/bodegaai-production-alb/31b69d3d76ab5ed1,targetgroup/bodegaai-production-store-servic/736691f5beac1ff1,RequestCountPerTarget,2026-07-19T11:00:00Z,2026-07-19T12:00:00Z,93010.5
app/bodegaai-production-alb/31b69d3d76ab5ed1,targetgroup/bodegaai-production-store-servic/736691f5beac1ff1,RequestCountPerTarget,2026-07-19T12:00:00Z,2026-07-19T13:00:00Z,96290.5
app/bodegaai-production-alb/31b69d3d76ab5ed1,targetgroup/bodegaai-production-store-servic/736691f5beac1ff1,RequestCountPerTarget,2026-07-19T13:00:00Z,2026-07-19T14:00:00Z,98400.5
app/bodegaai-production-alb/31b69d3d76ab5ed1,targetgroup/bodegaai-production-store-servic/736691f5beac1ff1,RequestCountPerTarget,2026-07-19T14:00:00Z,2026-07-19T15:00:00Z,103823.5
app/bodegaai-production-alb/31b69d3d76ab5ed1,targetgroup/bodegaai-production-store-servic/736691f5beac1ff1,RequestCountPerTarget,2026-07-19T15:00:00Z,2026-07-19T16:00:00Z,105186
app/bodegaai-production-alb/31b69d3d76ab5ed1,targetgroup/bodegaai-production-store-servic/736691f5beac1ff1,RequestCountPerTarget,2026-07-19T16:00:00Z,2026-07-19T17:00:00Z,106835
app/bodegaai-production-alb/31b69d3d76ab5ed1,targetgroup/bodegaai-production-store-servic/736691f5beac1ff1,RequestCountPerTarget,2026-07-19T17:00:00Z,2026-07-19T18:00:00Z,108081
app/bodegaai-production-alb/31b69d3d76ab5ed1,targetgroup/bodegaai-production-store-servic/736691f5beac1ff1,RequestCountPerTarget,2026-07-19T18:00:00Z,2026-07-19T19:00:00Z,107496.5
app/bodegaai-production-alb/31b69d3d76ab5ed1,targetgroup/bodegaai-production-store-servic/736691f5beac1ff1,RequestCountPerTarget,2026-07-19T19:00:00Z,2026-07-19T20:00:00Z,106052
app/bodegaai-production-alb/31b69d3d76ab5ed1,targetgroup/bodegaai-production-store-servic/736691f5beac1ff1,RequestCountPerTarget,2026-07-19T20:00:00Z,2026-07-19T21:00:00Z,105450.5
app/bodegaai-production-alb/31b69d3d76ab5ed1,targetgroup/bodegaai-production-store-servic/736691f5beac1ff1,RequestCountPerTarget,2026-07-19T21:00:00Z,2026-07-19T22:00:00Z,104167.5
app/bodegaai-production-alb/31b69d3d76ab5ed1,targetgroup/bodegaai-production-store-servic/736691f5beac1ff1,RequestCountPerTarget,2026-07-19T22:00:00Z,2026-07-19T23:00:00Z,105624
app/bodegaai-production-alb/31b69d3d76ab5ed1,targetgroup/bodegaai-production-store-servic/736691f5beac1ff1,RequestCountPerTarget,2026-07-19T23:00:00Z,2026-07-20T00:00:00Z,106758
app/bodegaai-production-alb/31b69d3d76ab5ed1,targetgroup/bodegaai-production-store-servic/736691f5beac1ff1,RequestCountPerTarget,2026-07-20T00:00:00Z,2026-07-20T01:00:00Z,103690.5
app/bodegaai-production-alb/31b69d3d76ab5ed1,targetgroup/bodegaai-production-store-servic/736691f5beac1ff1,RequestCountPerTarget,2026-07-20T01:00:00Z,2026-07-20T02:00:00Z,104111.5
app/bodegaai-production-alb/31b69d3d76ab5ed1,targetgroup/bodegaai-production-store-servic/736691f5beac1ff1,RequestCountPerTarget,2026-07-20T02:00:00Z,2026-07-20T03:00:00Z,97531.5
app/bodegaai-production-alb/31b69d3d76ab5ed1,targetgroup/bodegaai-production-store-servic/736691f5beac1ff1,RequestCountPerTarget,2026-07-20T03:00:00Z,2026-07-20T04:00:00Z,92296
app/bodegaai-production-alb/31b69d3d76ab5ed1,targetgroup/bodegaai-production-store-servic/736691f5beac1ff1,RequestCountPerTarget,2026-07-20T04:00:00Z,2026-07-20T05:00:00Z,90557
app/bodegaai-production-alb/31b69d3d76ab5ed1,targetgroup/bodegaai-production-store-servic/736691f5beac1ff1,RequestCountPerTarget,2026-07-20T05:00:00Z,2026-07-20T06:00:00Z,90136
app/bodegaai-production-alb/31b69d3d76ab5ed1,targetgroup/bodegaai-production-store-servic/736691f5beac1ff1,RequestCountPerTarget,2026-07-20T06:00:00Z,2026-07-20T07:00:00Z,89514
app/bodegaai-production-alb/31b69d3d76ab5ed1,targetgroup/bodegaai-production-store-servic/736691f5beac1ff1,RequestCountPerTarget,2026-07-20T07:00:00Z,2026-07-20T08:00:00Z,89328.5
app/bodegaai-production-alb/31b69d3d76ab5ed1,targetgroup/bodegaai-production-store-servic/736691f5beac1ff1,RequestCountPerTarget,2026-07-20T08:00:00Z,2026-07-20T09:00:00Z,89668.5
app/bodegaai-production-alb/31b69d3d76ab5ed1,targetgroup/bodegaai-production-store-servic/736691f5beac1ff1,RequestCountPerTarget,2026-07-20T09:00:00Z,2026-07-20T10:00:00Z,90088.5
app/bodegaai-production-alb/31b69d3d76ab5ed1,targetgroup/bodegaai-production-store-servic/736691f5beac1ff1,RequestCountPerTarget,2026-07-20T10:00:00Z,2026-07-20T11:00:00Z,92162.5
app/bodegaai-production-alb/31b69d3d76ab5ed1,targetgroup/bodegaai-production-store-servic/736691f5beac1ff1,RequestCountPerTarget,2026-07-20T11:00:00Z,2026-07-20T12:00:00Z,95108
app/bodegaai-production-alb/31b69d3d76ab5ed1,targetgroup/bodegaai-production-store-servic/736691f5beac1ff1,RequestCountPerTarget,2026-07-20T12:00:00Z,2026-07-20T13:00:00Z,97704.5
app/bodegaai-production-alb/31b69d3d76ab5ed1,targetgroup/bodegaai-production-store-servic/736691f5beac1ff1,RequestCountPerTarget,2026-07-20T13:00:00Z,2026-07-20T14:00:00Z,99341
app/bodegaai-production-alb/31b69d3d76ab5ed1,targetgroup/bodegaai-production-store-servic/736691f5beac1ff1,RequestCountPerTarget,2026-07-20T14:00:00Z,2026-07-20T15:00:00Z,99027
app/bodegaai-production-alb/31b69d3d76ab5ed1,targetgroup/bodegaai-production-store-servic/736691f5beac1ff1,RequestCountPerTarget,2026-07-20T15:00:00Z,2026-07-20T16:00:00Z,97655
app/bodegaai-production-alb/31b69d3d76ab5ed1,targetgroup/bodegaai-production-store-servic/736691f5beac1ff1,RequestCountPerTarget,2026-07-20T16:00:00Z,2026-07-20T17:00:00Z,103601.5
app/bodegaai-production-alb/31b69d3d76ab5ed1,targetgroup/bodegaai-production-store-servic/736691f5beac1ff1,RequestCountPerTarget,2026-07-20T17:00:00Z,2026-07-20T18:00:00Z,106202.5
app/bodegaai-production-alb/31b69d3d76ab5ed1,targetgroup/bodegaai-production-store-servic/736691f5beac1ff1,RequestCountPerTarget,2026-07-20T18:00:00Z,2026-07-20T19:00:00Z,103995.833337
app/bodegaai-production-alb/31b69d3d76ab5ed1,targetgroup/bodegaai-production-store-servic/736691f5beac1ff1,RequestCountPerTarget,2026-07-20T19:00:00Z,2026-07-20T20:00:00Z,106506.833333
app/bodegaai-production-alb/31b69d3d76ab5ed1,targetgroup/bodegaai-production-store-servic/736691f5beac1ff1,RequestCountPerTarget,2026-07-20T20:00:00Z,2026-07-20T21:00:00Z,108430
app/bodegaai-production-alb/31b69d3d76ab5ed1,targetgroup/bodegaai-production-store-servic/736691f5beac1ff1,RequestCountPerTarget,2026-07-20T21:00:00Z,2026-07-20T22:00:00Z,108570.5
app/bodegaai-production-alb/31b69d3d76ab5ed1,targetgroup/bodegaai-production-store-servic/736691f5beac1ff1,RequestCountPerTarget,2026-07-20T22:00:00Z,2026-07-20T23:00:00Z,107979
app/bodegaai-production-alb/31b69d3d76ab5ed1,targetgroup/bodegaai-production-store-servic/736691f5beac1ff1,RequestCountPerTarget,2026-07-20T23:00:00Z,2026-07-21T00:00:00Z,108149.5
app/bodegaai-production-alb/31b69d3d76ab5ed1,targetgroup/bodegaai-production-store-servic/736691f5beac1ff1,RequestCountPerTarget,2026-07-21T00:00:00Z,2026-07-21T01:00:00Z,106925.5
app/bodegaai-production-alb/31b69d3d76ab5ed1,targetgroup/bodegaai-production-store-servic/736691f5beac1ff1,RequestCountPerTarget,2026-07-21T01:00:00Z,2026-07-21T02:00:00Z,102560
app/bodegaai-production-alb/31b69d3d76ab5ed1,targetgroup/bodegaai-production-store-servic/736691f5beac1ff1,RequestCountPerTarget,2026-07-21T02:00:00Z,2026-07-21T03:00:00Z,96210.5
app/bodegaai-production-alb/31b69d3d76ab5ed1,targetgroup/bodegaai-production-store-servic/736691f5beac1ff1,RequestCountPerTarget,2026-07-21T03:00:00Z,2026-07-21T04:00:00Z,91567
app/bodegaai-production-alb/31b69d3d76ab5ed1,targetgroup/bodegaai-production-store-servic/736691f5beac1ff1,RequestCountPerTarget,2026-07-21T04:00:00Z,2026-07-21T05:00:00Z,88613
app/bodegaai-production-alb/31b69d3d76ab5ed1,targetgroup/bodegaai-production-store-servic/736691f5beac1ff1,RequestCountPerTarget,2026-07-21T05:00:00Z,2026-07-21T06:00:00Z,86079.5
app/bodegaai-production-alb/31b69d3d76ab5ed1,targetgroup/bodegaai-production-store-servic/736691f5beac1ff1,RequestCountPerTarget,2026-07-21T06:00:00Z,2026-07-21T07:00:00Z,87576
app/bodegaai-production-alb/31b69d3d76ab5ed1,targetgroup/bodegaai-production-store-servic/736691f5beac1ff1,RequestCountPerTarget,2026-07-21T07:00:00Z,2026-07-21T08:00:00Z,87240
app/bodegaai-production-alb/31b69d3d76ab5ed1,targetgroup/bodegaai-production-store-servic/736691f5beac1ff1,RequestCountPerTarget,2026-07-21T08:00:00Z,2026-07-21T09:00:00Z,87295
app/bodegaai-production-alb/31b69d3d76ab5ed1,targetgroup/bodegaai-production-store-servic/736691f5beac1ff1,RequestCountPerTarget,2026-07-21T09:00:00Z,2026-07-21T10:00:00Z,87004
app/bodegaai-production-alb/31b69d3d76ab5ed1,targetgroup/bodegaai-production-store-servic/736691f5beac1ff1,RequestCountPerTarget,2026-07-21T10:00:00Z,2026-07-21T11:00:00Z,89699.5
app/bodegaai-production-alb/31b69d3d76ab5ed1,targetgroup/bodegaai-production-store-servic/736691f5beac1ff1,RequestCountPerTarget,2026-07-21T11:00:00Z,2026-07-21T12:00:00Z,96044
app/bodegaai-production-alb/31b69d3d76ab5ed1,targetgroup/bodegaai-production-store-servic/736691f5beac1ff1,RequestCountPerTarget,2026-07-21T12:00:00Z,2026-07-21T13:00:00Z,97543.5
app/bodegaai-production-alb/31b69d3d76ab5ed1,targetgroup/bodegaai-production-store-servic/736691f5beac1ff1,RequestCountPerTarget,2026-07-21T13:00:00Z,2026-07-21T14:00:00Z,101064.5
app/bodegaai-production-alb/31b69d3d76ab5ed1,targetgroup/bodegaai-production-store-servic/736691f5beac1ff1,RequestCountPerTarget,2026-07-21T14:00:00Z,2026-07-21T15:00:00Z,102666
app/bodegaai-production-alb/31b69d3d76ab5ed1,targetgroup/bodegaai-production-store-servic/736691f5beac1ff1,RequestCountPerTarget,2026-07-21T15:00:00Z,2026-07-21T16:00:00Z,102473
app/bodegaai-production-alb/31b69d3d76ab5ed1,targetgroup/bodegaai-production-store-servic/736691f5beac1ff1,RequestCountPerTarget,2026-07-21T16:00:00Z,2026-07-21T17:00:00Z,104679
app/bodegaai-production-alb/31b69d3d76ab5ed1,targetgroup/bodegaai-production-store-servic/736691f5beac1ff1,RequestCountPerTarget,2026-07-21T17:00:00Z,2026-07-21T18:00:00Z,107891
app/bodegaai-production-alb/31b69d3d76ab5ed1,targetgroup/bodegaai-production-store-servic/736691f5beac1ff1,RequestCountPerTarget,2026-07-21T18:00:00Z,2026-07-21T19:00:00Z,104560.5
app/bodegaai-production-alb/31b69d3d76ab5ed1,targetgroup/bodegaai-production-store-servic/736691f5beac1ff1,RequestCountPerTarget,2026-07-21T19:00:00Z,2026-07-21T20:00:00Z,105725
app/bodegaai-production-alb/31b69d3d76ab5ed1,targetgroup/bodegaai-production-store-servic/736691f5beac1ff1,RequestCountPerTarget,2026-07-21T20:00:00Z,2026-07-21T21:00:00Z,105749.5
app/bodegaai-production-alb/31b69d3d76ab5ed1,targetgroup/bodegaai-production-store-servic/736691f5beac1ff1,RequestCountPerTarget,2026-07-21T21:00:00Z,2026-07-21T22:00:00Z,106420
app/bodegaai-production-alb/31b69d3d76ab5ed1,targetgroup/bodegaai-production-store-servic/736691f5beac1ff1,RequestCountPerTarget,2026-07-21T22:00:00Z,2026-07-21T23:00:00Z,106708.5
app/bodegaai-production-alb/31b69d3d76ab5ed1,targetgroup/bodegaai-production-store-servic/736691f5beac1ff1,RequestCountPerTarget,2026-07-21T23:00:00Z,2026-07-22T00:00:00Z,105752
app/bodegaai-production-alb/31b69d3d76ab5ed1,targetgroup/bodegaai-production-store-servic/736691f5beac1ff1,RequestCountPerTarget,2026-07-22T00:00:00Z,2026-07-22T01:00:00Z,102415.5
app/bodegaai-production-alb/31b69d3d76ab5ed1,targetgroup/bodegaai-production-store-servic/736691f5beac1ff1,RequestCountPerTarget,2026-07-22T01:00:00Z,2026-07-22T02:00:00Z,102301
app/bodegaai-production-alb/31b69d3d76ab5ed1,targetgroup/bodegaai-production-store-servic/736691f5beac1ff1,RequestCountPerTarget,2026-07-22T02:00:00Z,2026-07-22T03:00:00Z,97256
app/bodegaai-production-alb/31b69d3d76ab5ed1,targetgroup/bodegaai-production-store-servic/736691f5beac1ff1,RequestCountPerTarget,2026-07-22T03:00:00Z,2026-07-22T04:00:00Z,92193
app/bodegaai-production-alb/31b69d3d76ab5ed1,targetgroup/bodegaai-production-store-servic/736691f5beac1ff1,RequestCountPerTarget,2026-07-22T04:00:00Z,2026-07-22T05:00:00Z,89683.5
app/bodegaai-production-alb/31b69d3d76ab5ed1,targetgroup/bodegaai-production-store-servic/736691f5beac1ff1,RequestCountPerTarget,2026-07-22T05:00:00Z,2026-07-22T06:00:00Z,88877.5
app/bodegaai-production-alb/31b69d3d76ab5ed1,targetgroup/bodegaai-production-store-servic/736691f5beac1ff1,RequestCountPerTarget,2026-07-22T06:00:00Z,2026-07-22T07:00:00Z,88089
app/bodegaai-production-alb/31b69d3d76ab5ed1,targetgroup/bodegaai-production-store-servic/736691f5beac1ff1,RequestCountPerTarget,2026-07-22T07:00:00Z,2026-07-22T08:00:00Z,87392.5
app/bodegaai-production-alb/31b69d3d76ab5ed1,targetgroup/bodegaai-production-store-servic/736691f5beac1ff1,RequestCountPerTarget,2026-07-22T08:00:00Z,2026-07-22T09:00:00Z,83562
app/bodegaai-production-alb/31b69d3d76ab5ed1,targetgroup/bodegaai-production-store-servic/736691f5beac1ff1,RequestCountPerTarget,2026-07-22T09:00:00Z,2026-07-22T10:00:00Z,84150.5
app/bodegaai-production-alb/31b69d3d76ab5ed1,targetgroup/bodegaai-production-store-servic/736691f5beac1ff1,RequestCountPerTarget,2026-07-22T10:00:00Z,2026-07-22T11:00:00Z,89548
app/bodegaai-production-alb/31b69d3d76ab5ed1,targetgroup/bodegaai-production-store-servic/736691f5beac1ff1,RequestCountPerTarget,2026-07-22T11:00:00Z,2026-07-22T12:00:00Z,95104
app/bodegaai-production-alb/31b69d3d76ab5ed1,targetgroup/bodegaai-production-store-servic/736691f5beac1ff1,RequestCountPerTarget,2026-07-22T12:00:00Z,2026-07-22T13:00:00Z,97089
app/bodegaai-production-alb/31b69d3d76ab5ed1,targetgroup/bodegaai-production-store-servic/736691f5beac1ff1,RequestCountPerTarget,2026-07-22T13:00:00Z,2026-07-22T14:00:00Z,95241
app/bodegaai-production-alb/31b69d3d76ab5ed1,targetgroup/bodegaai-production-store-servic/736691f5beac1ff1,RequestCountPerTarget,2026-07-22T14:00:00Z,2026-07-22T15:00:00Z,99371.5
app/bodegaai-production-alb/31b69d3d76ab5ed1,targetgroup/bodegaai-production-store-servic/736691f5beac1ff1,RequestCountPerTarget,2026-07-22T15:00:00Z,2026-07-22T16:00:00Z,104416
app/bodegaai-production-alb/31b69d3d76ab5ed1,targetgroup/bodegaai-production-store-servic/736691f5beac1ff1,RequestCountPerTarget,2026-07-22T16:00:00Z,2026-07-22T17:00:00Z,106010
app/bodegaai-production-alb/31b69d3d76ab5ed1,targetgroup/bodegaai-production-store-servic/736691f5beac1ff1,RequestCountPerTarget,2026-07-22T17:00:00Z,2026-07-22T18:00:00Z,105708.5
app/bodegaai-production-alb/31b69d3d76ab5ed1,targetgroup/bodegaai-production-store-servic/736691f5beac1ff1,RequestCountPerTarget,2026-07-22T18:00:00Z,2026-07-22T19:00:00Z,103593.166663
app/bodegaai-production-alb/31b69d3d76ab5ed1,targetgroup/bodegaai-production-store-servic/736691f5beac1ff1,RequestCountPerTarget,2026-07-22T19:00:00Z,2026-07-22T20:00:00Z,105588.5
app/bodegaai-production-alb/31b69d3d76ab5ed1,targetgroup/bodegaai-production-store-servic/736691f5beac1ff1,RequestCountPerTarget,2026-07-22T20:00:00Z,2026-07-22T21:00:00Z,106641.5
app/bodegaai-production-alb/31b69d3d76ab5ed1,targetgroup/bodegaai-production-store-servic/736691f5beac1ff1,RequestCountPerTarget,2026-07-22T21:00:00Z,2026-07-22T22:00:00Z,109243
app/bodegaai-production-alb/31b69d3d76ab5ed1,targetgroup/bodegaai-production-store-servic/736691f5beac1ff1,RequestCountPerTarget,2026-07-22T22:00:00Z,2026-07-22T23:00:00Z,110183
app/bodegaai-production-alb/31b69d3d76ab5ed1,targetgroup/bodegaai-production-store-servic/736691f5beac1ff1,RequestCountPerTarget,2026-07-22T23:00:00Z,2026-07-23T00:00:00Z,110169
app/bodegaai-production-alb/31b69d3d76ab5ed1,targetgroup/bodegaai-production-store-servic/736691f5beac1ff1,RequestCountPerTarget,2026-07-23T00:00:00Z,2026-07-23T01:00:00Z,107675
app/bodegaai-production-alb/31b69d3d76ab5ed1,targetgroup/bodegaai-production-store-servic/736691f5beac1ff1,RequestCountPerTarget,2026-07-23T01:00:00Z,2026-07-23T02:00:00Z,104869.5
app/bodegaai-production-alb/31b69d3d76ab5ed1,targetgroup/bodegaai-production-store-servic/736691f5beac1ff1,RequestCountPerTarget,2026-07-23T02:00:00Z,2026-07-23T03:00:00Z,100836.5
app/bodegaai-production-alb/31b69d3d76ab5ed1,targetgroup/bodegaai-production-store-servic/736691f5beac1ff1,RequestCountPerTarget,2026-07-23T03:00:00Z,2026-07-23T04:00:00Z,95592
app/bodegaai-production-alb/31b69d3d76ab5ed1,targetgroup/bodegaai-production-store-servic/736691f5beac1ff1,RequestCountPerTarget,2026-07-23T04:00:00Z,2026-07-23T05:00:00Z,93028
app/bodegaai-production-alb/31b69d3d76ab5ed1,targetgroup/bodegaai-production-store-servic/736691f5beac1ff1,RequestCountPerTarget,2026-07-23T05:00:00Z,2026-07-23T06:00:00Z,91861
app/bodegaai-production-alb/31b69d3d76ab5ed1,targetgroup/bodegaai-production-store-servic/736691f5beac1ff1,RequestCountPerTarget,2026-07-23T06:00:00Z,2026-07-23T07:00:00Z,91422.5
app/bodegaai-production-alb/31b69d3d76ab5ed1,targetgroup/bodegaai-production-store-servic/736691f5beac1ff1,RequestCountPerTarget,2026-07-23T07:00:00Z,2026-07-23T08:00:00Z,91130
app/bodegaai-production-alb/31b69d3d76ab5ed1,targetgroup/bodegaai-production-store-servic/736691f5beac1ff1,RequestCountPerTarget,2026-07-23T08:00:00Z,2026-07-23T09:00:00Z,90538.5
app/bodegaai-production-alb/31b69d3d76ab5ed1,targetgroup/bodegaai-production-store-servic/736691f5beac1ff1,RequestCountPerTarget,2026-07-23T09:00:00Z,2026-07-23T10:00:00Z,91457.5
app/bodegaai-production-alb/31b69d3d76ab5ed1,targetgroup/bodegaai-production-store-servic/736691f5beac1ff1,RequestCountPerTarget,2026-07-23T10:00:00Z,2026-07-23T11:00:00Z,94290.5
app/bodegaai-production-alb/31b69d3d76ab5ed1,targetgroup/bodegaai-production-store-servic/736691f5beac1ff1,RequestCountPerTarget,2026-07-23T11:00:00Z,2026-07-23T12:00:00Z,96892.5
app/bodegaai-production-alb/31b69d3d76ab5ed1,targetgroup/bodegaai-production-store-servic/736691f5beac1ff1,RequestCountPerTarget,2026-07-23T12:00:00Z,2026-07-23T13:00:00Z,97572
app/bodegaai-production-alb/31b69d3d76ab5ed1,targetgroup/bodegaai-production-store-servic/736691f5beac1ff1,RequestCountPerTarget,2026-07-23T13:00:00Z,2026-07-23T14:00:00Z,99642
app/bodegaai-production-alb/31b69d3d76ab5ed1,targetgroup/bodegaai-production-store-servic/736691f5beac1ff1,RequestCountPerTarget,2026-07-23T14:00:00Z,2026-07-23T15:00:00Z,103703
app/bodegaai-production-alb/31b69d3d76ab5ed1,targetgroup/bodegaai-production-store-servic/736691f5beac1ff1,RequestCountPerTarget,2026-07-23T15:00:00Z,2026-07-23T16:00:00Z,106158
app/bodegaai-production-alb/31b69d3d76ab5ed1,targetgroup/bodegaai-production-store-servic/736691f5beac1ff1,RequestCountPerTarget,2026-07-23T16:00:00Z,2026-07-23T17:00:00Z,107943.5
app/bodegaai-production-alb/31b69d3d76ab5ed1,targetgroup/bodegaai-production-store-servic/736691f5beac1ff1,RequestCountPerTarget,2026-07-23T17:00:00Z,2026-07-23T18:00:00Z,107910.5
app/bodegaai-production-alb/31b69d3d76ab5ed1,targetgroup/bodegaai-production-store-servic/736691f5beac1ff1,RequestCountPerTarget,2026-07-23T18:00:00Z,2026-07-23T19:00:00Z,107371
app/bodegaai-production-alb/31b69d3d76ab5ed1,targetgroup/bodegaai-production-store-servic/736691f5beac1ff1,RequestCountPerTarget,2026-07-23T19:00:00Z,2026-07-23T20:00:00Z,107314
app/bodegaai-production-alb/31b69d3d76ab5ed1,targetgroup/bodegaai-production-store-servic/736691f5beac1ff1,RequestCountPerTarget,2026-07-23T20:00:00Z,2026-07-23T21:00:00Z,104392.5
app/bodegaai-production-alb/31b69d3d76ab5ed1,targetgroup/bodegaai-production-store-servic/736691f5beac1ff1,RequestCountPerTarget,2026-07-23T21:00:00Z,2026-07-23T22:00:00Z,107743.5
app/bodegaai-production-alb/31b69d3d76ab5ed1,targetgroup/bodegaai-production-store-servic/736691f5beac1ff1,RequestCountPerTarget,2026-07-23T22:00:00Z,2026-07-23T23:00:00Z,105403
app/bodegaai-production-alb/31b69d3d76ab5ed1,targetgroup/bodegaai-production-store-servic/736691f5beac1ff1,RequestCountPerTarget,2026-07-23T23:00:00Z,2026-07-24T00:00:00Z,106422.5
app/bodegaai-production-alb/31b69d3d76ab5ed1,targetgroup/bodegaai-production-store-servic/736691f5beac1ff1,RequestCountPerTarget,2026-07-24T00:00:00Z,2026-07-24T01:00:00Z,104801.5
app/bodegaai-production-alb/31b69d3d76ab5ed1,targetgroup/bodegaai-production-store-servic/736691f5beac1ff1,RequestCountPerTarget,2026-07-24T01:00:00Z,2026-07-24T02:00:00Z,103293.5
app/bodegaai-production-alb/31b69d3d76ab5ed1,targetgroup/bodegaai-production-store-servic/736691f5beac1ff1,RequestCountPerTarget,2026-07-24T02:00:00Z,2026-07-24T03:00:00Z,97473.5
app/bodegaai-production-alb/31b69d3d76ab5ed1,targetgroup/bodegaai-production-store-servic/736691f5beac1ff1,RequestCountPerTarget,2026-07-24T03:00:00Z,2026-07-24T04:00:00Z,92184.5
app/bodegaai-production-alb/31b69d3d76ab5ed1,targetgroup/bodegaai-production-store-servic/736691f5beac1ff1,RequestCountPerTarget,2026-07-24T04:00:00Z,2026-07-24T05:00:00Z,89897
app/bodegaai-production-alb/31b69d3d76ab5ed1,targetgroup/bodegaai-production-store-servic/736691f5beac1ff1,RequestCountPerTarget,2026-07-24T05:00:00Z,2026-07-24T06:00:00Z,88903.5
app/bodegaai-production-alb/31b69d3d76ab5ed1,targetgroup/bodegaai-production-store-servic/736691f5beac1ff1,RequestCountPerTarget,2026-07-24T06:00:00Z,2026-07-24T07:00:00Z,87610
app/bodegaai-production-alb/31b69d3d76ab5ed1,targetgroup/bodegaai-production-store-servic/736691f5beac1ff1,RequestCountPerTarget,2026-07-24T07:00:00Z,2026-07-24T08:00:00Z,86938.5
app/bodegaai-production-alb/31b69d3d76ab5ed1,targetgroup/bodegaai-production-store-servic/736691f5beac1ff1,RequestCountPerTarget,2026-07-24T08:00:00Z,2026-07-24T09:00:00Z,87465.5
app/bodegaai-production-alb/31b69d3d76ab5ed1,targetgroup/bodegaai-production-store-servic/736691f5beac1ff1,RequestCountPerTarget,2026-07-24T09:00:00Z,2026-07-24T10:00:00Z,87931.5
app/bodegaai-production-alb/31b69d3d76ab5ed1,targetgroup/bodegaai-production-store-servic/736691f5beac1ff1,RequestCountPerTarget,2026-07-24T10:00:00Z,2026-07-24T11:00:00Z,89599
app/bodegaai-production-alb/31b69d3d76ab5ed1,targetgroup/bodegaai-production-store-servic/736691f5beac1ff1,RequestCountPerTarget,2026-07-24T11:00:00Z,2026-07-24T12:00:00Z,93541
app/bodegaai-production-alb/31b69d3d76ab5ed1,targetgroup/bodegaai-production-store-servic/736691f5beac1ff1,RequestCountPerTarget,2026-07-24T12:00:00Z,2026-07-24T13:00:00Z,95672.5
app/bodegaai-production-alb/31b69d3d76ab5ed1,targetgroup/bodegaai-production-store-servic/736691f5beac1ff1,RequestCountPerTarget,2026-07-24T13:00:00Z,2026-07-24T14:00:00Z,96212.5
app/bodegaai-production-alb/31b69d3d76ab5ed1,targetgroup/bodegaai-production-store-servic/736691f5beac1ff1,RequestCountPerTarget,2026-07-24T14:00:00Z,2026-07-24T15:00:00Z,98626
app/bodegaai-production-alb/31b69d3d76ab5ed1,targetgroup/bodegaai-production-store-servic/736691f5beac1ff1,RequestCountPerTarget,2026-07-24T15:00:00Z,2026-07-24T16:00:00Z,100131
app/bodegaai-production-alb/31b69d3d76ab5ed1,targetgroup/bodegaai-production-store-servic/736691f5beac1ff1,RequestCountPerTarget,2026-07-24T16:00:00Z,2026-07-24T17:00:00Z,101082.000005
app/bodegaai-production-alb/31b69d3d76ab5ed1,targetgroup/bodegaai-production-store-servic/736691f5beac1ff1,RequestCountPerTarget,2026-07-24T17:00:00Z,2026-07-24T18:00:00Z,104907
app/bodegaai-production-alb/31b69d3d76ab5ed1,targetgroup/bodegaai-production-store-servic/736691f5beac1ff1,RequestCountPerTarget,2026-07-24T18:00:00Z,2026-07-24T19:00:00Z,104576.333333
app/bodegaai-production-alb/31b69d3d76ab5ed1,targetgroup/bodegaai-production-store-servic/736691f5beac1ff1,RequestCountPerTarget,2026-07-24T19:00:00Z,2026-07-24T20:00:00Z,105383.5
app/bodegaai-production-alb/31b69d3d76ab5ed1,targetgroup/bodegaai-production-store-servic/736691f5beac1ff1,RequestCountPerTarget,2026-07-24T20:00:00Z,2026-07-24T21:00:00Z,108314.5
app/bodegaai-production-alb/31b69d3d76ab5ed1,targetgroup/bodegaai-production-store-servic/736691f5beac1ff1,RequestCountPerTarget,2026-07-24T21:00:00Z,2026-07-24T22:00:00Z,110684
app/bodegaai-production-alb/31b69d3d76ab5ed1,targetgroup/bodegaai-production-store-servic/736691f5beac1ff1,RequestCountPerTarget,2026-07-24T22:00:00Z,2026-07-24T23:00:00Z,110278.5
app/bodegaai-production-alb/31b69d3d76ab5ed1,targetgroup/bodegaai-production-store-servic/736691f5beac1ff1,RequestCountPerTarget,2026-07-24T23:00:00Z,2026-07-25T00:00:00Z,109311.5
app/bodegaai-production-alb/31b69d3d76ab5ed1,targetgroup/bodegaai-production-store-servic/736691f5beac1ff1,RequestCountPerTarget,2026-07-25T00:00:00Z,2026-07-25T01:00:00Z,108722
app/bodegaai-production-alb/31b69d3d76ab5ed1,targetgroup/bodegaai-production-store-servic/736691f5beac1ff1,RequestCountPerTarget,2026-07-25T01:00:00Z,2026-07-25T02:00:00Z,108596.5
app/bodegaai-production-alb/31b69d3d76ab5ed1,targetgroup/bodegaai-production-store-servic/736691f5beac1ff1,RequestCountPerTarget,2026-07-25T02:00:00Z,2026-07-25T03:00:00Z,103740
app/bodegaai-production-alb/31b69d3d76ab5ed1,targetgroup/bodegaai-production-store-servic/736691f5beac1ff1,RequestCountPerTarget,2026-07-25T03:00:00Z,2026-07-25T04:00:00Z,99658.5
app/bodegaai-production-alb/31b69d3d76ab5ed1,targetgroup/bodegaai-production-store-servic/736691f5beac1ff1,RequestCountPerTarget,2026-07-25T04:00:00Z,2026-07-25T05:00:00Z,97178
app/bodegaai-production-alb/31b69d3d76ab5ed1,targetgroup/bodegaai-production-store-servic/736691f5beac1ff1,RequestCountPerTarget,2026-07-25T05:00:00Z,2026-07-25T06:00:00Z,95309.5
app/bodegaai-production-alb/31b69d3d76ab5ed1,targetgroup/bodegaai-production-store-servic/736691f5beac1ff1,RequestCountPerTarget,2026-07-25T06:00:00Z,2026-07-25T07:00:00Z,94467.5
app/bodegaai-production-alb/31b69d3d76ab5ed1,targetgroup/bodegaai-production-store-servic/736691f5beac1ff1,RequestCountPerTarget,2026-07-25T07:00:00Z,2026-07-25T08:00:00Z,93646.5
app/bodegaai-production-alb/31b69d3d76ab5ed1,targetgroup/bodegaai-production-store-servic/736691f5beac1ff1,RequestCountPerTarget,2026-07-25T08:00:00Z,2026-07-25T09:00:00Z,93560.5
app/bodegaai-production-alb/31b69d3d76ab5ed1,targetgroup/bodegaai-production-store-servic/736691f5beac1ff1,RequestCountPerTarget,2026-07-25T09:00:00Z,2026-07-25T10:00:00Z,93449.5
app/bodegaai-production-alb/31b69d3d76ab5ed1,targetgroup/bodegaai-production-store-servic/736691f5beac1ff1,RequestCountPerTarget,2026-07-25T10:00:00Z,2026-07-25T11:00:00Z,93585
app/bodegaai-production-alb/31b69d3d76ab5ed1,targetgroup/bodegaai-production-store-servic/736691f5beac1ff1,RequestCountPerTarget,2026-07-25T11:00:00Z,2026-07-25T12:00:00Z,96456
app/bodegaai-production-alb/31b69d3d76ab5ed1,targetgroup/bodegaai-production-store-servic/736691f5beac1ff1,RequestCountPerTarget,2026-07-25T12:00:00Z,2026-07-25T13:00:00Z,99076.5
app/bodegaai-production-alb/31b69d3d76ab5ed1,targetgroup/bodegaai-production-store-servic/736691f5beac1ff1,RequestCountPerTarget,2026-07-25T13:00:00Z,2026-07-25T14:00:00Z,103039.5
app/bodegaai-production-alb/31b69d3d76ab5ed1,targetgroup/bodegaai-production-store-servic/736691f5beac1ff1,RequestCountPerTarget,2026-07-25T14:00:00Z,2026-07-25T15:00:00Z,105276.5
app/bodegaai-production-alb/31b69d3d76ab5ed1,targetgroup/bodegaai-production-store-servic/736691f5beac1ff1,RequestCountPerTarget,2026-07-25T15:00:00Z,2026-07-25T16:00:00Z,106850.5
app/bodegaai-production-alb/31b69d3d76ab5ed1,targetgroup/bodegaai-production-store-servic/736691f5beac1ff1,RequestCountPerTarget,2026-07-25T16:00:00Z,2026-07-25T17:00:00Z,108877.5
app/bodegaai-production-alb/31b69d3d76ab5ed1,targetgroup/bodegaai-production-store-servic/736691f5beac1ff1,RequestCountPerTarget,2026-07-25T17:00:00Z,2026-07-25T18:00:00Z,109762.5
app/bodegaai-production-alb/31b69d3d76ab5ed1,targetgroup/bodegaai-production-store-servic/736691f5beac1ff1,RequestCountPerTarget,2026-07-25T18:00:00Z,2026-07-25T19:00:00Z,109387.5
app/bodegaai-production-alb/31b69d3d76ab5ed1,targetgroup/bodegaai-production-store-servic/736691f5beac1ff1,RequestCountPerTarget,2026-07-25T19:00:00Z,2026-07-25T20:00:00Z,108850.5
app/bodegaai-production-alb/31b69d3d76ab5ed1,targetgroup/bodegaai-production-store-servic/736691f5beac1ff1,RequestCountPerTarget,2026-07-25T20:00:00Z,2026-07-25T21:00:00Z,109116
app/bodegaai-production-alb/31b69d3d76ab5ed1,targetgroup/bodegaai-production-store-servic/736691f5beac1ff1,RequestCountPerTarget,2026-07-25T21:00:00Z,2026-07-25T22:00:00Z,109262
app/bodegaai-production-alb/31b69d3d76ab5ed1,targetgroup/bodegaai-production-store-servic/736691f5beac1ff1,RequestCountPerTarget,2026-07-25T22:00:00Z,2026-07-25T23:00:00Z,109056.5
app/bodegaai-production-alb/31b69d3d76ab5ed1,targetgroup/bodegaai-production-store-servic/736691f5beac1ff1,RequestCountPerTarget,2026-07-25T23:00:00Z,2026-07-26T00:00:00Z,108861.5
app/bodegaai-production-alb/31b69d3d76ab5ed1,targetgroup/bodegaai-production-store-servic/736691f5beac1ff1,RequestCountPerTarget,2026-07-26T00:00:00Z,2026-07-26T01:00:00Z,109255
app/bodegaai-production-alb/31b69d3d76ab5ed1,targetgroup/bodegaai-production-store-servic/736691f5beac1ff1,RequestCountPerTarget,2026-07-26T01:00:00Z,2026-07-26T02:00:00Z,97465.5
app/bodegaai-production-alb/31b69d3d76ab5ed1,targetgroup/bodegaai-production-store-servic/736691f5beac1ff1,RequestCountPerTarget,2026-07-26T02:00:00Z,2026-07-26T03:00:00Z,93384
app/bodegaai-production-alb/31b69d3d76ab5ed1,targetgroup/bodegaai-production-store-servic/736691f5beac1ff1,RequestCountPerTarget,2026-07-26T03:00:00Z,2026-07-26T04:00:00Z,88387.5
app/bodegaai-production-alb/31b69d3d76ab5ed1,targetgroup/bodegaai-production-store-servic/736691f5beac1ff1,RequestCountPerTarget,2026-07-26T04:00:00Z,2026-07-26T05:00:00Z,86415
app/bodegaai-production-alb/31b69d3d76ab5ed1,targetgroup/bodegaai-production-store-servic/736691f5beac1ff1,RequestCountPerTarget,2026-07-26T05:00:00Z,2026-07-26T06:00:00Z,85069.5
app/bodegaai-production-alb/31b69d3d76ab5ed1,targetgroup/bodegaai-production-store-servic/736691f5beac1ff1,RequestCountPerTarget,2026-07-26T06:00:00Z,2026-07-26T07:00:00Z,82162
app/bodegaai-production-alb/31b69d3d76ab5ed1,targetgroup/bodegaai-production-store-servic/736691f5beac1ff1,RequestCountPerTarget,2026-07-26T07:00:00Z,2026-07-26T08:00:00Z,83425
app/bodegaai-production-alb/31b69d3d76ab5ed1,targetgroup/bodegaai-production-store-servic/736691f5beac1ff1,RequestCountPerTarget,2026-07-26T08:00:00Z,2026-07-26T09:00:00Z,83491
app/bodegaai-production-alb/31b69d3d76ab5ed1,targetgroup/bodegaai-production-store-servic/736691f5beac1ff1,RequestCountPerTarget,2026-07-26T09:00:00Z,2026-07-26T10:00:00Z,83592.5
app/bodegaai-production-alb/31b69d3d76ab5ed1,targetgroup/bodegaai-production-store-servic/736691f5beac1ff1,RequestCountPerTarget,2026-07-26T10:00:00Z,2026-07-26T11:00:00Z,83617.5
app/bodegaai-production-alb/31b69d3d76ab5ed1,targetgroup/bodegaai-production-store-servic/736691f5beac1ff1,RequestCountPerTarget,2026-07-26T11:00:00Z,2026-07-26T12:00:00Z,87543
app/bodegaai-production-alb/31b69d3d76ab5ed1,targetgroup/bodegaai-production-store-servic/736691f5beac1ff1,RequestCountPerTarget,2026-07-26T12:00:00Z,2026-07-26T13:00:00Z,93677
app/bodegaai-production-alb/31b69d3d76ab5ed1,targetgroup/bodegaai-production-store-servic/736691f5beac1ff1,RequestCountPerTarget,2026-07-26T13:00:00Z,2026-07-26T14:00:00Z,96282.5
app/bodegaai-production-alb/31b69d3d76ab5ed1,targetgroup/bodegaai-production-store-servic/736691f5beac1ff1,RequestCountPerTarget,2026-07-26T14:00:00Z,2026-07-26T15:00:00Z,99531.5
app/bodegaai-production-alb/31b69d3d76ab5ed1,targetgroup/bodegaai-production-store-servic/736691f5beac1ff1,RequestCountPerTarget,2026-07-26T15:00:00Z,2026-07-26T16:00:00Z,102108.5
app/bodegaai-production-alb/31b69d3d76ab5ed1,targetgroup/bodegaai-production-store-servic/736691f5beac1ff1,RequestCountPerTarget,2026-07-26T16:00:00Z,2026-07-26T17:00:00Z,105128
app/bodegaai-production-alb/31b69d3d76ab5ed1,targetgroup/bodegaai-production-store-servic/736691f5beac1ff1,RequestCountPerTarget,2026-07-26T17:00:00Z,2026-07-26T18:00:00Z,106972
app/bodegaai-production-alb/31b69d3d76ab5ed1,targetgroup/bodegaai-production-store-servic/736691f5beac1ff1,RequestCountPerTarget,2026-07-26T18:00:00Z,2026-07-26T19:00:00Z,107844
app/bodegaai-production-alb/31b69d3d76ab5ed1,targetgroup/bodegaai-production-store-servic/736691f5beac1ff1,RequestCountPerTarget,2026-07-26T19:00:00Z,2026-07-26T20:00:00Z,110437
app/bodegaai-production-alb/31b69d3d76ab5ed1,targetgroup/bodegaai-production-store-servic/736691f5beac1ff1,RequestCountPerTarget,2026-07-26T20:00:00Z,2026-07-26T21:00:00Z,109769.5
app/bodegaai-production-alb/31b69d3d76ab5ed1,targetgroup/bodegaai-production-store-servic/736691f5beac1ff1,RequestCountPerTarget,2026-07-26T21:00:00Z,2026-07-26T22:00:00Z,110038.5
app/bodegaai-production-alb/31b69d3d76ab5ed1,targetgroup/bodegaai-production-store-servic/736691f5beac1ff1,RequestCountPerTarget,2026-07-26T22:00:00Z,2026-07-26T23:00:00Z,110239.5
app/bodegaai-production-alb/31b69d3d76ab5ed1,targetgroup/bodegaai-production-store-servic/736691f5beac1ff1,RequestCountPerTarget,2026-07-26T23:00:00Z,2026-07-27T00:00:00Z,109546.5
app/bodegaai-production-alb/31b69d3d76ab5ed1,targetgroup/bodegaai-production-store-servic/736691f5beac1ff1,RequestCountPerTarget,2026-07-27T00:00:00Z,2026-07-27T01:00:00Z,109490
app/bodegaai-production-alb/31b69d3d76ab5ed1,targetgroup/bodegaai-production-store-servic/736691f5beac1ff1,RequestCountPerTarget,2026-07-27T01:00:00Z,2026-07-27T02:00:00Z,106243.5
app/bodegaai-production-alb/31b69d3d76ab5ed1,targetgroup/bodegaai-production-store-servic/736691f5beac1ff1,RequestCountPerTarget,2026-07-27T02:00:00Z,2026-07-27T03:00:00Z,101262
app/bodegaai-production-alb/31b69d3d76ab5ed1,targetgroup/bodegaai-production-store-servic/736691f5beac1ff1,RequestCountPerTarget,2026-07-27T03:00:00Z,2026-07-27T04:00:00Z,96715.5
app/bodegaai-production-alb/31b69d3d76ab5ed1,targetgroup/bodegaai-production-store-servic/736691f5beac1ff1,RequestCountPerTarget,2026-07-27T04:00:00Z,2026-07-27T05:00:00Z,94210
app/bodegaai-production-alb/31b69d3d76ab5ed1,targetgroup/bodegaai-production-store-servic/736691f5beac1ff1,RequestCountPerTarget,2026-07-27T05:00:00Z,2026-07-27T06:00:00Z,93600
app/bodegaai-production-alb/31b69d3d76ab5ed1,targetgroup/bodegaai-production-store-servic/736691f5beac1ff1,RequestCountPerTarget,2026-07-27T06:00:00Z,2026-07-27T07:00:00Z,91358.5
app/bodegaai-production-alb/31b69d3d76ab5ed1,targetgroup/bodegaai-production-store-servic/736691f5beac1ff1,RequestCountPerTarget,2026-07-27T07:00:00Z,2026-07-27T08:00:00Z,92220.5
app/bodegaai-production-alb/31b69d3d76ab5ed1,targetgroup/bodegaai-production-store-servic/736691f5beac1ff1,RequestCountPerTarget,2026-07-27T08:00:00Z,2026-07-27T09:00:00Z,92761.5
app/bodegaai-production-alb/31b69d3d76ab5ed1,targetgroup/bodegaai-production-store-servic/736691f5beac1ff1,RequestCountPerTarget,2026-07-27T09:00:00Z,2026-07-27T10:00:00Z,93116.5
app/bodegaai-production-alb/31b69d3d76ab5ed1,targetgroup/bodegaai-production-store-servic/736691f5beac1ff1,RequestCountPerTarget,2026-07-27T10:00:00Z,2026-07-27T11:00:00Z,95451.5
app/bodegaai-production-alb/31b69d3d76ab5ed1,targetgroup/bodegaai-production-store-servic/736691f5beac1ff1,RequestCountPerTarget,2026-07-27T11:00:00Z,2026-07-27T12:00:00Z,98759.5
app/bodegaai-production-alb/31b69d3d76ab5ed1,targetgroup/bodegaai-production-store-servic/736691f5beac1ff1,RequestCountPerTarget,2026-07-27T12:00:00Z,2026-07-27T13:00:00Z,100247.5
app/bodegaai-production-alb/31b69d3d76ab5ed1,targetgroup/bodegaai-production-store-servic/736691f5beac1ff1,RequestCountPerTarget,2026-07-27T13:00:00Z,2026-07-27T14:00:00Z,102103
app/bodegaai-production-alb/31b69d3d76ab5ed1,targetgroup/bodegaai-production-store-servic/736691f5beac1ff1,RequestCountPerTarget,2026-07-27T14:00:00Z,2026-07-27T15:00:00Z,102867.166663
app/bodegaai-production-alb/31b69d3d76ab5ed1,targetgroup/bodegaai-production-store-servic/736691f5beac1ff1,RequestCountPerTarget,2026-07-27T15:00:00Z,2026-07-27T16:00:00Z,102621.5
app/bodegaai-production-alb/31b69d3d76ab5ed1,targetgroup/bodegaai-production-store-servic/736691f5beac1ff1,RequestCountPerTarget,2026-07-27T16:00:00Z,2026-07-27T17:00:00Z,101365
app/bodegaai-production-alb/31b69d3d76ab5ed1,targetgroup/bodegaai-production-store-servic/736691f5beac1ff1,RequestCountPerTarget,2026-07-27T17:00:00Z,2026-07-27T18:00:00Z,97619.5
app/bodegaai-production-alb/31b69d3d76ab5ed1,targetgroup/bodegaai-production-store-servic/736691f5beac1ff1,RequestCountPerTarget,2026-07-27T18:00:00Z,2026-07-27T19:00:00Z,97733.749998
app/bodegaai-production-alb/31b69d3d76ab5ed1,targetgroup/bodegaai-production-store-servic/736691f5beac1ff1,RequestCountPerTarget,2026-07-27T19:00:00Z,2026-07-27T20:00:00Z,100885.166667
app/bodegaai-production-alb/31b69d3d76ab5ed1,targetgroup/bodegaai-production-store-servic/736691f5beac1ff1,RequestCountPerTarget,2026-07-27T20:00:00Z,2026-07-27T21:00:00Z,96590.333336
app/bodegaai-production-alb/31b69d3d76ab5ed1,targetgroup/bodegaai-production-store-servic/736691f5beac1ff1,RequestCountPerTarget,2026-07-27T21:00:00Z,2026-07-27T22:00:00Z,97124
app/bodegaai-production-alb/31b69d3d76ab5ed1,targetgroup/bodegaai-production-store-servic/736691f5beac1ff1,RequestCountPerTarget,2026-07-27T22:00:00Z,2026-07-27T23:00:00Z,97546.5
app/bodegaai-production-alb/31b69d3d76ab5ed1,targetgroup/bodegaai-production-store-servic/736691f5beac1ff1,RequestCountPerTarget,2026-07-27T23:00:00Z,2026-07-28T00:00:00Z,97558.5
app/bodegaai-production-alb/31b69d3d76ab5ed1,targetgroup/bodegaai-production-store-servic/736691f5beac1ff1,RequestCountPerTarget,2026-07-28T00:00:00Z,2026-07-28T01:00:00Z,95512.5
app/bodegaai-production-alb/31b69d3d76ab5ed1,targetgroup/bodegaai-production-store-servic/736691f5beac1ff1,RequestCountPerTarget,2026-07-28T01:00:00Z,2026-07-28T02:00:00Z,90198.5
app/bodegaai-production-alb/31b69d3d76ab5ed1,targetgroup/bodegaai-production-store-servic/736691f5beac1ff1,RequestCountPerTarget,2026-07-28T02:00:00Z,2026-07-28T03:00:00Z,90359
app/bodegaai-production-alb/31b69d3d76ab5ed1,targetgroup/bodegaai-production-store-servic/736691f5beac1ff1,RequestCountPerTarget,2026-07-28T03:00:00Z,2026-07-28T04:00:00Z,84374
app/bodegaai-production-alb/31b69d3d76ab5ed1,targetgroup/bodegaai-production-store-servic/736691f5beac1ff1,RequestCountPerTarget,2026-07-28T04:00:00Z,2026-07-28T05:00:00Z,83371.5
app/bodegaai-production-alb/31b69d3d76ab5ed1,targetgroup/bodegaai-production-store-servic/736691f5beac1ff1,RequestCountPerTarget,2026-07-28T05:00:00Z,2026-07-28T06:00:00Z,82458.5
app/bodegaai-production-alb/31b69d3d76ab5ed1,targetgroup/bodegaai-production-store-servic/736691f5beac1ff1,RequestCountPerTarget,2026-07-28T06:00:00Z,2026-07-28T07:00:00Z,81972
app/bodegaai-production-alb/31b69d3d76ab5ed1,targetgroup/bodegaai-production-store-servic/736691f5beac1ff1,RequestCountPerTarget,2026-07-28T07:00:00Z,2026-07-28T08:00:00Z,81821
app/bodegaai-production-alb/31b69d3d76ab5ed1,targetgroup/bodegaai-production-store-servic/736691f5beac1ff1,RequestCountPerTarget,2026-07-28T08:00:00Z,2026-07-28T09:00:00Z,81260.5
app/bodegaai-production-alb/31b69d3d76ab5ed1,targetgroup/bodegaai-production-store-servic/736691f5beac1ff1,RequestCountPerTarget,2026-07-28T09:00:00Z,2026-07-28T10:00:00Z,80678
app/bodegaai-production-alb/31b69d3d76ab5ed1,targetgroup/bodegaai-production-store-servic/736691f5beac1ff1,RequestCountPerTarget,2026-07-28T10:00:00Z,2026-07-28T11:00:00Z,83653.5
app/bodegaai-production-alb/31b69d3d76ab5ed1,targetgroup/bodegaai-production-store-servic/736691f5beac1ff1,RequestCountPerTarget,2026-07-28T11:00:00Z,2026-07-28T12:00:00Z,88989.5
app/bodegaai-production-alb/31b69d3d76ab5ed1,targetgroup/bodegaai-production-store-servic/736691f5beac1ff1,RequestCountPerTarget,2026-07-28T12:00:00Z,2026-07-28T13:00:00Z,93666
app/bodegaai-production-alb/31b69d3d76ab5ed1,targetgroup/bodegaai-production-store-servic/736691f5beac1ff1,RequestCountPerTarget,2026-07-28T13:00:00Z,2026-07-28T14:00:00Z,94358
app/bodegaai-production-alb/31b69d3d76ab5ed1,targetgroup/bodegaai-production-store-servic/736691f5beac1ff1,RequestCountPerTarget,2026-07-28T14:00:00Z,2026-07-28T15:00:00Z,98668
app/bodegaai-production-alb/31b69d3d76ab5ed1,targetgroup/bodegaai-production-store-servic/736691f5beac1ff1,RequestCountPerTarget,2026-07-28T15:00:00Z,2026-07-28T16:00:00Z,100544.5
app/bodegaai-production-alb/31b69d3d76ab5ed1,targetgroup/bodegaai-production-store-servic/736691f5beac1ff1,RequestCountPerTarget,2026-07-28T16:00:00Z,2026-07-28T17:00:00Z,104490
app/bodegaai-production-alb/31b69d3d76ab5ed1,targetgroup/bodegaai-production-store-servic/736691f5beac1ff1,RequestCountPerTarget,2026-07-28T17:00:00Z,2026-07-28T18:00:00Z,105496
app/bodegaai-production-alb/31b69d3d76ab5ed1,targetgroup/bodegaai-production-store-servic/736691f5beac1ff1,RequestCountPerTarget,2026-07-28T18:00:00Z,2026-07-28T19:00:00Z,104227.5
app/bodegaai-production-alb/31b69d3d76ab5ed1,targetgroup/bodegaai-production-store-servic/736691f5beac1ff1,RequestCountPerTarget,2026-07-28T19:00:00Z,2026-07-28T20:00:00Z,105344.5
app/bodegaai-production-alb/31b69d3d76ab5ed1,targetgroup/bodegaai-production-store-servic/736691f5beac1ff1,RequestCountPerTarget,2026-07-28T20:00:00Z,2026-07-28T21:00:00Z,104736
app/bodegaai-production-alb/31b69d3d76ab5ed1,targetgroup/bodegaai-production-store-servic/736691f5beac1ff1,RequestCountPerTarget,2026-07-28T21:00:00Z,2026-07-28T22:00:00Z,106125
app/bodegaai-production-alb/31b69d3d76ab5ed1,targetgroup/bodegaai-production-store-servic/736691f5beac1ff1,RequestCountPerTarget,2026-07-28T22:00:00Z,2026-07-28T23:00:00Z,106669
app/bodegaai-production-alb/31b69d3d76ab5ed1,targetgroup/bodegaai-production-store-servic/736691f5beac1ff1,RequestCountPerTarget,2026-07-28T23:00:00Z,2026-07-29T00:00:00Z,105228
app/bodegaai-production-alb/31b69d3d76ab5ed1,targetgroup/bodegaai-production-store-servic/736691f5beac1ff1,RequestCountPerTarget,2026-07-29T00:00:00Z,2026-07-29T01:00:00Z,103191
app/bodegaai-production-alb/31b69d3d76ab5ed1,targetgroup/bodegaai-production-store-servic/736691f5beac1ff1,RequestCountPerTarget,2026-07-29T01:00:00Z,2026-07-29T02:00:00Z,101205.5
app/bodegaai-production-alb/31b69d3d76ab5ed1,targetgroup/bodegaai-production-store-servic/736691f5beac1ff1,RequestCountPerTarget,2026-07-29T02:00:00Z,2026-07-29T03:00:00Z,96923.5
app/bodegaai-production-alb/31b69d3d76ab5ed1,targetgroup/bodegaai-production-store-servic/736691f5beac1ff1,RequestCountPerTarget,2026-07-29T03:00:00Z,2026-07-29T04:00:00Z,91984.5
app/bodegaai-production-alb/31b69d3d76ab5ed1,targetgroup/bodegaai-production-store-servic/736691f5beac1ff1,RequestCountPerTarget,2026-07-29T04:00:00Z,2026-07-29T05:00:00Z,89843.5
app/bodegaai-production-alb/31b69d3d76ab5ed1,targetgroup/bodegaai-production-store-servic/736691f5beac1ff1,RequestCountPerTarget,2026-07-29T05:00:00Z,2026-07-29T06:00:00Z,88973
app/bodegaai-production-alb/31b69d3d76ab5ed1,targetgroup/bodegaai-production-store-servic/736691f5beac1ff1,RequestCountPerTarget,2026-07-29T06:00:00Z,2026-07-29T07:00:00Z,87837.5
app/bodegaai-production-alb/31b69d3d76ab5ed1,targetgroup/bodegaai-production-store-servic/736691f5beac1ff1,RequestCountPerTarget,2026-07-29T07:00:00Z,2026-07-29T08:00:00Z,87576
app/bodegaai-production-alb/31b69d3d76ab5ed1,targetgroup/bodegaai-production-store-servic/736691f5beac1ff1,RequestCountPerTarget,2026-07-29T08:00:00Z,2026-07-29T09:00:00Z,88063.5
app/bodegaai-production-alb/31b69d3d76ab5ed1,targetgroup/bodegaai-production-store-servic/736691f5beac1ff1,RequestCountPerTarget,2026-07-29T09:00:00Z,2026-07-29T10:00:00Z,88531
app/bodegaai-production-alb/31b69d3d76ab5ed1,targetgroup/bodegaai-production-store-servic/736691f5beac1ff1,RequestCountPerTarget,2026-07-29T10:00:00Z,2026-07-29T11:00:00Z,90203.5
app/bodegaai-production-alb/31b69d3d76ab5ed1,targetgroup/bodegaai-production-store-servic/736691f5beac1ff1,RequestCountPerTarget,2026-07-29T11:00:00Z,2026-07-29T12:00:00Z,95444
app/bodegaai-production-alb/31b69d3d76ab5ed1,targetgroup/bodegaai-production-store-servic/736691f5beac1ff1,RequestCountPerTarget,2026-07-29T12:00:00Z,2026-07-29T13:00:00Z,97212.5
app/bodegaai-production-alb/31b69d3d76ab5ed1,targetgroup/bodegaai-production-store-servic/736691f5beac1ff1,RequestCountPerTarget,2026-07-29T13:00:00Z,2026-07-29T14:00:00Z,98574.5
app/bodegaai-production-alb/31b69d3d76ab5ed1,targetgroup/bodegaai-production-store-servic/736691f5beac1ff1,RequestCountPerTarget,2026-07-29T14:00:00Z,2026-07-29T15:00:00Z,101023.5
app/bodegaai-production-alb/31b69d3d76ab5ed1,targetgroup/bodegaai-production-store-servic/736691f5beac1ff1,RequestCountPerTarget,2026-07-29T15:00:00Z,2026-07-29T16:00:00Z,103236
app/bodegaai-production-alb/31b69d3d76ab5ed1,targetgroup/bodegaai-production-store-servic/736691f5beac1ff1,RequestCountPerTarget,2026-07-29T16:00:00Z,2026-07-29T17:00:00Z,103511.5
app/bodegaai-production-alb/31b69d3d76ab5ed1,targetgroup/bodegaai-production-store-servic/736691f5beac1ff1,RequestCountPerTarget,2026-07-29T17:00:00Z,2026-07-29T18:00:00Z,103030
app/bodegaai-production-alb/31b69d3d76ab5ed1,targetgroup/bodegaai-production-store-servic/736691f5beac1ff1,RequestCountPerTarget,2026-07-29T18:00:00Z,2026-07-29T19:00:00Z,95988.5
app/bodegaai-production-alb/31b69d3d76ab5ed1,targetgroup/bodegaai-production-store-servic/736691f5beac1ff1,RequestCountPerTarget,2026-07-29T19:00:00Z,2026-07-29T20:00:00Z,102923
app/bodegaai-production-alb/31b69d3d76ab5ed1,targetgroup/bodegaai-production-store-servic/736691f5beac1ff1,RequestCountPerTarget,2026-07-29T20:00:00Z,2026-07-29T21:00:00Z,107121
app/bodegaai-production-alb/31b69d3d76ab5ed1,targetgroup/bodegaai-production-store-servic/736691f5beac1ff1,RequestCountPerTarget,2026-07-29T21:00:00Z,2026-07-29T22:00:00Z,108310
app/bodegaai-production-alb/31b69d3d76ab5ed1,targetgroup/bodegaai-production-store-servic/736691f5beac1ff1,RequestCountPerTarget,2026-07-29T22:00:00Z,2026-07-29T23:00:00Z,108365.5
app/bodegaai-production-alb/31b69d3d76ab5ed1,targetgroup/bodegaai-production-store-servic/736691f5beac1ff1,RequestCountPerTarget,2026-07-29T23:00:00Z,2026-07-30T00:00:00Z,107493.5
app/bodegaai-production-alb/31b69d3d76ab5ed1,targetgroup/bodegaai-production-store-servic/736691f5beac1ff1,RequestCountPerTarget,2026-07-30T00:00:00Z,2026-07-30T01:00:00Z,104802.5
app/bodegaai-production-alb/31b69d3d76ab5ed1,targetgroup/bodegaai-production-store-servic/736691f5beac1ff1,RequestCountPerTarget,2026-07-30T01:00:00Z,2026-07-30T02:00:00Z,100628
app/bodegaai-production-alb/31b69d3d76ab5ed1,targetgroup/bodegaai-production-store-servic/736691f5beac1ff1,RequestCountPerTarget,2026-07-30T02:00:00Z,2026-07-30T03:00:00Z,96964
app/bodegaai-production-alb/31b69d3d76ab5ed1,targetgroup/bodegaai-production-store-servic/736691f5beac1ff1,RequestCountPerTarget,2026-07-30T03:00:00Z,2026-07-30T04:00:00Z,92284
app/bodegaai-production-alb/31b69d3d76ab5ed1,targetgroup/bodegaai-production-store-servic/736691f5beac1ff1,RequestCountPerTarget,2026-07-30T04:00:00Z,2026-07-30T05:00:00Z,90387
app/bodegaai-production-alb/31b69d3d76ab5ed1,targetgroup/bodegaai-production-store-servic/736691f5beac1ff1,RequestCountPerTarget,2026-07-30T05:00:00Z,2026-07-30T06:00:00Z,88921
app/bodegaai-production-alb/31b69d3d76ab5ed1,targetgroup/bodegaai-production-store-servic/736691f5beac1ff1,RequestCountPerTarget,2026-07-30T06:00:00Z,2026-07-30T07:00:00Z,88117.5
app/bodegaai-production-alb/31b69d3d76ab5ed1,targetgroup/bodegaai-production-store-servic/736691f5beac1ff1,RequestCountPerTarget,2026-07-30T07:00:00Z,2026-07-30T08:00:00Z,87872.5
app/bodegaai-production-alb/31b69d3d76ab5ed1,targetgroup/bodegaai-production-store-servic/736691f5beac1ff1,RequestCountPerTarget,2026-07-30T08:00:00Z,2026-07-30T09:00:00Z,86272
app/bodegaai-production-alb/31b69d3d76ab5ed1,targetgroup/bodegaai-production-store-servic/736691f5beac1ff1,RequestCountPerTarget,2026-07-30T09:00:00Z,2026-07-30T10:00:00Z,86902.5
app/bodegaai-production-alb/31b69d3d76ab5ed1,targetgroup/bodegaai-production-store-servic/736691f5beac1ff1,RequestCountPerTarget,2026-07-30T10:00:00Z,2026-07-30T11:00:00Z,90259.5
app/bodegaai-production-alb/31b69d3d76ab5ed1,targetgroup/bodegaai-production-store-servic/736691f5beac1ff1,RequestCountPerTarget,2026-07-30T11:00:00Z,2026-07-30T12:00:00Z,94012.5
app/bodegaai-production-alb/31b69d3d76ab5ed1,targetgroup/bodegaai-production-store-servic/736691f5beac1ff1,RequestCountPerTarget,2026-07-30T12:00:00Z,2026-07-30T13:00:00Z,96594.5
app/bodegaai-production-alb/31b69d3d76ab5ed1,targetgroup/bodegaai-production-store-servic/736691f5beac1ff1,RequestCountPerTarget,2026-07-30T13:00:00Z,2026-07-30T14:00:00Z,98377
app/bodegaai-production-alb/31b69d3d76ab5ed1,targetgroup/bodegaai-production-store-servic/736691f5beac1ff1,RequestCountPerTarget,2026-07-30T14:00:00Z,2026-07-30T15:00:00Z,101703.5
app/bodegaai-production-alb/31b69d3d76ab5ed1,targetgroup/bodegaai-production-store-servic/736691f5beac1ff1,RequestCountPerTarget,2026-07-30T15:00:00Z,2026-07-30T16:00:00Z,102111
app/bodegaai-production-alb/31b69d3d76ab5ed1,targetgroup/bodegaai-production-store-servic/736691f5beac1ff1,RequestCountPerTarget,2026-07-30T16:00:00Z,2026-07-30T17:00:00Z,102248
app/bodegaai-production-alb/31b69d3d76ab5ed1,targetgroup/bodegaai-production-store-servic/736691f5beac1ff1,RequestCountPerTarget,2026-07-30T17:00:00Z,2026-07-30T18:00:00Z,103394.5
app/bodegaai-production-alb/31b69d3d76ab5ed1,targetgroup/bodegaai-production-store-servic/736691f5beac1ff1,RequestCountPerTarget,2026-07-30T18:00:00Z,2026-07-30T19:00:00Z,101447
app/bodegaai-production-alb/31b69d3d76ab5ed1,targetgroup/bodegaai-production-store-servic/736691f5beac1ff1,RequestCountPerTarget,2026-07-30T19:00:00Z,2026-07-30T20:00:00Z,100497.5
app/bodegaai-production-alb/31b69d3d76ab5ed1,targetgroup/bodegaai-production-store-servic/736691f5beac1ff1,RequestCountPerTarget,2026-07-30T20:00:00Z,2026-07-30T21:00:00Z,103245
app/bodegaai-production-alb/31b69d3d76ab5ed1,targetgroup/bodegaai-production-store-servic/736691f5beac1ff1,RequestCountPerTarget,2026-07-30T21:00:00Z,2026-07-30T22:00:00Z,106680.5
app/bodegaai-production-alb/31b69d3d76ab5ed1,targetgroup/bodegaai-production-store-servic/736691f5beac1ff1,RequestCountPerTarget,2026-07-30T22:00:00Z,2026-07-30T23:00:00Z,106106.5
app/bodegaai-production-alb/31b69d3d76ab5ed1,targetgroup/bodegaai-production-store-servic/736691f5beac1ff1,RequestCountPerTarget,2026-07-30T23:00:00Z,2026-07-31T00:00:00Z,104665
app/bodegaai-production-alb/31b69d3d76ab5ed1,targetgroup/bodegaai-production-store-servic/736691f5beac1ff1,RequestCountPerTarget,2026-07-31T00:00:00Z,2026-07-31T01:00:00Z,103123.5
app/bodegaai-production-alb/31b69d3d76ab5ed1,targetgroup/bodegaai-production-store-servic/736691f5beac1ff1,RequestCountPerTarget,2026-07-31T01:00:00Z,2026-07-31T02:00:00Z,98856.5
app/bodegaai-production-alb/31b69d3d76ab5ed1,targetgroup/bodegaai-production-store-servic/736691f5beac1ff1,RequestCountPerTarget,2026-07-31T02:00:00Z,2026-07-31T03:00:00Z,94088.5
app/bodegaai-production-alb/31b69d3d76ab5ed1,targetgroup/bodegaai-production-store-servic/736691f5beac1ff1,RequestCountPerTarget,2026-07-31T03:00:00Z,2026-07-31T04:00:00Z,90077.5
app/bodegaai-production-alb/31b69d3d76ab5ed1,targetgroup/bodegaai-production-store-servic/736691f5beac1ff1,RequestCountPerTarget,2026-07-31T04:00:00Z,2026-07-31T05:00:00Z,87747
app/bodegaai-production-alb/31b69d3d76ab5ed1,targetgroup/bodegaai-production-store-servic/736691f5beac1ff1,RequestCountPerTarget,2026-07-31T05:00:00Z,2026-07-31T06:00:00Z,88089.5
app/bodegaai-production-alb/31b69d3d76ab5ed1,targetgroup/bodegaai-production-store-servic/736691f5beac1ff1,RequestCountPerTarget,2026-07-31T06:00:00Z,2026-07-31T07:00:00Z,87996
app/bodegaai-production-alb/31b69d3d76ab5ed1,targetgroup/bodegaai-production-store-servic/736691f5beac1ff1,RequestCountPerTarget,2026-07-31T07:00:00Z,2026-07-31T08:00:00Z,88206
app/bodegaai-production-alb/31b69d3d76ab5ed1,targetgroup/bodegaai-production-store-servic/736691f5beac1ff1,RequestCountPerTarget,2026-07-31T08:00:00Z,2026-07-31T09:00:00Z,89007
app/bodegaai-production-alb/31b69d3d76ab5ed1,targetgroup/bodegaai-production-store-servic/736691f5beac1ff1,RequestCountPerTarget,2026-07-31T09:00:00Z,2026-07-31T10:00:00Z,89591
app/bodegaai-production-alb/31b69d3d76ab5ed1,targetgroup/bodegaai-production-store-servic/736691f5beac1ff1,RequestCountPerTarget,2026-07-31T10:00:00Z,2026-07-31T11:00:00Z,90588
app/bodegaai-production-alb/31b69d3d76ab5ed1,targetgroup/bodegaai-production-store-servic/736691f5beac1ff1,RequestCountPerTarget,2026-07-31T11:00:00Z,2026-07-31T12:00:00Z,95659
app/bodegaai-production-alb/31b69d3d76ab5ed1,targetgroup/bodegaai-production-store-servic/736691f5beac1ff1,RequestCountPerTarget,2026-07-31T12:00:00Z,2026-07-31T13:00:00Z,100559
app/bodegaai-production-alb/31b69d3d76ab5ed1,targetgroup/bodegaai-production-store-servic/736691f5beac1ff1,RequestCountPerTarget,2026-07-31T13:00:00Z,2026-07-31T14:00:00Z,103361.5
app/bodegaai-production-alb/31b69d3d76ab5ed1,targetgroup/bodegaai-production-store-servic/736691f5beac1ff1,RequestCountPerTarget,2026-07-31T14:00:00Z,2026-07-31T15:00:00Z,105436
app/bodegaai-production-alb/31b69d3d76ab5ed1,targetgroup/bodegaai-production-store-servic/736691f5beac1ff1,RequestCountPerTarget,2026-07-31T15:00:00Z,2026-07-31T16:00:00Z,106646.666661
app/bodegaai-production-alb/31b69d3d76ab5ed1,targetgroup/bodegaai-production-store-servic/736691f5beac1ff1,RequestCountPerTarget,2026-07-31T16:00:00Z,2026-07-31T17:00:00Z,97403.166674
app/bodegaai-production-alb/31b69d3d76ab5ed1,targetgroup/bodegaai-production-store-servic/736691f5beac1ff1,RequestCountPerTarget,2026-07-31T17:00:00Z,2026-07-31T18:00:00Z,107731
app/bodegaai-production-alb/31b69d3d76ab5ed1,targetgroup/bodegaai-production-store-servic/736691f5beac1ff1,RequestCountPerTarget,2026-07-31T18:00:00Z,2026-07-31T19:00:00Z,105634.5
app/bodegaai-production-alb/31b69d3d76ab5ed1,targetgroup/bodegaai-production-store-servic/736691f5beac1ff1,RequestCountPerTarget,2026-07-31T19:00:00Z,2026-07-31T20:00:00Z,106704.083336
app/bodegaai-production-alb/31b69d3d76ab5ed1,targetgroup/bodegaai-production-store-servic/736691f5beac1ff1,RequestCountPerTarget,2026-07-31T20:00:00Z,2026-07-31T21:00:00Z,110881
app/bodegaai-production-alb/31b69d3d76ab5ed1,targetgroup/bodegaai-production-store-servic/736691f5beac1ff1,RequestCountPerTarget,2026-07-31T21:00:00Z,2026-07-31T22:00:00Z,112973.5
app/bodegaai-production-alb/31b69d3d76ab5ed1,targetgroup/bodegaai-production-store-servic/736691f5beac1ff1,RequestCountPerTarget,2026-07-31T22:00:00Z,2026-07-31T23:00:00Z,113033
app/bodegaai-production-alb/31b69d3d76ab5ed1,targetgroup/bodegaai-production-store-servic/736691f5beac1ff1,RequestCountPerTarget,2026-07-31T23:00:00Z,2026-08-01T00:00:00Z,110707
app/bodegaai-production-alb/31b69d3d76ab5ed1,targetgroup/bodegaai-production-store-servic/736691f5beac1ff1,RequestCountPerTarget,2026-08-01T00:00:00Z,2026-08-01T01:00:00Z,109768.5
app/bodegaai-production-alb/31b69d3d76ab5ed1,targetgroup/bodegaai-production-store-servic/736691f5beac1ff1,RequestCountPerTarget,2026-08-01T01:00:00Z,2026-08-01T02:00:00Z,105513
app/bodegaai-production-alb/31b69d3d76ab5ed1,targetgroup/bodegaai-production-store-servic/736691f5beac1ff1,RequestCountPerTarget,2026-08-01T02:00:00Z,2026-08-01T03:00:00Z,99867
app/bodegaai-production-alb/31b69d3d76ab5ed1,targetgroup/bodegaai-production-store-servic/736691f5beac1ff1,RequestCountPerTarget,2026-08-01T03:00:00Z,2026-08-01T04:00:00Z,94099.5
app/bodegaai-production-alb/31b69d3d76ab5ed1,targetgroup/bodegaai-production-store-servic/736691f5beac1ff1,RequestCountPerTarget,2026-08-01T04:00:00Z,2026-08-01T05:00:00Z,91818
app/bodegaai-production-alb/31b69d3d76ab5ed1,targetgroup/bodegaai-production-store-servic/736691f5beac1ff1,RequestCountPerTarget,2026-08-01T05:00:00Z,2026-08-01T06:00:00Z,91075
app/bodegaai-production-alb/31b69d3d76ab5ed1,targetgroup/bodegaai-production-store-servic/736691f5beac1ff1,RequestCountPerTarget,2026-08-01T06:00:00Z,2026-08-01T07:00:00Z,87037
app/bodegaai-production-alb/31b69d3d76ab5ed1,targetgroup/bodegaai-production-store-servic/736691f5beac1ff1,RequestCountPerTarget,2026-08-01T07:00:00Z,2026-08-01T08:00:00Z,87487.5
app/bodegaai-production-alb/31b69d3d76ab5ed1,targetgroup/bodegaai-production-store-servic/736691f5beac1ff1,RequestCountPerTarget,2026-08-01T08:00:00Z,2026-08-01T09:00:00Z,87469.5
app/bodegaai-production-alb/31b69d3d76ab5ed1,targetgroup/bodegaai-production-store-servic/736691f5beac1ff1,RequestCountPerTarget,2026-08-01T09:00:00Z,2026-08-01T10:00:00Z,87870.5
app/bodegaai-production-alb/31b69d3d76ab5ed1,targetgroup/bodegaai-production-store-servic/736691f5beac1ff1,RequestCountPerTarget,2026-08-01T10:00:00Z,2026-08-01T11:00:00Z,87998
app/bodegaai-production-alb/31b69d3d76ab5ed1,targetgroup/bodegaai-production-store-servic/736691f5beac1ff1,RequestCountPerTarget,2026-08-01T11:00:00Z,2026-08-01T12:00:00Z,91886.5
app/bodegaai-production-alb/31b69d3d76ab5ed1,targetgroup/bodegaai-production-store-servic/736691f5beac1ff1,RequestCountPerTarget,2026-08-01T12:00:00Z,2026-08-01T13:00:00Z,98909
app/bodegaai-production-alb/31b69d3d76ab5ed1,targetgroup/bodegaai-production-store-servic/736691f5beac1ff1,RequestCountPerTarget,2026-08-01T13:00:00Z,2026-08-01T14:00:00Z,97885.5
app/bodegaai-production-alb/31b69d3d76ab5ed1,targetgroup/bodegaai-production-store-servic/736691f5beac1ff1,RequestCountPerTarget,2026-08-01T14:00:00Z,2026-08-01T15:00:00Z,106683
app/bodegaai-production-alb/31b69d3d76ab5ed1,targetgroup/bodegaai-production-store-servic/736691f5beac1ff1,RequestCountPerTarget,2026-08-01T15:00:00Z,2026-08-01T16:00:00Z,108571.5
app/bodegaai-production-alb/31b69d3d76ab5ed1,targetgroup/bodegaai-production-store-servic/736691f5beac1ff1,RequestCountPerTarget,2026-08-01T16:00:00Z,2026-08-01T17:00:00Z,109605.5
app/bodegaai-production-alb/31b69d3d76ab5ed1,targetgroup/bodegaai-production-store-servic/736691f5beac1ff1,RequestCountPerTarget,2026-08-01T17:00:00Z,2026-08-01T18:00:00Z,110635
app/bodegaai-production-alb/31b69d3d76ab5ed1,targetgroup/bodegaai-production-store-servic/736691f5beac1ff1,RequestCountPerTarget,2026-08-01T18:00:00Z,2026-08-01T19:00:00Z,110347
app/bodegaai-production-alb/31b69d3d76ab5ed1,targetgroup/bodegaai-production-store-servic/736691f5beac1ff1,RequestCountPerTarget,2026-08-01T19:00:00Z,2026-08-01T20:00:00Z,110969
app/bodegaai-production-alb/31b69d3d76ab5ed1,targetgroup/bodegaai-production-store-servic/736691f5beac1ff1,RequestCountPerTarget,2026-08-01T20:00:00Z,2026-08-01T21:00:00Z,109696
app/bodegaai-production-alb/31b69d3d76ab5ed1,targetgroup/bodegaai-production-store-servic/736691f5beac1ff1,RequestCountPerTarget,2026-08-01T21:00:00Z,2026-08-01T22:00:00Z,109655
app/bodegaai-production-alb/31b69d3d76ab5ed1,targetgroup/bodegaai-production-store-servic/736691f5beac1ff1,RequestCountPerTarget,2026-08-01T22:00:00Z,2026-08-01T23:00:00Z,110643.5
app/bodegaai-production-alb/31b69d3d76ab5ed1,targetgroup/bodegaai-production-store-servic/736691f5beac1ff1,RequestCountPerTarget,2026-08-01T23:00:00Z,2026-08-02T00:00:00Z,102315.5
app/bodegaai-production-alb/31b69d3d76ab5ed1,targetgroup/bodegaai-production-store-servic/736691f5beac1ff1,RequestCountPerTarget,2026-08-02T00:00:00Z,2026-08-02T01:00:00Z,108272
app/bodegaai-production-alb/31b69d3d76ab5ed1,targetgroup/bodegaai-production-store-servic/736691f5beac1ff1,RequestCountPerTarget,2026-08-02T01:00:00Z,2026-08-02T02:00:00Z,104224.5
app/bodegaai-production-alb/31b69d3d76ab5ed1,targetgroup/bodegaai-production-store-servic/736691f5beac1ff1,RequestCountPerTarget,2026-08-02T02:00:00Z,2026-08-02T03:00:00Z,94361.5
app/bodegaai-production-alb/31b69d3d76ab5ed1,targetgroup/bodegaai-production-store-servic/736691f5beac1ff1,RequestCountPerTarget,2026-08-02T03:00:00Z,2026-08-02T04:00:00Z,91345
app/bodegaai-production-alb/31b69d3d76ab5ed1,targetgroup/bodegaai-production-store-servic/736691f5beac1ff1,RequestCountPerTarget,2026-08-02T04:00:00Z,2026-08-02T05:00:00Z,89263
app/bodegaai-production-alb/31b69d3d76ab5ed1,targetgroup/bodegaai-production-store-servic/736691f5beac1ff1,RequestCountPerTarget,2026-08-02T05:00:00Z,2026-08-02T06:00:00Z,87531.5
app/bodegaai-production-alb/31b69d3d76ab5ed1,targetgroup/bodegaai-production-store-servic/736691f5beac1ff1,RequestCountPerTarget,2026-08-02T06:00:00Z,2026-08-02T07:00:00Z,86374.5
app/bodegaai-production-alb/31b69d3d76ab5ed1,targetgroup/bodegaai-production-store-servic/736691f5beac1ff1,RequestCountPerTarget,2026-08-02T07:00:00Z,2026-08-02T08:00:00Z,86670.5
app/bodegaai-production-alb/31b69d3d76ab5ed1,targetgroup/bodegaai-production-store-servic/736691f5beac1ff1,RequestCountPerTarget,2026-08-02T08:00:00Z,2026-08-02T09:00:00Z,86808
app/bodegaai-production-alb/31b69d3d76ab5ed1,targetgroup/bodegaai-production-store-servic/736691f5beac1ff1,RequestCountPerTarget,2026-08-02T09:00:00Z,2026-08-02T10:00:00Z,86212
app/bodegaai-production-alb/31b69d3d76ab5ed1,targetgroup/bodegaai-production-store-servic/736691f5beac1ff1,RequestCountPerTarget,2026-08-02T10:00:00Z,2026-08-02T11:00:00Z,86674
app/bodegaai-production-alb/31b69d3d76ab5ed1,targetgroup/bodegaai-production-store-servic/736691f5beac1ff1,RequestCountPerTarget,2026-08-02T11:00:00Z,2026-08-02T12:00:00Z,94070.5
app/bodegaai-production-alb/31b69d3d76ab5ed1,targetgroup/bodegaai-production-store-servic/736691f5beac1ff1,RequestCountPerTarget,2026-08-02T12:00:00Z,2026-08-02T13:00:00Z,100683
app/bodegaai-production-alb/31b69d3d76ab5ed1,targetgroup/bodegaai-production-store-servic/736691f5beac1ff1,RequestCountPerTarget,2026-08-02T13:00:00Z,2026-08-02T14:00:00Z,103016.5
app/bodegaai-production-alb/31b69d3d76ab5ed1,targetgroup/bodegaai-production-store-servic/736691f5beac1ff1,RequestCountPerTarget,2026-08-02T14:00:00Z,2026-08-02T15:00:00Z,107517.5
app/bodegaai-production-alb/31b69d3d76ab5ed1,targetgroup/bodegaai-production-store-servic/736691f5beac1ff1,RequestCountPerTarget,2026-08-02T15:00:00Z,2026-08-02T16:00:00Z,106801
app/bodegaai-production-alb/31b69d3d76ab5ed1,targetgroup/bodegaai-production-store-servic/736691f5beac1ff1,RequestCountPerTarget,2026-08-02T16:00:00Z,2026-08-02T17:00:00Z,110195.5
app/bodegaai-production-alb/31b69d3d76ab5ed1,targetgroup/bodegaai-production-store-servic/736691f5beac1ff1,RequestCountPerTarget,2026-08-02T17:00:00Z,2026-08-02T18:00:00Z,109524
app/bodegaai-production-alb/31b69d3d76ab5ed1,targetgroup/bodegaai-production-store-servic/736691f5beac1ff1,RequestCountPerTarget,2026-08-02T18:00:00Z,2026-08-02T19:00:00Z,108605
app/bodegaai-production-alb/31b69d3d76ab5ed1,targetgroup/bodegaai-production-store-servic/736691f5beac1ff1,RequestCountPerTarget,2026-08-02T19:00:00Z,2026-08-02T20:00:00Z,109804
app/bodegaai-production-alb/31b69d3d76ab5ed1,targetgroup/bodegaai-production-store-servic/736691f5beac1ff1,RequestCountPerTarget,2026-08-02T20:00:00Z,2026-08-02T21:00:00Z,107160.5
app/bodegaai-production-alb/31b69d3d76ab5ed1,targetgroup/bodegaai-production-store-servic/736691f5beac1ff1,RequestCountPerTarget,2026-08-02T21:00:00Z,2026-08-02T22:00:00Z,106701
app/bodegaai-production-alb/31b69d3d76ab5ed1,targetgroup/bodegaai-production-store-servic/736691f5beac1ff1,RequestCountPerTarget,2026-08-02T22:00:00Z,2026-08-02T23:00:00Z,106571
app/bodegaai-production-alb/31b69d3d76ab5ed1,targetgroup/bodegaai-production-store-servic/736691f5beac1ff1,RequestCountPerTarget,2026-08-02T23:00:00Z,2026-08-03T00:00:00Z,106728
app/bodegaai-production-alb/31b69d3d76ab5ed1,targetgroup/bodegaai-production-store-servic/736691f5beac1ff1,RequestCountPerTarget,2026-08-03T00:00:00Z,2026-08-03T01:00:00Z,105887
app/bodegaai-production-alb/31b69d3d76ab5ed1,targetgroup/bodegaai-production-store-servic/736691f5beac1ff1,RequestCountPerTarget,2026-08-03T01:00:00Z,2026-08-03T02:00:00Z,96359
app/bodegaai-production-alb/31b69d3d76ab5ed1,targetgroup/bodegaai-production-store-servic/736691f5beac1ff1,RequestCountPerTarget,2026-08-03T02:00:00Z,2026-08-03T03:00:00Z,92625.5
app/bodegaai-production-alb/31b69d3d76ab5ed1,targetgroup/bodegaai-production-store-servic/736691f5beac1ff1,RequestCountPerTarget,2026-08-03T03:00:00Z,2026-08-03T04:00:00Z,87554
app/bodegaai-production-alb/31b69d3d76ab5ed1,targetgroup/bodegaai-production-store-servic/736691f5beac1ff1,RequestCountPerTarget,2026-08-03T04:00:00Z,2026-08-03T05:00:00Z,82830.5
app/bodegaai-production-alb/31b69d3d76ab5ed1,targetgroup/bodegaai-production-store-servic/736691f5beac1ff1,RequestCountPerTarget,2026-08-03T05:00:00Z,2026-08-03T06:00:00Z,81054.5
app/bodegaai-production-alb/31b69d3d76ab5ed1,targetgroup/bodegaai-production-store-servic/736691f5beac1ff1,RequestCountPerTarget,2026-08-03T06:00:00Z,2026-08-03T07:00:00Z,79292.5
app/bodegaai-production-alb/31b69d3d76ab5ed1,targetgroup/bodegaai-production-store-servic/736691f5beac1ff1,RequestCountPerTarget,2026-08-03T07:00:00Z,2026-08-03T08:00:00Z,78038.5
app/bodegaai-production-alb/31b69d3d76ab5ed1,targetgroup/bodegaai-production-store-servic/736691f5beac1ff1,RequestCountPerTarget,2026-08-03T08:00:00Z,2026-08-03T09:00:00Z,78055
app/bodegaai-production-alb/31b69d3d76ab5ed1,targetgroup/bodegaai-production-store-servic/736691f5beac1ff1,RequestCountPerTarget,2026-08-03T09:00:00Z,2026-08-03T10:00:00Z,78862.5
app/bodegaai-production-alb/31b69d3d76ab5ed1,targetgroup/bodegaai-production-store-servic/736691f5beac1ff1,RequestCountPerTarget,2026-08-03T10:00:00Z,2026-08-03T11:00:00Z,80809
app/bodegaai-production-alb/31b69d3d76ab5ed1,targetgroup/bodegaai-production-store-servic/736691f5beac1ff1,RequestCountPerTarget,2026-08-03T11:00:00Z,2026-08-03T12:00:00Z,87306
app/bodegaai-production-alb/31b69d3d76ab5ed1,targetgroup/bodegaai-production-store-servic/736691f5beac1ff1,RequestCountPerTarget,2026-08-03T12:00:00Z,2026-08-03T13:00:00Z,93387.5
app/bodegaai-production-alb/31b69d3d76ab5ed1,targetgroup/bodegaai-production-store-servic/736691f5beac1ff1,RequestCountPerTarget,2026-08-03T13:00:00Z,2026-08-03T14:00:00Z,94681
app/bodegaai-production-alb/31b69d3d76ab5ed1,targetgroup/bodegaai-production-store-servic/736691f5beac1ff1,RequestCountPerTarget,2026-08-03T14:00:00Z,2026-08-03T15:00:00Z,97046.5
app/bodegaai-production-alb/31b69d3d76ab5ed1,targetgroup/bodegaai-production-store-servic/736691f5beac1ff1,RequestCountPerTarget,2026-08-03T15:00:00Z,2026-08-03T16:00:00Z,99709.5
app/bodegaai-production-alb/31b69d3d76ab5ed1,targetgroup/bodegaai-production-store-servic/736691f5beac1ff1,RequestCountPerTarget,2026-08-03T16:00:00Z,2026-08-03T17:00:00Z,100821
app/bodegaai-production-alb/31b69d3d76ab5ed1,targetgroup/bodegaai-production-store-servic/736691f5beac1ff1,RequestCountPerTarget,2026-08-03T17:00:00Z,2026-08-03T18:00:00Z,103677
app/bodegaai-production-alb/31b69d3d76ab5ed1,targetgroup/bodegaai-production-store-servic/736691f5beac1ff1,RequestCountPerTarget,2026-08-03T18:00:00Z,2026-08-03T19:00:00Z,103288.5
app/bodegaai-production-alb/31b69d3d76ab5ed1,targetgroup/bodegaai-production-store-servic/736691f5beac1ff1,RequestCountPerTarget,2026-08-03T19:00:00Z,2026-08-03T20:00:00Z,102042.5
app/bodegaai-production-alb/31b69d3d76ab5ed1,targetgroup/bodegaai-production-store-servic/736691f5beac1ff1,RequestCountPerTarget,2026-08-03T20:00:00Z,2026-08-03T21:00:00Z,104046.5
app/bodegaai-production-alb/31b69d3d76ab5ed1,targetgroup/bodegaai-production-store-servic/736691f5beac1ff1,RequestCountPerTarget,2026-08-03T21:00:00Z,2026-08-03T22:00:00Z,104265.5
app/bodegaai-production-alb/31b69d3d76ab5ed1,targetgroup/bodegaai-production-store-servic/736691f5beac1ff1,RequestCountPerTarget,2026-08-03T22:00:00Z,2026-08-03T23:00:00Z,103825.5
app/bodegaai-production-alb/31b69d3d76ab5ed1,targetgroup/bodegaai-production-store-servic/736691f5beac1ff1,RequestCountPerTarget,2026-08-03T23:00:00Z,2026-08-04T00:00:00Z,104576
app/bodegaai-production-alb/31b69d3d76ab5ed1,targetgroup/bodegaai-production-store-servic/736691f5beac1ff1,RequestCountPerTarget,2026-08-04T00:00:00Z,2026-08-04T01:00:00Z,103503.5
app/bodegaai-production-alb/31b69d3d76ab5ed1,targetgroup/bodegaai-production-store-servic/736691f5beac1ff1,RequestCountPerTarget,2026-08-04T01:00:00Z,2026-08-04T02:00:00Z,103930
app/bodegaai-production-alb/31b69d3d76ab5ed1,targetgroup/bodegaai-production-store-servic/736691f5beac1ff1,RequestCountPerTarget,2026-08-04T02:00:00Z,2026-08-04T03:00:00Z,100427
app/bodegaai-production-alb/31b69d3d76ab5ed1,targetgroup/bodegaai-production-store-servic/736691f5beac1ff1,RequestCountPerTarget,2026-08-04T03:00:00Z,2026-08-04T04:00:00Z,95895
app/bodegaai-production-alb/31b69d3d76ab5ed1,targetgroup/bodegaai-production-store-servic/736691f5beac1ff1,RequestCountPerTarget,2026-08-04T04:00:00Z,2026-08-04T05:00:00Z,95698.5
app/bodegaai-production-alb/31b69d3d76ab5ed1,targetgroup/bodegaai-production-store-servic/736691f5beac1ff1,RequestCountPerTarget,2026-08-04T05:00:00Z,2026-08-04T06:00:00Z,92802.5
app/bodegaai-production-alb/31b69d3d76ab5ed1,targetgroup/bodegaai-production-store-servic/736691f5beac1ff1,RequestCountPerTarget,2026-08-04T06:00:00Z,2026-08-04T07:00:00Z,93427.5
app/bodegaai-production-alb/31b69d3d76ab5ed1,targetgroup/bodegaai-production-store-servic/736691f5beac1ff1,RequestCountPerTarget,2026-08-04T07:00:00Z,2026-08-04T08:00:00Z,92638
app/bodegaai-production-alb/31b69d3d76ab5ed1,targetgroup/bodegaai-production-store-servic/736691f5beac1ff1,RequestCountPerTarget,2026-08-04T08:00:00Z,2026-08-04T09:00:00Z,92692.5
app/bodegaai-production-alb/31b69d3d76ab5ed1,targetgroup/bodegaai-production-store-servic/736691f5beac1ff1,RequestCountPerTarget,2026-08-04T09:00:00Z,2026-08-04T10:00:00Z,93430.5
app/bodegaai-production-alb/31b69d3d76ab5ed1,targetgroup/bodegaai-production-store-servic/736691f5beac1ff1,RequestCountPerTarget,2026-08-04T10:00:00Z,2026-08-04T11:00:00Z,95402.5
app/bodegaai-production-alb/31b69d3d76ab5ed1,targetgroup/bodegaai-production-store-servic/736691f5beac1ff1,RequestCountPerTarget,2026-08-04T11:00:00Z,2026-08-04T12:00:00Z,100004
app/bodegaai-production-alb/31b69d3d76ab5ed1,targetgroup/bodegaai-production-store-servic/736691f5beac1ff1,RequestCountPerTarget,2026-08-04T12:00:00Z,2026-08-04T13:00:00Z,100772
app/bodegaai-production-alb/31b69d3d76ab5ed1,targetgroup/bodegaai-production-store-servic/736691f5beac1ff1,RequestCountPerTarget,2026-08-04T13:00:00Z,2026-08-04T14:00:00Z,103595.5
app/bodegaai-production-alb/31b69d3d76ab5ed1,targetgroup/bodegaai-production-store-servic/736691f5beac1ff1,RequestCountPerTarget,2026-08-04T14:00:00Z,2026-08-04T15:00:00Z,101344
app/bodegaai-production-alb/31b69d3d76ab5ed1,targetgroup/bodegaai-production-store-servic/736691f5beac1ff1,RequestCountPerTarget,2026-08-04T15:00:00Z,2026-08-04T16:00:00Z,103599.5
app/bodegaai-production-alb/31b69d3d76ab5ed1,targetgroup/bodegaai-production-store-servic/736691f5beac1ff1,RequestCountPerTarget,2026-08-04T16:00:00Z,2026-08-04T17:00:00Z,105692
app/bodegaai-production-alb/31b69d3d76ab5ed1,targetgroup/bodegaai-production-store-servic/736691f5beac1ff1,RequestCountPerTarget,2026-08-04T17:00:00Z,2026-08-04T18:00:00Z,102874
app/bodegaai-production-alb/31b69d3d76ab5ed1,targetgroup/bodegaai-production-store-servic/736691f5beac1ff1,RequestCountPerTarget,2026-08-04T18:00:00Z,2026-08-04T19:00:00Z,105612
app/bodegaai-production-alb/31b69d3d76ab5ed1,targetgroup/bodegaai-production-store-servic/736691f5beac1ff1,RequestCountPerTarget,2026-08-04T19:00:00Z,2026-08-04T20:00:00Z,104318
app/bodegaai-production-alb/31b69d3d76ab5ed1,targetgroup/bodegaai-production-store-servic/736691f5beac1ff1,RequestCountPerTarget,2026-08-04T20:00:00Z,2026-08-04T21:00:00Z,109775
app/bodegaai-production-alb/31b69d3d76ab5ed1,targetgroup/bodegaai-production-store-servic/736691f5beac1ff1,RequestCountPerTarget,2026-08-04T21:00:00Z,2026-08-04T22:00:00Z,109823.5
app/bodegaai-production-alb/31b69d3d76ab5ed1,targetgroup/bodegaai-production-store-servic/736691f5beac1ff1,RequestCountPerTarget,2026-08-04T22:00:00Z,2026-08-04T23:00:00Z,110242.5
app/bodegaai-production-alb/31b69d3d76ab5ed1,targetgroup/bodegaai-production-store-servic/736691f5beac1ff1,RequestCountPerTarget,2026-08-04T23:00:00Z,2026-08-05T00:00:00Z,105397.5
app/bodegaai-production-alb/31b69d3d76ab5ed1,targetgroup/bodegaai-production-store-servic/736691f5beac1ff1,RequestCountPerTarget,2026-08-05T00:00:00Z,2026-08-05T01:00:00Z,104194.5
app/bodegaai-production-alb/31b69d3d76ab5ed1,targetgroup/bodegaai-production-store-servic/736691f5beac1ff1,RequestCountPerTarget,2026-08-05T01:00:00Z,2026-08-05T02:00:00Z,102182.5
app/bodegaai-production-alb/31b69d3d76ab5ed1,targetgroup/bodegaai-production-store-servic/736691f5beac1ff1,RequestCountPerTarget,2026-08-05T02:00:00Z,2026-08-05T03:00:00Z,97274.5
app/bodegaai-production-alb/31b69d3d76ab5ed1,targetgroup/bodegaai-production-store-servic/736691f5beac1ff1,RequestCountPerTarget,2026-08-05T03:00:00Z,2026-08-05T04:00:00Z,96056.5
app/bodegaai-production-alb/31b69d3d76ab5ed1,targetgroup/bodegaai-production-store-servic/736691f5beac1ff1,RequestCountPerTarget,2026-08-05T04:00:00Z,2026-08-05T05:00:00Z,92079.5
app/bodegaai-production-alb/31b69d3d76ab5ed1,targetgroup/bodegaai-production-store-servic/736691f5beac1ff1,RequestCountPerTarget,2026-08-05T05:00:00Z,2026-08-05T06:00:00Z,90131
app/bodegaai-production-alb/31b69d3d76ab5ed1,targetgroup/bodegaai-production-store-servic/736691f5beac1ff1,RequestCountPerTarget,2026-08-05T06:00:00Z,2026-08-05T07:00:00Z,88396.5
app/bodegaai-production-alb/31b69d3d76ab5ed1,targetgroup/bodegaai-production-store-servic/736691f5beac1ff1,RequestCountPerTarget,2026-08-05T07:00:00Z,2026-08-05T08:00:00Z,88380.5
app/bodegaai-production-alb/31b69d3d76ab5ed1,targetgroup/bodegaai-production-store-servic/736691f5beac1ff1,RequestCountPerTarget,2026-08-05T08:00:00Z,2026-08-05T09:00:00Z,89004.5
app/bodegaai-production-alb/31b69d3d76ab5ed1,targetgroup/bodegaai-production-store-servic/736691f5beac1ff1,RequestCountPerTarget,2026-08-05T09:00:00Z,2026-08-05T10:00:00Z,89826
app/bodegaai-production-alb/31b69d3d76ab5ed1,targetgroup/bodegaai-production-store-servic/736691f5beac1ff1,RequestCountPerTarget,2026-08-05T10:00:00Z,2026-08-05T11:00:00Z,90525
app/bodegaai-production-alb/31b69d3d76ab5ed1,targetgroup/bodegaai-production-store-servic/736691f5beac1ff1,RequestCountPerTarget,2026-08-05T11:00:00Z,2026-08-05T12:00:00Z,94345.5
app/bodegaai-production-alb/31b69d3d76ab5ed1,targetgroup/bodegaai-production-store-servic/736691f5beac1ff1,RequestCountPerTarget,2026-08-05T12:00:00Z,2026-08-05T13:00:00Z,94871
app/bodegaai-production-alb/31b69d3d76ab5ed1,targetgroup/bodegaai-production-store-servic/736691f5beac1ff1,RequestCountPerTarget,2026-08-05T13:00:00Z,2026-08-05T14:00:00Z,98547.5
app/bodegaai-production-alb/31b69d3d76ab5ed1,targetgroup/bodegaai-production-store-servic/736691f5beac1ff1,RequestCountPerTarget,2026-08-05T14:00:00Z,2026-08-05T15:00:00Z,102292
app/bodegaai-production-alb/31b69d3d76ab5ed1,targetgroup/bodegaai-production-store-servic/736691f5beac1ff1,RequestCountPerTarget,2026-08-05T15:00:00Z,2026-08-05T16:00:00Z,104184.5
app/bodegaai-production-alb/31b69d3d76ab5ed1,targetgroup/bodegaai-production-store-servic/736691f5beac1ff1,RequestCountPerTarget,2026-08-05T16:00:00Z,2026-08-05T17:00:00Z,104408
app/bodegaai-production-alb/31b69d3d76ab5ed1,targetgroup/bodegaai-production-store-servic/736691f5beac1ff1,RequestCountPerTarget,2026-08-05T17:00:00Z,2026-08-05T18:00:00Z,103657
app/bodegaai-production-alb/31b69d3d76ab5ed1,targetgroup/bodegaai-production-store-servic/736691f5beac1ff1,RequestCountPerTarget,2026-08-05T18:00:00Z,2026-08-05T19:00:00Z,103625.5
app/bodegaai-production-alb/31b69d3d76ab5ed1,targetgroup/bodegaai-production-store-servic/736691f5beac1ff1,RequestCountPerTarget,2026-08-05T19:00:00Z,2026-08-05T20:00:00Z,105158.5
app/bodegaai-production-alb/31b69d3d76ab5ed1,targetgroup/bodegaai-production-store-servic/736691f5beac1ff1,RequestCountPerTarget,2026-08-05T20:00:00Z,2026-08-05T21:00:00Z,107732
app/bodegaai-production-alb/31b69d3d76ab5ed1,targetgroup/bodegaai-production-store-servic/736691f5beac1ff1,RequestCountPerTarget,2026-08-05T21:00:00Z,2026-08-05T22:00:00Z,112747
app/bodegaai-production-alb/31b69d3d76ab5ed1,targetgroup/bodegaai-production-store-servic/736691f5beac1ff1,RequestCountPerTarget,2026-08-05T22:00:00Z,2026-08-05T23:00:00Z,113552
app/bodegaai-production-alb/31b69d3d76ab5ed1,targetgroup/bodegaai-production-store-servic/736691f5beac1ff1,RequestCountPerTarget,2026-08-05T23:00:00Z,2026-08-06T00:00:00Z,110811.5
app/bodegaai-production-alb/31b69d3d76ab5ed1,targetgroup/bodegaai-production-store-servic/736691f5beac1ff1,RequestCountPerTarget,2026-08-06T00:00:00Z,2026-08-06T01:00:00Z,107287
app/bodegaai-production-alb/31b69d3d76ab5ed1,targetgroup/bodegaai-production-store-servic/736691f5beac1ff1,RequestCountPerTarget,2026-08-06T01:00:00Z,2026-08-06T02:00:00Z,100577.5
app/bodegaai-production-alb/31b69d3d76ab5ed1,targetgroup/bodegaai-production-store-servic/736691f5beac1ff1,RequestCountPerTarget,2026-08-06T02:00:00Z,2026-08-06T03:00:00Z,95891
app/bodegaai-production-alb/31b69d3d76ab5ed1,targetgroup/bodegaai-production-store-servic/736691f5beac1ff1,RequestCountPerTarget,2026-08-06T03:00:00Z,2026-08-06T04:00:00Z,93333.5
app/bodegaai-production-alb/31b69d3d76ab5ed1,targetgroup/bodegaai-production-store-servic/736691f5beac1ff1,RequestCountPerTarget,2026-08-06T04:00:00Z,2026-08-06T05:00:00Z,89343.5
app/bodegaai-production-alb/31b69d3d76ab5ed1,targetgroup/bodegaai-production-store-servic/736691f5beac1ff1,RequestCountPerTarget,2026-08-06T05:00:00Z,2026-08-06T06:00:00Z,78848.5
app/bodegaai-production-alb/31b69d3d76ab5ed1,targetgroup/bodegaai-production-store-servic/736691f5beac1ff1,RequestCountPerTarget,2026-08-06T06:00:00Z,2026-08-06T07:00:00Z,93014.5
app/bodegaai-production-alb/31b69d3d76ab5ed1,targetgroup/bodegaai-production-store-servic/736691f5beac1ff1,RequestCountPerTarget,2026-08-06T07:00:00Z,2026-08-06T08:00:00Z,89949.5
app/bodegaai-production-alb/31b69d3d76ab5ed1,targetgroup/bodegaai-production-store-servic/736691f5beac1ff1,RequestCountPerTarget,2026-08-06T08:00:00Z,2026-08-06T09:00:00Z,89641
app/bodegaai-production-alb/31b69d3d76ab5ed1,targetgroup/bodegaai-production-store-servic/736691f5beac1ff1,RequestCountPerTarget,2026-08-06T09:00:00Z,2026-08-06T10:00:00Z,90627.5
app/bodegaai-production-alb/31b69d3d76ab5ed1,targetgroup/bodegaai-production-store-servic/736691f5beac1ff1,RequestCountPerTarget,2026-08-06T10:00:00Z,2026-08-06T11:00:00Z,91448
app/bodegaai-production-alb/31b69d3d76ab5ed1,targetgroup/bodegaai-production-store-servic/736691f5beac1ff1,RequestCountPerTarget,2026-08-06T11:00:00Z,2026-08-06T12:00:00Z,97346
app/bodegaai-production-alb/31b69d3d76ab5ed1,targetgroup/bodegaai-production-store-servic/736691f5beac1ff1,RequestCountPerTarget,2026-08-06T12:00:00Z,2026-08-06T13:00:00Z,99106.5
app/bodegaai-production-alb/31b69d3d76ab5ed1,targetgroup/bodegaai-production-store-servic/736691f5beac1ff1,RequestCountPerTarget,2026-08-06T13:00:00Z,2026-08-06T14:00:00Z,102902.249999
app/bodegaai-production-alb/31b69d3d76ab5ed1,targetgroup/bodegaai-production-store-servic/736691f5beac1ff1,RequestCountPerTarget,2026-08-06T14:00:00Z,2026-08-06T15:00:00Z,104716
app/bodegaai-production-alb/31b69d3d76ab5ed1,targetgroup/bodegaai-production-store-servic/736691f5beac1ff1,RequestCountPerTarget,2026-08-06T15:00:00Z,2026-08-06T16:00:00Z,104925
app/bodegaai-production-alb/31b69d3d76ab5ed1,targetgroup/bodegaai-production-store-servic/736691f5beac1ff1,RequestCountPerTarget,2026-08-06T16:00:00Z,2026-08-06T17:00:00Z,105904
app/bodegaai-production-alb/31b69d3d76ab5ed1,targetgroup/bodegaai-production-store-servic/736691f5beac1ff1,RequestCountPerTarget,2026-08-06T17:00:00Z,2026-08-06T18:00:00Z,105103
app/bodegaai-production-alb/31b69d3d76ab5ed1,targetgroup/bodegaai-production-store-servic/736691f5beac1ff1,RequestCountPerTarget,2026-08-06T18:00:00Z,2026-08-06T19:00:00Z,107985.916664
app/bodegaai-production-alb/31b69d3d76ab5ed1,targetgroup/bodegaai-production-store-servic/736691f5beac1ff1,RequestCountPerTarget,2026-08-06T19:00:00Z,2026-08-06T20:00:00Z,109592
app/bodegaai-production-alb/31b69d3d76ab5ed1,targetgroup/bodegaai-production-store-servic/736691f5beac1ff1,RequestCountPerTarget,2026-08-06T20:00:00Z,2026-08-06T21:00:00Z,109860
app/bodegaai-production-alb/31b69d3d76ab5ed1,targetgroup/bodegaai-production-store-servic/736691f5beac1ff1,RequestCountPerTarget,2026-08-06T21:00:00Z,2026-08-06T22:00:00Z,112720
app/bodegaai-production-alb/31b69d3d76ab5ed1,targetgroup/bodegaai-production-store-servic/736691f5beac1ff1,RequestCountPerTarget,2026-08-06T22:00:00Z,2026-08-06T23:00:00Z,112113
app/bodegaai-production-alb/31b69d3d76ab5ed1,targetgroup/bodegaai-production-store-servic/736691f5beac1ff1,RequestCountPerTarget,2026-08-06T23:00:00Z,2026-08-07T00:00:00Z,111661
app/bodegaai-production-alb/31b69d3d76ab5ed1,targetgroup/bodegaai-production-store-servic/736691f5beac1ff1,RequestCountPerTarget,2026-08-07T00:00:00Z,2026-08-07T01:00:00Z,109149
app/bodegaai-production-alb/31b69d3d76ab5ed1,targetgroup/bodegaai-production-store-servic/736691f5beac1ff1,RequestCountPerTarget,2026-08-07T01:00:00Z,2026-08-07T02:00:00Z,105102.5
app/bodegaai-production-alb/31b69d3d76ab5ed1,targetgroup/bodegaai-production-store-servic/736691f5beac1ff1,RequestCountPerTarget,2026-08-07T02:00:00Z,2026-08-07T03:00:00Z,101691
app/bodegaai-production-alb/31b69d3d76ab5ed1,targetgroup/bodegaai-production-store-servic/736691f5beac1ff1,RequestCountPerTarget,2026-08-07T03:00:00Z,2026-08-07T04:00:00Z,96910.5
app/bodegaai-production-alb/31b69d3d76ab5ed1,targetgroup/bodegaai-production-store-servic/736691f5beac1ff1,RequestCountPerTarget,2026-08-07T04:00:00Z,2026-08-07T05:00:00Z,92794.5
app/bodegaai-production-alb/31b69d3d76ab5ed1,targetgroup/bodegaai-production-store-servic/736691f5beac1ff1,RequestCountPerTarget,2026-08-07T05:00:00Z,2026-08-07T06:00:00Z,92135.5
app/bodegaai-production-alb/31b69d3d76ab5ed1,targetgroup/bodegaai-production-store-servic/736691f5beac1ff1,RequestCountPerTarget,2026-08-07T06:00:00Z,2026-08-07T07:00:00Z,90420.5
app/bodegaai-production-alb/31b69d3d76ab5ed1,targetgroup/bodegaai-production-store-servic/736691f5beac1ff1,RequestCountPerTarget,2026-08-07T07:00:00Z,2026-08-07T08:00:00Z,89532.5
app/bodegaai-production-alb/31b69d3d76ab5ed1,targetgroup/bodegaai-production-store-servic/736691f5beac1ff1,RequestCountPerTarget,2026-08-07T08:00:00Z,2026-08-07T09:00:00Z,89727.5
app/bodegaai-production-alb/31b69d3d76ab5ed1,targetgroup/bodegaai-production-store-servic/736691f5beac1ff1,RequestCountPerTarget,2026-08-07T09:00:00Z,2026-08-07T10:00:00Z,97553.5
app/bodegaai-production-alb/31b69d3d76ab5ed1,targetgroup/bodegaai-production-store-servic/736691f5beac1ff1,RequestCountPerTarget,2026-08-07T10:00:00Z,2026-08-07T11:00:00Z,91819
app/bodegaai-production-alb/31b69d3d76ab5ed1,targetgroup/bodegaai-production-store-servic/736691f5beac1ff1,RequestCountPerTarget,2026-08-07T11:00:00Z,2026-08-07T12:00:00Z,94471
app/bodegaai-production-alb/31b69d3d76ab5ed1,targetgroup/bodegaai-production-store-servic/736691f5beac1ff1,RequestCountPerTarget,2026-08-07T12:00:00Z,2026-08-07T13:00:00Z,97869
app/bodegaai-production-alb/31b69d3d76ab5ed1,targetgroup/bodegaai-production-store-servic/736691f5beac1ff1,RequestCountPerTarget,2026-08-07T13:00:00Z,2026-08-07T14:00:00Z,100742
app/bodegaai-production-alb/31b69d3d76ab5ed1,targetgroup/bodegaai-production-store-servic/736691f5beac1ff1,RequestCountPerTarget,2026-08-07T14:00:00Z,2026-08-07T15:00:00Z,101391
app/bodegaai-production-alb/31b69d3d76ab5ed1,targetgroup/bodegaai-production-store-servic/736691f5beac1ff1,RequestCountPerTarget,2026-08-07T15:00:00Z,2026-08-07T16:00:00Z,103600.999989
app/bodegaai-production-alb/31b69d3d76ab5ed1,targetgroup/bodegaai-production-store-servic/736691f5beac1ff1,RequestCountPerTarget,2026-08-07T16:00:00Z,2026-08-07T17:00:00Z,99199.666672
app/bodegaai-production-alb/31b69d3d76ab5ed1,targetgroup/bodegaai-production-store-servic/736691f5beac1ff1,RequestCountPerTarget,2026-08-07T17:00:00Z,2026-08-07T18:00:00Z,110545
app/bodegaai-production-alb/31b69d3d76ab5ed1,targetgroup/bodegaai-production-store-servic/736691f5beac1ff1,RequestCountPerTarget,2026-08-07T18:00:00Z,2026-08-07T19:00:00Z,108376.5
app/bodegaai-production-alb/31b69d3d76ab5ed1,targetgroup/bodegaai-production-store-servic/736691f5beac1ff1,RequestCountPerTarget,2026-08-07T19:00:00Z,2026-08-07T20:00:00Z,109036
app/bodegaai-production-alb/31b69d3d76ab5ed1,targetgroup/bodegaai-production-store-servic/736691f5beac1ff1,RequestCountPerTarget,2026-08-07T20:00:00Z,2026-08-07T21:00:00Z,108480
app/bodegaai-production-alb/31b69d3d76ab5ed1,targetgroup/bodegaai-production-store-servic/736691f5beac1ff1,RequestCountPerTarget,2026-08-07T21:00:00Z,2026-08-07T22:00:00Z,108850.5
app/bodegaai-production-alb/31b69d3d76ab5ed1,targetgroup/bodegaai-production-store-servic/736691f5beac1ff1,RequestCountPerTarget,2026-08-07T22:00:00Z,2026-08-07T23:00:00Z,100187.5
app/bodegaai-production-alb/31b69d3d76ab5ed1,targetgroup/bodegaai-production-store-servic/736691f5beac1ff1,RequestCountPerTarget,2026-08-07T23:00:00Z,2026-08-08T00:00:00Z,104055
app/bodegaai-production-alb/31b69d3d76ab5ed1,targetgroup/bodegaai-production-store-servic/736691f5beac1ff1,RequestCountPerTarget,2026-08-08T00:00:00Z,2026-08-08T01:00:00Z,106484
app/bodegaai-production-alb/31b69d3d76ab5ed1,targetgroup/bodegaai-production-store-servic/736691f5beac1ff1,RequestCountPerTarget,2026-08-08T01:00:00Z,2026-08-08T02:00:00Z,94291.5
app/bodegaai-production-alb/31b69d3d76ab5ed1,targetgroup/bodegaai-production-store-servic/736691f5beac1ff1,RequestCountPerTarget,2026-08-08T02:00:00Z,2026-08-08T03:00:00Z,90500.5
app/bodegaai-production-alb/31b69d3d76ab5ed1,targetgroup/bodegaai-production-store-servic/736691f5beac1ff1,RequestCountPerTarget,2026-08-08T03:00:00Z,2026-08-08T04:00:00Z,85333.5
app/bodegaai-production-alb/31b69d3d76ab5ed1,targetgroup/bodegaai-production-store-servic/736691f5beac1ff1,RequestCountPerTarget,2026-08-08T04:00:00Z,2026-08-08T05:00:00Z,83123.5
app/bodegaai-production-alb/31b69d3d76ab5ed1,targetgroup/bodegaai-production-store-servic/736691f5beac1ff1,RequestCountPerTarget,2026-08-08T05:00:00Z,2026-08-08T06:00:00Z,82043
app/bodegaai-production-alb/31b69d3d76ab5ed1,targetgroup/bodegaai-production-store-servic/736691f5beac1ff1,RequestCountPerTarget,2026-08-08T06:00:00Z,2026-08-08T07:00:00Z,81885
app/bodegaai-production-alb/31b69d3d76ab5ed1,targetgroup/bodegaai-production-store-servic/736691f5beac1ff1,RequestCountPerTarget,2026-08-08T07:00:00Z,2026-08-08T08:00:00Z,77392.5
app/bodegaai-production-alb/31b69d3d76ab5ed1,targetgroup/bodegaai-production-store-servic/736691f5beac1ff1,RequestCountPerTarget,2026-08-08T08:00:00Z,2026-08-08T09:00:00Z,77488.5
app/bodegaai-production-alb/31b69d3d76ab5ed1,targetgroup/bodegaai-production-store-servic/736691f5beac1ff1,RequestCountPerTarget,2026-08-08T09:00:00Z,2026-08-08T10:00:00Z,77573.5
app/bodegaai-production-alb/31b69d3d76ab5ed1,targetgroup/bodegaai-production-store-servic/736691f5beac1ff1,RequestCountPerTarget,2026-08-08T10:00:00Z,2026-08-08T11:00:00Z,77916.5
app/bodegaai-production-alb/31b69d3d76ab5ed1,targetgroup/bodegaai-production-store-servic/736691f5beac1ff1,RequestCountPerTarget,2026-08-08T11:00:00Z,2026-08-08T12:00:00Z,84747
app/bodegaai-production-alb/31b69d3d76ab5ed1,targetgroup/bodegaai-production-store-servic/736691f5beac1ff1,RequestCountPerTarget,2026-08-08T12:00:00Z,2026-08-08T13:00:00Z,88225.5
app/bodegaai-production-alb/31b69d3d76ab5ed1,targetgroup/bodegaai-production-store-servic/736691f5beac1ff1,RequestCountPerTarget,2026-08-08T13:00:00Z,2026-08-08T14:00:00Z,93571
app/bodegaai-production-alb/31b69d3d76ab5ed1,targetgroup/bodegaai-production-store-servic/736691f5beac1ff1,RequestCountPerTarget,2026-08-08T14:00:00Z,2026-08-08T15:00:00Z,100409
app/bodegaai-production-alb/31b69d3d76ab5ed1,targetgroup/bodegaai-production-store-servic/736691f5beac1ff1,RequestCountPerTarget,2026-08-08T15:00:00Z,2026-08-08T16:00:00Z,102666.5
app/bodegaai-production-alb/31b69d3d76ab5ed1,targetgroup/bodegaai-production-store-servic/736691f5beac1ff1,RequestCountPerTarget,2026-08-08T16:00:00Z,2026-08-08T17:00:00Z,101460.5
app/bodegaai-production-alb/31b69d3d76ab5ed1,targetgroup/bodegaai-production-store-servic/736691f5beac1ff1,RequestCountPerTarget,2026-08-08T17:00:00Z,2026-08-08T18:00:00Z,103958
app/bodegaai-production-alb/31b69d3d76ab5ed1,targetgroup/bodegaai-production-store-servic/736691f5beac1ff1,RequestCountPerTarget,2026-08-08T18:00:00Z,2026-08-08T19:00:00Z,105594.5
app/bodegaai-production-alb/31b69d3d76ab5ed1,targetgroup/bodegaai-production-store-servic/736691f5beac1ff1,RequestCountPerTarget,2026-08-08T19:00:00Z,2026-08-08T20:00:00Z,104810
app/bodegaai-production-alb/31b69d3d76ab5ed1,targetgroup/bodegaai-production-store-servic/736691f5beac1ff1,RequestCountPerTarget,2026-08-08T20:00:00Z,2026-08-08T21:00:00Z,104331
app/bodegaai-production-alb/31b69d3d76ab5ed1,targetgroup/bodegaai-production-store-servic/736691f5beac1ff1,RequestCountPerTarget,2026-08-08T21:00:00Z,2026-08-08T22:00:00Z,102485.5
app/bodegaai-production-alb/31b69d3d76ab5ed1,targetgroup/bodegaai-production-store-servic/736691f5beac1ff1,RequestCountPerTarget,2026-08-08T22:00:00Z,2026-08-08T23:00:00Z,103700.5
app/bodegaai-production-alb/31b69d3d76ab5ed1,targetgroup/bodegaai-production-store-servic/736691f5beac1ff1,RequestCountPerTarget,2026-08-08T23:00:00Z,2026-08-09T00:00:00Z,102170
app/bodegaai-production-alb/31b69d3d76ab5ed1,targetgroup/bodegaai-production-store-servic/736691f5beac1ff1,RequestCountPerTarget,2026-08-09T00:00:00Z,2026-08-09T01:00:00Z,100436
app/bodegaai-production-alb/31b69d3d76ab5ed1,targetgroup/bodegaai-production-store-servic/736691f5beac1ff1,RequestCountPerTarget,2026-08-09T01:00:00Z,2026-08-09T02:00:00Z,100022.5
app/bodegaai-production-alb/31b69d3d76ab5ed1,targetgroup/bodegaai-production-store-servic/736691f5beac1ff1,RequestCountPerTarget,2026-08-09T02:00:00Z,2026-08-09T03:00:00Z,95229.5
app/bodegaai-production-alb/31b69d3d76ab5ed1,targetgroup/bodegaai-production-store-servic/736691f5beac1ff1,RequestCountPerTarget,2026-08-09T03:00:00Z,2026-08-09T04:00:00Z,90795
app/bodegaai-production-alb/31b69d3d76ab5ed1,targetgroup/bodegaai-production-store-servic/736691f5beac1ff1,RequestCountPerTarget,2026-08-09T04:00:00Z,2026-08-09T05:00:00Z,90220
app/bodegaai-production-alb/31b69d3d76ab5ed1,targetgroup/bodegaai-production-store-servic/736691f5beac1ff1,RequestCountPerTarget,2026-08-09T05:00:00Z,2026-08-09T06:00:00Z,89062.5
app/bodegaai-production-alb/31b69d3d76ab5ed1,targetgroup/bodegaai-production-store-servic/736691f5beac1ff1,RequestCountPerTarget,2026-08-09T06:00:00Z,2026-08-09T07:00:00Z,88201.5
app/bodegaai-production-alb/31b69d3d76ab5ed1,targetgroup/bodegaai-production-store-servic/736691f5beac1ff1,RequestCountPerTarget,2026-08-09T07:00:00Z,2026-08-09T08:00:00Z,82753.5
app/bodegaai-production-alb/31b69d3d76ab5ed1,targetgroup/bodegaai-production-store-servic/736691f5beac1ff1,RequestCountPerTarget,2026-08-09T08:00:00Z,2026-08-09T09:00:00Z,83019
app/bodegaai-production-alb/31b69d3d76ab5ed1,targetgroup/bodegaai-production-store-servic/736691f5beac1ff1,RequestCountPerTarget,2026-08-09T09:00:00Z,2026-08-09T10:00:00Z,82401
app/bodegaai-production-alb/31b69d3d76ab5ed1,targetgroup/bodegaai-production-store-servic/736691f5beac1ff1,RequestCountPerTarget,2026-08-09T10:00:00Z,2026-08-09T11:00:00Z,81203
app/bodegaai-production-alb/31b69d3d76ab5ed1,targetgroup/bodegaai-production-store-servic/736691f5beac1ff1,RequestCountPerTarget,2026-08-09T11:00:00Z,2026-08-09T12:00:00Z,86669.5
app/bodegaai-production-alb/31b69d3d76ab5ed1,targetgroup/bodegaai-production-store-servic/736691f5beac1ff1,RequestCountPerTarget,2026-08-09T12:00:00Z,2026-08-09T13:00:00Z,90098
app/bodegaai-production-alb/31b69d3d76ab5ed1,targetgroup/bodegaai-production-store-servic/736691f5beac1ff1,RequestCountPerTarget,2026-08-09T13:00:00Z,2026-08-09T14:00:00Z,93543
app/bodegaai-production-alb/31b69d3d76ab5ed1,targetgroup/bodegaai-production-store-servic/736691f5beac1ff1,RequestCountPerTarget,2026-08-09T14:00:00Z,2026-08-09T15:00:00Z,95991
app/bodegaai-production-alb/31b69d3d76ab5ed1,targetgroup/bodegaai-production-store-servic/736691f5beac1ff1,RequestCountPerTarget,2026-08-09T15:00:00Z,2026-08-09T16:00:00Z,97448.5
app/bodegaai-production-alb/31b69d3d76ab5ed1,targetgroup/bodegaai-production-store-servic/736691f5beac1ff1,RequestCountPerTarget,2026-08-09T16:00:00Z,2026-08-09T17:00:00Z,99867.5
app/bodegaai-production-alb/31b69d3d76ab5ed1,targetgroup/bodegaai-production-store-servic/736691f5beac1ff1,RequestCountPerTarget,2026-08-09T17:00:00Z,2026-08-09T18:00:00Z,104320.5
app/bodegaai-production-alb/31b69d3d76ab5ed1,targetgroup/bodegaai-production-store-servic/736691f5beac1ff1,RequestCountPerTarget,2026-08-09T18:00:00Z,2026-08-09T19:00:00Z,105692.5
app/bodegaai-production-alb/31b69d3d76ab5ed1,targetgroup/bodegaai-production-store-servic/736691f5beac1ff1,RequestCountPerTarget,2026-08-09T19:00:00Z,2026-08-09T20:00:00Z,103938
app/bodegaai-production-alb/31b69d3d76ab5ed1,targetgroup/bodegaai-production-store-servic/736691f5beac1ff1,RequestCountPerTarget,2026-08-09T20:00:00Z,2026-08-09T21:00:00Z,103374
app/bodegaai-production-alb/31b69d3d76ab5ed1,targetgroup/bodegaai-production-store-servic/736691f5beac1ff1,RequestCountPerTarget,2026-08-09T21:00:00Z,2026-08-09T22:00:00Z,104168
app/bodegaai-production-alb/31b69d3d76ab5ed1,targetgroup/bodegaai-production-store-servic/736691f5beac1ff1,RequestCountPerTarget,2026-08-09T22:00:00Z,2026-08-09T23:00:00Z,101495
app/bodegaai-production-alb/31b69d3d76ab5ed1,targetgroup/bodegaai-production-store-servic/736691f5beac1ff1,RequestCountPerTarget,2026-08-09T23:00:00Z,2026-08-10T00:00:00Z,101292
app/bodegaai-production-alb/31b69d3d76ab5ed1,targetgroup/bodegaai-production-store-servic/736691f5beac1ff1,RequestCountPerTarget,2026-08-10T00:00:00Z,2026-08-10T01:00:00Z,98917
app/bodegaai-production-alb/31b69d3d76ab5ed1,targetgroup/bodegaai-production-store-servic/736691f5beac1ff1,RequestCountPerTarget,2026-08-10T01:00:00Z,2026-08-10T02:00:00Z,95122.5
app/bodegaai-production-alb/31b69d3d76ab5ed1,targetgroup/bodegaai-production-store-servic/736691f5beac1ff1,RequestCountPerTarget,2026-08-10T02:00:00Z,2026-08-10T03:00:00Z,93542
app/bodegaai-production-alb/31b69d3d76ab5ed1,targetgroup/bodegaai-production-store-servic/736691f5beac1ff1,RequestCountPerTarget,2026-08-10T03:00:00Z,2026-08-10T04:00:00Z,88520.5
app/bodegaai-production-alb/31b69d3d76ab5ed1,targetgroup/bodegaai-production-store-servic/736691f5beac1ff1,RequestCountPerTarget,2026-08-10T04:00:00Z,2026-08-10T05:00:00Z,86656
app/bodegaai-production-alb/31b69d3d76ab5ed1,targetgroup/bodegaai-production-store-servic/736691f5beac1ff1,RequestCountPerTarget,2026-08-10T05:00:00Z,2026-08-10T06:00:00Z,85570.5
app/bodegaai-production-alb/31b69d3d76ab5ed1,targetgroup/bodegaai-production-store-servic/736691f5beac1ff1,RequestCountPerTarget,2026-08-10T06:00:00Z,2026-08-10T07:00:00Z,84241.5
app/bodegaai-production-alb/31b69d3d76ab5ed1,targetgroup/bodegaai-production-store-servic/736691f5beac1ff1,RequestCountPerTarget,2026-08-10T07:00:00Z,2026-08-10T08:00:00Z,84850
app/bodegaai-production-alb/31b69d3d76ab5ed1,targetgroup/bodegaai-production-store-servic/736691f5beac1ff1,RequestCountPerTarget,2026-08-10T08:00:00Z,2026-08-10T09:00:00Z,84853.5
app/bodegaai-production-alb/31b69d3d76ab5ed1,targetgroup/bodegaai-production-store-servic/736691f5beac1ff1,RequestCountPerTarget,2026-08-10T09:00:00Z,2026-08-10T10:00:00Z,85704
app/bodegaai-production-alb/31b69d3d76ab5ed1,targetgroup/bodegaai-production-store-servic/736691f5beac1ff1,RequestCountPerTarget,2026-08-10T10:00:00Z,2026-08-10T11:00:00Z,88677.5
app/bodegaai-production-alb/31b69d3d76ab5ed1,targetgroup/bodegaai-production-store-servic/736691f5beac1ff1,RequestCountPerTarget,2026-08-10T11:00:00Z,2026-08-10T12:00:00Z,91492
app/bodegaai-production-alb/31b69d3d76ab5ed1,targetgroup/bodegaai-production-store-servic/736691f5beac1ff1,RequestCountPerTarget,2026-08-10T12:00:00Z,2026-08-10T13:00:00Z,92253.5
app/bodegaai-production-alb/31b69d3d76ab5ed1,targetgroup/bodegaai-production-store-servic/736691f5beac1ff1,RequestCountPerTarget,2026-08-10T13:00:00Z,2026-08-10T14:00:00Z,95722
app/bodegaai-production-alb/31b69d3d76ab5ed1,targetgroup/bodegaai-production-store-servic/736691f5beac1ff1,RequestCountPerTarget,2026-08-10T14:00:00Z,2026-08-10T15:00:00Z,98402
app/bodegaai-production-alb/31b69d3d76ab5ed1,targetgroup/bodegaai-production-store-servic/736691f5beac1ff1,RequestCountPerTarget,2026-08-10T15:00:00Z,2026-08-10T16:00:00Z,103125
app/bodegaai-production-alb/31b69d3d76ab5ed1,targetgroup/bodegaai-production-store-servic/736691f5beac1ff1,RequestCountPerTarget,2026-08-10T16:00:00Z,2026-08-10T17:00:00Z,105767.5
app/bodegaai-production-alb/31b69d3d76ab5ed1,targetgroup/bodegaai-production-store-servic/736691f5beac1ff1,RequestCountPerTarget,2026-08-10T17:00:00Z,2026-08-10T18:00:00Z,101604.5
app/bodegaai-production-alb/31b69d3d76ab5ed1,targetgroup/bodegaai-production-store-servic/736691f5beac1ff1,RequestCountPerTarget,2026-08-10T18:00:00Z,2026-08-10T19:00:00Z,107317
app/bodegaai-production-alb/31b69d3d76ab5ed1,targetgroup/bodegaai-production-store-servic/736691f5beac1ff1,RequestCountPerTarget,2026-08-10T19:00:00Z,2026-08-10T20:00:00Z,107848.5
app/bodegaai-production-alb/31b69d3d76ab5ed1,targetgroup/bodegaai-production-store-servic/736691f5beac1ff1,RequestCountPerTarget,2026-08-10T20:00:00Z,2026-08-10T21:00:00Z,107200
app/bodegaai-production-alb/31b69d3d76ab5ed1,targetgroup/bodegaai-production-store-servic/736691f5beac1ff1,RequestCountPerTarget,2026-08-10T21:00:00Z,2026-08-10T22:00:00Z,107330
app/bodegaai-production-alb/31b69d3d76ab5ed1,targetgroup/bodegaai-production-store-servic/736691f5beac1ff1,RequestCountPerTarget,2026-08-10T22:00:00Z,2026-08-10T23:00:00Z,106951.5
app/bodegaai-production-alb/31b69d3d76ab5ed1,targetgroup/bodegaai-production-store-servic/736691f5beac1ff1,RequestCountPerTarget,2026-08-10T23:00:00Z,2026-08-11T00:00:00Z,102969.5
app/bodegaai-production-alb/31b69d3d76ab5ed1,targetgroup/bodegaai-production-store-servic/736691f5beac1ff1,RequestCountPerTarget,2026-08-11T00:00:00Z,2026-08-11T01:00:00Z,98081.5
app/bodegaai-production-alb/31b69d3d76ab5ed1,targetgroup/bodegaai-production-store-servic/736691f5beac1ff1,RequestCountPerTarget,2026-08-11T01:00:00Z,2026-08-11T02:00:00Z,92518.5
app/bodegaai-production-alb/31b69d3d76ab5ed1,targetgroup/bodegaai-production-store-servic/736691f5beac1ff1,RequestCountPerTarget,2026-08-11T02:00:00Z,2026-08-11T03:00:00Z,87694.5
app/bodegaai-production-alb/31b69d3d76ab5ed1,targetgroup/bodegaai-production-store-servic/736691f5beac1ff1,RequestCountPerTarget,2026-08-11T03:00:00Z,2026-08-11T04:00:00Z,86938
app/bodegaai-production-alb/31b69d3d76ab5ed1,targetgroup/bodegaai-production-store-servic/736691f5beac1ff1,RequestCountPerTarget,2026-08-11T04:00:00Z,2026-08-11T05:00:00Z,86882
app/bodegaai-production-alb/31b69d3d76ab5ed1,targetgroup/bodegaai-production-store-servic/736691f5beac1ff1,RequestCountPerTarget,2026-08-11T05:00:00Z,2026-08-11T06:00:00Z,85872.5
app/bodegaai-production-alb/31b69d3d76ab5ed1,targetgroup/bodegaai-production-store-servic/736691f5beac1ff1,RequestCountPerTarget,2026-08-11T06:00:00Z,2026-08-11T07:00:00Z,84966
app/bodegaai-production-alb/31b69d3d76ab5ed1,targetgroup/bodegaai-production-store-servic/736691f5beac1ff1,RequestCountPerTarget,2026-08-11T07:00:00Z,2026-08-11T08:00:00Z,83561
app/bodegaai-production-alb/31b69d3d76ab5ed1,targetgroup/bodegaai-production-store-servic/736691f5beac1ff1,RequestCountPerTarget,2026-08-11T08:00:00Z,2026-08-11T09:00:00Z,90145
app/bodegaai-production-alb/31b69d3d76ab5ed1,targetgroup/bodegaai-production-store-servic/736691f5beac1ff1,RequestCountPerTarget,2026-08-11T09:00:00Z,2026-08-11T10:00:00Z,91751
app/bodegaai-production-alb/31b69d3d76ab5ed1,targetgroup/bodegaai-production-store-servic/736691f5beac1ff1,RequestCountPerTarget,2026-08-11T10:00:00Z,2026-08-11T11:00:00Z,92359.5
app/bodegaai-production-alb/31b69d3d76ab5ed1,targetgroup/bodegaai-production-store-servic/736691f5beac1ff1,RequestCountPerTarget,2026-08-11T11:00:00Z,2026-08-11T12:00:00Z,96713.5
app/bodegaai-production-alb/31b69d3d76ab5ed1,targetgroup/bodegaai-production-store-servic/736691f5beac1ff1,RequestCountPerTarget,2026-08-11T12:00:00Z,2026-08-11T13:00:00Z,100370
app/bodegaai-production-alb/31b69d3d76ab5ed1,targetgroup/bodegaai-production-store-servic/736691f5beac1ff1,RequestCountPerTarget,2026-08-11T13:00:00Z,2026-08-11T14:00:00Z,102227
app/bodegaai-production-alb/31b69d3d76ab5ed1,targetgroup/bodegaai-production-store-servic/736691f5beac1ff1,RequestCountPerTarget,2026-08-11T14:00:00Z,2026-08-11T15:00:00Z,101913.5
app/bodegaai-production-alb/31b69d3d76ab5ed1,targetgroup/bodegaai-production-store-servic/736691f5beac1ff1,RequestCountPerTarget,2026-08-11T15:00:00Z,2026-08-11T16:00:00Z,105229.5
app/bodegaai-production-alb/31b69d3d76ab5ed1,targetgroup/bodegaai-production-store-servic/736691f5beac1ff1,RequestCountPerTarget,2026-08-11T16:00:00Z,2026-08-11T17:00:00Z,110062.5
app/bodegaai-production-alb/31b69d3d76ab5ed1,targetgroup/bodegaai-production-store-servic/736691f5beac1ff1,RequestCountPerTarget,2026-08-11T17:00:00Z,2026-08-11T18:00:00Z,110119.5
app/bodegaai-production-alb/31b69d3d76ab5ed1,targetgroup/bodegaai-production-store-servic/736691f5beac1ff1,RequestCountPerTarget,2026-08-11T18:00:00Z,2026-08-11T19:00:00Z,107846
app/bodegaai-production-alb/31b69d3d76ab5ed1,targetgroup/bodegaai-production-store-servic/736691f5beac1ff1,RequestCountPerTarget,2026-08-11T19:00:00Z,2026-08-11T20:00:00Z,99251.5
app/bodegaai-production-alb/31b69d3d76ab5ed1,targetgroup/bodegaai-production-store-servic/736691f5beac1ff1,RequestCountPerTarget,2026-08-11T20:00:00Z,2026-08-11T21:00:00Z,103047
app/bodegaai-production-alb/31b69d3d76ab5ed1,targetgroup/bodegaai-production-store-servic/736691f5beac1ff1,RequestCountPerTarget,2026-08-11T21:00:00Z,2026-08-11T22:00:00Z,102097.5
app/bodegaai-production-alb/31b69d3d76ab5ed1,targetgroup/bodegaai-production-store-servic/736691f5beac1ff1,RequestCountPerTarget,2026-08-11T22:00:00Z,2026-08-11T23:00:00Z,98630.5
app/bodegaai-production-alb/31b69d3d76ab5ed1,targetgroup/bodegaai-production-store-servic/736691f5beac1ff1,RequestCountPerTarget,2026-08-11T23:00:00Z,2026-08-12T00:00:00Z,93925.5
app/bodegaai-production-alb/31b69d3d76ab5ed1,targetgroup/bodegaai-production-store-servic/736691f5beac1ff1,RequestCountPerTarget,2026-08-12T00:00:00Z,2026-08-12T01:00:00Z,94968
app/bodegaai-production-alb/31b69d3d76ab5ed1,targetgroup/bodegaai-production-store-servic/736691f5beac1ff1,RequestCountPerTarget,2026-08-12T01:00:00Z,2026-08-12T02:00:00Z,94696
app/bodegaai-production-alb/31b69d3d76ab5ed1,targetgroup/bodegaai-production-store-servic/736691f5beac1ff1,RequestCountPerTarget,2026-08-12T02:00:00Z,2026-08-12T03:00:00Z,89467
app/bodegaai-production-alb/31b69d3d76ab5ed1,targetgroup/bodegaai-production-store-servic/736691f5beac1ff1,RequestCountPerTarget,2026-08-12T03:00:00Z,2026-08-12T04:00:00Z,84723.5
app/bodegaai-production-alb/31b69d3d76ab5ed1,targetgroup/bodegaai-production-store-servic/736691f5beac1ff1,RequestCountPerTarget,2026-08-12T04:00:00Z,2026-08-12T05:00:00Z,83066.5
app/bodegaai-production-alb/31b69d3d76ab5ed1,targetgroup/bodegaai-production-store-servic/736691f5beac1ff1,RequestCountPerTarget,2026-08-12T05:00:00Z,2026-08-12T06:00:00Z,84438.5
app/bodegaai-production-alb/31b69d3d76ab5ed1,targetgroup/bodegaai-production-store-servic/736691f5beac1ff1,RequestCountPerTarget,2026-08-12T06:00:00Z,2026-08-12T07:00:00Z,85665.5
app/bodegaai-production-alb/31b69d3d76ab5ed1,targetgroup/bodegaai-production-store-servic/736691f5beac1ff1,RequestCountPerTarget,2026-08-12T07:00:00Z,2026-08-12T08:00:00Z,85539
app/bodegaai-production-alb/31b69d3d76ab5ed1,targetgroup/bodegaai-production-store-servic/736691f5beac1ff1,RequestCountPerTarget,2026-08-12T08:00:00Z,2026-08-12T09:00:00Z,85256.5
app/bodegaai-production-alb/31b69d3d76ab5ed1,targetgroup/bodegaai-production-store-servic/736691f5beac1ff1,RequestCountPerTarget,2026-08-12T09:00:00Z,2026-08-12T10:00:00Z,88352
app/bodegaai-production-alb/31b69d3d76ab5ed1,targetgroup/bodegaai-production-store-servic/736691f5beac1ff1,RequestCountPerTarget,2026-08-12T10:00:00Z,2026-08-12T11:00:00Z,87706
app/bodegaai-production-alb/31b69d3d76ab5ed1,targetgroup/bodegaai-production-store-servic/736691f5beac1ff1,RequestCountPerTarget,2026-08-12T11:00:00Z,2026-08-12T12:00:00Z,94212
app/bodegaai-production-alb/31b69d3d76ab5ed1,targetgroup/bodegaai-production-store-servic/736691f5beac1ff1,RequestCountPerTarget,2026-08-12T12:00:00Z,2026-08-12T13:00:00Z,96511
app/bodegaai-production-alb/31b69d3d76ab5ed1,targetgroup/bodegaai-production-store-servic/736691f5beac1ff1,RequestCountPerTarget,2026-08-12T13:00:00Z,2026-08-12T14:00:00Z,101407.5
app/bodegaai-production-alb/31b69d3d76ab5ed1,targetgroup/bodegaai-production-store-servic/736691f5beac1ff1,RequestCountPerTarget,2026-08-12T14:00:00Z,2026-08-12T15:00:00Z,101865.666664
app/bodegaai-production-alb/31b69d3d76ab5ed1,targetgroup/bodegaai-production-store-servic/736691f5beac1ff1,RequestCountPerTarget,2026-08-12T15:00:00Z,2026-08-12T16:00:00Z,107841.5
app/bodegaai-production-alb/31b69d3d76ab5ed1,targetgroup/bodegaai-production-store-servic/736691f5beac1ff1,RequestCountPerTarget,2026-08-12T16:00:00Z,2026-08-12T17:00:00Z,110251.5
app/bodegaai-production-alb/31b69d3d76ab5ed1,targetgroup/bodegaai-production-store-servic/736691f5beac1ff1,RequestCountPerTarget,2026-08-12T17:00:00Z,2026-08-12T18:00:00Z,111912
app/bodegaai-production-alb/31b69d3d76ab5ed1,targetgroup/bodegaai-production-store-servic/736691f5beac1ff1,RequestCountPerTarget,2026-08-12T18:00:00Z,2026-08-12T19:00:00Z,113375.5
app/bodegaai-production-alb/31b69d3d76ab5ed1,targetgroup/bodegaai-production-store-servic/736691f5beac1ff1,RequestCountPerTarget,2026-08-12T19:00:00Z,2026-08-12T20:00:00Z,115118
app/bodegaai-production-alb/31b69d3d76ab5ed1,targetgroup/bodegaai-production-store-servic/736691f5beac1ff1,RequestCountPerTarget,2026-08-12T20:00:00Z,2026-08-12T21:00:00Z,112462.5
app/bodegaai-production-alb/31b69d3d76ab5ed1,targetgroup/bodegaai-production-store-servic/736691f5beac1ff1,RequestCountPerTarget,2026-08-12T21:00:00Z,2026-08-12T22:00:00Z,114747
app/bodegaai-production-alb/31b69d3d76ab5ed1,targetgroup/bodegaai-production-store-servic/736691f5beac1ff1,RequestCountPerTarget,2026-08-12T22:00:00Z,2026-08-12T23:00:00Z,115061
app/bodegaai-production-alb/31b69d3d76ab5ed1,targetgroup/bodegaai-production-store-servic/736691f5beac1ff1,RequestCountPerTarget,2026-08-12T23:00:00Z,2026-08-13T00:00:00Z,113771
app/bodegaai-production-alb/31b69d3d76ab5ed1,targetgroup/bodegaai-production-store-servic/736691f5beac1ff1,RequestCountPerTarget,2026-08-13T00:00:00Z,2026-08-13T01:00:00Z,112574.5
app/bodegaai-production-alb/31b69d3d76ab5ed1,targetgroup/bodegaai-production-store-servic/736691f5beac1ff1,RequestCountPerTarget,2026-08-13T01:00:00Z,2026-08-13T02:00:00Z,108884.5
app/bodegaai-production-alb/31b69d3d76ab5ed1,targetgroup/bodegaai-production-store-servic/736691f5beac1ff1,RequestCountPerTarget,2026-08-13T02:00:00Z,2026-08-13T03:00:00Z,103897
app/bodegaai-production-alb/31b69d3d76ab5ed1,targetgroup/bodegaai-production-store-servic/736691f5beac1ff1,RequestCountPerTarget,2026-08-13T03:00:00Z,2026-08-13T04:00:00Z,97049
app/bodegaai-production-alb/31b69d3d76ab5ed1,targetgroup/bodegaai-production-store-servic/736691f5beac1ff1,RequestCountPerTarget,2026-08-13T04:00:00Z,2026-08-13T05:00:00Z,96976.5
app/bodegaai-production-alb/31b69d3d76ab5ed1,targetgroup/bodegaai-production-store-servic/736691f5beac1ff1,RequestCountPerTarget,2026-08-13T05:00:00Z,2026-08-13T06:00:00Z,95425.5
app/bodegaai-production-alb/31b69d3d76ab5ed1,targetgroup/bodegaai-production-store-servic/736691f5beac1ff1,RequestCountPerTarget,2026-08-13T06:00:00Z,2026-08-13T07:00:00Z,92910.5
app/bodegaai-production-alb/31b69d3d76ab5ed1,targetgroup/bodegaai-production-store-servic/736691f5beac1ff1,RequestCountPerTarget,2026-08-13T07:00:00Z,2026-08-13T08:00:00Z,93979
app/bodegaai-production-alb/31b69d3d76ab5ed1,targetgroup/bodegaai-production-store-servic/736691f5beac1ff1,RequestCountPerTarget,2026-08-13T08:00:00Z,2026-08-13T09:00:00Z,94020
app/bodegaai-production-alb/31b69d3d76ab5ed1,targetgroup/bodegaai-production-store-servic/736691f5beac1ff1,RequestCountPerTarget,2026-08-13T09:00:00Z,2026-08-13T10:00:00Z,95086.5
app/bodegaai-production-alb/31b69d3d76ab5ed1,targetgroup/bodegaai-production-store-servic/736691f5beac1ff1,RequestCountPerTarget,2026-08-13T10:00:00Z,2026-08-13T11:00:00Z,96491.5
app/bodegaai-production-alb/31b69d3d76ab5ed1,targetgroup/bodegaai-production-store-servic/736691f5beac1ff1,RequestCountPerTarget,2026-08-13T11:00:00Z,2026-08-13T12:00:00Z,100820.5
app/bodegaai-production-alb/31b69d3d76ab5ed1,targetgroup/bodegaai-production-store-servic/736691f5beac1ff1,RequestCountPerTarget,2026-08-13T12:00:00Z,2026-08-13T13:00:00Z,103163.5
app/bodegaai-production-alb/31b69d3d76ab5ed1,targetgroup/bodegaai-production-store-servic/736691f5beac1ff1,RequestCountPerTarget,2026-08-13T13:00:00Z,2026-08-13T14:00:00Z,105591
app/bodegaai-production-alb/31b69d3d76ab5ed1,targetgroup/bodegaai-production-store-servic/736691f5beac1ff1,RequestCountPerTarget,2026-08-13T14:00:00Z,2026-08-13T15:00:00Z,102670.5
app/bodegaai-production-alb/31b69d3d76ab5ed1,targetgroup/bodegaai-production-store-servic/736691f5beac1ff1,RequestCountPerTarget,2026-08-13T15:00:00Z,2026-08-13T16:00:00Z,104683.5
app/bodegaai-production-alb/31b69d3d76ab5ed1,targetgroup/bodegaai-production-store-servic/736691f5beac1ff1,RequestCountPerTarget,2026-08-13T16:00:00Z,2026-08-13T17:00:00Z,109039.5
app/bodegaai-production-alb/31b69d3d76ab5ed1,targetgroup/bodegaai-production-store-servic/736691f5beac1ff1,RequestCountPerTarget,2026-08-13T17:00:00Z,2026-08-13T18:00:00Z,110124.166664
app/bodegaai-production-alb/31b69d3d76ab5ed1,targetgroup/bodegaai-production-store-servic/736691f5beac1ff1,RequestCountPerTarget,2026-08-13T18:00:00Z,2026-08-13T19:00:00Z,109829
app/bodegaai-production-alb/31b69d3d76ab5ed1,targetgroup/bodegaai-production-store-servic/736691f5beac1ff1,RequestCountPerTarget,2026-08-13T19:00:00Z,2026-08-13T20:00:00Z,109272.5
app/bodegaai-production-alb/31b69d3d76ab5ed1,targetgroup/bodegaai-production-store-servic/736691f5beac1ff1,RequestCountPerTarget,2026-08-13T20:00:00Z,2026-08-13T21:00:00Z,113371.5
app/bodegaai-production-alb/31b69d3d76ab5ed1,targetgroup/bodegaai-production-store-servic/736691f5beac1ff1,RequestCountPerTarget,2026-08-13T21:00:00Z,2026-08-13T22:00:00Z,114775
app/bodegaai-production-alb/31b69d3d76ab5ed1,targetgroup/bodegaai-production-store-servic/736691f5beac1ff1,RequestCountPerTarget,2026-08-13T22:00:00Z,2026-08-13T23:00:00Z,119378.5
app/bodegaai-production-alb/31b69d3d76ab5ed1,targetgroup/bodegaai-production-store-servic/736691f5beac1ff1,RequestCountPerTarget,2026-08-13T23:00:00Z,2026-08-14T00:00:00Z,116788
app/bodegaai-production-alb/31b69d3d76ab5ed1,targetgroup/bodegaai-production-store-servic/736691f5beac1ff1,RequestCountPerTarget,2026-08-14T00:00:00Z,2026-08-14T01:00:00Z,117112.5
app/bodegaai-production-alb/31b69d3d76ab5ed1,targetgroup/bodegaai-production-store-servic/736691f5beac1ff1,RequestCountPerTarget,2026-08-14T01:00:00Z,2026-08-14T02:00:00Z,114031
app/bodegaai-production-alb/31b69d3d76ab5ed1,targetgroup/bodegaai-production-store-servic/736691f5beac1ff1,RequestCountPerTarget,2026-08-14T02:00:00Z,2026-08-14T03:00:00Z,108675
app/bodegaai-production-alb/31b69d3d76ab5ed1,targetgroup/bodegaai-production-store-servic/736691f5beac1ff1,RequestCountPerTarget,2026-08-14T03:00:00Z,2026-08-14T04:00:00Z,101888
app/bodegaai-production-alb/31b69d3d76ab5ed1,targetgroup/bodegaai-production-store-servic/736691f5beac1ff1,RequestCountPerTarget,2026-08-14T04:00:00Z,2026-08-14T05:00:00Z,97943
app/bodegaai-production-alb/31b69d3d76ab5ed1,targetgroup/bodegaai-production-store-servic/736691f5beac1ff1,RequestCountPerTarget,2026-08-14T05:00:00Z,2026-08-14T06:00:00Z,95138.5
app/bodegaai-production-alb/31b69d3d76ab5ed1,targetgroup/bodegaai-production-store-servic/736691f5beac1ff1,RequestCountPerTarget,2026-08-14T06:00:00Z,2026-08-14T07:00:00Z,95297.5
app/bodegaai-production-alb/31b69d3d76ab5ed1,targetgroup/bodegaai-production-store-servic/736691f5beac1ff1,RequestCountPerTarget,2026-08-14T07:00:00Z,2026-08-14T08:00:00Z,95456
app/bodegaai-production-alb/31b69d3d76ab5ed1,targetgroup/bodegaai-production-store-servic/736691f5beac1ff1,RequestCountPerTarget,2026-08-14T08:00:00Z,2026-08-14T09:00:00Z,96011
app/bodegaai-production-alb/31b69d3d76ab5ed1,targetgroup/bodegaai-production-store-servic/736691f5beac1ff1,RequestCountPerTarget,2026-08-14T09:00:00Z,2026-08-14T10:00:00Z,95413.5
app/bodegaai-production-alb/31b69d3d76ab5ed1,targetgroup/bodegaai-production-store-servic/736691f5beac1ff1,RequestCountPerTarget,2026-08-14T10:00:00Z,2026-08-14T11:00:00Z,98169.5
app/bodegaai-production-alb/31b69d3d76ab5ed1,targetgroup/bodegaai-production-store-servic/736691f5beac1ff1,RequestCountPerTarget,2026-08-14T11:00:00Z,2026-08-14T12:00:00Z,102145
app/bodegaai-production-alb/31b69d3d76ab5ed1,targetgroup/bodegaai-production-store-servic/736691f5beac1ff1,RequestCountPerTarget,2026-08-14T12:00:00Z,2026-08-14T13:00:00Z,100769.5
app/bodegaai-production-alb/31b69d3d76ab5ed1,targetgroup/bodegaai-production-store-servic/736691f5beac1ff1,RequestCountPerTarget,2026-08-14T13:00:00Z,2026-08-14T14:00:00Z,101803.166667
app/bodegaai-production-alb/31b69d3d76ab5ed1,targetgroup/bodegaai-production-store-servic/736691f5beac1ff1,RequestCountPerTarget,2026-08-14T14:00:00Z,2026-08-14T15:00:00Z,106910
app/bodegaai-production-alb/31b69d3d76ab5ed1,targetgroup/bodegaai-production-store-servic/736691f5beac1ff1,RequestCountPerTarget,2026-08-14T15:00:00Z,2026-08-14T16:00:00Z,119605.5
app/bodegaai-production-alb/31b69d3d76ab5ed1,targetgroup/bodegaai-production-store-servic/736691f5beac1ff1,RequestCountPerTarget,2026-08-14T16:00:00Z,2026-08-14T17:00:00Z,119953.5
app/bodegaai-production-alb/31b69d3d76ab5ed1,targetgroup/bodegaai-production-store-servic/736691f5beac1ff1,RequestCountPerTarget,2026-08-14T17:00:00Z,2026-08-14T18:00:00Z,117228.583332
app/bodegaai-production-alb/31b69d3d76ab5ed1,targetgroup/bodegaai-production-store-servic/736691f5beac1ff1,RequestCountPerTarget,2026-08-14T18:00:00Z,2026-08-14T19:00:00Z,122813.333331
app/bodegaai-production-alb/31b69d3d76ab5ed1,targetgroup/bodegaai-production-store-servic/736691f5beac1ff1,RequestCountPerTarget,2026-08-14T19:00:00Z,2026-08-14T20:00:00Z,123877.5
app/bodegaai-production-alb/31b69d3d76ab5ed1,targetgroup/bodegaai-production-store-servic/736691f5beac1ff1,RequestCountPerTarget,2026-08-14T20:00:00Z,2026-08-14T21:00:00Z,125396
app/bodegaai-production-alb/31b69d3d76ab5ed1,targetgroup/bodegaai-production-store-servic/736691f5beac1ff1,RequestCountPerTarget,2026-08-14T21:00:00Z,2026-08-14T22:00:00Z,125684
app/bodegaai-production-alb/31b69d3d76ab5ed1,targetgroup/bodegaai-production-store-servic/736691f5beac1ff1,RequestCountPerTarget,2026-08-14T22:00:00Z,2026-08-14T23:00:00Z,122708.5
app/bodegaai-production-alb/31b69d3d76ab5ed1,targetgroup/bodegaai-production-store-servic/736691f5beac1ff1,RequestCountPerTarget,2026-08-14T23:00:00Z,2026-08-15T00:00:00Z,119443.5
app/bodegaai-production-alb/31b69d3d76ab5ed1,targetgroup/bodegaai-production-store-servic/736691f5beac1ff1,RequestCountPerTarget,2026-08-15T00:00:00Z,2026-08-15T01:00:00Z,121250
app/bodegaai-production-alb/31b69d3d76ab5ed1,targetgroup/bodegaai-production-store-servic/736691f5beac1ff1,RequestCountPerTarget,2026-08-15T01:00:00Z,2026-08-15T02:00:00Z,113864.5
app/bodegaai-production-alb/31b69d3d76ab5ed1,targetgroup/bodegaai-production-store-servic/736691f5beac1ff1,RequestCountPerTarget,2026-08-15T02:00:00Z,2026-08-15T03:00:00Z,108686.5
app/bodegaai-production-alb/31b69d3d76ab5ed1,targetgroup/bodegaai-production-store-servic/736691f5beac1ff1,RequestCountPerTarget,2026-08-15T03:00:00Z,2026-08-15T04:00:00Z,102172.5
app/bodegaai-production-alb/31b69d3d76ab5ed1,targetgroup/bodegaai-production-store-servic/736691f5beac1ff1,RequestCountPerTarget,2026-08-15T04:00:00Z,2026-08-15T05:00:00Z,97910
app/bodegaai-production-alb/31b69d3d76ab5ed1,targetgroup/bodegaai-production-store-servic/736691f5beac1ff1,RequestCountPerTarget,2026-08-15T05:00:00Z,2026-08-15T06:00:00Z,95895.5
app/bodegaai-production-alb/31b69d3d76ab5ed1,targetgroup/bodegaai-production-store-servic/736691f5beac1ff1,RequestCountPerTarget,2026-08-15T06:00:00Z,2026-08-15T07:00:00Z,93181
app/bodegaai-production-alb/31b69d3d76ab5ed1,targetgroup/bodegaai-production-store-servic/736691f5beac1ff1,RequestCountPerTarget,2026-08-15T07:00:00Z,2026-08-15T08:00:00Z,89534
app/bodegaai-production-alb/31b69d3d76ab5ed1,targetgroup/bodegaai-production-store-servic/736691f5beac1ff1,RequestCountPerTarget,2026-08-15T08:00:00Z,2026-08-15T09:00:00Z,89088
app/bodegaai-production-alb/31b69d3d76ab5ed1,targetgroup/bodegaai-production-store-servic/736691f5beac1ff1,RequestCountPerTarget,2026-08-15T09:00:00Z,2026-08-15T10:00:00Z,89157.5
app/bodegaai-production-alb/31b69d3d76ab5ed1,targetgroup/bodegaai-production-store-servic/736691f5beac1ff1,RequestCountPerTarget,2026-08-15T10:00:00Z,2026-08-15T11:00:00Z,88859
app/bodegaai-production-alb/31b69d3d76ab5ed1,targetgroup/bodegaai-production-store-servic/736691f5beac1ff1,RequestCountPerTarget,2026-08-15T11:00:00Z,2026-08-15T12:00:00Z,98423
app/bodegaai-production-alb/31b69d3d76ab5ed1,targetgroup/bodegaai-production-store-servic/736691f5beac1ff1,RequestCountPerTarget,2026-08-15T12:00:00Z,2026-08-15T13:00:00Z,104494.5
app/bodegaai-production-alb/31b69d3d76ab5ed1,targetgroup/bodegaai-production-store-servic/736691f5beac1ff1,RequestCountPerTarget,2026-08-15T13:00:00Z,2026-08-15T14:00:00Z,108767
app/bodegaai-production-alb/31b69d3d76ab5ed1,targetgroup/bodegaai-production-store-servic/736691f5beac1ff1,RequestCountPerTarget,2026-08-15T14:00:00Z,2026-08-15T15:00:00Z,113618
app/bodegaai-production-alb/31b69d3d76ab5ed1,targetgroup/bodegaai-production-store-servic/736691f5beac1ff1,RequestCountPerTarget,2026-08-15T15:00:00Z,2026-08-15T16:00:00Z,113383
app/bodegaai-production-alb/31b69d3d76ab5ed1,targetgroup/bodegaai-production-store-servic/736691f5beac1ff1,RequestCountPerTarget,2026-08-15T16:00:00Z,2026-08-15T17:00:00Z,116589.5
app/bodegaai-production-alb/31b69d3d76ab5ed1,targetgroup/bodegaai-production-store-servic/736691f5beac1ff1,RequestCountPerTarget,2026-08-15T17:00:00Z,2026-08-15T18:00:00Z,116509
app/bodegaai-production-alb/31b69d3d76ab5ed1,targetgroup/bodegaai-production-store-servic/736691f5beac1ff1,RequestCountPerTarget,2026-08-15T18:00:00Z,2026-08-15T19:00:00Z,120654.5
app/bodegaai-production-alb/31b69d3d76ab5ed1,targetgroup/bodegaai-production-store-servic/736691f5beac1ff1,RequestCountPerTarget,2026-08-15T19:00:00Z,2026-08-15T20:00:00Z,123174.5
app/bodegaai-production-alb/31b69d3d76ab5ed1,targetgroup/bodegaai-production-store-servic/736691f5beac1ff1,RequestCountPerTarget,2026-08-15T20:00:00Z,2026-08-15T21:00:00Z,122464.5
app/bodegaai-production-alb/31b69d3d76ab5ed1,targetgroup/bodegaai-production-store-servic/736691f5beac1ff1,RequestCountPerTarget,2026-08-15T21:00:00Z,2026-08-15T22:00:00Z,122752
app/bodegaai-production-alb/31b69d3d76ab5ed1,targetgroup/bodegaai-production-store-servic/736691f5beac1ff1,RequestCountPerTarget,2026-08-15T22:00:00Z,2026-08-15T23:00:00Z,121286
app/bodegaai-production-alb/31b69d3d76ab5ed1,targetgroup/bodegaai-production-store-servic/736691f5beac1ff1,RequestCountPerTarget,2026-08-15T23:00:00Z,2026-08-16T00:00:00Z,121600.5
app/bodegaai-production-alb/31b69d3d76ab5ed1,targetgroup/bodegaai-production-store-servic/736691f5beac1ff1,RequestCountPerTarget,2026-08-16T00:00:00Z,2026-08-16T01:00:00Z,122864.5
app/bodegaai-production-alb/31b69d3d76ab5ed1,targetgroup/bodegaai-production-store-servic/736691f5beac1ff1,RequestCountPerTarget,2026-08-16T01:00:00Z,2026-08-16T02:00:00Z,119251
app/bodegaai-production-alb/31b69d3d76ab5ed1,targetgroup/bodegaai-production-store-servic/736691f5beac1ff1,RequestCountPerTarget,2026-08-16T02:00:00Z,2026-08-16T03:00:00Z,114326.5
app/bodegaai-production-alb/31b69d3d76ab5ed1,targetgroup/bodegaai-production-store-servic/736691f5beac1ff1,RequestCountPerTarget,2026-08-16T03:00:00Z,2026-08-16T04:00:00Z,108492
app/bodegaai-production-alb/31b69d3d76ab5ed1,targetgroup/bodegaai-production-store-servic/736691f5beac1ff1,RequestCountPerTarget,2026-08-16T04:00:00Z,2026-08-16T05:00:00Z,105847
app/bodegaai-production-alb/31b69d3d76ab5ed1,targetgroup/bodegaai-production-store-servic/736691f5beac1ff1,RequestCountPerTarget,2026-08-16T05:00:00Z,2026-08-16T06:00:00Z,104510
app/bodegaai-production-alb/31b69d3d76ab5ed1,targetgroup/bodegaai-production-store-servic/736691f5beac1ff1,RequestCountPerTarget,2026-08-16T06:00:00Z,2026-08-16T07:00:00Z,103544.5
app/bodegaai-production-alb/31b69d3d76ab5ed1,targetgroup/bodegaai-production-store-servic/736691f5beac1ff1,RequestCountPerTarget,2026-08-16T07:00:00Z,2026-08-16T08:00:00Z,98484
app/bodegaai-production-alb/31b69d3d76ab5ed1,targetgroup/bodegaai-production-store-servic/736691f5beac1ff1,RequestCountPerTarget,2026-08-16T08:00:00Z,2026-08-16T09:00:00Z,98074.5
app/bodegaai-production-alb/31b69d3d76ab5ed1,targetgroup/bodegaai-production-store-servic/736691f5beac1ff1,RequestCountPerTarget,2026-08-16T09:00:00Z,2026-08-16T10:00:00Z,97704.5
app/bodegaai-production-alb/31b69d3d76ab5ed1,targetgroup/bodegaai-production-store-servic/736691f5beac1ff1,RequestCountPerTarget,2026-08-16T10:00:00Z,2026-08-16T11:00:00Z,96813
app/bodegaai-production-alb/31b69d3d76ab5ed1,targetgroup/bodegaai-production-store-servic/736691f5beac1ff1,RequestCountPerTarget,2026-08-16T11:00:00Z,2026-08-16T12:00:00Z,99535
app/bodegaai-production-alb/31b69d3d76ab5ed1,targetgroup/bodegaai-production-store-servic/736691f5beac1ff1,RequestCountPerTarget,2026-08-16T12:00:00Z,2026-08-16T13:00:00Z,102121.5
app/bodegaai-production-alb/31b69d3d76ab5ed1,targetgroup/bodegaai-production-store-servic/736691f5beac1ff1,RequestCountPerTarget,2026-08-16T13:00:00Z,2026-08-16T14:00:00Z,106675.5
app/bodegaai-production-alb/31b69d3d76ab5ed1,targetgroup/bodegaai-production-store-servic/736691f5beac1ff1,RequestCountPerTarget,2026-08-16T14:00:00Z,2026-08-16T15:00:00Z,111952.5
app/bodegaai-production-alb/31b69d3d76ab5ed1,targetgroup/bodegaai-production-store-servic/736691f5beac1ff1,RequestCountPerTarget,2026-08-16T15:00:00Z,2026-08-16T16:00:00Z,111845.5
app/bodegaai-production-alb/31b69d3d76ab5ed1,targetgroup/bodegaai-production-store-servic/736691f5beac1ff1,RequestCountPerTarget,2026-08-16T16:00:00Z,2026-08-16T17:00:00Z,112534
app/bodegaai-production-alb/31b69d3d76ab5ed1,targetgroup/bodegaai-production-store-servic/736691f5beac1ff1,RequestCountPerTarget,2026-08-16T17:00:00Z,2026-08-16T18:00:00Z,109062.99999
app/bodegaai-production-alb/31b69d3d76ab5ed1,targetgroup/bodegaai-production-store-servic/736691f5beac1ff1,RequestCountPerTarget,2026-08-16T18:00:00Z,2026-08-16T19:00:00Z,116227
app/bodegaai-production-alb/31b69d3d76ab5ed1,targetgroup/bodegaai-production-store-servic/736691f5beac1ff1,RequestCountPerTarget,2026-08-16T19:00:00Z,2026-08-16T20:00:00Z,114844
app/bodegaai-production-alb/31b69d3d76ab5ed1,targetgroup/bodegaai-production-store-servic/736691f5beac1ff1,RequestCountPerTarget,2026-08-16T20:00:00Z,2026-08-16T21:00:00Z,116583.5
app/bodegaai-production-alb/31b69d3d76ab5ed1,targetgroup/bodegaai-production-store-servic/736691f5beac1ff1,RequestCountPerTarget,2026-08-16T21:00:00Z,2026-08-16T22:00:00Z,118214
app/bodegaai-production-alb/31b69d3d76ab5ed1,targetgroup/bodegaai-production-store-servic/736691f5beac1ff1,RequestCountPerTarget,2026-08-16T22:00:00Z,2026-08-16T23:00:00Z,117091
app/bodegaai-production-alb/31b69d3d76ab5ed1,targetgroup/bodegaai-production-store-servic/736691f5beac1ff1,RequestCountPerTarget,2026-08-16T23:00:00Z,2026-08-17T00:00:00Z,116765
app/bodegaai-production-alb/31b69d3d76ab5ed1,targetgroup/bodegaai-production-store-servic/736691f5beac1ff1,RequestCountPerTarget,2026-08-17T00:00:00Z,2026-08-17T01:00:00Z,113893.5
app/bodegaai-production-alb/31b69d3d76ab5ed1,targetgroup/bodegaai-production-store-servic/736691f5beac1ff1,RequestCountPerTarget,2026-08-17T01:00:00Z,2026-08-17T02:00:00Z,110323.5
app/bodegaai-production-alb/31b69d3d76ab5ed1,targetgroup/bodegaai-production-store-servic/736691f5beac1ff1,RequestCountPerTarget,2026-08-17T02:00:00Z,2026-08-17T03:00:00Z,107713
app/bodegaai-production-alb/31b69d3d76ab5ed1,targetgroup/bodegaai-production-store-servic/736691f5beac1ff1,RequestCountPerTarget,2026-08-17T03:00:00Z,2026-08-17T04:00:00Z,102362
app/bodegaai-production-alb/31b69d3d76ab5ed1,targetgroup/bodegaai-production-store-servic/736691f5beac1ff1,RequestCountPerTarget,2026-08-17T04:00:00Z,2026-08-17T05:00:00Z,99854
app/bodegaai-production-alb/31b69d3d76ab5ed1,targetgroup/bodegaai-production-store-servic/736691f5beac1ff1,RequestCountPerTarget,2026-08-17T05:00:00Z,2026-08-17T06:00:00Z,97788
app/bodegaai-production-alb/31b69d3d76ab5ed1,targetgroup/bodegaai-production-store-servic/736691f5beac1ff1,RequestCountPerTarget,2026-08-17T06:00:00Z,2026-08-17T07:00:00Z,97656.5
app/bodegaai-production-alb/31b69d3d76ab5ed1,targetgroup/bodegaai-production-store-servic/736691f5beac1ff1,RequestCountPerTarget,2026-08-17T07:00:00Z,2026-08-17T08:00:00Z,97516
app/bodegaai-production-alb/31b69d3d76ab5ed1,targetgroup/bodegaai-production-store-servic/736691f5beac1ff1,RequestCountPerTarget,2026-08-17T08:00:00Z,2026-08-17T09:00:00Z,97026
app/bodegaai-production-alb/31b69d3d76ab5ed1,targetgroup/bodegaai-production-store-servic/736691f5beac1ff1,RequestCountPerTarget,2026-08-17T09:00:00Z,2026-08-17T10:00:00Z,98146.5
app/bodegaai-production-alb/31b69d3d76ab5ed1,targetgroup/bodegaai-production-store-servic/736691f5beac1ff1,RequestCountPerTarget,2026-08-17T10:00:00Z,2026-08-17T11:00:00Z,99036.5
app/bodegaai-production-alb/31b69d3d76ab5ed1,targetgroup/bodegaai-production-store-servic/736691f5beac1ff1,RequestCountPerTarget,2026-08-17T11:00:00Z,2026-08-17T12:00:00Z,101714
app/bodegaai-production-alb/31b69d3d76ab5ed1,targetgroup/bodegaai-production-store-servic/736691f5beac1ff1,RequestCountPerTarget,2026-08-17T12:00:00Z,2026-08-17T13:00:00Z,101674
app/bodegaai-production-alb/31b69d3d76ab5ed1,targetgroup/bodegaai-production-store-servic/736691f5beac1ff1,RequestCountPerTarget,2026-08-17T13:00:00Z,2026-08-17T14:00:00Z,106729.5
app/bodegaai-production-alb/31b69d3d76ab5ed1,targetgroup/bodegaai-production-store-servic/736691f5beac1ff1,RequestCountPerTarget,2026-08-17T14:00:00Z,2026-08-17T15:00:00Z,110827.5
app/bodegaai-production-alb/31b69d3d76ab5ed1,targetgroup/bodegaai-production-store-servic/736691f5beac1ff1,RequestCountPerTarget,2026-08-17T15:00:00Z,2026-08-17T16:00:00Z,110894
app/bodegaai-production-alb/31b69d3d76ab5ed1,targetgroup/bodegaai-production-store-servic/736691f5beac1ff1,RequestCountPerTarget,2026-08-17T16:00:00Z,2026-08-17T17:00:00Z,112929.5
app/bodegaai-production-alb/31b69d3d76ab5ed1,targetgroup/bodegaai-production-store-servic/736691f5beac1ff1,RequestCountPerTarget,2026-08-17T17:00:00Z,2026-08-17T18:00:00Z,113495.5
app/bodegaai-production-alb/31b69d3d76ab5ed1,targetgroup/bodegaai-production-store-servic/736691f5beac1ff1,RequestCountPerTarget,2026-08-17T18:00:00Z,2026-08-17T19:00:00Z,113958.916665
app/bodegaai-production-alb/31b69d3d76ab5ed1,targetgroup/bodegaai-production-store-servic/736691f5beac1ff1,RequestCountPerTarget,2026-08-17T19:00:00Z,2026-08-17T20:00:00Z,116533.499997
app/bodegaai-production-alb/31b69d3d76ab5ed1,targetgroup/bodegaai-production-store-servic/736691f5beac1ff1,RequestCountPerTarget,2026-08-17T20:00:00Z,2026-08-17T21:00:00Z,118558
app/bodegaai-production-alb/31b69d3d76ab5ed1,targetgroup/bodegaai-production-store-servic/736691f5beac1ff1,RequestCountPerTarget,2026-08-17T21:00:00Z,2026-08-17T22:00:00Z,117473.5
app/bodegaai-production-alb/31b69d3d76ab5ed1,targetgroup/bodegaai-production-store-servic/736691f5beac1ff1,RequestCountPerTarget,2026-08-17T22:00:00Z,2026-08-17T23:00:00Z,117152
app/bodegaai-production-alb/31b69d3d76ab5ed1,targetgroup/bodegaai-production-store-servic/736691f5beac1ff1,RequestCountPerTarget,2026-08-17T23:00:00Z,2026-08-18T00:00:00Z,116269.5
app/bodegaai-production-alb/31b69d3d76ab5ed1,targetgroup/bodegaai-production-store-servic/736691f5beac1ff1,RequestCountPerTarget,2026-08-18T00:00:00Z,2026-08-18T01:00:00Z,114725
app/bodegaai-production-alb/31b69d3d76ab5ed1,targetgroup/bodegaai-production-store-servic/736691f5beac1ff1,RequestCountPerTarget,2026-08-18T01:00:00Z,2026-08-18T02:00:00Z,111986.5
app/bodegaai-production-alb/31b69d3d76ab5ed1,targetgroup/bodegaai-production-store-servic/736691f5beac1ff1,RequestCountPerTarget,2026-08-18T02:00:00Z,2026-08-18T03:00:00Z,108877.5
app/bodegaai-production-alb/31b69d3d76ab5ed1,targetgroup/bodegaai-production-store-servic/736691f5beac1ff1,RequestCountPerTarget,2026-08-18T03:00:00Z,2026-08-18T04:00:00Z,104619.5
app/bodegaai-production-alb/31b69d3d76ab5ed1,targetgroup/bodegaai-production-store-servic/736691f5beac1ff1,RequestCountPerTarget,2026-08-18T04:00:00Z,2026-08-18T05:00:00Z,101445.5
app/bodegaai-production-alb/31b69d3d76ab5ed1,targetgroup/bodegaai-production-store-servic/736691f5beac1ff1,RequestCountPerTarget,2026-08-18T05:00:00Z,2026-08-18T06:00:00Z,100752.5
app/bodegaai-production-alb/31b69d3d76ab5ed1,targetgroup/bodegaai-production-store-servic/736691f5beac1ff1,RequestCountPerTarget,2026-08-18T06:00:00Z,2026-08-18T07:00:00Z,99247.5
app/bodegaai-production-alb/31b69d3d76ab5ed1,targetgroup/bodegaai-production-store-servic/736691f5beac1ff1,RequestCountPerTarget,2026-08-18T07:00:00Z,2026-08-18T08:00:00Z,99255.5
app/bodegaai-production-alb/31b69d3d76ab5ed1,targetgroup/bodegaai-production-store-servic/736691f5beac1ff1,RequestCountPerTarget,2026-08-18T08:00:00Z,2026-08-18T09:00:00Z,98527.5
app/bodegaai-production-alb/31b69d3d76ab5ed1,targetgroup/bodegaai-production-store-servic/736691f5beac1ff1,RequestCountPerTarget,2026-08-18T09:00:00Z,2026-08-18T10:00:00Z,99017.5
app/bodegaai-production-alb/31b69d3d76ab5ed1,targetgroup/bodegaai-production-store-servic/736691f5beac1ff1,RequestCountPerTarget,2026-08-18T10:00:00Z,2026-08-18T11:00:00Z,98871
app/bodegaai-production-alb/31b69d3d76ab5ed1,targetgroup/bodegaai-production-store-servic/736691f5beac1ff1,RequestCountPerTarget,2026-08-18T11:00:00Z,2026-08-18T12:00:00Z,105147.5
app/bodegaai-production-alb/31b69d3d76ab5ed1,targetgroup/bodegaai-production-store-servic/736691f5beac1ff1,RequestCountPerTarget,2026-08-18T12:00:00Z,2026-08-18T13:00:00Z,106706.5
app/bodegaai-production-alb/31b69d3d76ab5ed1,targetgroup/bodegaai-production-store-servic/736691f5beac1ff1,RequestCountPerTarget,2026-08-18T13:00:00Z,2026-08-18T14:00:00Z,108460.5
app/bodegaai-production-alb/31b69d3d76ab5ed1,targetgroup/bodegaai-production-store-servic/736691f5beac1ff1,RequestCountPerTarget,2026-08-18T14:00:00Z,2026-08-18T15:00:00Z,110764.5
app/bodegaai-production-alb/31b69d3d76ab5ed1,targetgroup/bodegaai-production-store-servic/736691f5beac1ff1,RequestCountPerTarget,2026-08-18T15:00:00Z,2026-08-18T16:00:00Z,112251
app/bodegaai-production-alb/31b69d3d76ab5ed1,targetgroup/bodegaai-production-store-servic/736691f5beac1ff1,RequestCountPerTarget,2026-08-18T16:00:00Z,2026-08-18T17:00:00Z,113712
app/bodegaai-production-alb/31b69d3d76ab5ed1,targetgroup/bodegaai-production-store-servic/736691f5beac1ff1,RequestCountPerTarget,2026-08-18T17:00:00Z,2026-08-18T18:00:00Z,115368.5
app/bodegaai-production-alb/31b69d3d76ab5ed1,targetgroup/bodegaai-production-store-servic/736691f5beac1ff1,RequestCountPerTarget,2026-08-18T18:00:00Z,2026-08-18T19:00:00Z,114709
app/bodegaai-production-alb/31b69d3d76ab5ed1,targetgroup/bodegaai-production-store-servic/736691f5beac1ff1,RequestCountPerTarget,2026-08-18T19:00:00Z,2026-08-18T20:00:00Z,114470
app/bodegaai-production-alb/31b69d3d76ab5ed1,targetgroup/bodegaai-production-store-servic/736691f5beac1ff1,RequestCountPerTarget,2026-08-18T20:00:00Z,2026-08-18T21:00:00Z,113975.5
app/bodegaai-production-alb/31b69d3d76ab5ed1,targetgroup/bodegaai-production-store-servic/736691f5beac1ff1,RequestCountPerTarget,2026-08-18T21:00:00Z,2026-08-18T22:00:00Z,117810
app/bodegaai-production-alb/31b69d3d76ab5ed1,targetgroup/bodegaai-production-store-servic/736691f5beac1ff1,RequestCountPerTarget,2026-08-18T22:00:00Z,2026-08-18T23:00:00Z,115351.5
app/bodegaai-production-alb/31b69d3d76ab5ed1,targetgroup/bodegaai-production-store-servic/736691f5beac1ff1,RequestCountPerTarget,2026-08-18T23:00:00Z,2026-08-19T00:00:00Z,114496
app/bodegaai-production-alb/31b69d3d76ab5ed1,targetgroup/bodegaai-production-store-servic/736691f5beac1ff1,RequestCountPerTarget,2026-08-19T00:00:00Z,2026-08-19T01:00:00Z,113773.5
app/bodegaai-production-alb/31b69d3d76ab5ed1,targetgroup/bodegaai-production-store-servic/736691f5beac1ff1,RequestCountPerTarget,2026-08-19T01:00:00Z,2026-08-19T02:00:00Z,109922
app/bodegaai-production-alb/31b69d3d76ab5ed1,targetgroup/bodegaai-production-store-servic/736691f5beac1ff1,RequestCountPerTarget,2026-08-19T02:00:00Z,2026-08-19T03:00:00Z,105940.5
app/bodegaai-production-alb/31b69d3d76ab5ed1,targetgroup/bodegaai-production-store-servic/736691f5beac1ff1,RequestCountPerTarget,2026-08-19T03:00:00Z,2026-08-19T04:00:00Z,100229.5
app/bodegaai-production-alb/31b69d3d76ab5ed1,targetgroup/bodegaai-production-store-servic/736691f5beac1ff1,RequestCountPerTarget,2026-08-19T04:00:00Z,2026-08-19T05:00:00Z,98021
app/bodegaai-production-alb/31b69d3d76ab5ed1,targetgroup/bodegaai-production-store-servic/736691f5beac1ff1,RequestCountPerTarget,2026-08-19T05:00:00Z,2026-08-19T06:00:00Z,96411
app/bodegaai-production-alb/31b69d3d76ab5ed1,targetgroup/bodegaai-production-store-servic/736691f5beac1ff1,RequestCountPerTarget,2026-08-19T06:00:00Z,2026-08-19T07:00:00Z,94881.5
app/bodegaai-production-alb/31b69d3d76ab5ed1,targetgroup/bodegaai-production-store-servic/736691f5beac1ff1,RequestCountPerTarget,2026-08-19T07:00:00Z,2026-08-19T08:00:00Z,94205.5
app/bodegaai-production-alb/31b69d3d76ab5ed1,targetgroup/bodegaai-production-store-servic/736691f5beac1ff1,RequestCountPerTarget,2026-08-19T08:00:00Z,2026-08-19T09:00:00Z,93600
app/bodegaai-production-alb/31b69d3d76ab5ed1,targetgroup/bodegaai-production-store-servic/736691f5beac1ff1,RequestCountPerTarget,2026-08-19T09:00:00Z,2026-08-19T10:00:00Z,95329.5
app/bodegaai-production-alb/31b69d3d76ab5ed1,targetgroup/bodegaai-production-store-servic/736691f5beac1ff1,RequestCountPerTarget,2026-08-19T10:00:00Z,2026-08-19T11:00:00Z,98180
app/bodegaai-production-alb/31b69d3d76ab5ed1,targetgroup/bodegaai-production-store-servic/736691f5beac1ff1,RequestCountPerTarget,2026-08-19T11:00:00Z,2026-08-19T12:00:00Z,102209.5
app/bodegaai-production-alb/31b69d3d76ab5ed1,targetgroup/bodegaai-production-store-servic/736691f5beac1ff1,RequestCountPerTarget,2026-08-19T12:00:00Z,2026-08-19T13:00:00Z,103880.5
app/bodegaai-production-alb/31b69d3d76ab5ed1,targetgroup/bodegaai-production-store-servic/736691f5beac1ff1,RequestCountPerTarget,2026-08-19T13:00:00Z,2026-08-19T14:00:00Z,106770
app/bodegaai-production-alb/31b69d3d76ab5ed1,targetgroup/bodegaai-production-store-servic/736691f5beac1ff1,RequestCountPerTarget,2026-08-19T14:00:00Z,2026-08-19T15:00:00Z,112231
app/bodegaai-production-alb/31b69d3d76ab5ed1,targetgroup/bodegaai-production-store-servic/736691f5beac1ff1,RequestCountPerTarget,2026-08-19T15:00:00Z,2026-08-19T16:00:00Z,113434.5
app/bodegaai-production-alb/31b69d3d76ab5ed1,targetgroup/bodegaai-production-store-servic/736691f5beac1ff1,RequestCountPerTarget,2026-08-19T16:00:00Z,2026-08-19T17:00:00Z,115207
app/bodegaai-production-alb/31b69d3d76ab5ed1,targetgroup/bodegaai-production-store-servic/736691f5beac1ff1,RequestCountPerTarget,2026-08-19T17:00:00Z,2026-08-19T18:00:00Z,113399.249999
app/bodegaai-production-alb/31b69d3d76ab5ed1,targetgroup/bodegaai-production-store-servic/736691f5beac1ff1,RequestCountPerTarget,2026-08-19T18:00:00Z,2026-08-19T19:00:00Z,115153.666668
app/bodegaai-production-alb/31b69d3d76ab5ed1,targetgroup/bodegaai-production-store-servic/736691f5beac1ff1,RequestCountPerTarget,2026-08-19T19:00:00Z,2026-08-19T20:00:00Z,116781
app/bodegaai-production-alb/31b69d3d76ab5ed1,targetgroup/bodegaai-production-store-servic/736691f5beac1ff1,RequestCountPerTarget,2026-08-19T20:00:00Z,2026-08-19T21:00:00Z,116075.5
app/bodegaai-production-alb/31b69d3d76ab5ed1,targetgroup/bodegaai-production-store-servic/736691f5beac1ff1,RequestCountPerTarget,2026-08-19T21:00:00Z,2026-08-19T22:00:00Z,121650.5
app/bodegaai-production-alb/31b69d3d76ab5ed1,targetgroup/bodegaai-production-store-servic/736691f5beac1ff1,RequestCountPerTarget,2026-08-19T22:00:00Z,2026-08-19T23:00:00Z,122445
app/bodegaai-production-alb/31b69d3d76ab5ed1,targetgroup/bodegaai-production-store-servic/736691f5beac1ff1,RequestCountPerTarget,2026-08-19T23:00:00Z,2026-08-20T00:00:00Z,121424.5
app/bodegaai-production-alb/31b69d3d76ab5ed1,targetgroup/bodegaai-production-store-servic/736691f5beac1ff1,RequestCountPerTarget,2026-08-20T00:00:00Z,2026-08-20T01:00:00Z,120491.5
app/bodegaai-production-alb/31b69d3d76ab5ed1,targetgroup/bodegaai-production-store-servic/736691f5beac1ff1,RequestCountPerTarget,2026-08-20T01:00:00Z,2026-08-20T02:00:00Z,117078
app/bodegaai-production-alb/31b69d3d76ab5ed1,targetgroup/bodegaai-production-store-servic/736691f5beac1ff1,RequestCountPerTarget,2026-08-20T02:00:00Z,2026-08-20T03:00:00Z,112705.5
app/bodegaai-production-alb/31b69d3d76ab5ed1,targetgroup/bodegaai-production-store-servic/736691f5beac1ff1,RequestCountPerTarget,2026-08-20T03:00:00Z,2026-08-20T04:00:00Z,107248
app/bodegaai-production-alb/31b69d3d76ab5ed1,targetgroup/bodegaai-production-store-servic/736691f5beac1ff1,RequestCountPerTarget,2026-08-20T04:00:00Z,2026-08-20T05:00:00Z,104958
app/bodegaai-production-alb/31b69d3d76ab5ed1,targetgroup/bodegaai-production-store-servic/736691f5beac1ff1,RequestCountPerTarget,2026-08-20T05:00:00Z,2026-08-20T06:00:00Z,103028
app/bodegaai-production-alb/31b69d3d76ab5ed1,targetgroup/bodegaai-production-store-servic/736691f5beac1ff1,RequestCountPerTarget,2026-08-20T06:00:00Z,2026-08-20T07:00:00Z,100896
app/bodegaai-production-alb/31b69d3d76ab5ed1,targetgroup/bodegaai-production-store-servic/736691f5beac1ff1,RequestCountPerTarget,2026-08-20T07:00:00Z,2026-08-20T08:00:00Z,102367
app/bodegaai-production-alb/31b69d3d76ab5ed1,targetgroup/bodegaai-production-store-servic/736691f5beac1ff1,RequestCountPerTarget,2026-08-20T08:00:00Z,2026-08-20T09:00:00Z,102303
app/bodegaai-production-alb/31b69d3d76ab5ed1,targetgroup/bodegaai-production-store-servic/736691f5beac1ff1,RequestCountPerTarget,2026-08-20T09:00:00Z,2026-08-20T10:00:00Z,102814
app/bodegaai-production-alb/31b69d3d76ab5ed1,targetgroup/bodegaai-production-store-servic/736691f5beac1ff1,RequestCountPerTarget,2026-08-20T10:00:00Z,2026-08-20T11:00:00Z,102858
app/bodegaai-production-alb/31b69d3d76ab5ed1,targetgroup/bodegaai-production-store-servic/736691f5beac1ff1,RequestCountPerTarget,2026-08-20T11:00:00Z,2026-08-20T12:00:00Z,109276
app/bodegaai-production-alb/31b69d3d76ab5ed1,targetgroup/bodegaai-production-store-servic/736691f5beac1ff1,RequestCountPerTarget,2026-08-20T12:00:00Z,2026-08-20T13:00:00Z,111746.5
app/bodegaai-production-alb/31b69d3d76ab5ed1,targetgroup/bodegaai-production-store-servic/736691f5beac1ff1,RequestCountPerTarget,2026-08-20T13:00:00Z,2026-08-20T14:00:00Z,111187.333337
app/bodegaai-production-alb/31b69d3d76ab5ed1,targetgroup/bodegaai-production-store-servic/736691f5beac1ff1,RequestCountPerTarget,2026-08-20T14:00:00Z,2026-08-20T15:00:00Z,116176
app/bodegaai-production-alb/31b69d3d76ab5ed1,targetgroup/bodegaai-production-store-servic/736691f5beac1ff1,RequestCountPerTarget,2026-08-20T15:00:00Z,2026-08-20T16:00:00Z,116443.5
app/bodegaai-production-alb/31b69d3d76ab5ed1,targetgroup/bodegaai-production-store-servic/736691f5beac1ff1,RequestCountPerTarget,2026-08-20T16:00:00Z,2026-08-20T17:00:00Z,121147.5
app/bodegaai-production-alb/31b69d3d76ab5ed1,targetgroup/bodegaai-production-store-servic/736691f5beac1ff1,RequestCountPerTarget,2026-08-20T17:00:00Z,2026-08-20T18:00:00Z,131700.5
app/bodegaai-production-alb/31b69d3d76ab5ed1,targetgroup/bodegaai-production-store-servic/736691f5beac1ff1,RequestCountPerTarget,2026-08-20T18:00:00Z,2026-08-20T19:00:00Z,120274
app/bodegaai-production-alb/31b69d3d76ab5ed1,targetgroup/bodegaai-production-store-servic/736691f5beac1ff1,RequestCountPerTarget,2026-08-20T19:00:00Z,2026-08-20T20:00:00Z,120024.5
app/bodegaai-production-alb/31b69d3d76ab5ed1,targetgroup/bodegaai-production-store-servic/736691f5beac1ff1,RequestCountPerTarget,2026-08-20T20:00:00Z,2026-08-20T21:00:00Z,123214
app/bodegaai-production-alb/31b69d3d76ab5ed1,targetgroup/bodegaai-production-store-servic/736691f5beac1ff1,RequestCountPerTarget,2026-08-20T21:00:00Z,2026-08-20T22:00:00Z,124678
app/bodegaai-production-alb/31b69d3d76ab5ed1,targetgroup/bodegaai-production-store-servic/736691f5beac1ff1,RequestCountPerTarget,2026-08-20T22:00:00Z,2026-08-20T23:00:00Z,123256
app/bodegaai-production-alb/31b69d3d76ab5ed1,targetgroup/bodegaai-production-store-servic/736691f5beac1ff1,RequestCountPerTarget,2026-08-20T23:00:00Z,2026-08-21T00:00:00Z,120892
app/bodegaai-production-alb/31b69d3d76ab5ed1,targetgroup/bodegaai-production-store-servic/736691f5beac1ff1,RequestCountPerTarget,2026-08-21T00:00:00Z,2026-08-21T01:00:00Z,120412
app/bodegaai-production-alb/31b69d3d76ab5ed1,targetgroup/bodegaai-production-store-servic/736691f5beac1ff1,RequestCountPerTarget,2026-08-21T01:00:00Z,2026-08-21T02:00:00Z,117391.5
app/bodegaai-production-alb/31b69d3d76ab5ed1,targetgroup/bodegaai-production-store-servic/736691f5beac1ff1,RequestCountPerTarget,2026-08-21T02:00:00Z,2026-08-21T03:00:00Z,113434.5
app/bodegaai-production-alb/31b69d3d76ab5ed1,targetgroup/bodegaai-production-store-servic/736691f5beac1ff1,RequestCountPerTarget,2026-08-21T03:00:00Z,2026-08-21T04:00:00Z,108371
app/bodegaai-production-alb/31b69d3d76ab5ed1,targetgroup/bodegaai-production-store-servic/736691f5beac1ff1,RequestCountPerTarget,2026-08-21T04:00:00Z,2026-08-21T05:00:00Z,105716.5
app/bodegaai-production-alb/31b69d3d76ab5ed1,targetgroup/bodegaai-production-store-servic/736691f5beac1ff1,RequestCountPerTarget,2026-08-21T05:00:00Z,2026-08-21T06:00:00Z,104789
app/bodegaai-production-alb/31b69d3d76ab5ed1,targetgroup/bodegaai-production-store-servic/736691f5beac1ff1,RequestCountPerTarget,2026-08-21T06:00:00Z,2026-08-21T07:00:00Z,103789.5
app/bodegaai-production-alb/31b69d3d76ab5ed1,targetgroup/bodegaai-production-store-servic/736691f5beac1ff1,RequestCountPerTarget,2026-08-21T07:00:00Z,2026-08-21T08:00:00Z,104350
app/bodegaai-production-alb/31b69d3d76ab5ed1,targetgroup/bodegaai-production-store-servic/736691f5beac1ff1,RequestCountPerTarget,2026-08-21T08:00:00Z,2026-08-21T09:00:00Z,104897.5
app/bodegaai-production-alb/31b69d3d76ab5ed1,targetgroup/bodegaai-production-store-servic/736691f5beac1ff1,RequestCountPerTarget,2026-08-21T09:00:00Z,2026-08-21T10:00:00Z,104902.5
app/bodegaai-production-alb/31b69d3d76ab5ed1,targetgroup/bodegaai-production-store-servic/736691f5beac1ff1,RequestCountPerTarget,2026-08-21T10:00:00Z,2026-08-21T11:00:00Z,106163.5
app/bodegaai-production-alb/31b69d3d76ab5ed1,targetgroup/bodegaai-production-store-servic/736691f5beac1ff1,RequestCountPerTarget,2026-08-21T11:00:00Z,2026-08-21T12:00:00Z,111382.5
app/bodegaai-production-alb/31b69d3d76ab5ed1,targetgroup/bodegaai-production-store-servic/736691f5beac1ff1,RequestCountPerTarget,2026-08-21T12:00:00Z,2026-08-21T13:00:00Z,111823
app/bodegaai-production-alb/31b69d3d76ab5ed1,targetgroup/bodegaai-production-store-servic/736691f5beac1ff1,RequestCountPerTarget,2026-08-21T13:00:00Z,2026-08-21T14:00:00Z,113747
app/bodegaai-production-alb/31b69d3d76ab5ed1,targetgroup/bodegaai-production-store-servic/736691f5beac1ff1,RequestCountPerTarget,2026-08-21T14:00:00Z,2026-08-21T15:00:00Z,118866
app/bodegaai-production-alb/31b69d3d76ab5ed1,targetgroup/bodegaai-production-store-servic/736691f5beac1ff1,RequestCountPerTarget,2026-08-21T15:00:00Z,2026-08-21T16:00:00Z,119494.5
app/bodegaai-production-alb/31b69d3d76ab5ed1,targetgroup/bodegaai-production-store-servic/736691f5beac1ff1,RequestCountPerTarget,2026-08-21T16:00:00Z,2026-08-21T17:00:00Z,123054
app/bodegaai-production-alb/31b69d3d76ab5ed1,targetgroup/bodegaai-production-store-servic/736691f5beac1ff1,RequestCountPerTarget,2026-08-21T17:00:00Z,2026-08-21T18:00:00Z,125865.5
app/bodegaai-production-alb/31b69d3d76ab5ed1,targetgroup/bodegaai-production-store-servic/736691f5beac1ff1,RequestCountPerTarget,2026-08-21T18:00:00Z,2026-08-21T19:00:00Z,120856
app/bodegaai-production-alb/31b69d3d76ab5ed1,targetgroup/bodegaai-production-store-servic/736691f5beac1ff1,RequestCountPerTarget,2026-08-21T19:00:00Z,2026-08-21T20:00:00Z,124299
app/bodegaai-production-alb/31b69d3d76ab5ed1,targetgroup/bodegaai-production-store-servic/736691f5beac1ff1,RequestCountPerTarget,2026-08-21T20:00:00Z,2026-08-21T21:00:00Z,126685
app/bodegaai-production-alb/31b69d3d76ab5ed1,targetgroup/bodegaai-production-store-servic/736691f5beac1ff1,RequestCountPerTarget,2026-08-21T21:00:00Z,2026-08-21T22:00:00Z,128447
app/bodegaai-production-alb/31b69d3d76ab5ed1,targetgroup/bodegaai-production-store-servic/736691f5beac1ff1,RequestCountPerTarget,2026-08-21T22:00:00Z,2026-08-21T23:00:00Z,127234.583336
app/bodegaai-production-alb/31b69d3d76ab5ed1,targetgroup/bodegaai-production-store-servic/736691f5beac1ff1,RequestCountPerTarget,2026-08-21T23:00:00Z,2026-08-22T00:00:00Z,127346
app/bodegaai-production-alb/31b69d3d76ab5ed1,targetgroup/bodegaai-production-store-servic/736691f5beac1ff1,RequestCountPerTarget,2026-08-22T00:00:00Z,2026-08-22T01:00:00Z,122437.5
app/bodegaai-production-alb/31b69d3d76ab5ed1,targetgroup/bodegaai-production-store-servic/736691f5beac1ff1,RequestCountPerTarget,2026-08-22T01:00:00Z,2026-08-22T02:00:00Z,110766.5
app/bodegaai-production-alb/31b69d3d76ab5ed1,targetgroup/bodegaai-production-store-servic/736691f5beac1ff1,RequestCountPerTarget,2026-08-22T02:00:00Z,2026-08-22T03:00:00Z,106676
app/bodegaai-production-alb/31b69d3d76ab5ed1,targetgroup/bodegaai-production-store-servic/736691f5beac1ff1,RequestCountPerTarget,2026-08-22T03:00:00Z,2026-08-22T04:00:00Z,100906
app/bodegaai-production-alb/31b69d3d76ab5ed1,targetgroup/bodegaai-production-store-servic/736691f5beac1ff1,RequestCountPerTarget,2026-08-22T04:00:00Z,2026-08-22T05:00:00Z,97787
app/bodegaai-production-alb/31b69d3d76ab5ed1,targetgroup/bodegaai-production-store-servic/736691f5beac1ff1,RequestCountPerTarget,2026-08-22T05:00:00Z,2026-08-22T06:00:00Z,96561
app/bodegaai-production-alb/31b69d3d76ab5ed1,targetgroup/bodegaai-production-store-servic/736691f5beac1ff1,RequestCountPerTarget,2026-08-22T06:00:00Z,2026-08-22T07:00:00Z,94920.5
app/bodegaai-production-alb/31b69d3d76ab5ed1,targetgroup/bodegaai-production-store-servic/736691f5beac1ff1,RequestCountPerTarget,2026-08-22T07:00:00Z,2026-08-22T08:00:00Z,94137
app/bodegaai-production-alb/31b69d3d76ab5ed1,targetgroup/bodegaai-production-store-servic/736691f5beac1ff1,RequestCountPerTarget,2026-08-22T08:00:00Z,2026-08-22T09:00:00Z,93628
app/bodegaai-production-alb/31b69d3d76ab5ed1,targetgroup/bodegaai-production-store-servic/736691f5beac1ff1,RequestCountPerTarget,2026-08-22T09:00:00Z,2026-08-22T10:00:00Z,93615
app/bodegaai-production-alb/31b69d3d76ab5ed1,targetgroup/bodegaai-production-store-servic/736691f5beac1ff1,RequestCountPerTarget,2026-08-22T10:00:00Z,2026-08-22T11:00:00Z,93490.5
app/bodegaai-production-alb/31b69d3d76ab5ed1,targetgroup/bodegaai-production-store-servic/736691f5beac1ff1,RequestCountPerTarget,2026-08-22T11:00:00Z,2026-08-22T12:00:00Z,100720
app/bodegaai-production-alb/31b69d3d76ab5ed1,targetgroup/bodegaai-production-store-servic/736691f5beac1ff1,RequestCountPerTarget,2026-08-22T12:00:00Z,2026-08-22T13:00:00Z,107487
app/bodegaai-production-alb/31b69d3d76ab5ed1,targetgroup/bodegaai-production-store-servic/736691f5beac1ff1,RequestCountPerTarget,2026-08-22T13:00:00Z,2026-08-22T14:00:00Z,110768.5
app/bodegaai-production-alb/31b69d3d76ab5ed1,targetgroup/bodegaai-production-store-servic/736691f5beac1ff1,RequestCountPerTarget,2026-08-22T14:00:00Z,2026-08-22T15:00:00Z,114693
app/bodegaai-production-alb/31b69d3d76ab5ed1,targetgroup/bodegaai-production-store-servic/736691f5beac1ff1,RequestCountPerTarget,2026-08-22T15:00:00Z,2026-08-22T16:00:00Z,118825
app/bodegaai-production-alb/31b69d3d76ab5ed1,targetgroup/bodegaai-production-store-servic/736691f5beac1ff1,RequestCountPerTarget,2026-08-22T16:00:00Z,2026-08-22T17:00:00Z,120892
app/bodegaai-production-alb/31b69d3d76ab5ed1,targetgroup/bodegaai-production-store-servic/736691f5beac1ff1,RequestCountPerTarget,2026-08-22T17:00:00Z,2026-08-22T18:00:00Z,122640
app/bodegaai-production-alb/31b69d3d76ab5ed1,targetgroup/bodegaai-production-store-servic/736691f5beac1ff1,RequestCountPerTarget,2026-08-22T18:00:00Z,2026-08-22T19:00:00Z,122468
app/bodegaai-production-alb/31b69d3d76ab5ed1,targetgroup/bodegaai-production-store-servic/736691f5beac1ff1,RequestCountPerTarget,2026-08-22T19:00:00Z,2026-08-22T20:00:00Z,121967
app/bodegaai-production-alb/31b69d3d76ab5ed1,targetgroup/bodegaai-production-store-servic/736691f5beac1ff1,RequestCountPerTarget,2026-08-22T20:00:00Z,2026-08-22T21:00:00Z,122728
app/bodegaai-production-alb/31b69d3d76ab5ed1,targetgroup/bodegaai-production-store-servic/736691f5beac1ff1,RequestCountPerTarget,2026-08-22T21:00:00Z,2026-08-22T22:00:00Z,123123
app/bodegaai-production-alb/31b69d3d76ab5ed1,targetgroup/bodegaai-production-store-servic/736691f5beac1ff1,RequestCountPerTarget,2026-08-22T22:00:00Z,2026-08-22T23:00:00Z,124808.5
app/bodegaai-production-alb/31b69d3d76ab5ed1,targetgroup/bodegaai-production-store-servic/736691f5beac1ff1,RequestCountPerTarget,2026-08-22T23:00:00Z,2026-08-23T00:00:00Z,124185
app/bodegaai-production-alb/31b69d3d76ab5ed1,targetgroup/bodegaai-production-store-servic/736691f5beac1ff1,RequestCountPerTarget,2026-08-23T00:00:00Z,2026-08-23T01:00:00Z,120526
app/bodegaai-production-alb/31b69d3d76ab5ed1,targetgroup/bodegaai-production-store-servic/736691f5beac1ff1,RequestCountPerTarget,2026-08-23T01:00:00Z,2026-08-23T02:00:00Z,115914.5
app/bodegaai-production-alb/31b69d3d76ab5ed1,targetgroup/bodegaai-production-store-servic/736691f5beac1ff1,RequestCountPerTarget,2026-08-23T02:00:00Z,2026-08-23T03:00:00Z,112931.5
app/bodegaai-production-alb/31b69d3d76ab5ed1,targetgroup/bodegaai-production-store-servic/736691f5beac1ff1,RequestCountPerTarget,2026-08-23T03:00:00Z,2026-08-23T04:00:00Z,107352
app/bodegaai-production-alb/31b69d3d76ab5ed1,targetgroup/bodegaai-production-store-servic/736691f5beac1ff1,RequestCountPerTarget,2026-08-23T04:00:00Z,2026-08-23T05:00:00Z,104873.5
app/bodegaai-production-alb/31b69d3d76ab5ed1,targetgroup/bodegaai-production-store-servic/736691f5beac1ff1,RequestCountPerTarget,2026-08-23T05:00:00Z,2026-08-23T06:00:00Z,104374.5
app/bodegaai-production-alb/31b69d3d76ab5ed1,targetgroup/bodegaai-production-store-servic/736691f5beac1ff1,RequestCountPerTarget,2026-08-23T06:00:00Z,2026-08-23T07:00:00Z,102471.5
app/bodegaai-production-alb/31b69d3d76ab5ed1,targetgroup/bodegaai-production-store-servic/736691f5beac1ff1,RequestCountPerTarget,2026-08-23T07:00:00Z,2026-08-23T08:00:00Z,102077.5
app/bodegaai-production-alb/31b69d3d76ab5ed1,targetgroup/bodegaai-production-store-servic/736691f5beac1ff1,RequestCountPerTarget,2026-08-23T08:00:00Z,2026-08-23T09:00:00Z,101278
app/bodegaai-production-alb/31b69d3d76ab5ed1,targetgroup/bodegaai-production-store-servic/736691f5beac1ff1,RequestCountPerTarget,2026-08-23T09:00:00Z,2026-08-23T10:00:00Z,101287.5
app/bodegaai-production-alb/31b69d3d76ab5ed1,targetgroup/bodegaai-production-store-servic/736691f5beac1ff1,RequestCountPerTarget,2026-08-23T10:00:00Z,2026-08-23T11:00:00Z,100547.5
app/bodegaai-production-alb/31b69d3d76ab5ed1,targetgroup/bodegaai-production-store-servic/736691f5beac1ff1,RequestCountPerTarget,2026-08-23T11:00:00Z,2026-08-23T12:00:00Z,103994.5
app/bodegaai-production-alb/31b69d3d76ab5ed1,targetgroup/bodegaai-production-store-servic/736691f5beac1ff1,RequestCountPerTarget,2026-08-23T12:00:00Z,2026-08-23T13:00:00Z,108333.5
app/bodegaai-production-alb/31b69d3d76ab5ed1,targetgroup/bodegaai-production-store-servic/736691f5beac1ff1,RequestCountPerTarget,2026-08-23T13:00:00Z,2026-08-23T14:00:00Z,113310
app/bodegaai-production-alb/31b69d3d76ab5ed1,targetgroup/bodegaai-production-store-servic/736691f5beac1ff1,RequestCountPerTarget,2026-08-23T14:00:00Z,2026-08-23T15:00:00Z,116872.5
app/bodegaai-production-alb/31b69d3d76ab5ed1,targetgroup/bodegaai-production-store-servic/736691f5beac1ff1,RequestCountPerTarget,2026-08-23T15:00:00Z,2026-08-23T16:00:00Z,118794
app/bodegaai-production-alb/31b69d3d76ab5ed1,targetgroup/bodegaai-production-store-servic/736691f5beac1ff1,RequestCountPerTarget,2026-08-23T16:00:00Z,2026-08-23T17:00:00Z,120154
app/bodegaai-production-alb/31b69d3d76ab5ed1,targetgroup/bodegaai-production-store-servic/736691f5beac1ff1,RequestCountPerTarget,2026-08-23T17:00:00Z,2026-08-23T18:00:00Z,109687.500001
app/bodegaai-production-alb/31b69d3d76ab5ed1,targetgroup/bodegaai-production-store-servic/736691f5beac1ff1,RequestCountPerTarget,2026-08-23T18:00:00Z,2026-08-23T19:00:00Z,115997.333334
app/bodegaai-production-alb/31b69d3d76ab5ed1,targetgroup/bodegaai-production-store-servic/736691f5beac1ff1,RequestCountPerTarget,2026-08-23T19:00:00Z,2026-08-23T20:00:00Z,123712
app/bodegaai-production-alb/31b69d3d76ab5ed1,targetgroup/bodegaai-production-store-servic/736691f5beac1ff1,RequestCountPerTarget,2026-08-23T20:00:00Z,2026-08-23T21:00:00Z,121312.5
app/bodegaai-production-alb/31b69d3d76ab5ed1,targetgroup/bodegaai-production-store-servic/736691f5beac1ff1,RequestCountPerTarget,2026-08-23T21:00:00Z,2026-08-23T22:00:00Z,121488.5
app/bodegaai-production-alb/31b69d3d76ab5ed1,targetgroup/bodegaai-production-store-servic/736691f5beac1ff1,RequestCountPerTarget,2026-08-23T22:00:00Z,2026-08-23T23:00:00Z,121559
app/bodegaai-production-alb/31b69d3d76ab5ed1,targetgroup/bodegaai-production-store-servic/736691f5beac1ff1,RequestCountPerTarget,2026-08-23T23:00:00Z,2026-08-24T00:00:00Z,120693.5
app/bodegaai-production-alb/31b69d3d76ab5ed1,targetgroup/bodegaai-production-store-servic/736691f5beac1ff1,RequestCountPerTarget,2026-08-24T00:00:00Z,2026-08-24T01:00:00Z,120040
app/bodegaai-production-alb/31b69d3d76ab5ed1,targetgroup/bodegaai-production-store-servic/736691f5beac1ff1,RequestCountPerTarget,2026-08-24T01:00:00Z,2026-08-24T02:00:00Z,113984.5
app/bodegaai-production-alb/31b69d3d76ab5ed1,targetgroup/bodegaai-production-store-servic/736691f5beac1ff1,RequestCountPerTarget,2026-08-24T02:00:00Z,2026-08-24T03:00:00Z,110155.5
app/bodegaai-production-alb/31b69d3d76ab5ed1,targetgroup/bodegaai-production-store-servic/736691f5beac1ff1,RequestCountPerTarget,2026-08-24T03:00:00Z,2026-08-24T04:00:00Z,105160
app/bodegaai-production-alb/31b69d3d76ab5ed1,targetgroup/bodegaai-production-store-servic/736691f5beac1ff1,RequestCountPerTarget,2026-08-24T04:00:00Z,2026-08-24T05:00:00Z,104394.5
app/bodegaai-production-alb/31b69d3d76ab5ed1,targetgroup/bodegaai-production-store-servic/736691f5beac1ff1,RequestCountPerTarget,2026-08-24T05:00:00Z,2026-08-24T06:00:00Z,103245.5
app/bodegaai-production-alb/31b69d3d76ab5ed1,targetgroup/bodegaai-production-store-servic/736691f5beac1ff1,RequestCountPerTarget,2026-08-24T06:00:00Z,2026-08-24T07:00:00Z,101782.5
app/bodegaai-production-alb/31b69d3d76ab5ed1,targetgroup/bodegaai-production-store-servic/736691f5beac1ff1,RequestCountPerTarget,2026-08-24T07:00:00Z,2026-08-24T08:00:00Z,100173.5
app/bodegaai-production-alb/31b69d3d76ab5ed1,targetgroup/bodegaai-production-store-servic/736691f5beac1ff1,RequestCountPerTarget,2026-08-24T08:00:00Z,2026-08-24T09:00:00Z,97577.5
app/bodegaai-production-alb/31b69d3d76ab5ed1,targetgroup/bodegaai-production-store-servic/736691f5beac1ff1,RequestCountPerTarget,2026-08-24T09:00:00Z,2026-08-24T10:00:00Z,98896.5
app/bodegaai-production-alb/31b69d3d76ab5ed1,targetgroup/bodegaai-production-store-servic/736691f5beac1ff1,RequestCountPerTarget,2026-08-24T10:00:00Z,2026-08-24T11:00:00Z,100578
app/bodegaai-production-alb/31b69d3d76ab5ed1,targetgroup/bodegaai-production-store-servic/736691f5beac1ff1,RequestCountPerTarget,2026-08-24T11:00:00Z,2026-08-24T12:00:00Z,107011.5
app/bodegaai-production-alb/31b69d3d76ab5ed1,targetgroup/bodegaai-production-store-servic/736691f5beac1ff1,RequestCountPerTarget,2026-08-24T12:00:00Z,2026-08-24T13:00:00Z,102221.5
app/bodegaai-production-alb/31b69d3d76ab5ed1,targetgroup/bodegaai-production-store-servic/736691f5beac1ff1,RequestCountPerTarget,2026-08-24T13:00:00Z,2026-08-24T14:00:00Z,109029.5
app/bodegaai-production-alb/31b69d3d76ab5ed1,targetgroup/bodegaai-production-store-servic/736691f5beac1ff1,RequestCountPerTarget,2026-08-24T14:00:00Z,2026-08-24T15:00:00Z,116364
app/bodegaai-production-alb/31b69d3d76ab5ed1,targetgroup/bodegaai-production-store-servic/736691f5beac1ff1,RequestCountPerTarget,2026-08-24T15:00:00Z,2026-08-24T16:00:00Z,113539.5
app/bodegaai-production-alb/31b69d3d76ab5ed1,targetgroup/bodegaai-production-store-servic/736691f5beac1ff1,RequestCountPerTarget,2026-08-24T16:00:00Z,2026-08-24T17:00:00Z,116123
app/bodegaai-production-alb/31b69d3d76ab5ed1,targetgroup/bodegaai-production-store-servic/736691f5beac1ff1,RequestCountPerTarget,2026-08-24T17:00:00Z,2026-08-24T18:00:00Z,112202.5
app/bodegaai-production-alb/31b69d3d76ab5ed1,targetgroup/bodegaai-production-store-servic/736691f5beac1ff1,RequestCountPerTarget,2026-08-24T18:00:00Z,2026-08-24T19:00:00Z,114616.5
app/bodegaai-production-alb/31b69d3d76ab5ed1,targetgroup/bodegaai-production-store-servic/736691f5beac1ff1,RequestCountPerTarget,2026-08-24T19:00:00Z,2026-08-24T20:00:00Z,115928.5
app/bodegaai-production-alb/31b69d3d76ab5ed1,targetgroup/bodegaai-production-store-servic/736691f5beac1ff1,RequestCountPerTarget,2026-08-24T20:00:00Z,2026-08-24T21:00:00Z,117957.333333
app/bodegaai-production-alb/31b69d3d76ab5ed1,targetgroup/bodegaai-production-store-servic/736691f5beac1ff1,RequestCountPerTarget,2026-08-24T21:00:00Z,2026-08-24T22:00:00Z,120961.5
app/bodegaai-production-alb/31b69d3d76ab5ed1,targetgroup/bodegaai-production-store-servic/736691f5beac1ff1,RequestCountPerTarget,2026-08-24T22:00:00Z,2026-08-24T23:00:00Z,120231
app/bodegaai-production-alb/31b69d3d76ab5ed1,targetgroup/bodegaai-production-store-servic/736691f5beac1ff1,RequestCountPerTarget,2026-08-24T23:00:00Z,2026-08-25T00:00:00Z,120922.5
app/bodegaai-production-alb/31b69d3d76ab5ed1,targetgroup/bodegaai-production-store-servic/736691f5beac1ff1,RequestCountPerTarget,2026-08-25T00:00:00Z,2026-08-25T01:00:00Z,119771
app/bodegaai-production-alb/31b69d3d76ab5ed1,targetgroup/bodegaai-production-store-servic/736691f5beac1ff1,RequestCountPerTarget,2026-08-25T01:00:00Z,2026-08-25T02:00:00Z,114632.5
app/bodegaai-production-alb/31b69d3d76ab5ed1,targetgroup/bodegaai-production-store-servic/736691f5beac1ff1,RequestCountPerTarget,2026-08-25T02:00:00Z,2026-08-25T03:00:00Z,111298.5
app/bodegaai-production-alb/31b69d3d76ab5ed1,targetgroup/bodegaai-production-store-servic/736691f5beac1ff1,RequestCountPerTarget,2026-08-25T03:00:00Z,2026-08-25T04:00:00Z,106787.5
app/bodegaai-production-alb/31b69d3d76ab5ed1,targetgroup/bodegaai-production-store-servic/736691f5beac1ff1,RequestCountPerTarget,2026-08-25T04:00:00Z,2026-08-25T05:00:00Z,105598.5
app/bodegaai-production-alb/31b69d3d76ab5ed1,targetgroup/bodegaai-production-store-servic/736691f5beac1ff1,RequestCountPerTarget,2026-08-25T05:00:00Z,2026-08-25T06:00:00Z,104014.5
app/bodegaai-production-alb/31b69d3d76ab5ed1,targetgroup/bodegaai-production-store-servic/736691f5beac1ff1,RequestCountPerTarget,2026-08-25T06:00:00Z,2026-08-25T07:00:00Z,104293.5
app/bodegaai-production-alb/31b69d3d76ab5ed1,targetgroup/bodegaai-production-store-servic/736691f5beac1ff1,RequestCountPerTarget,2026-08-25T07:00:00Z,2026-08-25T08:00:00Z,102497.5
app/bodegaai-production-alb/31b69d3d76ab5ed1,targetgroup/bodegaai-production-store-servic/736691f5beac1ff1,RequestCountPerTarget,2026-08-25T08:00:00Z,2026-08-25T09:00:00Z,100921
app/bodegaai-production-alb/31b69d3d76ab5ed1,targetgroup/bodegaai-production-store-servic/736691f5beac1ff1,RequestCountPerTarget,2026-08-25T09:00:00Z,2026-08-25T10:00:00Z,102773.5
app/bodegaai-production-alb/31b69d3d76ab5ed1,targetgroup/bodegaai-production-store-servic/736691f5beac1ff1,RequestCountPerTarget,2026-08-25T10:00:00Z,2026-08-25T11:00:00Z,103229.5
app/bodegaai-production-alb/31b69d3d76ab5ed1,targetgroup/bodegaai-production-store-servic/736691f5beac1ff1,RequestCountPerTarget,2026-08-25T11:00:00Z,2026-08-25T12:00:00Z,110090
app/bodegaai-production-alb/31b69d3d76ab5ed1,targetgroup/bodegaai-production-store-servic/736691f5beac1ff1,RequestCountPerTarget,2026-08-25T12:00:00Z,2026-08-25T13:00:00Z,109897
app/bodegaai-production-alb/31b69d3d76ab5ed1,targetgroup/bodegaai-production-store-servic/736691f5beac1ff1,RequestCountPerTarget,2026-08-25T13:00:00Z,2026-08-25T14:00:00Z,113345
app/bodegaai-production-alb/31b69d3d76ab5ed1,targetgroup/bodegaai-production-store-servic/736691f5beac1ff1,RequestCountPerTarget,2026-08-25T14:00:00Z,2026-08-25T15:00:00Z,115729
app/bodegaai-production-alb/31b69d3d76ab5ed1,targetgroup/bodegaai-production-store-servic/736691f5beac1ff1,RequestCountPerTarget,2026-08-25T15:00:00Z,2026-08-25T16:00:00Z,116829.5
app/bodegaai-production-alb/31b69d3d76ab5ed1,targetgroup/bodegaai-production-store-servic/736691f5beac1ff1,RequestCountPerTarget,2026-08-25T16:00:00Z,2026-08-25T17:00:00Z,118435
app/bodegaai-production-alb/31b69d3d76ab5ed1,targetgroup/bodegaai-production-store-servic/736691f5beac1ff1,RequestCountPerTarget,2026-08-25T17:00:00Z,2026-08-25T18:00:00Z,117329.5
app/bodegaai-production-alb/31b69d3d76ab5ed1,targetgroup/bodegaai-production-store-servic/736691f5beac1ff1,RequestCountPerTarget,2026-08-25T18:00:00Z,2026-08-25T19:00:00Z,119310
app/bodegaai-production-alb/31b69d3d76ab5ed1,targetgroup/bodegaai-production-store-servic/736691f5beac1ff1,RequestCountPerTarget,2026-08-25T19:00:00Z,2026-08-25T20:00:00Z,117809
app/bodegaai-production-alb/31b69d3d76ab5ed1,targetgroup/bodegaai-production-store-servic/736691f5beac1ff1,RequestCountPerTarget,2026-08-25T20:00:00Z,2026-08-25T21:00:00Z,120601
app/bodegaai-production-alb/31b69d3d76ab5ed1,targetgroup/bodegaai-production-store-servic/736691f5beac1ff1,RequestCountPerTarget,2026-08-25T21:00:00Z,2026-08-25T22:00:00Z,114172.5
app/bodegaai-production-alb/31b69d3d76ab5ed1,targetgroup/bodegaai-production-store-servic/736691f5beac1ff1,RequestCountPerTarget,2026-08-25T22:00:00Z,2026-08-25T23:00:00Z,108342
app/bodegaai-production-alb/31b69d3d76ab5ed1,targetgroup/bodegaai-production-store-servic/736691f5beac1ff1,RequestCountPerTarget,2026-08-25T23:00:00Z,2026-08-26T00:00:00Z,117552.5
app/bodegaai-production-alb/31b69d3d76ab5ed1,targetgroup/bodegaai-production-store-servic/736691f5beac1ff1,RequestCountPerTarget,2026-08-26T00:00:00Z,2026-08-26T01:00:00Z,118331.5
app/bodegaai-production-alb/31b69d3d76ab5ed1,targetgroup/bodegaai-production-store-servic/736691f5beac1ff1,RequestCountPerTarget,2026-08-26T01:00:00Z,2026-08-26T02:00:00Z,117198.5
app/bodegaai-production-alb/31b69d3d76ab5ed1,targetgroup/bodegaai-production-store-servic/736691f5beac1ff1,RequestCountPerTarget,2026-08-26T02:00:00Z,2026-08-26T03:00:00Z,112960.5
app/bodegaai-production-alb/31b69d3d76ab5ed1,targetgroup/bodegaai-production-store-servic/736691f5beac1ff1,RequestCountPerTarget,2026-08-26T03:00:00Z,2026-08-26T04:00:00Z,107963
app/bodegaai-production-alb/31b69d3d76ab5ed1,targetgroup/bodegaai-production-store-servic/736691f5beac1ff1,RequestCountPerTarget,2026-08-26T04:00:00Z,2026-08-26T05:00:00Z,103948.5
app/bodegaai-production-alb/31b69d3d76ab5ed1,targetgroup/bodegaai-production-store-servic/736691f5beac1ff1,RequestCountPerTarget,2026-08-26T05:00:00Z,2026-08-26T06:00:00Z,102082
app/bodegaai-production-alb/31b69d3d76ab5ed1,targetgroup/bodegaai-production-store-servic/736691f5beac1ff1,RequestCountPerTarget,2026-08-26T06:00:00Z,2026-08-26T07:00:00Z,101013.5
app/bodegaai-production-alb/31b69d3d76ab5ed1,targetgroup/bodegaai-production-store-servic/736691f5beac1ff1,RequestCountPerTarget,2026-08-26T07:00:00Z,2026-08-26T08:00:00Z,100772.5
app/bodegaai-production-alb/31b69d3d76ab5ed1,targetgroup/bodegaai-production-store-servic/736691f5beac1ff1,RequestCountPerTarget,2026-08-26T08:00:00Z,2026-08-26T09:00:00Z,98462.5
app/bodegaai-production-alb/31b69d3d76ab5ed1,targetgroup/bodegaai-production-store-servic/736691f5beac1ff1,RequestCountPerTarget,2026-08-26T09:00:00Z,2026-08-26T10:00:00Z,100638
app/bodegaai-production-alb/31b69d3d76ab5ed1,targetgroup/bodegaai-production-store-servic/736691f5beac1ff1,RequestCountPerTarget,2026-08-26T10:00:00Z,2026-08-26T11:00:00Z,104194
app/bodegaai-production-alb/31b69d3d76ab5ed1,targetgroup/bodegaai-production-store-servic/736691f5beac1ff1,RequestCountPerTarget,2026-08-26T11:00:00Z,2026-08-26T12:00:00Z,109989
app/bodegaai-production-alb/31b69d3d76ab5ed1,targetgroup/bodegaai-production-store-servic/736691f5beac1ff1,RequestCountPerTarget,2026-08-26T12:00:00Z,2026-08-26T13:00:00Z,110267
app/bodegaai-production-alb/31b69d3d76ab5ed1,targetgroup/bodegaai-production-store-servic/736691f5beac1ff1,RequestCountPerTarget,2026-08-26T13:00:00Z,2026-08-26T14:00:00Z,113271.5
app/bodegaai-production-alb/31b69d3d76ab5ed1,targetgroup/bodegaai-production-store-servic/736691f5beac1ff1,RequestCountPerTarget,2026-08-26T14:00:00Z,2026-08-26T15:00:00Z,115792
app/bodegaai-production-alb/31b69d3d76ab5ed1,targetgroup/bodegaai-production-store-servic/736691f5beac1ff1,RequestCountPerTarget,2026-08-26T15:00:00Z,2026-08-26T16:00:00Z,121244.5
app/bodegaai-production-alb/31b69d3d76ab5ed1,targetgroup/bodegaai-production-store-servic/736691f5beac1ff1,RequestCountPerTarget,2026-08-26T16:00:00Z,2026-08-26T17:00:00Z,120621.5
app/bodegaai-production-alb/31b69d3d76ab5ed1,targetgroup/bodegaai-production-store-servic/736691f5beac1ff1,RequestCountPerTarget,2026-08-26T17:00:00Z,2026-08-26T18:00:00Z,111050.5
app/bodegaai-production-alb/31b69d3d76ab5ed1,targetgroup/bodegaai-production-store-servic/736691f5beac1ff1,RequestCountPerTarget,2026-08-26T18:00:00Z,2026-08-26T19:00:00Z,117778.5
app/bodegaai-production-alb/31b69d3d76ab5ed1,targetgroup/bodegaai-production-store-servic/736691f5beac1ff1,RequestCountPerTarget,2026-08-26T19:00:00Z,2026-08-26T20:00:00Z,118541.5
app/bodegaai-production-alb/31b69d3d76ab5ed1,targetgroup/bodegaai-production-store-servic/736691f5beac1ff1,RequestCountPerTarget,2026-08-26T20:00:00Z,2026-08-26T21:00:00Z,119020
app/bodegaai-production-alb/31b69d3d76ab5ed1,targetgroup/bodegaai-production-store-servic/736691f5beac1ff1,RequestCountPerTarget,2026-08-26T21:00:00Z,2026-08-26T22:00:00Z,121283.5
app/bodegaai-production-alb/31b69d3d76ab5ed1,targetgroup/bodegaai-production-store-servic/736691f5beac1ff1,RequestCountPerTarget,2026-08-26T22:00:00Z,2026-08-26T23:00:00Z,118815
app/bodegaai-production-alb/31b69d3d76ab5ed1,targetgroup/bodegaai-production-store-servic/736691f5beac1ff1,RequestCountPerTarget,2026-08-26T23:00:00Z,2026-08-27T00:00:00Z,118371
app/bodegaai-production-alb/31b69d3d76ab5ed1,targetgroup/bodegaai-production-store-servic/736691f5beac1ff1,RequestCountPerTarget,2026-08-27T00:00:00Z,2026-08-27T01:00:00Z,118732
app/bodegaai-production-alb/31b69d3d76ab5ed1,targetgroup/bodegaai-production-store-servic/736691f5beac1ff1,RequestCountPerTarget,2026-08-27T01:00:00Z,2026-08-27T02:00:00Z,113076.5
app/bodegaai-production-alb/31b69d3d76ab5ed1,targetgroup/bodegaai-production-store-servic/736691f5beac1ff1,RequestCountPerTarget,2026-08-27T02:00:00Z,2026-08-27T03:00:00Z,107958
app/bodegaai-production-alb/31b69d3d76ab5ed1,targetgroup/bodegaai-production-store-servic/736691f5beac1ff1,RequestCountPerTarget,2026-08-27T03:00:00Z,2026-08-27T04:00:00Z,105558
app/bodegaai-production-alb/31b69d3d76ab5ed1,targetgroup/bodegaai-production-store-servic/736691f5beac1ff1,RequestCountPerTarget,2026-08-27T04:00:00Z,2026-08-27T05:00:00Z,103627.5
app/bodegaai-production-alb/31b69d3d76ab5ed1,targetgroup/bodegaai-production-store-servic/736691f5beac1ff1,RequestCountPerTarget,2026-08-27T05:00:00Z,2026-08-27T06:00:00Z,101699.5
app/bodegaai-production-alb/31b69d3d76ab5ed1,targetgroup/bodegaai-production-store-servic/736691f5beac1ff1,RequestCountPerTarget,2026-08-27T06:00:00Z,2026-08-27T07:00:00Z,100790
app/bodegaai-production-alb/31b69d3d76ab5ed1,targetgroup/bodegaai-production-store-servic/736691f5beac1ff1,RequestCountPerTarget,2026-08-27T07:00:00Z,2026-08-27T08:00:00Z,100759
app/bodegaai-production-alb/31b69d3d76ab5ed1,targetgroup/bodegaai-production-store-servic/736691f5beac1ff1,RequestCountPerTarget,2026-08-27T08:00:00Z,2026-08-27T09:00:00Z,101145.5
app/bodegaai-production-alb/31b69d3d76ab5ed1,targetgroup/bodegaai-production-store-servic/736691f5beac1ff1,RequestCountPerTarget,2026-08-27T09:00:00Z,2026-08-27T10:00:00Z,100685
app/bodegaai-production-alb/31b69d3d76ab5ed1,targetgroup/bodegaai-production-store-servic/736691f5beac1ff1,RequestCountPerTarget,2026-08-27T10:00:00Z,2026-08-27T11:00:00Z,100209.5
app/bodegaai-production-alb/31b69d3d76ab5ed1,targetgroup/bodegaai-production-store-servic/736691f5beac1ff1,RequestCountPerTarget,2026-08-27T11:00:00Z,2026-08-27T12:00:00Z,107559.5
app/bodegaai-production-alb/31b69d3d76ab5ed1,targetgroup/bodegaai-production-store-servic/736691f5beac1ff1,RequestCountPerTarget,2026-08-27T12:00:00Z,2026-08-27T13:00:00Z,107122.5
app/bodegaai-production-alb/31b69d3d76ab5ed1,targetgroup/bodegaai-production-store-servic/736691f5beac1ff1,RequestCountPerTarget,2026-08-27T13:00:00Z,2026-08-27T14:00:00Z,109181.5
app/bodegaai-production-alb/31b69d3d76ab5ed1,targetgroup/bodegaai-production-store-servic/736691f5beac1ff1,RequestCountPerTarget,2026-08-27T14:00:00Z,2026-08-27T15:00:00Z,115770
app/bodegaai-production-alb/31b69d3d76ab5ed1,targetgroup/bodegaai-production-store-servic/736691f5beac1ff1,RequestCountPerTarget,2026-08-27T15:00:00Z,2026-08-27T16:00:00Z,115472.249997
app/bodegaai-production-alb/31b69d3d76ab5ed1,targetgroup/bodegaai-production-store-servic/736691f5beac1ff1,RequestCountPerTarget,2026-08-27T16:00:00Z,2026-08-27T17:00:00Z,117832
app/bodegaai-production-alb/31b69d3d76ab5ed1,targetgroup/bodegaai-production-store-servic/736691f5beac1ff1,RequestCountPerTarget,2026-08-27T17:00:00Z,2026-08-27T18:00:00Z,117942.5
app/bodegaai-production-alb/31b69d3d76ab5ed1,targetgroup/bodegaai-production-store-servic/736691f5beac1ff1,RequestCountPerTarget,2026-08-27T18:00:00Z,2026-08-27T19:00:00Z,119080
app/bodegaai-production-alb/31b69d3d76ab5ed1,targetgroup/bodegaai-production-store-servic/736691f5beac1ff1,RequestCountPerTarget,2026-08-27T19:00:00Z,2026-08-27T20:00:00Z,132655.5
app/bodegaai-production-alb/31b69d3d76ab5ed1,targetgroup/bodegaai-production-store-servic/736691f5beac1ff1,RequestCountPerTarget,2026-08-27T20:00:00Z,2026-08-27T21:00:00Z,128759
app/bodegaai-production-alb/31b69d3d76ab5ed1,targetgroup/bodegaai-production-store-servic/736691f5beac1ff1,RequestCountPerTarget,2026-08-27T21:00:00Z,2026-08-27T22:00:00Z,128886
app/bodegaai-production-alb/31b69d3d76ab5ed1,targetgroup/bodegaai-production-store-servic/736691f5beac1ff1,RequestCountPerTarget,2026-08-27T22:00:00Z,2026-08-27T23:00:00Z,130102
app/bodegaai-production-alb/31b69d3d76ab5ed1,targetgroup/bodegaai-production-store-servic/736691f5beac1ff1,RequestCountPerTarget,2026-08-27T23:00:00Z,2026-08-28T00:00:00Z,131644.5
app/bodegaai-production-alb/31b69d3d76ab5ed1,targetgroup/bodegaai-production-store-servic/736691f5beac1ff1,RequestCountPerTarget,2026-08-28T00:00:00Z,2026-08-28T01:00:00Z,125733.5
app/bodegaai-production-alb/31b69d3d76ab5ed1,targetgroup/bodegaai-production-store-servic/736691f5beac1ff1,RequestCountPerTarget,2026-08-28T01:00:00Z,2026-08-28T02:00:00Z,121400
app/bodegaai-production-alb/31b69d3d76ab5ed1,targetgroup/bodegaai-production-store-servic/736691f5beac1ff1,RequestCountPerTarget,2026-08-28T02:00:00Z,2026-08-28T03:00:00Z,116199.5
app/bodegaai-production-alb/31b69d3d76ab5ed1,targetgroup/bodegaai-production-store-servic/736691f5beac1ff1,RequestCountPerTarget,2026-08-28T03:00:00Z,2026-08-28T04:00:00Z,108954.5
app/bodegaai-production-alb/31b69d3d76ab5ed1,targetgroup/bodegaai-production-store-servic/736691f5beac1ff1,RequestCountPerTarget,2026-08-28T04:00:00Z,2026-08-28T05:00:00Z,107487
app/bodegaai-production-alb/31b69d3d76ab5ed1,targetgroup/bodegaai-production-store-servic/736691f5beac1ff1,RequestCountPerTarget,2026-08-28T05:00:00Z,2026-08-28T06:00:00Z,107174.5
app/bodegaai-production-alb/31b69d3d76ab5ed1,targetgroup/bodegaai-production-store-servic/736691f5beac1ff1,RequestCountPerTarget,2026-08-28T06:00:00Z,2026-08-28T07:00:00Z,107121
app/bodegaai-production-alb/31b69d3d76ab5ed1,targetgroup/bodegaai-production-store-servic/736691f5beac1ff1,RequestCountPerTarget,2026-08-28T07:00:00Z,2026-08-28T08:00:00Z,107374
app/bodegaai-production-alb/31b69d3d76ab5ed1,targetgroup/bodegaai-production-store-servic/736691f5beac1ff1,RequestCountPerTarget,2026-08-28T08:00:00Z,2026-08-28T09:00:00Z,107365
app/bodegaai-production-alb/31b69d3d76ab5ed1,targetgroup/bodegaai-production-store-servic/736691f5beac1ff1,RequestCountPerTarget,2026-08-28T09:00:00Z,2026-08-28T10:00:00Z,108643.5
app/bodegaai-production-alb/31b69d3d76ab5ed1,targetgroup/bodegaai-production-store-servic/736691f5beac1ff1,RequestCountPerTarget,2026-08-28T10:00:00Z,2026-08-28T11:00:00Z,111171.5
app/bodegaai-production-alb/31b69d3d76ab5ed1,targetgroup/bodegaai-production-store-servic/736691f5beac1ff1,RequestCountPerTarget,2026-08-28T11:00:00Z,2026-08-28T12:00:00Z,115235
app/bodegaai-production-alb/31b69d3d76ab5ed1,targetgroup/bodegaai-production-store-servic/736691f5beac1ff1,RequestCountPerTarget,2026-08-28T12:00:00Z,2026-08-28T13:00:00Z,119742.5
app/bodegaai-production-alb/31b69d3d76ab5ed1,targetgroup/bodegaai-production-store-servic/736691f5beac1ff1,RequestCountPerTarget,2026-08-28T13:00:00Z,2026-08-28T14:00:00Z,123115.5
app/bodegaai-production-alb/31b69d3d76ab5ed1,targetgroup/bodegaai-production-store-servic/736691f5beac1ff1,RequestCountPerTarget,2026-08-28T14:00:00Z,2026-08-28T15:00:00Z,126809
app/bodegaai-production-alb/31b69d3d76ab5ed1,targetgroup/bodegaai-production-store-servic/736691f5beac1ff1,RequestCountPerTarget,2026-08-28T15:00:00Z,2026-08-28T16:00:00Z,127304.5
app/bodegaai-production-alb/31b69d3d76ab5ed1,targetgroup/bodegaai-production-store-servic/736691f5beac1ff1,RequestCountPerTarget,2026-08-28T16:00:00Z,2026-08-28T17:00:00Z,130675
app/bodegaai-production-alb/31b69d3d76ab5ed1,targetgroup/bodegaai-production-store-servic/736691f5beac1ff1,RequestCountPerTarget,2026-08-28T17:00:00Z,2026-08-28T18:00:00Z,132488.5
app/bodegaai-production-alb/31b69d3d76ab5ed1,targetgroup/bodegaai-production-store-servic/736691f5beac1ff1,RequestCountPerTarget,2026-08-28T18:00:00Z,2026-08-28T19:00:00Z,132856
app/bodegaai-production-alb/31b69d3d76ab5ed1,targetgroup/bodegaai-production-store-servic/736691f5beac1ff1,RequestCountPerTarget,2026-08-28T19:00:00Z,2026-08-28T20:00:00Z,134238.5
app/bodegaai-production-alb/31b69d3d76ab5ed1,targetgroup/bodegaai-production-store-servic/736691f5beac1ff1,RequestCountPerTarget,2026-08-28T20:00:00Z,2026-08-28T21:00:00Z,135523
app/bodegaai-production-alb/31b69d3d76ab5ed1,targetgroup/bodegaai-production-store-servic/736691f5beac1ff1,RequestCountPerTarget,2026-08-28T21:00:00Z,2026-08-28T22:00:00Z,136144.5
app/bodegaai-production-alb/31b69d3d76ab5ed1,targetgroup/bodegaai-production-store-servic/736691f5beac1ff1,RequestCountPerTarget,2026-08-28T22:00:00Z,2026-08-28T23:00:00Z,134702
app/bodegaai-production-alb/31b69d3d76ab5ed1,targetgroup/bodegaai-production-store-servic/736691f5beac1ff1,RequestCountPerTarget,2026-08-28T23:00:00Z,2026-08-29T00:00:00Z,132810
app/bodegaai-production-alb/31b69d3d76ab5ed1,targetgroup/bodegaai-production-store-servic/736691f5beac1ff1,RequestCountPerTarget,2026-08-29T00:00:00Z,2026-08-29T01:00:00Z,131297
app/bodegaai-production-alb/31b69d3d76ab5ed1,targetgroup/bodegaai-production-store-servic/736691f5beac1ff1,RequestCountPerTarget,2026-08-29T01:00:00Z,2026-08-29T02:00:00Z,125080
app/bodegaai-production-alb/31b69d3d76ab5ed1,targetgroup/bodegaai-production-store-servic/736691f5beac1ff1,RequestCountPerTarget,2026-08-29T02:00:00Z,2026-08-29T03:00:00Z,120259
app/bodegaai-production-alb/31b69d3d76ab5ed1,targetgroup/bodegaai-production-store-servic/736691f5beac1ff1,RequestCountPerTarget,2026-08-29T03:00:00Z,2026-08-29T04:00:00Z,113965
app/bodegaai-production-alb/31b69d3d76ab5ed1,targetgroup/bodegaai-production-store-servic/736691f5beac1ff1,RequestCountPerTarget,2026-08-29T04:00:00Z,2026-08-29T05:00:00Z,111309
app/bodegaai-production-alb/31b69d3d76ab5ed1,targetgroup/bodegaai-production-store-servic/736691f5beac1ff1,RequestCountPerTarget,2026-08-29T05:00:00Z,2026-08-29T06:00:00Z,109828.5
app/bodegaai-production-alb/31b69d3d76ab5ed1,targetgroup/bodegaai-production-store-servic/736691f5beac1ff1,RequestCountPerTarget,2026-08-29T06:00:00Z,2026-08-29T07:00:00Z,108176
app/bodegaai-production-alb/31b69d3d76ab5ed1,targetgroup/bodegaai-production-store-servic/736691f5beac1ff1,RequestCountPerTarget,2026-08-29T07:00:00Z,2026-08-29T08:00:00Z,102978
app/bodegaai-production-alb/31b69d3d76ab5ed1,targetgroup/bodegaai-production-store-servic/736691f5beac1ff1,RequestCountPerTarget,2026-08-29T08:00:00Z,2026-08-29T09:00:00Z,102351
app/bodegaai-production-alb/31b69d3d76ab5ed1,targetgroup/bodegaai-production-store-servic/736691f5beac1ff1,RequestCountPerTarget,2026-08-29T09:00:00Z,2026-08-29T10:00:00Z,103378.5
app/bodegaai-production-alb/31b69d3d76ab5ed1,targetgroup/bodegaai-production-store-servic/736691f5beac1ff1,RequestCountPerTarget,2026-08-29T10:00:00Z,2026-08-29T11:00:00Z,103984
app/bodegaai-production-alb/31b69d3d76ab5ed1,targetgroup/bodegaai-production-store-servic/736691f5beac1ff1,RequestCountPerTarget,2026-08-29T11:00:00Z,2026-08-29T12:00:00Z,105433.5
app/bodegaai-production-alb/31b69d3d76ab5ed1,targetgroup/bodegaai-production-store-servic/736691f5beac1ff1,RequestCountPerTarget,2026-08-29T12:00:00Z,2026-08-29T13:00:00Z,111616.5
app/bodegaai-production-alb/31b69d3d76ab5ed1,targetgroup/bodegaai-production-store-servic/736691f5beac1ff1,RequestCountPerTarget,2026-08-29T13:00:00Z,2026-08-29T14:00:00Z,116217.5
app/bodegaai-production-alb/31b69d3d76ab5ed1,targetgroup/bodegaai-production-store-servic/736691f5beac1ff1,RequestCountPerTarget,2026-08-29T14:00:00Z,2026-08-29T15:00:00Z,121099
app/bodegaai-production-alb/31b69d3d76ab5ed1,targetgroup/bodegaai-production-store-servic/736691f5beac1ff1,RequestCountPerTarget,2026-08-29T15:00:00Z,2026-08-29T16:00:00Z,119688
app/bodegaai-production-alb/31b69d3d76ab5ed1,targetgroup/bodegaai-production-store-servic/736691f5beac1ff1,RequestCountPerTarget,2026-08-29T16:00:00Z,2026-08-29T17:00:00Z,121564
app/bodegaai-production-alb/31b69d3d76ab5ed1,targetgroup/bodegaai-production-store-servic/736691f5beac1ff1,RequestCountPerTarget,2026-08-29T17:00:00Z,2026-08-29T18:00:00Z,126302
app/bodegaai-production-alb/31b69d3d76ab5ed1,targetgroup/bodegaai-production-store-servic/736691f5beac1ff1,RequestCountPerTarget,2026-08-29T18:00:00Z,2026-08-29T19:00:00Z,125697.5
app/bodegaai-production-alb/31b69d3d76ab5ed1,targetgroup/bodegaai-production-store-servic/736691f5beac1ff1,RequestCountPerTarget,2026-08-29T19:00:00Z,2026-08-29T20:00:00Z,122162.5
app/bodegaai-production-alb/31b69d3d76ab5ed1,targetgroup/bodegaai-production-store-servic/736691f5beac1ff1,RequestCountPerTarget,2026-08-29T20:00:00Z,2026-08-29T21:00:00Z,123506.5
app/bodegaai-production-alb/31b69d3d76ab5ed1,targetgroup/bodegaai-production-store-servic/736691f5beac1ff1,RequestCountPerTarget,2026-08-29T21:00:00Z,2026-08-29T22:00:00Z,126694
app/bodegaai-production-alb/31b69d3d76ab5ed1,targetgroup/bodegaai-production-store-servic/736691f5beac1ff1,RequestCountPerTarget,2026-08-29T22:00:00Z,2026-08-29T23:00:00Z,127849
app/bodegaai-production-alb/31b69d3d76ab5ed1,targetgroup/bodegaai-production-store-servic/736691f5beac1ff1,RequestCountPerTarget,2026-08-29T23:00:00Z,2026-08-30T00:00:00Z,127716.5
app/bodegaai-production-alb/31b69d3d76ab5ed1,targetgroup/bodegaai-production-store-servic/736691f5beac1ff1,RequestCountPerTarget,2026-08-30T00:00:00Z,2026-08-30T01:00:00Z,127256
app/bodegaai-production-alb/31b69d3d76ab5ed1,targetgroup/bodegaai-production-store-servic/736691f5beac1ff1,RequestCountPerTarget,2026-08-30T01:00:00Z,2026-08-30T02:00:00Z,122993
app/bodegaai-production-alb/31b69d3d76ab5ed1,targetgroup/bodegaai-production-store-servic/736691f5beac1ff1,RequestCountPerTarget,2026-08-30T02:00:00Z,2026-08-30T03:00:00Z,115054.5
app/bodegaai-production-alb/31b69d3d76ab5ed1,targetgroup/bodegaai-production-store-servic/736691f5beac1ff1,RequestCountPerTarget,2026-08-30T03:00:00Z,2026-08-30T04:00:00Z,114123
app/bodegaai-production-alb/31b69d3d76ab5ed1,targetgroup/bodegaai-production-store-servic/736691f5beac1ff1,RequestCountPerTarget,2026-08-30T04:00:00Z,2026-08-30T05:00:00Z,113437.5
app/bodegaai-production-alb/31b69d3d76ab5ed1,targetgroup/bodegaai-production-store-servic/736691f5beac1ff1,RequestCountPerTarget,2026-08-30T05:00:00Z,2026-08-30T06:00:00Z,112533
app/bodegaai-production-alb/31b69d3d76ab5ed1,targetgroup/bodegaai-production-store-servic/736691f5beac1ff1,RequestCountPerTarget,2026-08-30T06:00:00Z,2026-08-30T07:00:00Z,110536
app/bodegaai-production-alb/31b69d3d76ab5ed1,targetgroup/bodegaai-production-store-servic/736691f5beac1ff1,RequestCountPerTarget,2026-08-30T07:00:00Z,2026-08-30T08:00:00Z,109910.5
app/bodegaai-production-alb/31b69d3d76ab5ed1,targetgroup/bodegaai-production-store-servic/736691f5beac1ff1,RequestCountPerTarget,2026-08-30T08:00:00Z,2026-08-30T09:00:00Z,110166
app/bodegaai-production-alb/31b69d3d76ab5ed1,targetgroup/bodegaai-production-store-servic/736691f5beac1ff1,RequestCountPerTarget,2026-08-30T09:00:00Z,2026-08-30T10:00:00Z,110180
app/bodegaai-production-alb/31b69d3d76ab5ed1,targetgroup/bodegaai-production-store-servic/736691f5beac1ff1,RequestCountPerTarget,2026-08-30T10:00:00Z,2026-08-30T11:00:00Z,110247.5
app/bodegaai-production-alb/31b69d3d76ab5ed1,targetgroup/bodegaai-production-store-servic/736691f5beac1ff1,RequestCountPerTarget,2026-08-30T11:00:00Z,2026-08-30T12:00:00Z,111489
app/bodegaai-production-alb/31b69d3d76ab5ed1,targetgroup/bodegaai-production-store-servic/736691f5beac1ff1,RequestCountPerTarget,2026-08-30T12:00:00Z,2026-08-30T13:00:00Z,114608.5
app/bodegaai-production-alb/31b69d3d76ab5ed1,targetgroup/bodegaai-production-store-servic/736691f5beac1ff1,RequestCountPerTarget,2026-08-30T13:00:00Z,2026-08-30T14:00:00Z,117846.5
app/bodegaai-production-alb/31b69d3d76ab5ed1,targetgroup/bodegaai-production-store-servic/736691f5beac1ff1,RequestCountPerTarget,2026-08-30T14:00:00Z,2026-08-30T15:00:00Z,121617.5
app/bodegaai-production-alb/31b69d3d76ab5ed1,targetgroup/bodegaai-production-store-servic/736691f5beac1ff1,RequestCountPerTarget,2026-08-30T15:00:00Z,2026-08-30T16:00:00Z,122143.5
app/bodegaai-production-alb/31b69d3d76ab5ed1,targetgroup/bodegaai-production-store-servic/736691f5beac1ff1,RequestCountPerTarget,2026-08-30T16:00:00Z,2026-08-30T17:00:00Z,123637.5
app/bodegaai-production-alb/31b69d3d76ab5ed1,targetgroup/bodegaai-production-store-servic/736691f5beac1ff1,RequestCountPerTarget,2026-08-30T17:00:00Z,2026-08-30T18:00:00Z,125875
app/bodegaai-production-alb/31b69d3d76ab5ed1,targetgroup/bodegaai-production-store-servic/736691f5beac1ff1,RequestCountPerTarget,2026-08-30T18:00:00Z,2026-08-30T19:00:00Z,126608.5
app/bodegaai-production-alb/31b69d3d76ab5ed1,targetgroup/bodegaai-production-store-servic/736691f5beac1ff1,RequestCountPerTarget,2026-08-30T19:00:00Z,2026-08-30T20:00:00Z,127493.5
app/bodegaai-production-alb/31b69d3d76ab5ed1,targetgroup/bodegaai-production-store-servic/736691f5beac1ff1,RequestCountPerTarget,2026-08-30T20:00:00Z,2026-08-30T21:00:00Z,127055.5
app/bodegaai-production-alb/31b69d3d76ab5ed1,targetgroup/bodegaai-production-store-servic/736691f5beac1ff1,RequestCountPerTarget,2026-08-30T21:00:00Z,2026-08-30T22:00:00Z,127089
app/bodegaai-production-alb/31b69d3d76ab5ed1,targetgroup/bodegaai-production-store-servic/736691f5beac1ff1,RequestCountPerTarget,2026-08-30T22:00:00Z,2026-08-30T23:00:00Z,126341
app/bodegaai-production-alb/31b69d3d76ab5ed1,targetgroup/bodegaai-production-store-servic/736691f5beac1ff1,RequestCountPerTarget,2026-08-30T23:00:00Z,2026-08-31T00:00:00Z,126327
app/bodegaai-production-alb/31b69d3d76ab5ed1,targetgroup/bodegaai-production-store-servic/736691f5beac1ff1,RequestCountPerTarget,2026-08-31T00:00:00Z,2026-08-31T01:00:00Z,125400
app/bodegaai-production-alb/31b69d3d76ab5ed1,targetgroup/bodegaai-production-store-servic/736691f5beac1ff1,RequestCountPerTarget,2026-08-31T01:00:00Z,2026-08-31T02:00:00Z,119593.5
app/bodegaai-production-alb/31b69d3d76ab5ed1,targetgroup/bodegaai-production-store-servic/736691f5beac1ff1,RequestCountPerTarget,2026-08-31T02:00:00Z,2026-08-31T03:00:00Z,114739.5
app/bodegaai-production-alb/31b69d3d76ab5ed1,targetgroup/bodegaai-production-store-servic/736691f5beac1ff1,RequestCountPerTarget,2026-08-31T03:00:00Z,2026-08-31T04:00:00Z,110040.5
app/bodegaai-production-alb/31b69d3d76ab5ed1,targetgroup/bodegaai-production-store-servic/736691f5beac1ff1,RequestCountPerTarget,2026-08-31T04:00:00Z,2026-08-31T05:00:00Z,108373
app/bodegaai-production-alb/31b69d3d76ab5ed1,targetgroup/bodegaai-production-store-servic/736691f5beac1ff1,RequestCountPerTarget,2026-08-31T05:00:00Z,2026-08-31T06:00:00Z,107469.5
app/bodegaai-production-alb/31b69d3d76ab5ed1,targetgroup/bodegaai-production-store-servic/736691f5beac1ff1,RequestCountPerTarget,2026-08-31T06:00:00Z,2026-08-31T07:00:00Z,58496.5
app/bodegaai-production-alb/31b69d3d76ab5ed1,targetgroup/bodegaai-production-store-servic/736691f5beac1ff1,RequestCountPerTarget,2026-08-31T07:00:00Z,2026-08-31T08:00:00Z,54110
app/bodegaai-production-alb/31b69d3d76ab5ed1,targetgroup/bodegaai-production-store-servic/736691f5beac1ff1,RequestCountPerTarget,2026-08-31T08:00:00Z,2026-08-31T09:00:00Z,105496.999998
app/bodegaai-production-alb/31b69d3d76ab5ed1,targetgroup/bodegaai-production-store-servic/736691f5beac1ff1,RequestCountPerTarget,2026-08-31T09:00:00Z,2026-08-31T10:00:00Z,107642
app/bodegaai-production-alb/31b69d3d76ab5ed1,targetgroup/bodegaai-production-store-servic/736691f5beac1ff1,RequestCountPerTarget,2026-08-31T10:00:00Z,2026-08-31T11:00:00Z,109743
app/bodegaai-production-alb/31b69d3d76ab5ed1,targetgroup/bodegaai-production-store-servic/736691f5beac1ff1,RequestCountPerTarget,2026-08-31T11:00:00Z,2026-08-31T12:00:00Z,115559.5
app/bodegaai-production-alb/31b69d3d76ab5ed1,targetgroup/bodegaai-production-store-servic/736691f5beac1ff1,RequestCountPerTarget,2026-08-31T12:00:00Z,2026-08-31T13:00:00Z,119210
app/bodegaai-production-alb/31b69d3d76ab5ed1,targetgroup/bodegaai-production-store-servic/736691f5beac1ff1,RequestCountPerTarget,2026-08-31T13:00:00Z,2026-08-31T14:00:00Z,119560
app/bodegaai-production-alb/31b69d3d76ab5ed1,targetgroup/bodegaai-production-store-servic/736691f5beac1ff1,RequestCountPerTarget,2026-08-31T14:00:00Z,2026-08-31T15:00:00Z,124823.5
app/bodegaai-production-alb/31b69d3d76ab5ed1,targetgroup/bodegaai-production-store-servic/736691f5beac1ff1,RequestCountPerTarget,2026-08-31T15:00:00Z,2026-08-31T16:00:00Z,125171.249995
app/bodegaai-production-alb/31b69d3d76ab5ed1,targetgroup/bodegaai-production-store-servic/736691f5beac1ff1,RequestCountPerTarget,2026-08-31T16:00:00Z,2026-08-31T17:00:00Z,132944.5
app/bodegaai-production-alb/31b69d3d76ab5ed1,targetgroup/bodegaai-production-store-servic/736691f5beac1ff1,RequestCountPerTarget,2026-08-31T17:00:00Z,2026-08-31T18:00:00Z,132008
app/bodegaai-production-alb/31b69d3d76ab5ed1,targetgroup/bodegaai-production-store-servic/736691f5beac1ff1,RequestCountPerTarget,2026-08-31T18:00:00Z,2026-08-31T19:00:00Z,132518
app/bodegaai-production-alb/31b69d3d76ab5ed1,targetgroup/bodegaai-production-store-servic/736691f5beac1ff1,RequestCountPerTarget,2026-08-31T19:00:00Z,2026-08-31T20:00:00Z,129305.5
app/bodegaai-production-alb/31b69d3d76ab5ed1,targetgroup/bodegaai-production-store-servic/736691f5beac1ff1,RequestCountPerTarget,2026-08-31T20:00:00Z,2026-08-31T21:00:00Z,132315
app/bodegaai-production-alb/31b69d3d76ab5ed1,targetgroup/bodegaai-production-store-servic/736691f5beac1ff1,RequestCountPerTarget,2026-08-31T21:00:00Z,2026-08-31T22:00:00Z,133936
app/bodegaai-production-alb/31b69d3d76ab5ed1,targetgroup/bodegaai-production-store-servic/736691f5beac1ff1,RequestCountPerTarget,2026-08-31T22:00:00Z,2026-08-31T23:00:00Z,131308
app/bodegaai-production-alb/31b69d3d76ab5ed1,targetgroup/bodegaai-production-store-servic/736691f5beac1ff1,RequestCountPerTarget,2026-08-31T23:00:00Z,2026-09-01T00:00:00Z,129645.5
app/bodegaai-production-alb/31b69d3d76ab5ed1,targetgroup/bodegaai-production-store-servic/736691f5beac1ff1,RequestCountPerTarget,2026-09-01T00:00:00Z,2026-09-01T01:00:00Z,127153
app/bodegaai-production-alb/31b69d3d76ab5ed1,targetgroup/bodegaai-production-store-servic/736691f5beac1ff1,RequestCountPerTarget,2026-09-01T01:00:00Z,2026-09-01T02:00:00Z,122089
app/bodegaai-production-alb/31b69d3d76ab5ed1,targetgroup/bodegaai-production-store-servic/736691f5beac1ff1,RequestCountPerTarget,2026-09-01T02:00:00Z,2026-09-01T03:00:00Z,115279.5
app/bodegaai-production-alb/31b69d3d76ab5ed1,targetgroup/bodegaai-production-store-servic/736691f5beac1ff1,RequestCountPerTarget,2026-09-01T03:00:00Z,2026-09-01T04:00:00Z,112323.5
app/bodegaai-production-alb/31b69d3d76ab5ed1,targetgroup/bodegaai-production-store-servic/736691f5beac1ff1,RequestCountPerTarget,2026-09-01T04:00:00Z,2026-09-01T05:00:00Z,110388
app/bodegaai-production-alb/31b69d3d76ab5ed1,targetgroup/bodegaai-production-store-servic/736691f5beac1ff1,RequestCountPerTarget,2026-09-01T05:00:00Z,2026-09-01T06:00:00Z,109330.5
app/bodegaai-production-alb/31b69d3d76ab5ed1,targetgroup/bodegaai-production-store-servic/736691f5beac1ff1,RequestCountPerTarget,2026-09-01T06:00:00Z,2026-09-01T07:00:00Z,108335.5
app/bodegaai-production-alb/31b69d3d76ab5ed1,targetgroup/bodegaai-production-store-servic/736691f5beac1ff1,RequestCountPerTarget,2026-09-01T07:00:00Z,2026-09-01T08:00:00Z,106922
app/bodegaai-production-alb/31b69d3d76ab5ed1,targetgroup/bodegaai-production-store-servic/736691f5beac1ff1,RequestCountPerTarget,2026-09-01T08:00:00Z,2026-09-01T09:00:00Z,107330.5
app/bodegaai-production-alb/31b69d3d76ab5ed1,targetgroup/bodegaai-production-store-servic/736691f5beac1ff1,RequestCountPerTarget,2026-09-01T09:00:00Z,2026-09-01T10:00:00Z,107961.5
app/bodegaai-production-alb/31b69d3d76ab5ed1,targetgroup/bodegaai-production-store-servic/736691f5beac1ff1,RequestCountPerTarget,2026-09-01T10:00:00Z,2026-09-01T11:00:00Z,109952.5
app/bodegaai-production-alb/31b69d3d76ab5ed1,targetgroup/bodegaai-production-store-servic/736691f5beac1ff1,RequestCountPerTarget,2026-09-01T11:00:00Z,2026-09-01T12:00:00Z,114379.5
app/bodegaai-production-alb/31b69d3d76ab5ed1,targetgroup/bodegaai-production-store-servic/736691f5beac1ff1,RequestCountPerTarget,2026-09-01T12:00:00Z,2026-09-01T13:00:00Z,116070
app/bodegaai-production-alb/31b69d3d76ab5ed1,targetgroup/bodegaai-production-store-servic/736691f5beac1ff1,RequestCountPerTarget,2026-09-01T13:00:00Z,2026-09-01T14:00:00Z,118299
app/bodegaai-production-alb/31b69d3d76ab5ed1,targetgroup/bodegaai-production-store-servic/736691f5beac1ff1,RequestCountPerTarget,2026-09-01T14:00:00Z,2026-09-01T15:00:00Z,122188.5
app/bodegaai-production-alb/31b69d3d76ab5ed1,targetgroup/bodegaai-production-store-servic/736691f5beac1ff1,RequestCountPerTarget,2026-09-01T15:00:00Z,2026-09-01T16:00:00Z,122088
app/bodegaai-production-alb/31b69d3d76ab5ed1,targetgroup/bodegaai-production-store-servic/736691f5beac1ff1,RequestCountPerTarget,2026-09-01T16:00:00Z,2026-09-01T17:00:00Z,124271.5
app/bodegaai-production-alb/31b69d3d76ab5ed1,targetgroup/bodegaai-production-store-servic/736691f5beac1ff1,RequestCountPerTarget,2026-09-01T17:00:00Z,2026-09-01T18:00:00Z,131637.5
app/bodegaai-production-alb/31b69d3d76ab5ed1,targetgroup/bodegaai-production-store-servic/736691f5beac1ff1,RequestCountPerTarget,2026-09-01T18:00:00Z,2026-09-01T19:00:00Z,132359.5
app/bodegaai-production-alb/31b69d3d76ab5ed1,targetgroup/bodegaai-production-store-servic/736691f5beac1ff1,RequestCountPerTarget,2026-09-01T19:00:00Z,2026-09-01T20:00:00Z,134679
app/bodegaai-production-alb/31b69d3d76ab5ed1,targetgroup/bodegaai-production-store-servic/736691f5beac1ff1,RequestCountPerTarget,2026-09-01T20:00:00Z,2026-09-01T21:00:00Z,135209.5
app/bodegaai-production-alb/31b69d3d76ab5ed1,targetgroup/bodegaai-production-store-servic/736691f5beac1ff1,RequestCountPerTarget,2026-09-01T21:00:00Z,2026-09-01T22:00:00Z,136300
app/bodegaai-production-alb/31b69d3d76ab5ed1,targetgroup/bodegaai-production-store-servic/736691f5beac1ff1,RequestCountPerTarget,2026-09-01T22:00:00Z,2026-09-01T23:00:00Z,135715
app/bodegaai-production-alb/31b69d3d76ab5ed1,targetgroup/bodegaai-production-store-servic/736691f5beac1ff1,RequestCountPerTarget,2026-09-01T23:00:00Z,2026-09-02T00:00:00Z,132210.5
app/bodegaai-production-alb/31b69d3d76ab5ed1,targetgroup/bodegaai-production-store-servic/736691f5beac1ff1,RequestCountPerTarget,2026-09-02T00:00:00Z,2026-09-02T01:00:00Z,130889
app/bodegaai-production-alb/31b69d3d76ab5ed1,targetgroup/bodegaai-production-store-servic/736691f5beac1ff1,RequestCountPerTarget,2026-09-02T01:00:00Z,2026-09-02T02:00:00Z,124231
app/bodegaai-production-alb/31b69d3d76ab5ed1,targetgroup/bodegaai-production-store-servic/736691f5beac1ff1,RequestCountPerTarget,2026-09-02T02:00:00Z,2026-09-02T03:00:00Z,120575
app/bodegaai-production-alb/31b69d3d76ab5ed1,targetgroup/bodegaai-production-store-servic/736691f5beac1ff1,RequestCountPerTarget,2026-09-02T03:00:00Z,2026-09-02T04:00:00Z,115967
app/bodegaai-production-alb/31b69d3d76ab5ed1,targetgroup/bodegaai-production-store-servic/736691f5beac1ff1,RequestCountPerTarget,2026-09-02T04:00:00Z,2026-09-02T05:00:00Z,112254.5
app/bodegaai-production-alb/31b69d3d76ab5ed1,targetgroup/bodegaai-production-store-servic/736691f5beac1ff1,RequestCountPerTarget,2026-09-02T05:00:00Z,2026-09-02T06:00:00Z,109796.5
app/bodegaai-production-alb/31b69d3d76ab5ed1,targetgroup/bodegaai-production-store-servic/736691f5beac1ff1,RequestCountPerTarget,2026-09-02T06:00:00Z,2026-09-02T07:00:00Z,110361
app/bodegaai-production-alb/31b69d3d76ab5ed1,targetgroup/bodegaai-production-store-servic/736691f5beac1ff1,RequestCountPerTarget,2026-09-02T07:00:00Z,2026-09-02T08:00:00Z,112456
app/bodegaai-production-alb/31b69d3d76ab5ed1,targetgroup/bodegaai-production-store-servic/736691f5beac1ff1,RequestCountPerTarget,2026-09-02T08:00:00Z,2026-09-02T09:00:00Z,111277
app/bodegaai-production-alb/31b69d3d76ab5ed1,targetgroup/bodegaai-production-store-servic/736691f5beac1ff1,RequestCountPerTarget,2026-09-02T09:00:00Z,2026-09-02T10:00:00Z,111756
app/bodegaai-production-alb/31b69d3d76ab5ed1,targetgroup/bodegaai-production-store-servic/736691f5beac1ff1,RequestCountPerTarget,2026-09-02T10:00:00Z,2026-09-02T11:00:00Z,115162
app/bodegaai-production-alb/31b69d3d76ab5ed1,targetgroup/bodegaai-production-store-servic/736691f5beac1ff1,RequestCountPerTarget,2026-09-02T11:00:00Z,2026-09-02T12:00:00Z,118681
app/bodegaai-production-alb/31b69d3d76ab5ed1,targetgroup/bodegaai-production-store-servic/736691f5beac1ff1,RequestCountPerTarget,2026-09-02T12:00:00Z,2026-09-02T13:00:00Z,122077
app/bodegaai-production-alb/31b69d3d76ab5ed1,targetgroup/bodegaai-production-store-servic/736691f5beac1ff1,RequestCountPerTarget,2026-09-02T13:00:00Z,2026-09-02T14:00:00Z,123655.166667
app/bodegaai-production-alb/31b69d3d76ab5ed1,targetgroup/bodegaai-production-store-servic/736691f5beac1ff1,RequestCountPerTarget,2026-09-02T14:00:00Z,2026-09-02T15:00:00Z,128906.5
app/bodegaai-production-alb/31b69d3d76ab5ed1,targetgroup/bodegaai-production-store-servic/736691f5beac1ff1,RequestCountPerTarget,2026-09-02T15:00:00Z,2026-09-02T16:00:00Z,130087
app/bodegaai-production-alb/31b69d3d76ab5ed1,targetgroup/bodegaai-production-store-servic/736691f5beac1ff1,RequestCountPerTarget,2026-09-02T16:00:00Z,2026-09-02T17:00:00Z,131808
app/bodegaai-production-alb/31b69d3d76ab5ed1,targetgroup/bodegaai-production-store-servic/736691f5beac1ff1,RequestCountPerTarget,2026-09-02T17:00:00Z,2026-09-02T18:00:00Z,132355
app/bodegaai-production-alb/31b69d3d76ab5ed1,targetgroup/bodegaai-production-store-servic/736691f5beac1ff1,RequestCountPerTarget,2026-09-02T18:00:00Z,2026-09-02T19:00:00Z,131573.5
app/bodegaai-production-alb/31b69d3d76ab5ed1,targetgroup/bodegaai-production-store-servic/736691f5beac1ff1,RequestCountPerTarget,2026-09-02T19:00:00Z,2026-09-02T20:00:00Z,131556.5
app/bodegaai-production-alb/31b69d3d76ab5ed1,targetgroup/bodegaai-production-store-servic/736691f5beac1ff1,RequestCountPerTarget,2026-09-02T20:00:00Z,2026-09-02T21:00:00Z,131351
app/bodegaai-production-alb/31b69d3d76ab5ed1,targetgroup/bodegaai-production-store-servic/736691f5beac1ff1,RequestCountPerTarget,2026-09-02T21:00:00Z,2026-09-02T22:00:00Z,133105.5
app/bodegaai-production-alb/31b69d3d76ab5ed1,targetgroup/bodegaai-production-store-servic/736691f5beac1ff1,RequestCountPerTarget,2026-09-02T22:00:00Z,2026-09-02T23:00:00Z,132638.5
app/bodegaai-production-alb/31b69d3d76ab5ed1,targetgroup/bodegaai-production-store-servic/736691f5beac1ff1,RequestCountPerTarget,2026-09-02T23:00:00Z,2026-09-03T00:00:00Z,132169.5
app/bodegaai-production-alb/31b69d3d76ab5ed1,targetgroup/bodegaai-production-store-servic/736691f5beac1ff1,RequestCountPerTarget,2026-09-03T00:00:00Z,2026-09-03T01:00:00Z,129843.5
app/bodegaai-production-alb/31b69d3d76ab5ed1,targetgroup/bodegaai-production-store-servic/736691f5beac1ff1,RequestCountPerTarget,2026-09-03T01:00:00Z,2026-09-03T02:00:00Z,125106
app/bodegaai-production-alb/31b69d3d76ab5ed1,targetgroup/bodegaai-production-store-servic/736691f5beac1ff1,RequestCountPerTarget,2026-09-03T02:00:00Z,2026-09-03T03:00:00Z,121055
app/bodegaai-production-alb/31b69d3d76ab5ed1,targetgroup/bodegaai-production-store-servic/736691f5beac1ff1,RequestCountPerTarget,2026-09-03T03:00:00Z,2026-09-03T04:00:00Z,115121.5
app/bodegaai-production-alb/31b69d3d76ab5ed1,targetgroup/bodegaai-production-store-servic/736691f5beac1ff1,RequestCountPerTarget,2026-09-03T04:00:00Z,2026-09-03T05:00:00Z,112962.5
app/bodegaai-production-alb/31b69d3d76ab5ed1,targetgroup/bodegaai-production-store-servic/736691f5beac1ff1,RequestCountPerTarget,2026-09-03T05:00:00Z,2026-09-03T06:00:00Z,112159.5
app/bodegaai-production-alb/31b69d3d76ab5ed1,targetgroup/bodegaai-production-store-servic/736691f5beac1ff1,RequestCountPerTarget,2026-09-03T06:00:00Z,2026-09-03T07:00:00Z,111430
app/bodegaai-production-alb/31b69d3d76ab5ed1,targetgroup/bodegaai-production-store-servic/736691f5beac1ff1,RequestCountPerTarget,2026-09-03T07:00:00Z,2026-09-03T08:00:00Z,111153.5
app/bodegaai-production-alb/31b69d3d76ab5ed1,targetgroup/bodegaai-production-store-servic/736691f5beac1ff1,RequestCountPerTarget,2026-09-03T08:00:00Z,2026-09-03T09:00:00Z,109563
app/bodegaai-production-alb/31b69d3d76ab5ed1,targetgroup/bodegaai-production-store-servic/736691f5beac1ff1,RequestCountPerTarget,2026-09-03T09:00:00Z,2026-09-03T10:00:00Z,109547
app/bodegaai-production-alb/31b69d3d76ab5ed1,targetgroup/bodegaai-production-store-servic/736691f5beac1ff1,RequestCountPerTarget,2026-09-03T10:00:00Z,2026-09-03T11:00:00Z,112983
app/bodegaai-production-alb/31b69d3d76ab5ed1,targetgroup/bodegaai-production-store-servic/736691f5beac1ff1,RequestCountPerTarget,2026-09-03T11:00:00Z,2026-09-03T12:00:00Z,117879
app/bodegaai-production-alb/31b69d3d76ab5ed1,targetgroup/bodegaai-production-store-servic/736691f5beac1ff1,RequestCountPerTarget,2026-09-03T12:00:00Z,2026-09-03T13:00:00Z,120793.5
app/bodegaai-production-alb/31b69d3d76ab5ed1,targetgroup/bodegaai-production-store-servic/736691f5beac1ff1,RequestCountPerTarget,2026-09-03T13:00:00Z,2026-09-03T14:00:00Z,125014
app/bodegaai-production-alb/31b69d3d76ab5ed1,targetgroup/bodegaai-production-store-servic/736691f5beac1ff1,RequestCountPerTarget,2026-09-03T14:00:00Z,2026-09-03T15:00:00Z,129968
app/bodegaai-production-alb/31b69d3d76ab5ed1,targetgroup/bodegaai-production-store-servic/736691f5beac1ff1,RequestCountPerTarget,2026-09-03T15:00:00Z,2026-09-03T16:00:00Z,131637.5
app/bodegaai-production-alb/31b69d3d76ab5ed1,targetgroup/bodegaai-production-store-servic/736691f5beac1ff1,RequestCountPerTarget,2026-09-03T16:00:00Z,2026-09-03T17:00:00Z,134703
app/bodegaai-production-alb/31b69d3d76ab5ed1,targetgroup/bodegaai-production-store-servic/736691f5beac1ff1,RequestCountPerTarget,2026-09-03T17:00:00Z,2026-09-03T18:00:00Z,134230.5
app/bodegaai-production-alb/31b69d3d76ab5ed1,targetgroup/bodegaai-production-store-servic/736691f5beac1ff1,RequestCountPerTarget,2026-09-03T18:00:00Z,2026-09-03T19:00:00Z,133174.5
app/bodegaai-production-alb/31b69d3d76ab5ed1,targetgroup/bodegaai-production-store-servic/736691f5beac1ff1,RequestCountPerTarget,2026-09-03T19:00:00Z,2026-09-03T20:00:00Z,134904
app/bodegaai-production-alb/31b69d3d76ab5ed1,targetgroup/bodegaai-production-store-servic/736691f5beac1ff1,RequestCountPerTarget,2026-09-03T20:00:00Z,2026-09-03T21:00:00Z,129946
app/bodegaai-production-alb/31b69d3d76ab5ed1,targetgroup/bodegaai-production-store-servic/736691f5beac1ff1,RequestCountPerTarget,2026-09-03T21:00:00Z,2026-09-03T22:00:00Z,127536.166675
app/bodegaai-production-alb/31b69d3d76ab5ed1,targetgroup/bodegaai-production-store-servic/736691f5beac1ff1,RequestCountPerTarget,2026-09-03T22:00:00Z,2026-09-03T23:00:00Z,123779
app/bodegaai-production-alb/31b69d3d76ab5ed1,targetgroup/bodegaai-production-store-servic/736691f5beac1ff1,RequestCountPerTarget,2026-09-03T23:00:00Z,2026-09-04T00:00:00Z,135630.5
app/bodegaai-production-alb/31b69d3d76ab5ed1,targetgroup/bodegaai-production-store-servic/736691f5beac1ff1,RequestCountPerTarget,2026-09-04T00:00:00Z,2026-09-04T01:00:00Z,128862.5
app/bodegaai-production-alb/31b69d3d76ab5ed1,targetgroup/bodegaai-production-store-servic/736691f5beac1ff1,RequestCountPerTarget,2026-09-04T01:00:00Z,2026-09-04T02:00:00Z,117229
app/bodegaai-production-alb/31b69d3d76ab5ed1,targetgroup/bodegaai-production-store-servic/736691f5beac1ff1,RequestCountPerTarget,2026-09-04T02:00:00Z,2026-09-04T03:00:00Z,112141
app/bodegaai-production-alb/31b69d3d76ab5ed1,targetgroup/bodegaai-production-store-servic/736691f5beac1ff1,RequestCountPerTarget,2026-09-04T03:00:00Z,2026-09-04T04:00:00Z,106583.5
app/bodegaai-production-alb/31b69d3d76ab5ed1,targetgroup/bodegaai-production-store-servic/736691f5beac1ff1,RequestCountPerTarget,2026-09-04T04:00:00Z,2026-09-04T05:00:00Z,103296
app/bodegaai-production-alb/31b69d3d76ab5ed1,targetgroup/bodegaai-production-store-servic/736691f5beac1ff1,RequestCountPerTarget,2026-09-04T05:00:00Z,2026-09-04T06:00:00Z,102245
app/bodegaai-production-alb/31b69d3d76ab5ed1,targetgroup/bodegaai-production-store-servic/736691f5beac1ff1,RequestCountPerTarget,2026-09-04T06:00:00Z,2026-09-04T07:00:00Z,115625
app/bodegaai-production-alb/31b69d3d76ab5ed1,targetgroup/bodegaai-production-store-servic/736691f5beac1ff1,RequestCountPerTarget,2026-09-04T07:00:00Z,2026-09-04T08:00:00Z,102607
app/bodegaai-production-alb/31b69d3d76ab5ed1,targetgroup/bodegaai-production-store-servic/736691f5beac1ff1,RequestCountPerTarget,2026-09-04T08:00:00Z,2026-09-04T09:00:00Z,102083
app/bodegaai-production-alb/31b69d3d76ab5ed1,targetgroup/bodegaai-production-store-servic/736691f5beac1ff1,RequestCountPerTarget,2026-09-04T09:00:00Z,2026-09-04T10:00:00Z,101590.5
app/bodegaai-production-alb/31b69d3d76ab5ed1,targetgroup/bodegaai-production-store-servic/736691f5beac1ff1,RequestCountPerTarget,2026-09-04T10:00:00Z,2026-09-04T11:00:00Z,103929.5
app/bodegaai-production-alb/31b69d3d76ab5ed1,targetgroup/bodegaai-production-store-servic/736691f5beac1ff1,RequestCountPerTarget,2026-09-04T11:00:00Z,2026-09-04T12:00:00Z,116985
app/bodegaai-production-alb/31b69d3d76ab5ed1,targetgroup/bodegaai-production-store-servic/736691f5beac1ff1,RequestCountPerTarget,2026-09-04T12:00:00Z,2026-09-04T13:00:00Z,121987.5
app/bodegaai-production-alb/31b69d3d76ab5ed1,targetgroup/bodegaai-production-store-servic/736691f5beac1ff1,RequestCountPerTarget,2026-09-04T13:00:00Z,2026-09-04T14:00:00Z,124013.5
app/bodegaai-production-alb/31b69d3d76ab5ed1,targetgroup/bodegaai-production-store-servic/736691f5beac1ff1,RequestCountPerTarget,2026-09-04T14:00:00Z,2026-09-04T15:00:00Z,129932
app/bodegaai-production-alb/31b69d3d76ab5ed1,targetgroup/bodegaai-production-store-servic/736691f5beac1ff1,RequestCountPerTarget,2026-09-04T15:00:00Z,2026-09-04T16:00:00Z,132506
app/bodegaai-production-alb/31b69d3d76ab5ed1,targetgroup/bodegaai-production-store-servic/736691f5beac1ff1,RequestCountPerTarget,2026-09-04T16:00:00Z,2026-09-04T17:00:00Z,130810.5
app/bodegaai-production-alb/31b69d3d76ab5ed1,targetgroup/bodegaai-production-store-servic/736691f5beac1ff1,RequestCountPerTarget,2026-09-04T17:00:00Z,2026-09-04T18:00:00Z,130793.5
app/bodegaai-production-alb/31b69d3d76ab5ed1,targetgroup/bodegaai-production-store-servic/736691f5beac1ff1,RequestCountPerTarget,2026-09-04T18:00:00Z,2026-09-04T19:00:00Z,132413.5
app/bodegaai-production-alb/31b69d3d76ab5ed1,targetgroup/bodegaai-production-store-servic/736691f5beac1ff1,RequestCountPerTarget,2026-09-04T19:00:00Z,2026-09-04T20:00:00Z,133965
app/bodegaai-production-alb/31b69d3d76ab5ed1,targetgroup/bodegaai-production-store-servic/736691f5beac1ff1,RequestCountPerTarget,2026-09-04T20:00:00Z,2026-09-04T21:00:00Z,155381.5
app/bodegaai-production-alb/31b69d3d76ab5ed1,targetgroup/bodegaai-production-store-servic/736691f5beac1ff1,RequestCountPerTarget,2026-09-04T21:00:00Z,2026-09-04T22:00:00Z,144109
app/bodegaai-production-alb/31b69d3d76ab5ed1,targetgroup/bodegaai-production-store-servic/736691f5beac1ff1,RequestCountPerTarget,2026-09-04T22:00:00Z,2026-09-04T23:00:00Z,135126.5
app/bodegaai-production-alb/31b69d3d76ab5ed1,targetgroup/bodegaai-production-store-servic/736691f5beac1ff1,RequestCountPerTarget,2026-09-04T23:00:00Z,2026-09-05T00:00:00Z,132779
app/bodegaai-production-alb/31b69d3d76ab5ed1,targetgroup/bodegaai-production-store-servic/736691f5beac1ff1,RequestCountPerTarget,2026-09-05T00:00:00Z,2026-09-05T01:00:00Z,131225.5
app/bodegaai-production-alb/31b69d3d76ab5ed1,targetgroup/bodegaai-production-store-servic/736691f5beac1ff1,RequestCountPerTarget,2026-09-05T01:00:00Z,2026-09-05T02:00:00Z,119071.5
app/bodegaai-production-alb/31b69d3d76ab5ed1,targetgroup/bodegaai-production-store-servic/736691f5beac1ff1,RequestCountPerTarget,2026-09-05T02:00:00Z,2026-09-05T03:00:00Z,115312.5
app/bodegaai-production-alb/31b69d3d76ab5ed1,targetgroup/bodegaai-production-store-servic/736691f5beac1ff1,RequestCountPerTarget,2026-09-05T03:00:00Z,2026-09-05T04:00:00Z,108558.5
app/bodegaai-production-alb/31b69d3d76ab5ed1,targetgroup/bodegaai-production-store-servic/736691f5beac1ff1,RequestCountPerTarget,2026-09-05T04:00:00Z,2026-09-05T05:00:00Z,105983
app/bodegaai-production-alb/31b69d3d76ab5ed1,targetgroup/bodegaai-production-store-servic/736691f5beac1ff1,RequestCountPerTarget,2026-09-05T05:00:00Z,2026-09-05T06:00:00Z,104607.5
app/bodegaai-production-alb/31b69d3d76ab5ed1,targetgroup/bodegaai-production-store-servic/736691f5beac1ff1,RequestCountPerTarget,2026-09-05T06:00:00Z,2026-09-05T07:00:00Z,102065.5
app/bodegaai-production-alb/31b69d3d76ab5ed1,targetgroup/bodegaai-production-store-servic/736691f5beac1ff1,RequestCountPerTarget,2026-09-05T07:00:00Z,2026-09-05T08:00:00Z,96643.5
app/bodegaai-production-alb/31b69d3d76ab5ed1,targetgroup/bodegaai-production-store-servic/736691f5beac1ff1,RequestCountPerTarget,2026-09-05T08:00:00Z,2026-09-05T09:00:00Z,96613.5
app/bodegaai-production-alb/31b69d3d76ab5ed1,targetgroup/bodegaai-production-store-servic/736691f5beac1ff1,RequestCountPerTarget,2026-09-05T09:00:00Z,2026-09-05T10:00:00Z,96559.5
app/bodegaai-production-alb/31b69d3d76ab5ed1,targetgroup/bodegaai-production-store-servic/736691f5beac1ff1,RequestCountPerTarget,2026-09-05T10:00:00Z,2026-09-05T11:00:00Z,97299
app/bodegaai-production-alb/31b69d3d76ab5ed1,targetgroup/bodegaai-production-store-servic/736691f5beac1ff1,RequestCountPerTarget,2026-09-05T11:00:00Z,2026-09-05T12:00:00Z,102805
app/bodegaai-production-alb/31b69d3d76ab5ed1,targetgroup/bodegaai-production-store-servic/736691f5beac1ff1,RequestCountPerTarget,2026-09-05T12:00:00Z,2026-09-05T13:00:00Z,112445
app/bodegaai-production-alb/31b69d3d76ab5ed1,targetgroup/bodegaai-production-store-servic/736691f5beac1ff1,RequestCountPerTarget,2026-09-05T13:00:00Z,2026-09-05T14:00:00Z,122288.5
app/bodegaai-production-alb/31b69d3d76ab5ed1,targetgroup/bodegaai-production-store-servic/736691f5beac1ff1,RequestCountPerTarget,2026-09-05T14:00:00Z,2026-09-05T15:00:00Z,126602
app/bodegaai-production-alb/31b69d3d76ab5ed1,targetgroup/bodegaai-production-store-servic/736691f5beac1ff1,RequestCountPerTarget,2026-09-05T15:00:00Z,2026-09-05T16:00:00Z,127873
app/bodegaai-production-alb/31b69d3d76ab5ed1,targetgroup/bodegaai-production-store-servic/736691f5beac1ff1,RequestCountPerTarget,2026-09-05T16:00:00Z,2026-09-05T17:00:00Z,131867.5
app/bodegaai-production-alb/31b69d3d76ab5ed1,targetgroup/bodegaai-production-store-servic/736691f5beac1ff1,RequestCountPerTarget,2026-09-05T17:00:00Z,2026-09-05T18:00:00Z,130602.5
app/bodegaai-production-alb/31b69d3d76ab5ed1,targetgroup/bodegaai-production-store-servic/736691f5beac1ff1,RequestCountPerTarget,2026-09-05T18:00:00Z,2026-09-05T19:00:00Z,131537.5
app/bodegaai-production-alb/31b69d3d76ab5ed1,targetgroup/bodegaai-production-store-servic/736691f5beac1ff1,RequestCountPerTarget,2026-09-05T19:00:00Z,2026-09-05T20:00:00Z,130415
app/bodegaai-production-alb/31b69d3d76ab5ed1,targetgroup/bodegaai-production-store-servic/736691f5beac1ff1,RequestCountPerTarget,2026-09-05T20:00:00Z,2026-09-05T21:00:00Z,130107.5
app/bodegaai-production-alb/31b69d3d76ab5ed1,targetgroup/bodegaai-production-store-servic/736691f5beac1ff1,RequestCountPerTarget,2026-09-05T21:00:00Z,2026-09-05T22:00:00Z,128676.5
app/bodegaai-production-alb/31b69d3d76ab5ed1,targetgroup/bodegaai-production-store-servic/736691f5beac1ff1,RequestCountPerTarget,2026-09-05T22:00:00Z,2026-09-05T23:00:00Z,127210.5
app/bodegaai-production-alb/31b69d3d76ab5ed1,targetgroup/bodegaai-production-store-servic/736691f5beac1ff1,RequestCountPerTarget,2026-09-05T23:00:00Z,2026-09-06T00:00:00Z,125719.5
app/bodegaai-production-alb/31b69d3d76ab5ed1,targetgroup/bodegaai-production-store-servic/736691f5beac1ff1,RequestCountPerTarget,2026-09-06T00:00:00Z,2026-09-06T01:00:00Z,124099
app/bodegaai-production-alb/31b69d3d76ab5ed1,targetgroup/bodegaai-production-store-servic/736691f5beac1ff1,RequestCountPerTarget,2026-09-06T01:00:00Z,2026-09-06T02:00:00Z,119138.5
app/bodegaai-production-alb/31b69d3d76ab5ed1,targetgroup/bodegaai-production-store-servic/736691f5beac1ff1,RequestCountPerTarget,2026-09-06T02:00:00Z,2026-09-06T03:00:00Z,115941
app/bodegaai-production-alb/31b69d3d76ab5ed1,targetgroup/bodegaai-production-store-servic/736691f5beac1ff1,RequestCountPerTarget,2026-09-06T03:00:00Z,2026-09-06T04:00:00Z,111952
app/bodegaai-production-alb/31b69d3d76ab5ed1,targetgroup/bodegaai-production-store-servic/736691f5beac1ff1,RequestCountPerTarget,2026-09-06T04:00:00Z,2026-09-06T05:00:00Z,111811.5
app/bodegaai-production-alb/31b69d3d76ab5ed1,targetgroup/bodegaai-production-store-servic/736691f5beac1ff1,RequestCountPerTarget,2026-09-06T05:00:00Z,2026-09-06T06:00:00Z,108348
app/bodegaai-production-alb/31b69d3d76ab5ed1,targetgroup/bodegaai-production-store-servic/736691f5beac1ff1,RequestCountPerTarget,2026-09-06T06:00:00Z,2026-09-06T07:00:00Z,107840.5
app/bodegaai-production-alb/31b69d3d76ab5ed1,targetgroup/bodegaai-production-store-servic/736691f5beac1ff1,RequestCountPerTarget,2026-09-06T07:00:00Z,2026-09-06T08:00:00Z,104335.5
app/bodegaai-production-alb/31b69d3d76ab5ed1,targetgroup/bodegaai-production-store-servic/736691f5beac1ff1,RequestCountPerTarget,2026-09-06T08:00:00Z,2026-09-06T09:00:00Z,115240.5
app/bodegaai-production-alb/31b69d3d76ab5ed1,targetgroup/bodegaai-production-store-servic/736691f5beac1ff1,RequestCountPerTarget,2026-09-06T09:00:00Z,2026-09-06T10:00:00Z,104758
app/bodegaai-production-alb/31b69d3d76ab5ed1,targetgroup/bodegaai-production-store-servic/736691f5beac1ff1,RequestCountPerTarget,2026-09-06T10:00:00Z,2026-09-06T11:00:00Z,103785
app/bodegaai-production-alb/31b69d3d76ab5ed1,targetgroup/bodegaai-production-store-servic/736691f5beac1ff1,RequestCountPerTarget,2026-09-06T11:00:00Z,2026-09-06T12:00:00Z,101996.5
app/bodegaai-production-alb/31b69d3d76ab5ed1,targetgroup/bodegaai-production-store-servic/736691f5beac1ff1,RequestCountPerTarget,2026-09-06T12:00:00Z,2026-09-06T13:00:00Z,55177
app/bodegaai-production-alb/31b69d3d76ab5ed1,targetgroup/bodegaai-production-store-servic/736691f5beac1ff1,RequestCountPerTarget,2026-09-06T13:00:00Z,2026-09-06T14:00:00Z,105183
app/bodegaai-production-alb/31b69d3d76ab5ed1,targetgroup/bodegaai-production-store-servic/736691f5beac1ff1,RequestCountPerTarget,2026-09-06T14:00:00Z,2026-09-06T15:00:00Z,114987
app/bodegaai-production-alb/31b69d3d76ab5ed1,targetgroup/bodegaai-production-store-servic/736691f5beac1ff1,RequestCountPerTarget,2026-09-06T15:00:00Z,2026-09-06T16:00:00Z,115250
app/bodegaai-production-alb/31b69d3d76ab5ed1,targetgroup/bodegaai-production-store-servic/736691f5beac1ff1,RequestCountPerTarget,2026-09-06T16:00:00Z,2026-09-06T17:00:00Z,117233.5
app/bodegaai-production-alb/31b69d3d76ab5ed1,targetgroup/bodegaai-production-store-servic/736691f5beac1ff1,RequestCountPerTarget,2026-09-06T17:00:00Z,2026-09-06T18:00:00Z,121186.5
app/bodegaai-production-alb/31b69d3d76ab5ed1,targetgroup/bodegaai-production-store-servic/736691f5beac1ff1,RequestCountPerTarget,2026-09-06T18:00:00Z,2026-09-06T19:00:00Z,124060.5
app/bodegaai-production-alb/31b69d3d76ab5ed1,targetgroup/bodegaai-production-store-servic/736691f5beac1ff1,RequestCountPerTarget,2026-09-06T19:00:00Z,2026-09-06T20:00:00Z,124299
app/bodegaai-production-alb/31b69d3d76ab5ed1,targetgroup/bodegaai-production-store-servic/736691f5beac1ff1,RequestCountPerTarget,2026-09-06T20:00:00Z,2026-09-06T21:00:00Z,105024.5
app/bodegaai-production-alb/31b69d3d76ab5ed1,targetgroup/bodegaai-production-store-servic/736691f5beac1ff1,RequestCountPerTarget,2026-09-06T21:00:00Z,2026-09-06T22:00:00Z,132185.5
app/bodegaai-production-alb/31b69d3d76ab5ed1,targetgroup/bodegaai-production-store-servic/736691f5beac1ff1,RequestCountPerTarget,2026-09-06T22:00:00Z,2026-09-06T23:00:00Z,132029.5
app/bodegaai-production-alb/31b69d3d76ab5ed1,targetgroup/bodegaai-production-store-servic/736691f5beac1ff1,RequestCountPerTarget,2026-09-06T23:00:00Z,2026-09-07T00:00:00Z,131436
app/bodegaai-production-alb/31b69d3d76ab5ed1,targetgroup/bodegaai-production-store-servic/736691f5beac1ff1,RequestCountPerTarget,2026-09-07T00:00:00Z,2026-09-07T01:00:00Z,126344
app/bodegaai-production-alb/31b69d3d76ab5ed1,targetgroup/bodegaai-production-store-servic/736691f5beac1ff1,RequestCountPerTarget,2026-09-07T01:00:00Z,2026-09-07T02:00:00Z,121517
app/bodegaai-production-alb/31b69d3d76ab5ed1,targetgroup/bodegaai-production-store-servic/736691f5beac1ff1,RequestCountPerTarget,2026-09-07T02:00:00Z,2026-09-07T03:00:00Z,117289
app/bodegaai-production-alb/31b69d3d76ab5ed1,targetgroup/bodegaai-production-store-servic/736691f5beac1ff1,RequestCountPerTarget,2026-09-07T03:00:00Z,2026-09-07T04:00:00Z,112240.5
app/bodegaai-production-alb/31b69d3d76ab5ed1,targetgroup/bodegaai-production-store-servic/736691f5beac1ff1,RequestCountPerTarget,2026-09-07T04:00:00Z,2026-09-07T05:00:00Z,110638.5
app/bodegaai-production-alb/31b69d3d76ab5ed1,targetgroup/bodegaai-production-store-servic/736691f5beac1ff1,RequestCountPerTarget,2026-09-07T05:00:00Z,2026-09-07T06:00:00Z,109020
app/bodegaai-production-alb/31b69d3d76ab5ed1,targetgroup/bodegaai-production-store-servic/736691f5beac1ff1,RequestCountPerTarget,2026-09-07T06:00:00Z,2026-09-07T07:00:00Z,108232
app/bodegaai-production-alb/31b69d3d76ab5ed1,targetgroup/bodegaai-production-store-servic/736691f5beac1ff1,RequestCountPerTarget,2026-09-07T07:00:00Z,2026-09-07T08:00:00Z,103689.5
app/bodegaai-production-alb/31b69d3d76ab5ed1,targetgroup/bodegaai-production-store-servic/736691f5beac1ff1,RequestCountPerTarget,2026-09-07T08:00:00Z,2026-09-07T09:00:00Z,102685.5
app/bodegaai-production-alb/31b69d3d76ab5ed1,targetgroup/bodegaai-production-store-servic/736691f5beac1ff1,RequestCountPerTarget,2026-09-07T09:00:00Z,2026-09-07T10:00:00Z,102842
app/bodegaai-production-alb/31b69d3d76ab5ed1,targetgroup/bodegaai-production-store-servic/736691f5beac1ff1,RequestCountPerTarget,2026-09-07T10:00:00Z,2026-09-07T11:00:00Z,109702.5
app/bodegaai-production-alb/31b69d3d76ab5ed1,targetgroup/bodegaai-production-store-servic/736691f5beac1ff1,RequestCountPerTarget,2026-09-07T11:00:00Z,2026-09-07T12:00:00Z,106486
app/bodegaai-production-alb/31b69d3d76ab5ed1,targetgroup/bodegaai-production-store-servic/736691f5beac1ff1,RequestCountPerTarget,2026-09-07T12:00:00Z,2026-09-07T13:00:00Z,111585.5
app/bodegaai-production-alb/31b69d3d76ab5ed1,targetgroup/bodegaai-production-store-servic/736691f5beac1ff1,RequestCountPerTarget,2026-09-07T13:00:00Z,2026-09-07T14:00:00Z,119835
app/bodegaai-production-alb/31b69d3d76ab5ed1,targetgroup/bodegaai-production-store-servic/736691f5beac1ff1,RequestCountPerTarget,2026-09-07T14:00:00Z,2026-09-07T15:00:00Z,125089
app/bodegaai-production-alb/31b69d3d76ab5ed1,targetgroup/bodegaai-production-store-servic/736691f5beac1ff1,RequestCountPerTarget,2026-09-07T15:00:00Z,2026-09-07T16:00:00Z,125129.5
app/bodegaai-production-alb/31b69d3d76ab5ed1,targetgroup/bodegaai-production-store-servic/736691f5beac1ff1,RequestCountPerTarget,2026-09-07T16:00:00Z,2026-09-07T17:00:00Z,127599
app/bodegaai-production-alb/31b69d3d76ab5ed1,targetgroup/bodegaai-production-store-servic/736691f5beac1ff1,RequestCountPerTarget,2026-09-07T17:00:00Z,2026-09-07T18:00:00Z,127162
app/bodegaai-production-alb/31b69d3d76ab5ed1,targetgroup/bodegaai-production-store-servic/736691f5beac1ff1,RequestCountPerTarget,2026-09-07T18:00:00Z,2026-09-07T19:00:00Z,131316
app/bodegaai-production-alb/31b69d3d76ab5ed1,targetgroup/bodegaai-production-store-servic/736691f5beac1ff1,RequestCountPerTarget,2026-09-07T19:00:00Z,2026-09-07T20:00:00Z,131360.5
app/bodegaai-production-alb/31b69d3d76ab5ed1,targetgroup/bodegaai-production-store-servic/736691f5beac1ff1,RequestCountPerTarget,2026-09-07T20:00:00Z,2026-09-07T21:00:00Z,126636.5
app/bodegaai-production-alb/31b69d3d76ab5ed1,targetgroup/bodegaai-production-store-servic/736691f5beac1ff1,RequestCountPerTarget,2026-09-07T21:00:00Z,2026-09-07T22:00:00Z,125836
app/bodegaai-production-alb/31b69d3d76ab5ed1,targetgroup/bodegaai-production-store-servic/736691f5beac1ff1,RequestCountPerTarget,2026-09-07T22:00:00Z,2026-09-07T23:00:00Z,118652
app/bodegaai-production-alb/31b69d3d76ab5ed1,targetgroup/bodegaai-production-store-servic/736691f5beac1ff1,RequestCountPerTarget,2026-09-07T23:00:00Z,2026-09-08T00:00:00Z,124586
app/bodegaai-production-alb/31b69d3d76ab5ed1,targetgroup/bodegaai-production-store-servic/736691f5beac1ff1,RequestCountPerTarget,2026-09-08T00:00:00Z,2026-09-08T01:00:00Z,122479.5
app/bodegaai-production-alb/31b69d3d76ab5ed1,targetgroup/bodegaai-production-store-servic/736691f5beac1ff1,RequestCountPerTarget,2026-09-08T01:00:00Z,2026-09-08T02:00:00Z,117288
app/bodegaai-production-alb/31b69d3d76ab5ed1,targetgroup/bodegaai-production-store-servic/736691f5beac1ff1,RequestCountPerTarget,2026-09-08T02:00:00Z,2026-09-08T03:00:00Z,113809
app/bodegaai-production-alb/31b69d3d76ab5ed1,targetgroup/bodegaai-production-store-servic/736691f5beac1ff1,RequestCountPerTarget,2026-09-08T03:00:00Z,2026-09-08T04:00:00Z,108417.5
app/bodegaai-production-alb/31b69d3d76ab5ed1,targetgroup/bodegaai-production-store-servic/736691f5beac1ff1,RequestCountPerTarget,2026-09-08T04:00:00Z,2026-09-08T05:00:00Z,105545.5
app/bodegaai-production-alb/31b69d3d76ab5ed1,targetgroup/bodegaai-production-store-servic/736691f5beac1ff1,RequestCountPerTarget,2026-09-08T05:00:00Z,2026-09-08T06:00:00Z,105027
app/bodegaai-production-alb/31b69d3d76ab5ed1,targetgroup/bodegaai-production-store-servic/736691f5beac1ff1,RequestCountPerTarget,2026-09-08T06:00:00Z,2026-09-08T07:00:00Z,104138.5
app/bodegaai-production-alb/31b69d3d76ab5ed1,targetgroup/bodegaai-production-store-servic/736691f5beac1ff1,RequestCountPerTarget,2026-09-08T07:00:00Z,2026-09-08T08:00:00Z,103818
app/bodegaai-production-alb/31b69d3d76ab5ed1,targetgroup/bodegaai-production-store-servic/736691f5beac1ff1,RequestCountPerTarget,2026-09-08T08:00:00Z,2026-09-08T09:00:00Z,88998
app/bodegaai-production-alb/31b69d3d76ab5ed1,targetgroup/bodegaai-production-store-servic/736691f5beac1ff1,RequestCountPerTarget,2026-09-08T09:00:00Z,2026-09-08T10:00:00Z,105588.5
app/bodegaai-production-alb/31b69d3d76ab5ed1,targetgroup/bodegaai-production-store-servic/736691f5beac1ff1,RequestCountPerTarget,2026-09-08T10:00:00Z,2026-09-08T11:00:00Z,108830.5
app/bodegaai-production-alb/31b69d3d76ab5ed1,targetgroup/bodegaai-production-store-servic/736691f5beac1ff1,RequestCountPerTarget,2026-09-08T11:00:00Z,2026-09-08T12:00:00Z,112111.249997
app/bodegaai-production-alb/31b69d3d76ab5ed1,targetgroup/bodegaai-production-store-servic/736691f5beac1ff1,RequestCountPerTarget,2026-09-08T12:00:00Z,2026-09-08T13:00:00Z,115417.5
app/bodegaai-production-alb/31b69d3d76ab5ed1,targetgroup/bodegaai-production-store-servic/736691f5beac1ff1,RequestCountPerTarget,2026-09-08T13:00:00Z,2026-09-08T14:00:00Z,121924.5
app/bodegaai-production-alb/31b69d3d76ab5ed1,targetgroup/bodegaai-production-store-servic/736691f5beac1ff1,RequestCountPerTarget,2026-09-08T14:00:00Z,2026-09-08T15:00:00Z,128421.5
app/bodegaai-production-alb/31b69d3d76ab5ed1,targetgroup/bodegaai-production-store-servic/736691f5beac1ff1,RequestCountPerTarget,2026-09-08T15:00:00Z,2026-09-08T16:00:00Z,127975.5
app/bodegaai-production-alb/31b69d3d76ab5ed1,targetgroup/bodegaai-production-store-servic/736691f5beac1ff1,RequestCountPerTarget,2026-09-08T16:00:00Z,2026-09-08T17:00:00Z,131542
app/bodegaai-production-alb/31b69d3d76ab5ed1,targetgroup/bodegaai-production-store-servic/736691f5beac1ff1,RequestCountPerTarget,2026-09-08T17:00:00Z,2026-09-08T18:00:00Z,130986
app/bodegaai-production-alb/31b69d3d76ab5ed1,targetgroup/bodegaai-production-store-servic/736691f5beac1ff1,RequestCountPerTarget,2026-09-08T18:00:00Z,2026-09-08T19:00:00Z,130566
app/bodegaai-production-alb/31b69d3d76ab5ed1,targetgroup/bodegaai-production-store-servic/736691f5beac1ff1,RequestCountPerTarget,2026-09-08T19:00:00Z,2026-09-08T20:00:00Z,132096
app/bodegaai-production-alb/31b69d3d76ab5ed1,targetgroup/bodegaai-production-store-servic/736691f5beac1ff1,RequestCountPerTarget,2026-09-08T20:00:00Z,2026-09-08T21:00:00Z,131592.5
app/bodegaai-production-alb/31b69d3d76ab5ed1,targetgroup/bodegaai-production-store-servic/736691f5beac1ff1,RequestCountPerTarget,2026-09-08T21:00:00Z,2026-09-08T22:00:00Z,132112.5
app/bodegaai-production-alb/31b69d3d76ab5ed1,targetgroup/bodegaai-production-store-servic/736691f5beac1ff1,RequestCountPerTarget,2026-09-08T22:00:00Z,2026-09-08T23:00:00Z,129924
app/bodegaai-production-alb/31b69d3d76ab5ed1,targetgroup/bodegaai-production-store-servic/736691f5beac1ff1,RequestCountPerTarget,2026-09-08T23:00:00Z,2026-09-09T00:00:00Z,128436
app/bodegaai-production-alb/31b69d3d76ab5ed1,targetgroup/bodegaai-production-store-servic/736691f5beac1ff1,RequestCountPerTarget,2026-09-09T00:00:00Z,2026-09-09T01:00:00Z,129829
app/bodegaai-production-alb/31b69d3d76ab5ed1,targetgroup/bodegaai-production-store-servic/736691f5beac1ff1,RequestCountPerTarget,2026-09-09T01:00:00Z,2026-09-09T02:00:00Z,129645.5
app/bodegaai-production-alb/31b69d3d76ab5ed1,targetgroup/bodegaai-production-store-servic/736691f5beac1ff1,RequestCountPerTarget,2026-09-09T02:00:00Z,2026-09-09T03:00:00Z,119599
app/bodegaai-production-alb/31b69d3d76ab5ed1,targetgroup/bodegaai-production-store-servic/736691f5beac1ff1,RequestCountPerTarget,2026-09-09T03:00:00Z,2026-09-09T04:00:00Z,114983.5
app/bodegaai-production-alb/31b69d3d76ab5ed1,targetgroup/bodegaai-production-store-servic/736691f5beac1ff1,RequestCountPerTarget,2026-09-09T04:00:00Z,2026-09-09T05:00:00Z,112825
app/bodegaai-production-alb/31b69d3d76ab5ed1,targetgroup/bodegaai-production-store-servic/736691f5beac1ff1,RequestCountPerTarget,2026-09-09T05:00:00Z,2026-09-09T06:00:00Z,111673
app/bodegaai-production-alb/31b69d3d76ab5ed1,targetgroup/bodegaai-production-store-servic/736691f5beac1ff1,RequestCountPerTarget,2026-09-09T06:00:00Z,2026-09-09T07:00:00Z,111118
app/bodegaai-production-alb/31b69d3d76ab5ed1,targetgroup/bodegaai-production-store-servic/736691f5beac1ff1,RequestCountPerTarget,2026-09-09T07:00:00Z,2026-09-09T08:00:00Z,111100
app/bodegaai-production-alb/31b69d3d76ab5ed1,targetgroup/bodegaai-production-store-servic/736691f5beac1ff1,RequestCountPerTarget,2026-09-09T08:00:00Z,2026-09-09T09:00:00Z,111041.5
app/bodegaai-production-alb/31b69d3d76ab5ed1,targetgroup/bodegaai-production-store-servic/736691f5beac1ff1,RequestCountPerTarget,2026-09-09T09:00:00Z,2026-09-09T10:00:00Z,111340.5
app/bodegaai-production-alb/31b69d3d76ab5ed1,targetgroup/bodegaai-production-store-servic/736691f5beac1ff1,RequestCountPerTarget,2026-09-09T10:00:00Z,2026-09-09T11:00:00Z,113323.5
app/bodegaai-production-alb/31b69d3d76ab5ed1,targetgroup/bodegaai-production-store-servic/736691f5beac1ff1,RequestCountPerTarget,2026-09-09T11:00:00Z,2026-09-09T12:00:00Z,117852.5
app/bodegaai-production-alb/31b69d3d76ab5ed1,targetgroup/bodegaai-production-store-servic/736691f5beac1ff1,RequestCountPerTarget,2026-09-09T12:00:00Z,2026-09-09T13:00:00Z,124448
app/bodegaai-production-alb/31b69d3d76ab5ed1,targetgroup/bodegaai-production-store-servic/736691f5beac1ff1,RequestCountPerTarget,2026-09-09T13:00:00Z,2026-09-09T14:00:00Z,129179
app/bodegaai-production-alb/31b69d3d76ab5ed1,targetgroup/bodegaai-production-store-servic/736691f5beac1ff1,RequestCountPerTarget,2026-09-09T14:00:00Z,2026-09-09T15:00:00Z,138393.5
app/bodegaai-production-alb/31b69d3d76ab5ed1,targetgroup/bodegaai-production-store-servic/736691f5beac1ff1,RequestCountPerTarget,2026-09-09T15:00:00Z,2026-09-09T16:00:00Z,140465
app/bodegaai-production-alb/31b69d3d76ab5ed1,targetgroup/bodegaai-production-store-servic/736691f5beac1ff1,RequestCountPerTarget,2026-09-09T16:00:00Z,2026-09-09T17:00:00Z,142601.5
app/bodegaai-production-alb/31b69d3d76ab5ed1,targetgroup/bodegaai-production-store-servic/736691f5beac1ff1,RequestCountPerTarget,2026-09-09T17:00:00Z,2026-09-09T18:00:00Z,143502.5
app/bodegaai-production-alb/31b69d3d76ab5ed1,targetgroup/bodegaai-production-store-servic/736691f5beac1ff1,RequestCountPerTarget,2026-09-09T18:00:00Z,2026-09-09T19:00:00Z,145392
app/bodegaai-production-alb/31b69d3d76ab5ed1,targetgroup/bodegaai-production-store-servic/736691f5beac1ff1,RequestCountPerTarget,2026-09-09T19:00:00Z,2026-09-09T20:00:00Z,143002
app/bodegaai-production-alb/31b69d3d76ab5ed1,targetgroup/bodegaai-production-store-servic/736691f5beac1ff1,RequestCountPerTarget,2026-09-09T20:00:00Z,2026-09-09T21:00:00Z,133506.5
app/bodegaai-production-alb/31b69d3d76ab5ed1,targetgroup/bodegaai-production-store-servic/736691f5beac1ff1,RequestCountPerTarget,2026-09-09T21:00:00Z,2026-09-09T22:00:00Z,132979
app/bodegaai-production-alb/31b69d3d76ab5ed1,targetgroup/bodegaai-production-store-servic/736691f5beac1ff1,RequestCountPerTarget,2026-09-09T22:00:00Z,2026-09-09T23:00:00Z,123127.5
app/bodegaai-production-alb/31b69d3d76ab5ed1,targetgroup/bodegaai-production-store-servic/736691f5beac1ff1,RequestCountPerTarget,2026-09-09T23:00:00Z,2026-09-10T00:00:00Z,121524.5
app/bodegaai-production-alb/31b69d3d76ab5ed1,targetgroup/bodegaai-production-store-servic/736691f5beac1ff1,RequestCountPerTarget,2026-09-10T00:00:00Z,2026-09-10T01:00:00Z,120675
app/bodegaai-production-alb/31b69d3d76ab5ed1,targetgroup/bodegaai-production-store-servic/736691f5beac1ff1,RequestCountPerTarget,2026-09-10T01:00:00Z,2026-09-10T02:00:00Z,115489
app/bodegaai-production-alb/31b69d3d76ab5ed1,targetgroup/bodegaai-production-store-servic/736691f5beac1ff1,RequestCountPerTarget,2026-09-10T02:00:00Z,2026-09-10T03:00:00Z,112181
app/bodegaai-production-alb/31b69d3d76ab5ed1,targetgroup/bodegaai-production-store-servic/736691f5beac1ff1,RequestCountPerTarget,2026-09-10T03:00:00Z,2026-09-10T04:00:00Z,104429.5
app/bodegaai-production-alb/31b69d3d76ab5ed1,targetgroup/bodegaai-production-store-servic/736691f5beac1ff1,RequestCountPerTarget,2026-09-10T04:00:00Z,2026-09-10T05:00:00Z,99194
app/bodegaai-production-alb/31b69d3d76ab5ed1,targetgroup/bodegaai-production-store-servic/736691f5beac1ff1,RequestCountPerTarget,2026-09-10T05:00:00Z,2026-09-10T06:00:00Z,98001.5
app/bodegaai-production-alb/31b69d3d76ab5ed1,targetgroup/bodegaai-production-store-servic/736691f5beac1ff1,RequestCountPerTarget,2026-09-10T06:00:00Z,2026-09-10T07:00:00Z,96477.5
app/bodegaai-production-alb/31b69d3d76ab5ed1,targetgroup/bodegaai-production-store-servic/736691f5beac1ff1,RequestCountPerTarget,2026-09-10T07:00:00Z,2026-09-10T08:00:00Z,96406.5
app/bodegaai-production-alb/31b69d3d76ab5ed1,targetgroup/bodegaai-production-store-servic/736691f5beac1ff1,RequestCountPerTarget,2026-09-10T08:00:00Z,2026-09-10T09:00:00Z,97088
app/bodegaai-production-alb/31b69d3d76ab5ed1,targetgroup/bodegaai-production-store-servic/736691f5beac1ff1,RequestCountPerTarget,2026-09-10T09:00:00Z,2026-09-10T10:00:00Z,97043
app/bodegaai-production-alb/31b69d3d76ab5ed1,targetgroup/bodegaai-production-store-servic/736691f5beac1ff1,RequestCountPerTarget,2026-09-10T10:00:00Z,2026-09-10T11:00:00Z,100215.5
app/bodegaai-production-alb/31b69d3d76ab5ed1,targetgroup/bodegaai-production-store-servic/736691f5beac1ff1,RequestCountPerTarget,2026-09-10T11:00:00Z,2026-09-10T12:00:00Z,106320.5
app/bodegaai-production-alb/31b69d3d76ab5ed1,targetgroup/bodegaai-production-store-servic/736691f5beac1ff1,RequestCountPerTarget,2026-09-10T12:00:00Z,2026-09-10T13:00:00Z,108578.5
app/bodegaai-production-alb/31b69d3d76ab5ed1,targetgroup/bodegaai-production-store-servic/736691f5beac1ff1,RequestCountPerTarget,2026-09-10T13:00:00Z,2026-09-10T14:00:00Z,110975.5
app/bodegaai-production-alb/31b69d3d76ab5ed1,targetgroup/bodegaai-production-store-servic/736691f5beac1ff1,RequestCountPerTarget,2026-09-10T14:00:00Z,2026-09-10T15:00:00Z,114252
app/bodegaai-production-alb/31b69d3d76ab5ed1,targetgroup/bodegaai-production-store-servic/736691f5beac1ff1,RequestCountPerTarget,2026-09-10T15:00:00Z,2026-09-10T16:00:00Z,118939.5
app/bodegaai-production-alb/31b69d3d76ab5ed1,targetgroup/bodegaai-production-store-servic/736691f5beac1ff1,RequestCountPerTarget,2026-09-10T16:00:00Z,2026-09-10T17:00:00Z,118932
app/bodegaai-production-alb/31b69d3d76ab5ed1,targetgroup/bodegaai-production-store-servic/736691f5beac1ff1,RequestCountPerTarget,2026-09-10T17:00:00Z,2026-09-10T18:00:00Z,121585.5
app/bodegaai-production-alb/31b69d3d76ab5ed1,targetgroup/bodegaai-production-store-servic/736691f5beac1ff1,RequestCountPerTarget,2026-09-10T18:00:00Z,2026-09-10T19:00:00Z,125948
app/bodegaai-production-alb/31b69d3d76ab5ed1,targetgroup/bodegaai-production-store-servic/736691f5beac1ff1,RequestCountPerTarget,2026-09-10T19:00:00Z,2026-09-10T20:00:00Z,129794
app/bodegaai-production-alb/31b69d3d76ab5ed1,targetgroup/bodegaai-production-store-servic/736691f5beac1ff1,RequestCountPerTarget,2026-09-10T20:00:00Z,2026-09-10T21:00:00Z,122420
app/bodegaai-production-alb/31b69d3d76ab5ed1,targetgroup/bodegaai-production-store-servic/736691f5beac1ff1,RequestCountPerTarget,2026-09-10T21:00:00Z,2026-09-10T22:00:00Z,127481.166661
app/bodegaai-production-alb/31b69d3d76ab5ed1,targetgroup/bodegaai-production-store-servic/736691f5beac1ff1,RequestCountPerTarget,2026-09-10T22:00:00Z,2026-09-10T23:00:00Z,117259.333341
app/bodegaai-production-alb/31b69d3d76ab5ed1,targetgroup/bodegaai-production-store-servic/736691f5beac1ff1,RequestCountPerTarget,2026-09-10T23:00:00Z,2026-09-11T00:00:00Z,123733.5
app/bodegaai-production-alb/31b69d3d76ab5ed1,targetgroup/bodegaai-production-store-servic/736691f5beac1ff1,RequestCountPerTarget,2026-09-11T00:00:00Z,2026-09-11T01:00:00Z,120539.5
app/bodegaai-production-alb/31b69d3d76ab5ed1,targetgroup/bodegaai-production-store-servic/736691f5beac1ff1,RequestCountPerTarget,2026-09-11T01:00:00Z,2026-09-11T02:00:00Z,114306.5
app/bodegaai-production-alb/31b69d3d76ab5ed1,targetgroup/bodegaai-production-store-servic/736691f5beac1ff1,RequestCountPerTarget,2026-09-11T02:00:00Z,2026-09-11T03:00:00Z,109097
app/bodegaai-production-alb/31b69d3d76ab5ed1,targetgroup/bodegaai-production-store-servic/736691f5beac1ff1,RequestCountPerTarget,2026-09-11T03:00:00Z,2026-09-11T04:00:00Z,109755
app/bodegaai-production-alb/31b69d3d76ab5ed1,targetgroup/bodegaai-production-store-servic/736691f5beac1ff1,RequestCountPerTarget,2026-09-11T04:00:00Z,2026-09-11T05:00:00Z,119125
app/bodegaai-production-alb/31b69d3d76ab5ed1,targetgroup/bodegaai-production-store-servic/736691f5beac1ff1,RequestCountPerTarget,2026-09-11T05:00:00Z,2026-09-11T06:00:00Z,108879.5
app/bodegaai-production-alb/31b69d3d76ab5ed1,targetgroup/bodegaai-production-store-servic/736691f5beac1ff1,RequestCountPerTarget,2026-09-11T06:00:00Z,2026-09-11T07:00:00Z,101542.5
app/bodegaai-production-alb/31b69d3d76ab5ed1,targetgroup/bodegaai-production-store-servic/736691f5beac1ff1,RequestCountPerTarget,2026-09-11T07:00:00Z,2026-09-11T08:00:00Z,98931.5
app/bodegaai-production-alb/31b69d3d76ab5ed1,targetgroup/bodegaai-production-store-servic/736691f5beac1ff1,RequestCountPerTarget,2026-09-11T08:00:00Z,2026-09-11T09:00:00Z,100101.5
app/bodegaai-production-alb/31b69d3d76ab5ed1,targetgroup/bodegaai-production-store-servic/736691f5beac1ff1,RequestCountPerTarget,2026-09-11T09:00:00Z,2026-09-11T10:00:00Z,100664
app/bodegaai-production-alb/31b69d3d76ab5ed1,targetgroup/bodegaai-production-store-servic/736691f5beac1ff1,RequestCountPerTarget,2026-09-11T10:00:00Z,2026-09-11T11:00:00Z,102713.5
app/bodegaai-production-alb/31b69d3d76ab5ed1,targetgroup/bodegaai-production-store-servic/736691f5beac1ff1,RequestCountPerTarget,2026-09-11T11:00:00Z,2026-09-11T12:00:00Z,107243
app/bodegaai-production-alb/31b69d3d76ab5ed1,targetgroup/bodegaai-production-store-servic/736691f5beac1ff1,RequestCountPerTarget,2026-09-11T12:00:00Z,2026-09-11T13:00:00Z,111265.5
app/bodegaai-production-alb/31b69d3d76ab5ed1,targetgroup/bodegaai-production-store-servic/736691f5beac1ff1,RequestCountPerTarget,2026-09-11T13:00:00Z,2026-09-11T14:00:00Z,114645.5
app/bodegaai-production-alb/31b69d3d76ab5ed1,targetgroup/bodegaai-production-store-servic/736691f5beac1ff1,RequestCountPerTarget,2026-09-11T14:00:00Z,2026-09-11T15:00:00Z,118703
app/bodegaai-production-alb/31b69d3d76ab5ed1,targetgroup/bodegaai-production-store-servic/736691f5beac1ff1,RequestCountPerTarget,2026-09-11T15:00:00Z,2026-09-11T16:00:00Z,121117.5
app/bodegaai-production-alb/31b69d3d76ab5ed1,targetgroup/bodegaai-production-store-servic/736691f5beac1ff1,RequestCountPerTarget,2026-09-11T16:00:00Z,2026-09-11T17:00:00Z,123827
app/bodegaai-production-alb/31b69d3d76ab5ed1,targetgroup/bodegaai-production-store-servic/736691f5beac1ff1,RequestCountPerTarget,2026-09-11T17:00:00Z,2026-09-11T18:00:00Z,127210.5
app/bodegaai-production-alb/31b69d3d76ab5ed1,targetgroup/bodegaai-production-store-servic/736691f5beac1ff1,RequestCountPerTarget,2026-09-11T18:00:00Z,2026-09-11T19:00:00Z,125282.5
app/bodegaai-production-alb/31b69d3d76ab5ed1,targetgroup/bodegaai-production-store-servic/736691f5beac1ff1,RequestCountPerTarget,2026-09-11T19:00:00Z,2026-09-11T20:00:00Z,126202.5
app/bodegaai-production-alb/31b69d3d76ab5ed1,targetgroup/bodegaai-production-store-servic/736691f5beac1ff1,RequestCountPerTarget,2026-09-11T20:00:00Z,2026-09-11T21:00:00Z,128883
app/bodegaai-production-alb/31b69d3d76ab5ed1,targetgroup/bodegaai-production-store-servic/736691f5beac1ff1,RequestCountPerTarget,2026-09-11T21:00:00Z,2026-09-11T22:00:00Z,126794.166666
app/bodegaai-production-alb/31b69d3d76ab5ed1,targetgroup/bodegaai-production-store-servic/736691f5beac1ff1,RequestCountPerTarget,2026-09-11T22:00:00Z,2026-09-11T23:00:00Z,123866.5
app/bodegaai-production-alb/31b69d3d76ab5ed1,targetgroup/bodegaai-production-store-servic/736691f5beac1ff1,RequestCountPerTarget,2026-09-11T23:00:00Z,2026-09-12T00:00:00Z,121661
app/bodegaai-production-alb/31b69d3d76ab5ed1,targetgroup/bodegaai-production-store-servic/736691f5beac1ff1,RequestCountPerTarget,2026-09-12T00:00:00Z,2026-09-12T01:00:00Z,119964.5
app/bodegaai-production-alb/31b69d3d76ab5ed1,targetgroup/bodegaai-production-store-servic/736691f5beac1ff1,RequestCountPerTarget,2026-09-12T01:00:00Z,2026-09-12T02:00:00Z,112459
app/bodegaai-production-alb/31b69d3d76ab5ed1,targetgroup/bodegaai-production-store-servic/736691f5beac1ff1,RequestCountPerTarget,2026-09-12T02:00:00Z,2026-09-12T03:00:00Z,109525
app/bodegaai-production-alb/31b69d3d76ab5ed1,targetgroup/bodegaai-production-store-servic/736691f5beac1ff1,RequestCountPerTarget,2026-09-12T03:00:00Z,2026-09-12T04:00:00Z,102758
app/bodegaai-production-alb/31b69d3d76ab5ed1,targetgroup/bodegaai-production-store-servic/736691f5beac1ff1,RequestCountPerTarget,2026-09-12T04:00:00Z,2026-09-12T05:00:00Z,101953
app/bodegaai-production-alb/31b69d3d76ab5ed1,targetgroup/bodegaai-production-store-servic/736691f5beac1ff1,RequestCountPerTarget,2026-09-12T05:00:00Z,2026-09-12T06:00:00Z,101818
app/bodegaai-production-alb/31b69d3d76ab5ed1,targetgroup/bodegaai-production-store-servic/736691f5beac1ff1,RequestCountPerTarget,2026-09-12T06:00:00Z,2026-09-12T07:00:00Z,100328
app/bodegaai-production-alb/31b69d3d76ab5ed1,targetgroup/bodegaai-production-store-servic/736691f5beac1ff1,RequestCountPerTarget,2026-09-12T07:00:00Z,2026-09-12T08:00:00Z,96080.5
app/bodegaai-production-alb/31b69d3d76ab5ed1,targetgroup/bodegaai-production-store-servic/736691f5beac1ff1,RequestCountPerTarget,2026-09-12T08:00:00Z,2026-09-12T09:00:00Z,95400
app/bodegaai-production-alb/31b69d3d76ab5ed1,targetgroup/bodegaai-production-store-servic/736691f5beac1ff1,RequestCountPerTarget,2026-09-12T09:00:00Z,2026-09-12T10:00:00Z,95628.5
app/bodegaai-production-alb/31b69d3d76ab5ed1,targetgroup/bodegaai-production-store-servic/736691f5beac1ff1,RequestCountPerTarget,2026-09-12T10:00:00Z,2026-09-12T11:00:00Z,96603.5
app/bodegaai-production-alb/31b69d3d76ab5ed1,targetgroup/bodegaai-production-store-servic/736691f5beac1ff1,RequestCountPerTarget,2026-09-12T11:00:00Z,2026-09-12T12:00:00Z,99529
app/bodegaai-production-alb/31b69d3d76ab5ed1,targetgroup/bodegaai-production-store-servic/736691f5beac1ff1,RequestCountPerTarget,2026-09-12T12:00:00Z,2026-09-12T13:00:00Z,106757
app/bodegaai-production-alb/31b69d3d76ab5ed1,targetgroup/bodegaai-production-store-servic/736691f5beac1ff1,RequestCountPerTarget,2026-09-12T13:00:00Z,2026-09-12T14:00:00Z,117194
app/bodegaai-production-alb/31b69d3d76ab5ed1,targetgroup/bodegaai-production-store-servic/736691f5beac1ff1,RequestCountPerTarget,2026-09-12T14:00:00Z,2026-09-12T15:00:00Z,120629.5
app/bodegaai-production-alb/31b69d3d76ab5ed1,targetgroup/bodegaai-production-store-servic/736691f5beac1ff1,RequestCountPerTarget,2026-09-12T15:00:00Z,2026-09-12T16:00:00Z,124685
app/bodegaai-production-alb/31b69d3d76ab5ed1,targetgroup/bodegaai-production-store-servic/736691f5beac1ff1,RequestCountPerTarget,2026-09-12T16:00:00Z,2026-09-12T17:00:00Z,128423.5
app/bodegaai-production-alb/31b69d3d76ab5ed1,targetgroup/bodegaai-production-store-servic/736691f5beac1ff1,RequestCountPerTarget,2026-09-12T17:00:00Z,2026-09-12T18:00:00Z,124139.5
app/bodegaai-production-alb/31b69d3d76ab5ed1,targetgroup/bodegaai-production-store-servic/736691f5beac1ff1,RequestCountPerTarget,2026-09-12T18:00:00Z,2026-09-12T19:00:00Z,124256
app/bodegaai-production-alb/31b69d3d76ab5ed1,targetgroup/bodegaai-production-store-servic/736691f5beac1ff1,RequestCountPerTarget,2026-09-12T19:00:00Z,2026-09-12T20:00:00Z,126593
app/bodegaai-production-alb/31b69d3d76ab5ed1,targetgroup/bodegaai-production-store-servic/736691f5beac1ff1,RequestCountPerTarget,2026-09-12T20:00:00Z,2026-09-12T21:00:00Z,129323
app/bodegaai-production-alb/31b69d3d76ab5ed1,targetgroup/bodegaai-production-store-servic/736691f5beac1ff1,RequestCountPerTarget,2026-09-12T21:00:00Z,2026-09-12T22:00:00Z,128934
app/bodegaai-production-alb/31b69d3d76ab5ed1,targetgroup/bodegaai-production-store-servic/736691f5beac1ff1,RequestCountPerTarget,2026-09-12T22:00:00Z,2026-09-12T23:00:00Z,128209.5
app/bodegaai-production-alb/31b69d3d76ab5ed1,targetgroup/bodegaai-production-store-servic/736691f5beac1ff1,RequestCountPerTarget,2026-09-12T23:00:00Z,2026-09-13T00:00:00Z,129080.5
app/bodegaai-production-alb/31b69d3d76ab5ed1,targetgroup/bodegaai-production-store-servic/736691f5beac1ff1,RequestCountPerTarget,2026-09-13T00:00:00Z,2026-09-13T01:00:00Z,128797.5
app/bodegaai-production-alb/31b69d3d76ab5ed1,targetgroup/bodegaai-production-store-servic/736691f5beac1ff1,RequestCountPerTarget,2026-09-13T01:00:00Z,2026-09-13T02:00:00Z,125302.5
app/bodegaai-production-alb/31b69d3d76ab5ed1,targetgroup/bodegaai-production-store-servic/736691f5beac1ff1,RequestCountPerTarget,2026-09-13T02:00:00Z,2026-09-13T03:00:00Z,117739.5
app/bodegaai-production-alb/31b69d3d76ab5ed1,targetgroup/bodegaai-production-store-servic/736691f5beac1ff1,RequestCountPerTarget,2026-09-13T03:00:00Z,2026-09-13T04:00:00Z,111066
app/bodegaai-production-alb/31b69d3d76ab5ed1,targetgroup/bodegaai-production-store-servic/736691f5beac1ff1,RequestCountPerTarget,2026-09-13T04:00:00Z,2026-09-13T05:00:00Z,107987
app/bodegaai-production-alb/31b69d3d76ab5ed1,targetgroup/bodegaai-production-store-servic/736691f5beac1ff1,RequestCountPerTarget,2026-09-13T05:00:00Z,2026-09-13T06:00:00Z,106392.5
app/bodegaai-production-alb/31b69d3d76ab5ed1,targetgroup/bodegaai-production-store-servic/736691f5beac1ff1,RequestCountPerTarget,2026-09-13T06:00:00Z,2026-09-13T07:00:00Z,104858
app/bodegaai-production-alb/31b69d3d76ab5ed1,targetgroup/bodegaai-production-store-servic/736691f5beac1ff1,RequestCountPerTarget,2026-09-13T07:00:00Z,2026-09-13T08:00:00Z,101130.5
app/bodegaai-production-alb/31b69d3d76ab5ed1,targetgroup/bodegaai-production-store-servic/736691f5beac1ff1,RequestCountPerTarget,2026-09-13T08:00:00Z,2026-09-13T09:00:00Z,100311.5
app/bodegaai-production-alb/31b69d3d76ab5ed1,targetgroup/bodegaai-production-store-servic/736691f5beac1ff1,RequestCountPerTarget,2026-09-13T09:00:00Z,2026-09-13T10:00:00Z,100542
app/bodegaai-production-alb/31b69d3d76ab5ed1,targetgroup/bodegaai-production-store-servic/736691f5beac1ff1,RequestCountPerTarget,2026-09-13T10:00:00Z,2026-09-13T11:00:00Z,101278.5
app/bodegaai-production-alb/31b69d3d76ab5ed1,targetgroup/bodegaai-production-store-servic/736691f5beac1ff1,RequestCountPerTarget,2026-09-13T11:00:00Z,2026-09-13T12:00:00Z,102674.5
app/bodegaai-production-alb/31b69d3d76ab5ed1,targetgroup/bodegaai-production-store-servic/736691f5beac1ff1,RequestCountPerTarget,2026-09-13T12:00:00Z,2026-09-13T13:00:00Z,107410
app/bodegaai-production-alb/31b69d3d76ab5ed1,targetgroup/bodegaai-production-store-servic/736691f5beac1ff1,RequestCountPerTarget,2026-09-13T13:00:00Z,2026-09-13T14:00:00Z,109511
app/bodegaai-production-alb/31b69d3d76ab5ed1,targetgroup/bodegaai-production-store-servic/736691f5beac1ff1,RequestCountPerTarget,2026-09-13T14:00:00Z,2026-09-13T15:00:00Z,114128.5
app/bodegaai-production-alb/31b69d3d76ab5ed1,targetgroup/bodegaai-production-store-servic/736691f5beac1ff1,RequestCountPerTarget,2026-09-13T15:00:00Z,2026-09-13T16:00:00Z,116040
app/bodegaai-production-alb/31b69d3d76ab5ed1,targetgroup/bodegaai-production-store-servic/736691f5beac1ff1,RequestCountPerTarget,2026-09-13T16:00:00Z,2026-09-13T17:00:00Z,119791.5
app/bodegaai-production-alb/31b69d3d76ab5ed1,targetgroup/bodegaai-production-store-servic/736691f5beac1ff1,RequestCountPerTarget,2026-09-13T17:00:00Z,2026-09-13T18:00:00Z,120413
app/bodegaai-production-alb/31b69d3d76ab5ed1,targetgroup/bodegaai-production-store-servic/736691f5beac1ff1,RequestCountPerTarget,2026-09-13T18:00:00Z,2026-09-13T19:00:00Z,122015
app/bodegaai-production-alb/31b69d3d76ab5ed1,targetgroup/bodegaai-production-store-servic/736691f5beac1ff1,RequestCountPerTarget,2026-09-13T19:00:00Z,2026-09-13T20:00:00Z,121048
app/bodegaai-production-alb/31b69d3d76ab5ed1,targetgroup/bodegaai-production-store-servic/736691f5beac1ff1,RequestCountPerTarget,2026-09-13T20:00:00Z,2026-09-13T21:00:00Z,120180
app/bodegaai-production-alb/31b69d3d76ab5ed1,targetgroup/bodegaai-production-store-servic/736691f5beac1ff1,RequestCountPerTarget,2026-09-13T21:00:00Z,2026-09-13T22:00:00Z,120959
app/bodegaai-production-alb/31b69d3d76ab5ed1,targetgroup/bodegaai-production-store-servic/736691f5beac1ff1,RequestCountPerTarget,2026-09-13T22:00:00Z,2026-09-13T23:00:00Z,120265.5
app/bodegaai-production-alb/31b69d3d76ab5ed1,targetgroup/bodegaai-production-store-servic/736691f5beac1ff1,RequestCountPerTarget,2026-09-13T23:00:00Z,2026-09-14T00:00:00Z,119174
app/bodegaai-production-alb/31b69d3d76ab5ed1,targetgroup/bodegaai-production-store-servic/736691f5beac1ff1,RequestCountPerTarget,2026-09-14T00:00:00Z,2026-09-14T01:00:00Z,116488.5
app/bodegaai-production-alb/31b69d3d76ab5ed1,targetgroup/bodegaai-production-store-servic/736691f5beac1ff1,RequestCountPerTarget,2026-09-14T01:00:00Z,2026-09-14T02:00:00Z,111634
app/bodegaai-production-alb/31b69d3d76ab5ed1,targetgroup/bodegaai-production-store-servic/736691f5beac1ff1,RequestCountPerTarget,2026-09-14T02:00:00Z,2026-09-14T03:00:00Z,108921
app/bodegaai-production-alb/31b69d3d76ab5ed1,targetgroup/bodegaai-production-store-servic/736691f5beac1ff1,RequestCountPerTarget,2026-09-14T03:00:00Z,2026-09-14T04:00:00Z,108873
app/bodegaai-production-alb/31b69d3d76ab5ed1,targetgroup/bodegaai-production-store-servic/736691f5beac1ff1,RequestCountPerTarget,2026-09-14T04:00:00Z,2026-09-14T05:00:00Z,107672.5
app/bodegaai-production-alb/31b69d3d76ab5ed1,targetgroup/bodegaai-production-store-servic/736691f5beac1ff1,RequestCountPerTarget,2026-09-14T05:00:00Z,2026-09-14T06:00:00Z,106870
app/bodegaai-production-alb/31b69d3d76ab5ed1,targetgroup/bodegaai-production-store-servic/736691f5beac1ff1,RequestCountPerTarget,2026-09-14T06:00:00Z,2026-09-14T07:00:00Z,105820.5
app/bodegaai-production-alb/31b69d3d76ab5ed1,targetgroup/bodegaai-production-store-servic/736691f5beac1ff1,RequestCountPerTarget,2026-09-14T07:00:00Z,2026-09-14T08:00:00Z,105646.5
app/bodegaai-production-alb/31b69d3d76ab5ed1,targetgroup/bodegaai-production-store-servic/736691f5beac1ff1,RequestCountPerTarget,2026-09-14T08:00:00Z,2026-09-14T09:00:00Z,106552.5
app/bodegaai-production-alb/31b69d3d76ab5ed1,targetgroup/bodegaai-production-store-servic/736691f5beac1ff1,RequestCountPerTarget,2026-09-14T09:00:00Z,2026-09-14T10:00:00Z,107148.5
app/bodegaai-production-alb/31b69d3d76ab5ed1,targetgroup/bodegaai-production-store-servic/736691f5beac1ff1,RequestCountPerTarget,2026-09-14T10:00:00Z,2026-09-14T11:00:00Z,109465
app/bodegaai-production-alb/31b69d3d76ab5ed1,targetgroup/bodegaai-production-store-servic/736691f5beac1ff1,RequestCountPerTarget,2026-09-14T11:00:00Z,2026-09-14T12:00:00Z,114950.5
app/bodegaai-production-alb/31b69d3d76ab5ed1,targetgroup/bodegaai-production-store-servic/736691f5beac1ff1,RequestCountPerTarget,2026-09-14T12:00:00Z,2026-09-14T13:00:00Z,116788.5
app/bodegaai-production-alb/31b69d3d76ab5ed1,targetgroup/bodegaai-production-store-servic/736691f5beac1ff1,RequestCountPerTarget,2026-09-14T13:00:00Z,2026-09-14T14:00:00Z,120951
app/bodegaai-production-alb/31b69d3d76ab5ed1,targetgroup/bodegaai-production-store-servic/736691f5beac1ff1,RequestCountPerTarget,2026-09-14T14:00:00Z,2026-09-14T15:00:00Z,126066
app/bodegaai-production-alb/31b69d3d76ab5ed1,targetgroup/bodegaai-production-store-servic/736691f5beac1ff1,RequestCountPerTarget,2026-09-14T15:00:00Z,2026-09-14T16:00:00Z,126755.5
app/bodegaai-production-alb/31b69d3d76ab5ed1,targetgroup/bodegaai-production-store-servic/736691f5beac1ff1,RequestCountPerTarget,2026-09-14T16:00:00Z,2026-09-14T17:00:00Z,129335.5
app/bodegaai-production-alb/31b69d3d76ab5ed1,targetgroup/bodegaai-production-store-servic/736691f5beac1ff1,RequestCountPerTarget,2026-09-14T17:00:00Z,2026-09-14T18:00:00Z,127243
app/bodegaai-production-alb/31b69d3d76ab5ed1,targetgroup/bodegaai-production-store-servic/736691f5beac1ff1,RequestCountPerTarget,2026-09-14T18:00:00Z,2026-09-14T19:00:00Z,128272
app/bodegaai-production-alb/31b69d3d76ab5ed1,targetgroup/bodegaai-production-store-servic/736691f5beac1ff1,RequestCountPerTarget,2026-09-14T19:00:00Z,2026-09-14T20:00:00Z,129846.5
app/bodegaai-production-alb/31b69d3d76ab5ed1,targetgroup/bodegaai-production-store-servic/736691f5beac1ff1,RequestCountPerTarget,2026-09-14T20:00:00Z,2026-09-14T21:00:00Z,130852.5
app/bodegaai-production-alb/31b69d3d76ab5ed1,targetgroup/bodegaai-production-store-servic/736691f5beac1ff1,RequestCountPerTarget,2026-09-14T21:00:00Z,2026-09-14T22:00:00Z,130496
app/bodegaai-production-alb/31b69d3d76ab5ed1,targetgroup/bodegaai-production-store-servic/736691f5beac1ff1,RequestCountPerTarget,2026-09-14T22:00:00Z,2026-09-14T23:00:00Z,125941
app/bodegaai-production-alb/31b69d3d76ab5ed1,targetgroup/bodegaai-production-store-servic/736691f5beac1ff1,RequestCountPerTarget,2026-09-14T23:00:00Z,2026-09-15T00:00:00Z,126167
app/bodegaai-production-alb/31b69d3d76ab5ed1,targetgroup/bodegaai-production-store-servic/736691f5beac1ff1,RequestCountPerTarget,2026-09-15T00:00:00Z,2026-09-15T01:00:00Z,123163.5
app/bodegaai-production-alb/31b69d3d76ab5ed1,targetgroup/bodegaai-production-store-servic/736691f5beac1ff1,RequestCountPerTarget,2026-09-15T01:00:00Z,2026-09-15T02:00:00Z,114287
app/bodegaai-production-alb/31b69d3d76ab5ed1,targetgroup/bodegaai-production-store-servic/736691f5beac1ff1,RequestCountPerTarget,2026-09-15T02:00:00Z,2026-09-15T03:00:00Z,108885
app/bodegaai-production-alb/31b69d3d76ab5ed1,targetgroup/bodegaai-production-store-servic/736691f5beac1ff1,RequestCountPerTarget,2026-09-15T03:00:00Z,2026-09-15T04:00:00Z,104962
app/bodegaai-production-alb/31b69d3d76ab5ed1,targetgroup/bodegaai-production-store-servic/736691f5beac1ff1,RequestCountPerTarget,2026-09-15T04:00:00Z,2026-09-15T05:00:00Z,101650
app/bodegaai-production-alb/31b69d3d76ab5ed1,targetgroup/bodegaai-production-store-servic/736691f5beac1ff1,RequestCountPerTarget,2026-09-15T05:00:00Z,2026-09-15T06:00:00Z,99939
app/bodegaai-production-alb/31b69d3d76ab5ed1,targetgroup/bodegaai-production-store-servic/736691f5beac1ff1,RequestCountPerTarget,2026-09-15T06:00:00Z,2026-09-15T07:00:00Z,101295
app/bodegaai-production-alb/31b69d3d76ab5ed1,targetgroup/bodegaai-production-store-servic/736691f5beac1ff1,RequestCountPerTarget,2026-09-15T07:00:00Z,2026-09-15T08:00:00Z,101274
app/bodegaai-production-alb/31b69d3d76ab5ed1,targetgroup/bodegaai-production-store-servic/736691f5beac1ff1,RequestCountPerTarget,2026-09-15T08:00:00Z,2026-09-15T09:00:00Z,101251.5
app/bodegaai-production-alb/31b69d3d76ab5ed1,targetgroup/bodegaai-production-store-servic/736691f5beac1ff1,RequestCountPerTarget,2026-09-15T09:00:00Z,2026-09-15T10:00:00Z,102227.5
app/bodegaai-production-alb/31b69d3d76ab5ed1,targetgroup/bodegaai-production-store-servic/736691f5beac1ff1,RequestCountPerTarget,2026-09-15T10:00:00Z,2026-09-15T11:00:00Z,104306.5
app/bodegaai-production-alb/31b69d3d76ab5ed1,targetgroup/bodegaai-production-store-servic/736691f5beac1ff1,RequestCountPerTarget,2026-09-15T11:00:00Z,2026-09-15T12:00:00Z,110365
app/bodegaai-production-alb/31b69d3d76ab5ed1,targetgroup/bodegaai-production-store-servic/736691f5beac1ff1,RequestCountPerTarget,2026-09-15T12:00:00Z,2026-09-15T13:00:00Z,115943
app/bodegaai-production-alb/31b69d3d76ab5ed1,targetgroup/bodegaai-production-store-servic/736691f5beac1ff1,RequestCountPerTarget,2026-09-15T13:00:00Z,2026-09-15T14:00:00Z,119987.5
app/bodegaai-production-alb/31b69d3d76ab5ed1,targetgroup/bodegaai-production-store-servic/736691f5beac1ff1,RequestCountPerTarget,2026-09-15T14:00:00Z,2026-09-15T15:00:00Z,122177.5
app/bodegaai-production-alb/31b69d3d76ab5ed1,targetgroup/bodegaai-production-store-servic/736691f5beac1ff1,RequestCountPerTarget,2026-09-15T15:00:00Z,2026-09-15T16:00:00Z,123673.5
app/bodegaai-production-alb/31b69d3d76ab5ed1,targetgroup/bodegaai-production-store-servic/736691f5beac1ff1,RequestCountPerTarget,2026-09-15T16:00:00Z,2026-09-15T17:00:00Z,125941
app/bodegaai-production-alb/31b69d3d76ab5ed1,targetgroup/bodegaai-production-store-servic/736691f5beac1ff1,RequestCountPerTarget,2026-09-15T17:00:00Z,2026-09-15T18:00:00Z,131936.5
app/bodegaai-production-alb/31b69d3d76ab5ed1,targetgroup/bodegaai-production-store-servic/736691f5beac1ff1,RequestCountPerTarget,2026-09-15T18:00:00Z,2026-09-15T19:00:00Z,125500.333329
app/bodegaai-production-alb/31b69d3d76ab5ed1,targetgroup/bodegaai-production-store-servic/736691f5beac1ff1,RequestCountPerTarget,2026-09-15T19:00:00Z,2026-09-15T20:00:00Z,127088.5
app/bodegaai-production-alb/31b69d3d76ab5ed1,targetgroup/bodegaai-production-store-servic/736691f5beac1ff1,RequestCountPerTarget,2026-09-15T20:00:00Z,2026-09-15T21:00:00Z,126969.333334
app/bodegaai-production-alb/31b69d3d76ab5ed1,targetgroup/bodegaai-production-store-servic/736691f5beac1ff1,RequestCountPerTarget,2026-09-15T21:00:00Z,2026-09-15T22:00:00Z,127482.416664
app/bodegaai-production-alb/31b69d3d76ab5ed1,targetgroup/bodegaai-production-store-servic/736691f5beac1ff1,RequestCountPerTarget,2026-09-15T22:00:00Z,2026-09-15T23:00:00Z,124956.5
app/bodegaai-production-alb/31b69d3d76ab5ed1,targetgroup/bodegaai-production-store-servic/736691f5beac1ff1,RequestCountPerTarget,2026-09-15T23:00:00Z,2026-09-16T00:00:00Z,124583
app/bodegaai-production-alb/31b69d3d76ab5ed1,targetgroup/bodegaai-production-store-servic/736691f5beac1ff1,RequestCountPerTarget,2026-09-16T00:00:00Z,2026-09-16T01:00:00Z,121452.5
app/bodegaai-production-alb/31b69d3d76ab5ed1,targetgroup/bodegaai-production-store-servic/736691f5beac1ff1,RequestCountPerTarget,2026-09-16T01:00:00Z,2026-09-16T02:00:00Z,116275
app/bodegaai-production-alb/31b69d3d76ab5ed1,targetgroup/bodegaai-production-store-servic/736691f5beac1ff1,RequestCountPerTarget,2026-09-16T02:00:00Z,2026-09-16T03:00:00Z,111486.5
app/bodegaai-production-alb/31b69d3d76ab5ed1,targetgroup/bodegaai-production-store-servic/736691f5beac1ff1,RequestCountPerTarget,2026-09-16T03:00:00Z,2026-09-16T04:00:00Z,106416
app/bodegaai-production-alb/31b69d3d76ab5ed1,targetgroup/bodegaai-production-store-servic/736691f5beac1ff1,RequestCountPerTarget,2026-09-16T04:00:00Z,2026-09-16T05:00:00Z,104533.5
app/bodegaai-production-alb/31b69d3d76ab5ed1,targetgroup/bodegaai-production-store-servic/736691f5beac1ff1,RequestCountPerTarget,2026-09-16T05:00:00Z,2026-09-16T06:00:00Z,103102.5
app/bodegaai-production-alb/31b69d3d76ab5ed1,targetgroup/bodegaai-production-store-servic/736691f5beac1ff1,RequestCountPerTarget,2026-09-16T06:00:00Z,2026-09-16T07:00:00Z,102070.5
app/bodegaai-production-alb/31b69d3d76ab5ed1,targetgroup/bodegaai-production-store-servic/736691f5beac1ff1,RequestCountPerTarget,2026-09-16T07:00:00Z,2026-09-16T08:00:00Z,101325.5
app/bodegaai-production-alb/31b69d3d76ab5ed1,targetgroup/bodegaai-production-store-servic/736691f5beac1ff1,RequestCountPerTarget,2026-09-16T08:00:00Z,2026-09-16T09:00:00Z,102543.5
app/bodegaai-production-alb/31b69d3d76ab5ed1,targetgroup/bodegaai-production-store-servic/736691f5beac1ff1,RequestCountPerTarget,2026-09-16T09:00:00Z,2026-09-16T10:00:00Z,103303
app/bodegaai-production-alb/31b69d3d76ab5ed1,targetgroup/bodegaai-production-store-servic/736691f5beac1ff1,RequestCountPerTarget,2026-09-16T10:00:00Z,2026-09-16T11:00:00Z,106114.5
app/bodegaai-production-alb/31b69d3d76ab5ed1,targetgroup/bodegaai-production-store-servic/736691f5beac1ff1,RequestCountPerTarget,2026-09-16T11:00:00Z,2026-09-16T12:00:00Z,109802.5
app/bodegaai-production-alb/31b69d3d76ab5ed1,targetgroup/bodegaai-production-store-servic/736691f5beac1ff1,RequestCountPerTarget,2026-09-16T12:00:00Z,2026-09-16T13:00:00Z,112639
app/bodegaai-production-alb/31b69d3d76ab5ed1,targetgroup/bodegaai-production-store-servic/736691f5beac1ff1,RequestCountPerTarget,2026-09-16T13:00:00Z,2026-09-16T14:00:00Z,119366.5
app/bodegaai-production-alb/31b69d3d76ab5ed1,targetgroup/bodegaai-production-store-servic/736691f5beac1ff1,RequestCountPerTarget,2026-09-16T14:00:00Z,2026-09-16T15:00:00Z,121094.5
app/bodegaai-production-alb/31b69d3d76ab5ed1,targetgroup/bodegaai-production-store-servic/736691f5beac1ff1,RequestCountPerTarget,2026-09-16T15:00:00Z,2026-09-16T16:00:00Z,127180
app/bodegaai-production-alb/31b69d3d76ab5ed1,targetgroup/bodegaai-production-store-servic/736691f5beac1ff1,RequestCountPerTarget,2026-09-16T16:00:00Z,2026-09-16T17:00:00Z,126021
app/bodegaai-production-alb/31b69d3d76ab5ed1,targetgroup/bodegaai-production-store-servic/736691f5beac1ff1,RequestCountPerTarget,2026-09-16T17:00:00Z,2026-09-16T18:00:00Z,127511.5
app/bodegaai-production-alb/31b69d3d76ab5ed1,targetgroup/bodegaai-production-store-servic/736691f5beac1ff1,RequestCountPerTarget,2026-09-16T18:00:00Z,2026-09-16T19:00:00Z,126113
app/bodegaai-production-alb/31b69d3d76ab5ed1,targetgroup/bodegaai-production-store-servic/736691f5beac1ff1,RequestCountPerTarget,2026-09-16T19:00:00Z,2026-09-16T20:00:00Z,125074
app/bodegaai-production-alb/31b69d3d76ab5ed1,targetgroup/bodegaai-production-store-servic/736691f5beac1ff1,RequestCountPerTarget,2026-09-16T20:00:00Z,2026-09-16T21:00:00Z,119751.000001
app/bodegaai-production-alb/31b69d3d76ab5ed1,targetgroup/bodegaai-production-store-servic/736691f5beac1ff1,RequestCountPerTarget,2026-09-16T21:00:00Z,2026-09-16T22:00:00Z,127656
app/bodegaai-production-alb/31b69d3d76ab5ed1,targetgroup/bodegaai-production-store-servic/736691f5beac1ff1,RequestCountPerTarget,2026-09-16T22:00:00Z,2026-09-16T23:00:00Z,122922.5
app/bodegaai-production-alb/31b69d3d76ab5ed1,targetgroup/bodegaai-production-store-servic/736691f5beac1ff1,RequestCountPerTarget,2026-09-16T23:00:00Z,2026-09-17T00:00:00Z,119836.5
app/bodegaai-production-alb/31b69d3d76ab5ed1,targetgroup/bodegaai-production-store-servic/736691f5beac1ff1,RequestCountPerTarget,2026-09-17T00:00:00Z,2026-09-17T01:00:00Z,119415
app/bodegaai-production-alb/31b69d3d76ab5ed1,targetgroup/bodegaai-production-store-servic/736691f5beac1ff1,RequestCountPerTarget,2026-09-17T01:00:00Z,2026-09-17T02:00:00Z,114896.5
app/bodegaai-production-alb/31b69d3d76ab5ed1,targetgroup/bodegaai-production-store-servic/736691f5beac1ff1,RequestCountPerTarget,2026-09-17T02:00:00Z,2026-09-17T03:00:00Z,110609
app/bodegaai-production-alb/31b69d3d76ab5ed1,targetgroup/bodegaai-production-store-servic/736691f5beac1ff1,RequestCountPerTarget,2026-09-17T03:00:00Z,2026-09-17T04:00:00Z,106219.5
app/bodegaai-production-alb/31b69d3d76ab5ed1,targetgroup/bodegaai-production-store-servic/736691f5beac1ff1,RequestCountPerTarget,2026-09-17T04:00:00Z,2026-09-17T05:00:00Z,104594
app/bodegaai-production-alb/31b69d3d76ab5ed1,targetgroup/bodegaai-production-store-servic/736691f5beac1ff1,RequestCountPerTarget,2026-09-17T05:00:00Z,2026-09-17T06:00:00Z,102989
app/bodegaai-production-alb/31b69d3d76ab5ed1,targetgroup/bodegaai-production-store-servic/736691f5beac1ff1,RequestCountPerTarget,2026-09-17T06:00:00Z,2026-09-17T07:00:00Z,102030.5
app/bodegaai-production-alb/31b69d3d76ab5ed1,targetgroup/bodegaai-production-store-servic/736691f5beac1ff1,RequestCountPerTarget,2026-09-17T07:00:00Z,2026-09-17T08:00:00Z,102262
app/bodegaai-production-alb/31b69d3d76ab5ed1,targetgroup/bodegaai-production-store-servic/736691f5beac1ff1,RequestCountPerTarget,2026-09-17T08:00:00Z,2026-09-17T09:00:00Z,101534.5
app/bodegaai-production-alb/31b69d3d76ab5ed1,targetgroup/bodegaai-production-store-servic/736691f5beac1ff1,RequestCountPerTarget,2026-09-17T09:00:00Z,2026-09-17T10:00:00Z,101723.5
app/bodegaai-production-alb/31b69d3d76ab5ed1,targetgroup/bodegaai-production-store-servic/736691f5beac1ff1,RequestCountPerTarget,2026-09-17T10:00:00Z,2026-09-17T11:00:00Z,104310
app/bodegaai-production-alb/31b69d3d76ab5ed1,targetgroup/bodegaai-production-store-servic/736691f5beac1ff1,RequestCountPerTarget,2026-09-17T11:00:00Z,2026-09-17T12:00:00Z,110809
app/bodegaai-production-alb/31b69d3d76ab5ed1,targetgroup/bodegaai-production-store-servic/736691f5beac1ff1,RequestCountPerTarget,2026-09-17T12:00:00Z,2026-09-17T13:00:00Z,115468.5
app/bodegaai-production-alb/31b69d3d76ab5ed1,targetgroup/bodegaai-production-store-servic/736691f5beac1ff1,RequestCountPerTarget,2026-09-17T13:00:00Z,2026-09-17T14:00:00Z,116045
app/bodegaai-production-alb/31b69d3d76ab5ed1,targetgroup/bodegaai-production-store-servic/736691f5beac1ff1,RequestCountPerTarget,2026-09-17T14:00:00Z,2026-09-17T15:00:00Z,122931.5
app/bodegaai-production-alb/31b69d3d76ab5ed1,targetgroup/bodegaai-production-store-servic/736691f5beac1ff1,RequestCountPerTarget,2026-09-17T15:00:00Z,2026-09-17T16:00:00Z,126019.5
app/bodegaai-production-alb/31b69d3d76ab5ed1,targetgroup/bodegaai-production-store-servic/736691f5beac1ff1,RequestCountPerTarget,2026-09-17T16:00:00Z,2026-09-17T17:00:00Z,128463
app/bodegaai-production-alb/31b69d3d76ab5ed1,targetgroup/bodegaai-production-store-servic/736691f5beac1ff1,RequestCountPerTarget,2026-09-17T17:00:00Z,2026-09-17T18:00:00Z,126341
app/bodegaai-production-alb/31b69d3d76ab5ed1,targetgroup/bodegaai-production-store-servic/736691f5beac1ff1,RequestCountPerTarget,2026-09-17T18:00:00Z,2026-09-17T19:00:00Z,122236
app/bodegaai-production-alb/31b69d3d76ab5ed1,targetgroup/bodegaai-production-store-servic/736691f5beac1ff1,RequestCountPerTarget,2026-09-17T19:00:00Z,2026-09-17T20:00:00Z,120881
app/bodegaai-production-alb/31b69d3d76ab5ed1,targetgroup/bodegaai-production-store-servic/736691f5beac1ff1,RequestCountPerTarget,2026-09-17T20:00:00Z,2026-09-17T21:00:00Z,118587
app/bodegaai-production-alb/31b69d3d76ab5ed1,targetgroup/bodegaai-production-store-servic/736691f5beac1ff1,RequestCountPerTarget,2026-09-17T21:00:00Z,2026-09-17T22:00:00Z,118813
app/bodegaai-production-alb/31b69d3d76ab5ed1,targetgroup/bodegaai-production-store-servic/736691f5beac1ff1,RequestCountPerTarget,2026-09-17T22:00:00Z,2026-09-17T23:00:00Z,114582.5
app/bodegaai-production-alb/31b69d3d76ab5ed1,targetgroup/bodegaai-production-store-servic/736691f5beac1ff1,RequestCountPerTarget,2026-09-17T23:00:00Z,2026-09-18T00:00:00Z,114353
app/bodegaai-production-alb/31b69d3d76ab5ed1,targetgroup/bodegaai-production-store-servic/736691f5beac1ff1,RequestCountPerTarget,2026-09-18T00:00:00Z,2026-09-18T01:00:00Z,110271
app/bodegaai-production-alb/31b69d3d76ab5ed1,targetgroup/bodegaai-production-store-servic/736691f5beac1ff1,RequestCountPerTarget,2026-09-18T01:00:00Z,2026-09-18T02:00:00Z,104942.5
app/bodegaai-production-alb/31b69d3d76ab5ed1,targetgroup/bodegaai-production-store-servic/736691f5beac1ff1,RequestCountPerTarget,2026-09-18T02:00:00Z,2026-09-18T03:00:00Z,99824.5
app/bodegaai-production-alb/31b69d3d76ab5ed1,targetgroup/bodegaai-production-store-servic/736691f5beac1ff1,RequestCountPerTarget,2026-09-18T03:00:00Z,2026-09-18T04:00:00Z,94612
app/bodegaai-production-alb/31b69d3d76ab5ed1,targetgroup/bodegaai-production-store-servic/736691f5beac1ff1,RequestCountPerTarget,2026-09-18T04:00:00Z,2026-09-18T05:00:00Z,91423
app/bodegaai-production-alb/31b69d3d76ab5ed1,targetgroup/bodegaai-production-store-servic/736691f5beac1ff1,RequestCountPerTarget,2026-09-18T05:00:00Z,2026-09-18T06:00:00Z,87715
app/bodegaai-production-alb/31b69d3d76ab5ed1,targetgroup/bodegaai-production-store-servic/736691f5beac1ff1,RequestCountPerTarget,2026-09-18T06:00:00Z,2026-09-18T07:00:00Z,84393
app/bodegaai-production-alb/31b69d3d76ab5ed1,targetgroup/bodegaai-production-store-servic/736691f5beac1ff1,RequestCountPerTarget,2026-09-18T07:00:00Z,2026-09-18T08:00:00Z,84059
app/bodegaai-production-alb/31b69d3d76ab5ed1,targetgroup/bodegaai-production-store-servic/736691f5beac1ff1,RequestCountPerTarget,2026-09-18T08:00:00Z,2026-09-18T09:00:00Z,83851.5
app/bodegaai-production-alb/31b69d3d76ab5ed1,targetgroup/bodegaai-production-store-servic/736691f5beac1ff1,RequestCountPerTarget,2026-09-18T09:00:00Z,2026-09-18T10:00:00Z,84492.5
app/bodegaai-production-alb/31b69d3d76ab5ed1,targetgroup/bodegaai-production-store-servic/736691f5beac1ff1,RequestCountPerTarget,2026-09-18T10:00:00Z,2026-09-18T11:00:00Z,87058
app/bodegaai-production-alb/31b69d3d76ab5ed1,targetgroup/bodegaai-production-store-servic/736691f5beac1ff1,RequestCountPerTarget,2026-09-18T11:00:00Z,2026-09-18T12:00:00Z,92070.5
app/bodegaai-production-alb/31b69d3d76ab5ed1,targetgroup/bodegaai-production-store-servic/736691f5beac1ff1,RequestCountPerTarget,2026-09-18T12:00:00Z,2026-09-18T13:00:00Z,97216.5
app/bodegaai-production-alb/31b69d3d76ab5ed1,targetgroup/bodegaai-production-store-servic/736691f5beac1ff1,RequestCountPerTarget,2026-09-18T13:00:00Z,2026-09-18T14:00:00Z,100506.5
app/bodegaai-production-alb/31b69d3d76ab5ed1,targetgroup/bodegaai-production-store-servic/736691f5beac1ff1,RequestCountPerTarget,2026-09-18T14:00:00Z,2026-09-18T15:00:00Z,104084
app/bodegaai-production-alb/31b69d3d76ab5ed1,targetgroup/bodegaai-production-store-servic/736691f5beac1ff1,RequestCountPerTarget,2026-09-18T15:00:00Z,2026-09-18T16:00:00Z,105615
app/bodegaai-production-alb/31b69d3d76ab5ed1,targetgroup/bodegaai-production-store-servic/736691f5beac1ff1,RequestCountPerTarget,2026-09-18T16:00:00Z,2026-09-18T17:00:00Z,107560
app/bodegaai-production-alb/31b69d3d76ab5ed1,targetgroup/bodegaai-production-store-servic/736691f5beac1ff1,RequestCountPerTarget,2026-09-18T17:00:00Z,2026-09-18T18:00:00Z,106045
app/bodegaai-production-alb/31b69d3d76ab5ed1,targetgroup/bodegaai-production-store-servic/736691f5beac1ff1,RequestCountPerTarget,2026-09-18T18:00:00Z,2026-09-18T19:00:00Z,107658
app/bodegaai-production-alb/31b69d3d76ab5ed1,targetgroup/bodegaai-production-store-servic/736691f5beac1ff1,RequestCountPerTarget,2026-09-18T19:00:00Z,2026-09-18T20:00:00Z,110224
app/bodegaai-production-alb/31b69d3d76ab5ed1,targetgroup/bodegaai-production-store-servic/736691f5beac1ff1,RequestCountPerTarget,2026-09-18T20:00:00Z,2026-09-18T21:00:00Z,109510.416669
app/bodegaai-production-alb/31b69d3d76ab5ed1,targetgroup/bodegaai-production-store-servic/736691f5beac1ff1,RequestCountPerTarget,2026-09-18T21:00:00Z,2026-09-18T22:00:00Z,107009.999999
app/bodegaai-production-alb/31b69d3d76ab5ed1,targetgroup/bodegaai-production-store-servic/736691f5beac1ff1,RequestCountPerTarget,2026-09-18T22:00:00Z,2026-09-18T23:00:00Z,102804.5
app/bodegaai-production-alb/31b69d3d76ab5ed1,targetgroup/bodegaai-production-store-servic/736691f5beac1ff1,RequestCountPerTarget,2026-09-18T23:00:00Z,2026-09-19T00:00:00Z,102422
app/bodegaai-production-alb/31b69d3d76ab5ed1,targetgroup/bodegaai-production-store-servic/736691f5beac1ff1,RequestCountPerTarget,2026-09-19T00:00:00Z,2026-09-19T01:00:00Z,100535.5
app/bodegaai-production-alb/31b69d3d76ab5ed1,targetgroup/bodegaai-production-store-servic/736691f5beac1ff1,RequestCountPerTarget,2026-09-19T01:00:00Z,2026-09-19T02:00:00Z,95974
app/bodegaai-production-alb/31b69d3d76ab5ed1,targetgroup/bodegaai-production-store-servic/736691f5beac1ff1,RequestCountPerTarget,2026-09-19T02:00:00Z,2026-09-19T03:00:00Z,90790.5
app/bodegaai-production-alb/31b69d3d76ab5ed1,targetgroup/bodegaai-production-store-servic/736691f5beac1ff1,RequestCountPerTarget,2026-09-19T03:00:00Z,2026-09-19T04:00:00Z,84624.5
app/bodegaai-production-alb/31b69d3d76ab5ed1,targetgroup/bodegaai-production-store-servic/736691f5beac1ff1,RequestCountPerTarget,2026-09-19T04:00:00Z,2026-09-19T05:00:00Z,80823
app/bodegaai-production-alb/31b69d3d76ab5ed1,targetgroup/bodegaai-production-store-servic/736691f5beac1ff1,RequestCountPerTarget,2026-09-19T05:00:00Z,2026-09-19T06:00:00Z,77613.5
app/bodegaai-production-alb/31b69d3d76ab5ed1,targetgroup/bodegaai-production-store-servic/736691f5beac1ff1,RequestCountPerTarget,2026-09-19T06:00:00Z,2026-09-19T07:00:00Z,77292
app/bodegaai-production-alb/31b69d3d76ab5ed1,targetgroup/bodegaai-production-store-servic/736691f5beac1ff1,RequestCountPerTarget,2026-09-19T07:00:00Z,2026-09-19T08:00:00Z,76495.5
app/bodegaai-production-alb/31b69d3d76ab5ed1,targetgroup/bodegaai-production-store-servic/736691f5beac1ff1,RequestCountPerTarget,2026-09-19T08:00:00Z,2026-09-19T09:00:00Z,75965
app/bodegaai-production-alb/31b69d3d76ab5ed1,targetgroup/bodegaai-production-store-servic/736691f5beac1ff1,RequestCountPerTarget,2026-09-19T09:00:00Z,2026-09-19T10:00:00Z,75235.5
app/bodegaai-production-alb/31b69d3d76ab5ed1,targetgroup/bodegaai-production-store-servic/736691f5beac1ff1,RequestCountPerTarget,2026-09-19T10:00:00Z,2026-09-19T11:00:00Z,76821
app/bodegaai-production-alb/31b69d3d76ab5ed1,targetgroup/bodegaai-production-store-servic/736691f5beac1ff1,RequestCountPerTarget,2026-09-19T11:00:00Z,2026-09-19T12:00:00Z,79682
app/bodegaai-production-alb/31b69d3d76ab5ed1,targetgroup/bodegaai-production-store-servic/736691f5beac1ff1,RequestCountPerTarget,2026-09-19T12:00:00Z,2026-09-19T13:00:00Z,84078
app/bodegaai-production-alb/31b69d3d76ab5ed1,targetgroup/bodegaai-production-store-servic/736691f5beac1ff1,RequestCountPerTarget,2026-09-19T13:00:00Z,2026-09-19T14:00:00Z,92246.5
app/bodegaai-production-alb/31b69d3d76ab5ed1,targetgroup/bodegaai-production-store-servic/736691f5beac1ff1,RequestCountPerTarget,2026-09-19T14:00:00Z,2026-09-19T15:00:00Z,97687.5
app/bodegaai-production-alb/31b69d3d76ab5ed1,targetgroup/bodegaai-production-store-servic/736691f5beac1ff1,RequestCountPerTarget,2026-09-19T15:00:00Z,2026-09-19T16:00:00Z,100620.5
app/bodegaai-production-alb/31b69d3d76ab5ed1,targetgroup/bodegaai-production-store-servic/736691f5beac1ff1,RequestCountPerTarget,2026-09-19T16:00:00Z,2026-09-19T17:00:00Z,102112.5
app/bodegaai-production-alb/31b69d3d76ab5ed1,targetgroup/bodegaai-production-store-servic/736691f5beac1ff1,RequestCountPerTarget,2026-09-19T17:00:00Z,2026-09-19T18:00:00Z,100563.5
app/bodegaai-production-alb/31b69d3d76ab5ed1,targetgroup/bodegaai-production-store-servic/736691f5beac1ff1,RequestCountPerTarget,2026-09-19T18:00:00Z,2026-09-19T19:00:00Z,102594
app/bodegaai-production-alb/31b69d3d76ab5ed1,targetgroup/bodegaai-production-store-servic/736691f5beac1ff1,RequestCountPerTarget,2026-09-19T19:00:00Z,2026-09-19T20:00:00Z,101483
app/bodegaai-production-alb/31b69d3d76ab5ed1,targetgroup/bodegaai-production-store-servic/736691f5beac1ff1,RequestCountPerTarget,2026-09-19T20:00:00Z,2026-09-19T21:00:00Z,105873.5
app/bodegaai-production-alb/31b69d3d76ab5ed1,targetgroup/bodegaai-production-store-servic/736691f5beac1ff1,RequestCountPerTarget,2026-09-19T21:00:00Z,2026-09-19T22:00:00Z,103547
app/bodegaai-production-alb/31b69d3d76ab5ed1,targetgroup/bodegaai-production-store-servic/736691f5beac1ff1,RequestCountPerTarget,2026-09-19T22:00:00Z,2026-09-19T23:00:00Z,104993.5
app/bodegaai-production-alb/31b69d3d76ab5ed1,targetgroup/bodegaai-production-store-servic/736691f5beac1ff1,RequestCountPerTarget,2026-09-19T23:00:00Z,2026-09-20T00:00:00Z,104572
app/bodegaai-production-alb/31b69d3d76ab5ed1,targetgroup/bodegaai-production-store-servic/736691f5beac1ff1,RequestCountPerTarget,2026-09-20T00:00:00Z,2026-09-20T01:00:00Z,101989
app/bodegaai-production-alb/31b69d3d76ab5ed1,targetgroup/bodegaai-production-store-servic/736691f5beac1ff1,RequestCountPerTarget,2026-09-20T01:00:00Z,2026-09-20T02:00:00Z,96163.5
app/bodegaai-production-alb/31b69d3d76ab5ed1,targetgroup/bodegaai-production-store-servic/736691f5beac1ff1,RequestCountPerTarget,2026-09-20T02:00:00Z,2026-09-20T03:00:00Z,91816.5
app/bodegaai-production-alb/31b69d3d76ab5ed1,targetgroup/bodegaai-production-store-servic/736691f5beac1ff1,RequestCountPerTarget,2026-09-20T03:00:00Z,2026-09-20T04:00:00Z,83600.5
app/bodegaai-production-alb/31b69d3d76ab5ed1,targetgroup/bodegaai-production-store-servic/736691f5beac1ff1,RequestCountPerTarget,2026-09-20T04:00:00Z,2026-09-20T05:00:00Z,80687
app/bodegaai-production-alb/31b69d3d76ab5ed1,targetgroup/bodegaai-production-store-servic/736691f5beac1ff1,RequestCountPerTarget,2026-09-20T05:00:00Z,2026-09-20T06:00:00Z,77916.5
app/bodegaai-production-alb/31b69d3d76ab5ed1,targetgroup/bodegaai-production-store-servic/736691f5beac1ff1,RequestCountPerTarget,2026-09-20T06:00:00Z,2026-09-20T07:00:00Z,74956.5
app/bodegaai-production-alb/31b69d3d76ab5ed1,targetgroup/bodegaai-production-store-servic/736691f5beac1ff1,RequestCountPerTarget,2026-09-20T07:00:00Z,2026-09-20T08:00:00Z,75010
app/bodegaai-production-alb/31b69d3d76ab5ed1,targetgroup/bodegaai-production-store-servic/736691f5beac1ff1,RequestCountPerTarget,2026-09-20T08:00:00Z,2026-09-20T09:00:00Z,75354
app/bodegaai-production-alb/31b69d3d76ab5ed1,targetgroup/bodegaai-production-store-servic/736691f5beac1ff1,RequestCountPerTarget,2026-09-20T09:00:00Z,2026-09-20T10:00:00Z,76604
app/bodegaai-production-alb/31b69d3d76ab5ed1,targetgroup/bodegaai-production-store-servic/736691f5beac1ff1,RequestCountPerTarget,2026-09-20T10:00:00Z,2026-09-20T11:00:00Z,77443
app/bodegaai-production-alb/31b69d3d76ab5ed1,targetgroup/bodegaai-production-store-servic/736691f5beac1ff1,RequestCountPerTarget,2026-09-20T11:00:00Z,2026-09-20T12:00:00Z,78085
app/bodegaai-production-alb/31b69d3d76ab5ed1,targetgroup/bodegaai-production-store-servic/736691f5beac1ff1,RequestCountPerTarget,2026-09-20T12:00:00Z,2026-09-20T13:00:00Z,85151.5
app/bodegaai-production-alb/31b69d3d76ab5ed1,targetgroup/bodegaai-production-store-servic/736691f5beac1ff1,RequestCountPerTarget,2026-09-20T13:00:00Z,2026-09-20T14:00:00Z,90955.5
app/bodegaai-production-alb/31b69d3d76ab5ed1,targetgroup/bodegaai-production-store-servic/736691f5beac1ff1,RequestCountPerTarget,2026-09-20T14:00:00Z,2026-09-20T15:00:00Z,95344
app/bodegaai-production-alb/31b69d3d76ab5ed1,targetgroup/bodegaai-production-store-servic/736691f5beac1ff1,RequestCountPerTarget,2026-09-20T15:00:00Z,2026-09-20T16:00:00Z,96673
app/bodegaai-production-alb/31b69d3d76ab5ed1,targetgroup/bodegaai-production-store-servic/736691f5beac1ff1,RequestCountPerTarget,2026-09-20T16:00:00Z,2026-09-20T17:00:00Z,102318.5
app/bodegaai-production-alb/31b69d3d76ab5ed1,targetgroup/bodegaai-production-store-servic/736691f5beac1ff1,RequestCountPerTarget,2026-09-20T17:00:00Z,2026-09-20T18:00:00Z,102425
app/bodegaai-production-alb/31b69d3d76ab5ed1,targetgroup/bodegaai-production-store-servic/736691f5beac1ff1,RequestCountPerTarget,2026-09-20T18:00:00Z,2026-09-20T19:00:00Z,101962
app/bodegaai-production-alb/31b69d3d76ab5ed1,targetgroup/bodegaai-production-store-servic/736691f5beac1ff1,RequestCountPerTarget,2026-09-20T19:00:00Z,2026-09-20T20:00:00Z,102357
app/bodegaai-production-alb/31b69d3d76ab5ed1,targetgroup/bodegaai-production-store-servic/736691f5beac1ff1,RequestCountPerTarget,2026-09-20T20:00:00Z,2026-09-20T21:00:00Z,102272
app/bodegaai-production-alb/31b69d3d76ab5ed1,targetgroup/bodegaai-production-store-servic/736691f5beac1ff1,RequestCountPerTarget,2026-09-20T21:00:00Z,2026-09-20T22:00:00Z,102777.5
app/bodegaai-production-alb/31b69d3d76ab5ed1,targetgroup/bodegaai-production-store-servic/736691f5beac1ff1,RequestCountPerTarget,2026-09-20T22:00:00Z,2026-09-20T23:00:00Z,102182
app/bodegaai-production-alb/31b69d3d76ab5ed1,targetgroup/bodegaai-production-store-servic/736691f5beac1ff1,RequestCountPerTarget,2026-09-20T23:00:00Z,2026-09-21T00:00:00Z,102351.5
app/bodegaai-production-alb/31b69d3d76ab5ed1,targetgroup/bodegaai-production-store-servic/736691f5beac1ff1,RequestCountPerTarget,2026-09-21T00:00:00Z,2026-09-21T01:00:00Z,99909
app/bodegaai-production-alb/31b69d3d76ab5ed1,targetgroup/bodegaai-production-store-servic/736691f5beac1ff1,RequestCountPerTarget,2026-09-21T01:00:00Z,2026-09-21T02:00:00Z,95311
app/bodegaai-production-alb/31b69d3d76ab5ed1,targetgroup/bodegaai-production-store-servic/736691f5beac1ff1,RequestCountPerTarget,2026-09-21T02:00:00Z,2026-09-21T03:00:00Z,91639
app/bodegaai-production-alb/31b69d3d76ab5ed1,targetgroup/bodegaai-production-store-servic/736691f5beac1ff1,RequestCountPerTarget,2026-09-21T03:00:00Z,2026-09-21T04:00:00Z,87213
app/bodegaai-production-alb/31b69d3d76ab5ed1,targetgroup/bodegaai-production-store-servic/736691f5beac1ff1,RequestCountPerTarget,2026-09-21T04:00:00Z,2026-09-21T05:00:00Z,84956.5
app/bodegaai-production-alb/31b69d3d76ab5ed1,targetgroup/bodegaai-production-store-servic/736691f5beac1ff1,RequestCountPerTarget,2026-09-21T05:00:00Z,2026-09-21T06:00:00Z,83468
app/bodegaai-production-alb/31b69d3d76ab5ed1,targetgroup/bodegaai-production-store-servic/736691f5beac1ff1,RequestCountPerTarget,2026-09-21T06:00:00Z,2026-09-21T07:00:00Z,79341
app/bodegaai-production-alb/31b69d3d76ab5ed1,targetgroup/bodegaai-production-store-servic/736691f5beac1ff1,RequestCountPerTarget,2026-09-21T07:00:00Z,2026-09-21T08:00:00Z,78933.5
app/bodegaai-production-alb/31b69d3d76ab5ed1,targetgroup/bodegaai-production-store-servic/736691f5beac1ff1,RequestCountPerTarget,2026-09-21T08:00:00Z,2026-09-21T09:00:00Z,78800
app/bodegaai-production-alb/31b69d3d76ab5ed1,targetgroup/bodegaai-production-store-servic/736691f5beac1ff1,RequestCountPerTarget,2026-09-21T09:00:00Z,2026-09-21T10:00:00Z,79457.5
app/bodegaai-production-alb/31b69d3d76ab5ed1,targetgroup/bodegaai-production-store-servic/736691f5beac1ff1,RequestCountPerTarget,2026-09-21T10:00:00Z,2026-09-21T11:00:00Z,81820.5
app/bodegaai-production-alb/31b69d3d76ab5ed1,targetgroup/bodegaai-production-store-servic/736691f5beac1ff1,RequestCountPerTarget,2026-09-21T11:00:00Z,2026-09-21T12:00:00Z,84332
app/bodegaai-production-alb/31b69d3d76ab5ed1,targetgroup/bodegaai-production-store-servic/736691f5beac1ff1,RequestCountPerTarget,2026-09-21T12:00:00Z,2026-09-21T13:00:00Z,85254.583334
app/bodegaai-production-alb/31b69d3d76ab5ed1,targetgroup/bodegaai-production-store-servic/736691f5beac1ff1,RequestCountPerTarget,2026-09-21T13:00:00Z,2026-09-21T14:00:00Z,95114.5
app/bodegaai-production-alb/31b69d3d76ab5ed1,targetgroup/bodegaai-production-store-servic/736691f5beac1ff1,RequestCountPerTarget,2026-09-21T14:00:00Z,2026-09-21T15:00:00Z,98401
app/bodegaai-production-alb/31b69d3d76ab5ed1,targetgroup/bodegaai-production-store-servic/736691f5beac1ff1,RequestCountPerTarget,2026-09-21T15:00:00Z,2026-09-21T16:00:00Z,100460
app/bodegaai-production-alb/31b69d3d76ab5ed1,targetgroup/bodegaai-production-store-servic/736691f5beac1ff1,RequestCountPerTarget,2026-09-21T16:00:00Z,2026-09-21T17:00:00Z,103865.5
app/bodegaai-production-alb/31b69d3d76ab5ed1,targetgroup/bodegaai-production-store-servic/736691f5beac1ff1,RequestCountPerTarget,2026-09-21T17:00:00Z,2026-09-21T18:00:00Z,105322.166666
app/bodegaai-production-alb/31b69d3d76ab5ed1,targetgroup/bodegaai-production-store-servic/736691f5beac1ff1,RequestCountPerTarget,2026-09-21T18:00:00Z,2026-09-21T19:00:00Z,108617.5
app/bodegaai-production-alb/31b69d3d76ab5ed1,targetgroup/bodegaai-production-store-servic/736691f5beac1ff1,RequestCountPerTarget,2026-09-21T19:00:00Z,2026-09-21T20:00:00Z,115044
app/bodegaai-production-alb/31b69d3d76ab5ed1,targetgroup/bodegaai-production-store-servic/736691f5beac1ff1,RequestCountPerTarget,2026-09-21T20:00:00Z,2026-09-21T21:00:00Z,112948.999998
app/bodegaai-production-alb/31b69d3d76ab5ed1,targetgroup/bodegaai-production-store-servic/736691f5beac1ff1,RequestCountPerTarget,2026-09-21T21:00:00Z,2026-09-21T22:00:00Z,116147
app/bodegaai-production-alb/31b69d3d76ab5ed1,targetgroup/bodegaai-production-store-servic/736691f5beac1ff1,RequestCountPerTarget,2026-09-21T22:00:00Z,2026-09-21T23:00:00Z,112221.5
app/bodegaai-production-alb/31b69d3d76ab5ed1,targetgroup/bodegaai-production-store-servic/736691f5beac1ff1,RequestCountPerTarget,2026-09-21T23:00:00Z,2026-09-22T00:00:00Z,110489.5
app/bodegaai-production-alb/31b69d3d76ab5ed1,targetgroup/bodegaai-production-store-servic/736691f5beac1ff1,RequestCountPerTarget,2026-09-22T00:00:00Z,2026-09-22T01:00:00Z,108133.5
app/bodegaai-production-alb/31b69d3d76ab5ed1,targetgroup/bodegaai-production-store-servic/736691f5beac1ff1,RequestCountPerTarget,2026-09-22T01:00:00Z,2026-09-22T02:00:00Z,103462
app/bodegaai-production-alb/31b69d3d76ab5ed1,targetgroup/bodegaai-production-store-servic/736691f5beac1ff1,RequestCountPerTarget,2026-09-22T02:00:00Z,2026-09-22T03:00:00Z,100448.5
app/bodegaai-production-alb/31b69d3d76ab5ed1,targetgroup/bodegaai-production-store-servic/736691f5beac1ff1,RequestCountPerTarget,2026-09-22T03:00:00Z,2026-09-22T04:00:00Z,94802
app/bodegaai-production-alb/31b69d3d76ab5ed1,targetgroup/bodegaai-production-store-servic/736691f5beac1ff1,RequestCountPerTarget,2026-09-22T04:00:00Z,2026-09-22T05:00:00Z,91966.5
app/bodegaai-production-alb/31b69d3d76ab5ed1,targetgroup/bodegaai-production-store-servic/736691f5beac1ff1,RequestCountPerTarget,2026-09-22T05:00:00Z,2026-09-22T06:00:00Z,91427
app/bodegaai-production-alb/31b69d3d76ab5ed1,targetgroup/bodegaai-production-store-servic/736691f5beac1ff1,RequestCountPerTarget,2026-09-22T06:00:00Z,2026-09-22T07:00:00Z,91704.5
app/bodegaai-production-alb/31b69d3d76ab5ed1,targetgroup/bodegaai-production-store-servic/736691f5beac1ff1,RequestCountPerTarget,2026-09-22T07:00:00Z,2026-09-22T08:00:00Z,88288
app/bodegaai-production-alb/31b69d3d76ab5ed1,targetgroup/bodegaai-production-store-servic/736691f5beac1ff1,RequestCountPerTarget,2026-09-22T08:00:00Z,2026-09-22T09:00:00Z,89077.5
app/bodegaai-production-alb/31b69d3d76ab5ed1,targetgroup/bodegaai-production-store-servic/736691f5beac1ff1,RequestCountPerTarget,2026-09-22T09:00:00Z,2026-09-22T10:00:00Z,90694.5
app/bodegaai-production-alb/31b69d3d76ab5ed1,targetgroup/bodegaai-production-store-servic/736691f5beac1ff1,RequestCountPerTarget,2026-09-22T10:00:00Z,2026-09-22T11:00:00Z,95600.5
app/bodegaai-production-alb/31b69d3d76ab5ed1,targetgroup/bodegaai-production-store-servic/736691f5beac1ff1,RequestCountPerTarget,2026-09-22T11:00:00Z,2026-09-22T12:00:00Z,101133
app/bodegaai-production-alb/31b69d3d76ab5ed1,targetgroup/bodegaai-production-store-servic/736691f5beac1ff1,RequestCountPerTarget,2026-09-22T12:00:00Z,2026-09-22T13:00:00Z,103903.666672
app/bodegaai-production-alb/31b69d3d76ab5ed1,targetgroup/bodegaai-production-store-servic/736691f5beac1ff1,RequestCountPerTarget,2026-09-22T13:00:00Z,2026-09-22T14:00:00Z,108903.5
app/bodegaai-production-alb/31b69d3d76ab5ed1,targetgroup/bodegaai-production-store-servic/736691f5beac1ff1,RequestCountPerTarget,2026-09-22T14:00:00Z,2026-09-22T15:00:00Z,112045
app/bodegaai-production-alb/31b69d3d76ab5ed1,targetgroup/bodegaai-production-store-servic/736691f5beac1ff1,RequestCountPerTarget,2026-09-22T15:00:00Z,2026-09-22T16:00:00Z,114749
app/bodegaai-production-alb/31b69d3d76ab5ed1,targetgroup/bodegaai-production-store-servic/736691f5beac1ff1,RequestCountPerTarget,2026-09-22T16:00:00Z,2026-09-22T17:00:00Z,122437.5
app/bodegaai-production-alb/31b69d3d76ab5ed1,targetgroup/bodegaai-production-store-servic/736691f5beac1ff1,RequestCountPerTarget,2026-09-22T17:00:00Z,2026-09-22T18:00:00Z,122536.5
app/bodegaai-production-alb/31b69d3d76ab5ed1,targetgroup/bodegaai-production-store-servic/736691f5beac1ff1,RequestCountPerTarget,2026-09-22T18:00:00Z,2026-09-22T19:00:00Z,118959.5
app/bodegaai-production-alb/31b69d3d76ab5ed1,targetgroup/bodegaai-production-store-servic/736691f5beac1ff1,RequestCountPerTarget,2026-09-22T19:00:00Z,2026-09-22T20:00:00Z,116875.5
app/bodegaai-production-alb/31b69d3d76ab5ed1,targetgroup/bodegaai-production-store-servic/736691f5beac1ff1,RequestCountPerTarget,2026-09-22T20:00:00Z,2026-09-22T21:00:00Z,119437.5
app/bodegaai-production-alb/31b69d3d76ab5ed1,targetgroup/bodegaai-production-store-servic/736691f5beac1ff1,RequestCountPerTarget,2026-09-22T21:00:00Z,2026-09-22T22:00:00Z,123467.5
app/bodegaai-production-alb/31b69d3d76ab5ed1,targetgroup/bodegaai-production-store-servic/736691f5beac1ff1,RequestCountPerTarget,2026-09-22T22:00:00Z,2026-09-22T23:00:00Z,120231
app/bodegaai-production-alb/31b69d3d76ab5ed1,targetgroup/bodegaai-production-store-servic/736691f5beac1ff1,RequestCountPerTarget,2026-09-22T23:00:00Z,2026-09-23T00:00:00Z,118675.5
app/bodegaai-production-alb/31b69d3d76ab5ed1,targetgroup/bodegaai-production-store-servic/736691f5beac1ff1,RequestCountPerTarget,2026-09-23T00:00:00Z,2026-09-23T01:00:00Z,116479
app/bodegaai-production-alb/31b69d3d76ab5ed1,targetgroup/bodegaai-production-store-servic/736691f5beac1ff1,RequestCountPerTarget,2026-09-23T01:00:00Z,2026-09-23T02:00:00Z,112738
app/bodegaai-production-alb/31b69d3d76ab5ed1,targetgroup/bodegaai-production-store-servic/736691f5beac1ff1,RequestCountPerTarget,2026-09-23T02:00:00Z,2026-09-23T03:00:00Z,98967
app/bodegaai-production-alb/31b69d3d76ab5ed1,targetgroup/bodegaai-production-store-servic/736691f5beac1ff1,RequestCountPerTarget,2026-09-23T03:00:00Z,2026-09-23T04:00:00Z,91435
app/bodegaai-production-alb/31b69d3d76ab5ed1,targetgroup/bodegaai-production-store-servic/736691f5beac1ff1,RequestCountPerTarget,2026-09-23T04:00:00Z,2026-09-23T05:00:00Z,88354
app/bodegaai-production-alb/31b69d3d76ab5ed1,targetgroup/bodegaai-production-store-servic/736691f5beac1ff1,RequestCountPerTarget,2026-09-23T05:00:00Z,2026-09-23T06:00:00Z,88011
app/bodegaai-production-alb/31b69d3d76ab5ed1,targetgroup/bodegaai-production-store-servic/736691f5beac1ff1,RequestCountPerTarget,2026-09-23T06:00:00Z,2026-09-23T07:00:00Z,87497
app/bodegaai-production-alb/31b69d3d76ab5ed1,targetgroup/bodegaai-production-store-servic/736691f5beac1ff1,RequestCountPerTarget,2026-09-23T07:00:00Z,2026-09-23T08:00:00Z,85965
app/bodegaai-production-alb/31b69d3d76ab5ed1,targetgroup/bodegaai-production-store-servic/736691f5beac1ff1,RequestCountPerTarget,2026-09-23T08:00:00Z,2026-09-23T09:00:00Z,86067.5
app/bodegaai-production-alb/31b69d3d76ab5ed1,targetgroup/bodegaai-production-store-servic/736691f5beac1ff1,RequestCountPerTarget,2026-09-23T09:00:00Z,2026-09-23T10:00:00Z,87429
app/bodegaai-production-alb/31b69d3d76ab5ed1,targetgroup/bodegaai-production-store-servic/736691f5beac1ff1,RequestCountPerTarget,2026-09-23T10:00:00Z,2026-09-23T11:00:00Z,89676.5
app/bodegaai-production-alb/31b69d3d76ab5ed1,targetgroup/bodegaai-production-store-servic/736691f5beac1ff1,RequestCountPerTarget,2026-09-23T11:00:00Z,2026-09-23T12:00:00Z,98480
app/bodegaai-production-alb/31b69d3d76ab5ed1,targetgroup/bodegaai-production-store-servic/736691f5beac1ff1,RequestCountPerTarget,2026-09-23T12:00:00Z,2026-09-23T13:00:00Z,105899.5
app/bodegaai-production-alb/31b69d3d76ab5ed1,targetgroup/bodegaai-production-store-servic/736691f5beac1ff1,RequestCountPerTarget,2026-09-23T13:00:00Z,2026-09-23T14:00:00Z,109829
app/bodegaai-production-alb/31b69d3d76ab5ed1,targetgroup/bodegaai-production-store-servic/736691f5beac1ff1,RequestCountPerTarget,2026-09-23T14:00:00Z,2026-09-23T15:00:00Z,113777.5
app/bodegaai-production-alb/31b69d3d76ab5ed1,targetgroup/bodegaai-production-store-servic/736691f5beac1ff1,RequestCountPerTarget,2026-09-23T15:00:00Z,2026-09-23T16:00:00Z,117336.5
app/bodegaai-production-alb/31b69d3d76ab5ed1,targetgroup/bodegaai-production-store-servic/736691f5beac1ff1,RequestCountPerTarget,2026-09-23T16:00:00Z,2026-09-23T17:00:00Z,118528.5
app/bodegaai-production-alb/31b69d3d76ab5ed1,targetgroup/bodegaai-production-store-servic/736691f5beac1ff1,RequestCountPerTarget,2026-09-23T17:00:00Z,2026-09-23T18:00:00Z,119298
app/bodegaai-production-alb/31b69d3d76ab5ed1,targetgroup/bodegaai-production-store-servic/736691f5beac1ff1,RequestCountPerTarget,2026-09-23T18:00:00Z,2026-09-23T19:00:00Z,122065.666669
app/bodegaai-production-alb/31b69d3d76ab5ed1,targetgroup/bodegaai-production-store-servic/736691f5beac1ff1,RequestCountPerTarget,2026-09-23T19:00:00Z,2026-09-23T20:00:00Z,122293
app/bodegaai-production-alb/31b69d3d76ab5ed1,targetgroup/bodegaai-production-store-servic/736691f5beac1ff1,RequestCountPerTarget,2026-09-23T20:00:00Z,2026-09-23T21:00:00Z,123068
app/bodegaai-production-alb/31b69d3d76ab5ed1,targetgroup/bodegaai-production-store-servic/736691f5beac1ff1,RequestCountPerTarget,2026-09-23T21:00:00Z,2026-09-23T22:00:00Z,124926
app/bodegaai-production-alb/31b69d3d76ab5ed1,targetgroup/bodegaai-production-store-servic/736691f5beac1ff1,RequestCountPerTarget,2026-09-23T22:00:00Z,2026-09-23T23:00:00Z,119925
app/bodegaai-production-alb/31b69d3d76ab5ed1,targetgroup/bodegaai-production-store-servic/736691f5beac1ff1,RequestCountPerTarget,2026-09-23T23:00:00Z,2026-09-24T00:00:00Z,116026.5
app/bodegaai-production-alb/31b69d3d76ab5ed1,targetgroup/bodegaai-production-store-servic/736691f5beac1ff1,RequestCountPerTarget,2026-09-24T00:00:00Z,2026-09-24T01:00:00Z,114073
app/bodegaai-production-alb/31b69d3d76ab5ed1,targetgroup/bodegaai-production-store-servic/736691f5beac1ff1,RequestCountPerTarget,2026-09-24T01:00:00Z,2026-09-24T02:00:00Z,110156
app/bodegaai-production-alb/31b69d3d76ab5ed1,targetgroup/bodegaai-production-store-servic/736691f5beac1ff1,RequestCountPerTarget,2026-09-24T02:00:00Z,2026-09-24T03:00:00Z,106443
app/bodegaai-production-alb/31b69d3d76ab5ed1,targetgroup/bodegaai-production-store-servic/736691f5beac1ff1,RequestCountPerTarget,2026-09-24T03:00:00Z,2026-09-24T04:00:00Z,101610.5
app/bodegaai-production-alb/31b69d3d76ab5ed1,targetgroup/bodegaai-production-store-servic/736691f5beac1ff1,RequestCountPerTarget,2026-09-24T04:00:00Z,2026-09-24T05:00:00Z,99229
app/bodegaai-production-alb/31b69d3d76ab5ed1,targetgroup/bodegaai-production-store-servic/736691f5beac1ff1,RequestCountPerTarget,2026-09-24T05:00:00Z,2026-09-24T06:00:00Z,97639.5
app/bodegaai-production-alb/31b69d3d76ab5ed1,targetgroup/bodegaai-production-store-servic/736691f5beac1ff1,RequestCountPerTarget,2026-09-24T06:00:00Z,2026-09-24T07:00:00Z,96205.5
app/bodegaai-production-alb/31b69d3d76ab5ed1,targetgroup/bodegaai-production-store-servic/736691f5beac1ff1,RequestCountPerTarget,2026-09-24T07:00:00Z,2026-09-24T08:00:00Z,96211.5
app/bodegaai-production-alb/31b69d3d76ab5ed1,targetgroup/bodegaai-production-store-servic/736691f5beac1ff1,RequestCountPerTarget,2026-09-24T08:00:00Z,2026-09-24T09:00:00Z,96386.5
app/bodegaai-production-alb/31b69d3d76ab5ed1,targetgroup/bodegaai-production-store-servic/736691f5beac1ff1,RequestCountPerTarget,2026-09-24T09:00:00Z,2026-09-24T10:00:00Z,96879
app/bodegaai-production-alb/31b69d3d76ab5ed1,targetgroup/bodegaai-production-store-servic/736691f5beac1ff1,RequestCountPerTarget,2026-09-24T10:00:00Z,2026-09-24T11:00:00Z,99627.5
app/bodegaai-production-alb/31b69d3d76ab5ed1,targetgroup/bodegaai-production-store-servic/736691f5beac1ff1,RequestCountPerTarget,2026-09-24T11:00:00Z,2026-09-24T12:00:00Z,104064.5
app/bodegaai-production-alb/31b69d3d76ab5ed1,targetgroup/bodegaai-production-store-servic/736691f5beac1ff1,RequestCountPerTarget,2026-09-24T12:00:00Z,2026-09-24T13:00:00Z,107620
app/bodegaai-production-alb/31b69d3d76ab5ed1,targetgroup/bodegaai-production-store-servic/736691f5beac1ff1,RequestCountPerTarget,2026-09-24T13:00:00Z,2026-09-24T14:00:00Z,112514
app/bodegaai-production-alb/31b69d3d76ab5ed1,targetgroup/bodegaai-production-store-servic/736691f5beac1ff1,RequestCountPerTarget,2026-09-24T14:00:00Z,2026-09-24T15:00:00Z,115164.5
app/bodegaai-production-alb/31b69d3d76ab5ed1,targetgroup/bodegaai-production-store-servic/736691f5beac1ff1,RequestCountPerTarget,2026-09-24T15:00:00Z,2026-09-24T16:00:00Z,116941
app/bodegaai-production-alb/31b69d3d76ab5ed1,targetgroup/bodegaai-production-store-servic/736691f5beac1ff1,RequestCountPerTarget,2026-09-24T16:00:00Z,2026-09-24T17:00:00Z,119610
app/bodegaai-production-alb/31b69d3d76ab5ed1,targetgroup/bodegaai-production-store-servic/736691f5beac1ff1,RequestCountPerTarget,2026-09-24T17:00:00Z,2026-09-24T18:00:00Z,119484.5
app/bodegaai-production-alb/31b69d3d76ab5ed1,targetgroup/bodegaai-production-store-servic/736691f5beac1ff1,RequestCountPerTarget,2026-09-24T18:00:00Z,2026-09-24T19:00:00Z,125529
app/bodegaai-production-alb/31b69d3d76ab5ed1,targetgroup/bodegaai-production-store-servic/736691f5beac1ff1,RequestCountPerTarget,2026-09-24T19:00:00Z,2026-09-24T20:00:00Z,123215
app/bodegaai-production-alb/31b69d3d76ab5ed1,targetgroup/bodegaai-production-store-servic/736691f5beac1ff1,RequestCountPerTarget,2026-09-24T20:00:00Z,2026-09-24T21:00:00Z,124043.25
app/bodegaai-production-alb/31b69d3d76ab5ed1,targetgroup/bodegaai-production-store-servic/736691f5beac1ff1,RequestCountPerTarget,2026-09-24T21:00:00Z,2026-09-24T22:00:00Z,125190.5
app/bodegaai-production-alb/31b69d3d76ab5ed1,targetgroup/bodegaai-production-store-servic/736691f5beac1ff1,RequestCountPerTarget,2026-09-24T22:00:00Z,2026-09-24T23:00:00Z,119474
app/bodegaai-production-alb/31b69d3d76ab5ed1,targetgroup/bodegaai-production-store-servic/736691f5beac1ff1,RequestCountPerTarget,2026-09-24T23:00:00Z,2026-09-25T00:00:00Z,118132
app/bodegaai-production-alb/31b69d3d76ab5ed1,targetgroup/bodegaai-production-store-servic/736691f5beac1ff1,RequestCountPerTarget,2026-09-25T00:00:00Z,2026-09-25T01:00:00Z,113671
app/bodegaai-production-alb/31b69d3d76ab5ed1,targetgroup/bodegaai-production-store-servic/736691f5beac1ff1,RequestCountPerTarget,2026-09-25T01:00:00Z,2026-09-25T02:00:00Z,107711
app/bodegaai-production-alb/31b69d3d76ab5ed1,targetgroup/bodegaai-production-store-servic/736691f5beac1ff1,RequestCountPerTarget,2026-09-25T02:00:00Z,2026-09-25T03:00:00Z,103841
app/bodegaai-production-alb/31b69d3d76ab5ed1,targetgroup/bodegaai-production-store-servic/736691f5beac1ff1,RequestCountPerTarget,2026-09-25T03:00:00Z,2026-09-25T04:00:00Z,99534
app/bodegaai-production-alb/31b69d3d76ab5ed1,targetgroup/bodegaai-production-store-servic/736691f5beac1ff1,RequestCountPerTarget,2026-09-25T04:00:00Z,2026-09-25T05:00:00Z,97394
app/bodegaai-production-alb/31b69d3d76ab5ed1,targetgroup/bodegaai-production-store-servic/736691f5beac1ff1,RequestCountPerTarget,2026-09-25T05:00:00Z,2026-09-25T06:00:00Z,95543.5
app/bodegaai-production-alb/31b69d3d76ab5ed1,targetgroup/bodegaai-production-store-servic/736691f5beac1ff1,RequestCountPerTarget,2026-09-25T06:00:00Z,2026-09-25T07:00:00Z,94968
app/bodegaai-production-alb/31b69d3d76ab5ed1,targetgroup/bodegaai-production-store-servic/736691f5beac1ff1,RequestCountPerTarget,2026-09-25T07:00:00Z,2026-09-25T08:00:00Z,94647
app/bodegaai-production-alb/31b69d3d76ab5ed1,targetgroup/bodegaai-production-store-servic/736691f5beac1ff1,RequestCountPerTarget,2026-09-25T08:00:00Z,2026-09-25T09:00:00Z,94458.5
app/bodegaai-production-alb/31b69d3d76ab5ed1,targetgroup/bodegaai-production-store-servic/736691f5beac1ff1,RequestCountPerTarget,2026-09-25T09:00:00Z,2026-09-25T10:00:00Z,94869
app/bodegaai-production-alb/31b69d3d76ab5ed1,targetgroup/bodegaai-production-store-servic/736691f5beac1ff1,RequestCountPerTarget,2026-09-25T10:00:00Z,2026-09-25T11:00:00Z,97197.5
app/bodegaai-production-alb/31b69d3d76ab5ed1,targetgroup/bodegaai-production-store-servic/736691f5beac1ff1,RequestCountPerTarget,2026-09-25T11:00:00Z,2026-09-25T12:00:00Z,106891
app/bodegaai-production-alb/31b69d3d76ab5ed1,targetgroup/bodegaai-production-store-servic/736691f5beac1ff1,RequestCountPerTarget,2026-09-25T12:00:00Z,2026-09-25T13:00:00Z,110615.5
app/bodegaai-production-alb/31b69d3d76ab5ed1,targetgroup/bodegaai-production-store-servic/736691f5beac1ff1,RequestCountPerTarget,2026-09-25T13:00:00Z,2026-09-25T14:00:00Z,113500.5
app/bodegaai-production-alb/31b69d3d76ab5ed1,targetgroup/bodegaai-production-store-servic/736691f5beac1ff1,RequestCountPerTarget,2026-09-25T14:00:00Z,2026-09-25T15:00:00Z,114203
app/bodegaai-production-alb/31b69d3d76ab5ed1,targetgroup/bodegaai-production-store-servic/736691f5beac1ff1,RequestCountPerTarget,2026-09-25T15:00:00Z,2026-09-25T16:00:00Z,117708
app/bodegaai-production-alb/31b69d3d76ab5ed1,targetgroup/bodegaai-production-store-servic/736691f5beac1ff1,RequestCountPerTarget,2026-09-25T16:00:00Z,2026-09-25T17:00:00Z,119766.5
app/bodegaai-production-alb/31b69d3d76ab5ed1,targetgroup/bodegaai-production-store-servic/736691f5beac1ff1,RequestCountPerTarget,2026-09-25T17:00:00Z,2026-09-25T18:00:00Z,119932.5
app/bodegaai-production-alb/31b69d3d76ab5ed1,targetgroup/bodegaai-production-store-servic/736691f5beac1ff1,RequestCountPerTarget,2026-09-25T18:00:00Z,2026-09-25T19:00:00Z,121365.5
app/bodegaai-production-alb/31b69d3d76ab5ed1,targetgroup/bodegaai-production-store-servic/736691f5beac1ff1,RequestCountPerTarget,2026-09-25T19:00:00Z,2026-09-25T20:00:00Z,123353
app/bodegaai-production-alb/31b69d3d76ab5ed1,targetgroup/bodegaai-production-store-servic/736691f5beac1ff1,RequestCountPerTarget,2026-09-25T20:00:00Z,2026-09-25T21:00:00Z,123881
app/bodegaai-production-alb/31b69d3d76ab5ed1,targetgroup/bodegaai-production-store-servic/736691f5beac1ff1,RequestCountPerTarget,2026-09-25T21:00:00Z,2026-09-25T22:00:00Z,122429
app/bodegaai-production-alb/31b69d3d76ab5ed1,targetgroup/bodegaai-production-store-servic/736691f5beac1ff1,RequestCountPerTarget,2026-09-25T22:00:00Z,2026-09-25T23:00:00Z,118656.5
app/bodegaai-production-alb/31b69d3d76ab5ed1,targetgroup/bodegaai-production-store-servic/736691f5beac1ff1,RequestCountPerTarget,2026-09-25T23:00:00Z,2026-09-26T00:00:00Z,117503
app/bodegaai-production-alb/31b69d3d76ab5ed1,targetgroup/bodegaai-production-store-servic/736691f5beac1ff1,RequestCountPerTarget,2026-09-26T00:00:00Z,2026-09-26T01:00:00Z,113913.5
app/bodegaai-production-alb/31b69d3d76ab5ed1,targetgroup/bodegaai-production-store-servic/736691f5beac1ff1,RequestCountPerTarget,2026-09-26T01:00:00Z,2026-09-26T02:00:00Z,108008
app/bodegaai-production-alb/31b69d3d76ab5ed1,targetgroup/bodegaai-production-store-servic/736691f5beac1ff1,RequestCountPerTarget,2026-09-26T02:00:00Z,2026-09-26T03:00:00Z,101265.5
app/bodegaai-production-alb/31b69d3d76ab5ed1,targetgroup/bodegaai-production-store-servic/736691f5beac1ff1,RequestCountPerTarget,2026-09-26T03:00:00Z,2026-09-26T04:00:00Z,94092.5
app/bodegaai-production-alb/31b69d3d76ab5ed1,targetgroup/bodegaai-production-store-servic/736691f5beac1ff1,RequestCountPerTarget,2026-09-26T04:00:00Z,2026-09-26T05:00:00Z,91413
app/bodegaai-production-alb/31b69d3d76ab5ed1,targetgroup/bodegaai-production-store-servic/736691f5beac1ff1,RequestCountPerTarget,2026-09-26T05:00:00Z,2026-09-26T06:00:00Z,93862
app/bodegaai-production-alb/31b69d3d76ab5ed1,targetgroup/bodegaai-production-store-servic/736691f5beac1ff1,RequestCountPerTarget,2026-09-26T06:00:00Z,2026-09-26T07:00:00Z,91884
app/bodegaai-production-alb/31b69d3d76ab5ed1,targetgroup/bodegaai-production-store-servic/736691f5beac1ff1,RequestCountPerTarget,2026-09-26T07:00:00Z,2026-09-26T08:00:00Z,88015.5
app/bodegaai-production-alb/31b69d3d76ab5ed1,targetgroup/bodegaai-production-store-servic/736691f5beac1ff1,RequestCountPerTarget,2026-09-26T08:00:00Z,2026-09-26T09:00:00Z,83074
app/bodegaai-production-alb/31b69d3d76ab5ed1,targetgroup/bodegaai-production-store-servic/736691f5beac1ff1,RequestCountPerTarget,2026-09-26T09:00:00Z,2026-09-26T10:00:00Z,83264
app/bodegaai-production-alb/31b69d3d76ab5ed1,targetgroup/bodegaai-production-store-servic/736691f5beac1ff1,RequestCountPerTarget,2026-09-26T10:00:00Z,2026-09-26T11:00:00Z,79106.5
app/bodegaai-production-alb/31b69d3d76ab5ed1,targetgroup/bodegaai-production-store-servic/736691f5beac1ff1,RequestCountPerTarget,2026-09-26T11:00:00Z,2026-09-26T12:00:00Z,82757
app/bodegaai-production-alb/31b69d3d76ab5ed1,targetgroup/bodegaai-production-store-servic/736691f5beac1ff1,RequestCountPerTarget,2026-09-26T12:00:00Z,2026-09-26T13:00:00Z,88539
app/bodegaai-production-alb/31b69d3d76ab5ed1,targetgroup/bodegaai-production-store-servic/736691f5beac1ff1,RequestCountPerTarget,2026-09-26T13:00:00Z,2026-09-26T14:00:00Z,101903.5
app/bodegaai-production-alb/31b69d3d76ab5ed1,targetgroup/bodegaai-production-store-servic/736691f5beac1ff1,RequestCountPerTarget,2026-09-26T14:00:00Z,2026-09-26T15:00:00Z,104736
app/bodegaai-production-alb/31b69d3d76ab5ed1,targetgroup/bodegaai-production-store-servic/736691f5beac1ff1,RequestCountPerTarget,2026-09-26T15:00:00Z,2026-09-26T16:00:00Z,106879
app/bodegaai-production-alb/31b69d3d76ab5ed1,targetgroup/bodegaai-production-store-servic/736691f5beac1ff1,RequestCountPerTarget,2026-09-26T16:00:00Z,2026-09-26T17:00:00Z,109363
app/bodegaai-production-alb/31b69d3d76ab5ed1,targetgroup/bodegaai-production-store-servic/736691f5beac1ff1,RequestCountPerTarget,2026-09-26T17:00:00Z,2026-09-26T18:00:00Z,106865
app/bodegaai-production-alb/31b69d3d76ab5ed1,targetgroup/bodegaai-production-store-servic/736691f5beac1ff1,RequestCountPerTarget,2026-09-26T18:00:00Z,2026-09-26T19:00:00Z,107344.5
app/bodegaai-production-alb/31b69d3d76ab5ed1,targetgroup/bodegaai-production-store-servic/736691f5beac1ff1,RequestCountPerTarget,2026-09-26T19:00:00Z,2026-09-26T20:00:00Z,106198
app/bodegaai-production-alb/31b69d3d76ab5ed1,targetgroup/bodegaai-production-store-servic/736691f5beac1ff1,RequestCountPerTarget,2026-09-26T20:00:00Z,2026-09-26T21:00:00Z,107153
app/bodegaai-production-alb/31b69d3d76ab5ed1,targetgroup/bodegaai-production-store-servic/736691f5beac1ff1,RequestCountPerTarget,2026-09-26T21:00:00Z,2026-09-26T22:00:00Z,129084.5
app/bodegaai-production-alb/31b69d3d76ab5ed1,targetgroup/bodegaai-production-store-servic/736691f5beac1ff1,RequestCountPerTarget,2026-09-26T22:00:00Z,2026-09-26T23:00:00Z,115742
