load_balancer,target_group,metric_name,period_start_utc,period_end_utc,value
es.wikipedia,,Pageviews,2026-05-01T00:00:00Z,2026-05-01T01:00:00Z,680778
es.wikipedia,,Pageviews,2026-05-01T01:00:00Z,2026-05-01T02:00:00Z,676652
es.wikipedia,,Pageviews,2026-05-01T02:00:00Z,2026-05-01T03:00:00Z,668917
es.wikipedia,,Pageviews,2026-05-01T03:00:00Z,2026-05-01T04:00:00Z,620514
es.wikipedia,,Pageviews,2026-05-01T04:00:00Z,2026-05-01T05:00:00Z,541128
es.wikipedia,,Pageviews,2026-05-01T05:00:00Z,2026-05-01T06:00:00Z,470949
es.wikipedia,,Pageviews,2026-05-01T06:00:00Z,2026-05-01T07:00:00Z,429838
es.wikipedia,,Pageviews,2026-05-01T07:00:00Z,2026-05-01T08:00:00Z,402673
es.wikipedia,,Pageviews,2026-05-01T08:00:00Z,2026-05-01T09:00:00Z,397164
es.wikipedia,,Pageviews,2026-05-01T09:00:00Z,2026-05-01T10:00:00Z,399835
es.wikipedia,,Pageviews,2026-05-01T10:00:00Z,2026-05-01T11:00:00Z,413785
es.wikipedia,,Pageviews,2026-05-01T11:00:00Z,2026-05-01T12:00:00Z,462195
es.wikipedia,,Pageviews,2026-05-01T12:00:00Z,2026-05-01T13:00:00Z,540945
es.wikipedia,,Pageviews,2026-05-01T13:00:00Z,2026-05-01T14:00:00Z,663816
es.wikipedia,,Pageviews,2026-05-01T14:00:00Z,2026-05-01T15:00:00Z,771094
es.wikipedia,,Pageviews,2026-05-01T15:00:00Z,2026-05-01T16:00:00Z,830862
es.wikipedia,,Pageviews,2026-05-01T16:00:00Z,2026-05-01T17:00:00Z,887379
es.wikipedia,,Pageviews,2026-05-01T17:00:00Z,2026-05-01T18:00:00Z,920587
es.wikipedia,,Pageviews,2026-05-01T18:00:00Z,2026-05-01T19:00:00Z,952820
es.wikipedia,,Pageviews,2026-05-01T19:00:00Z,2026-05-01T20:00:00Z,981697
es.wikipedia,,Pageviews,2026-05-01T20:00:00Z,2026-05-01T21:00:00Z,1048177
es.wikipedia,,Pageviews,2026-05-01T21:00:00Z,2026-05-01T22:00:00Z,1055732
es.wikipedia,,Pageviews,2026-05-01T22:00:00Z,2026-05-01T23:00:00Z,967765
es.wikipedia,,Pageviews,2026-05-01T23:00:00Z,2026-05-02T00:00:00Z,855779
es.wikipedia,,Pageviews,2026-05-02T00:00:00Z,2026-05-02T01:00:00Z,797082
es.wikipedia,,Pageviews,2026-05-02T01:00:00Z,2026-05-02T02:00:00Z,781340
es.wikipedia,,Pageviews,2026-05-02T02:00:00Z,2026-05-02T03:00:00Z,776715
es.wikipedia,,Pageviews,2026-05-02T03:00:00Z,2026-05-02T04:00:00Z,740867
es.wikipedia,,Pageviews,2026-05-02T04:00:00Z,2026-05-02T05:00:00Z,652655
es.wikipedia,,Pageviews,2026-05-02T05:00:00Z,2026-05-02T06:00:00Z,539125
es.wikipedia,,Pageviews,2026-05-02T06:00:00Z,2026-05-02T07:00:00Z,470862
es.wikipedia,,Pageviews,2026-05-02T07:00:00Z,2026-05-02T08:00:00Z,439365
es.wikipedia,,Pageviews,2026-05-02T08:00:00Z,2026-05-02T09:00:00Z,424993
es.wikipedia,,Pageviews,2026-05-02T09:00:00Z,2026-05-02T10:00:00Z,431992
es.wikipedia,,Pageviews,2026-05-02T10:00:00Z,2026-05-02T11:00:00Z,442074
es.wikipedia,,Pageviews,2026-05-02T11:00:00Z,2026-05-02T12:00:00Z,495962
es.wikipedia,,Pageviews,2026-05-02T12:00:00Z,2026-05-02T13:00:00Z,568496
es.wikipedia,,Pageviews,2026-05-02T13:00:00Z,2026-05-02T14:00:00Z,700786
es.wikipedia,,Pageviews,2026-05-02T14:00:00Z,2026-05-02T15:00:00Z,794966
es.wikipedia,,Pageviews,2026-05-02T15:00:00Z,2026-05-02T16:00:00Z,849816
es.wikipedia,,Pageviews,2026-05-02T16:00:00Z,2026-05-02T17:00:00Z,872325
es.wikipedia,,Pageviews,2026-05-02T17:00:00Z,2026-05-02T18:00:00Z,934374
es.wikipedia,,Pageviews,2026-05-02T18:00:00Z,2026-05-02T19:00:00Z,988510
es.wikipedia,,Pageviews,2026-05-02T19:00:00Z,2026-05-02T20:00:00Z,1020359
es.wikipedia,,Pageviews,2026-05-02T20:00:00Z,2026-05-02T21:00:00Z,1087411
es.wikipedia,,Pageviews,2026-05-02T21:00:00Z,2026-05-02T22:00:00Z,1089082
es.wikipedia,,Pageviews,2026-05-02T22:00:00Z,2026-05-02T23:00:00Z,1011237
es.wikipedia,,Pageviews,2026-05-02T23:00:00Z,2026-05-03T00:00:00Z,886237
es.wikipedia,,Pageviews,2026-05-03T00:00:00Z,2026-05-03T01:00:00Z,827638
es.wikipedia,,Pageviews,2026-05-03T01:00:00Z,2026-05-03T02:00:00Z,784002
es.wikipedia,,Pageviews,2026-05-03T02:00:00Z,2026-05-03T03:00:00Z,792645
es.wikipedia,,Pageviews,2026-05-03T03:00:00Z,2026-05-03T04:00:00Z,742778
es.wikipedia,,Pageviews,2026-05-03T04:00:00Z,2026-05-03T05:00:00Z,666899
es.wikipedia,,Pageviews,2026-05-03T05:00:00Z,2026-05-03T06:00:00Z,552315
es.wikipedia,,Pageviews,2026-05-03T06:00:00Z,2026-05-03T07:00:00Z,479973
es.wikipedia,,Pageviews,2026-05-03T07:00:00Z,2026-05-03T08:00:00Z,450626
es.wikipedia,,Pageviews,2026-05-03T08:00:00Z,2026-05-03T09:00:00Z,452879
es.wikipedia,,Pageviews,2026-05-03T09:00:00Z,2026-05-03T10:00:00Z,456620
es.wikipedia,,Pageviews,2026-05-03T10:00:00Z,2026-05-03T11:00:00Z,472930
es.wikipedia,,Pageviews,2026-05-03T11:00:00Z,2026-05-03T12:00:00Z,506638
es.wikipedia,,Pageviews,2026-05-03T12:00:00Z,2026-05-03T13:00:00Z,580569
es.wikipedia,,Pageviews,2026-05-03T13:00:00Z,2026-05-03T14:00:00Z,727858
es.wikipedia,,Pageviews,2026-05-03T14:00:00Z,2026-05-03T15:00:00Z,851502
es.wikipedia,,Pageviews,2026-05-03T15:00:00Z,2026-05-03T16:00:00Z,939159
es.wikipedia,,Pageviews,2026-05-03T16:00:00Z,2026-05-03T17:00:00Z,1005527
es.wikipedia,,Pageviews,2026-05-03T17:00:00Z,2026-05-03T18:00:00Z,1008596
es.wikipedia,,Pageviews,2026-05-03T18:00:00Z,2026-05-03T19:00:00Z,1084030
es.wikipedia,,Pageviews,2026-05-03T19:00:00Z,2026-05-03T20:00:00Z,1079450
es.wikipedia,,Pageviews,2026-05-03T20:00:00Z,2026-05-03T21:00:00Z,1148178
es.wikipedia,,Pageviews,2026-05-03T21:00:00Z,2026-05-03T22:00:00Z,1124772
es.wikipedia,,Pageviews,2026-05-03T22:00:00Z,2026-05-03T23:00:00Z,995892
es.wikipedia,,Pageviews,2026-05-03T23:00:00Z,2026-05-04T00:00:00Z,893267
es.wikipedia,,Pageviews,2026-05-04T00:00:00Z,2026-05-04T01:00:00Z,857338
es.wikipedia,,Pageviews,2026-05-04T01:00:00Z,2026-05-04T02:00:00Z,855905
es.wikipedia,,Pageviews,2026-05-04T02:00:00Z,2026-05-04T03:00:00Z,850545
es.wikipedia,,Pageviews,2026-05-04T03:00:00Z,2026-05-04T04:00:00Z,771881
es.wikipedia,,Pageviews,2026-05-04T04:00:00Z,2026-05-04T05:00:00Z,666578
es.wikipedia,,Pageviews,2026-05-04T05:00:00Z,2026-05-04T06:00:00Z,540156
es.wikipedia,,Pageviews,2026-05-04T06:00:00Z,2026-05-04T07:00:00Z,456685
es.wikipedia,,Pageviews,2026-05-04T07:00:00Z,2026-05-04T08:00:00Z,423654
es.wikipedia,,Pageviews,2026-05-04T08:00:00Z,2026-05-04T09:00:00Z,402612
es.wikipedia,,Pageviews,2026-05-04T09:00:00Z,2026-05-04T10:00:00Z,405713
es.wikipedia,,Pageviews,2026-05-04T10:00:00Z,2026-05-04T11:00:00Z,460136
es.wikipedia,,Pageviews,2026-05-04T11:00:00Z,2026-05-04T12:00:00Z,524319
es.wikipedia,,Pageviews,2026-05-04T12:00:00Z,2026-05-04T13:00:00Z,588575
es.wikipedia,,Pageviews,2026-05-04T13:00:00Z,2026-05-04T14:00:00Z,700059
es.wikipedia,,Pageviews,2026-05-04T14:00:00Z,2026-05-04T15:00:00Z,790830
es.wikipedia,,Pageviews,2026-05-04T15:00:00Z,2026-05-04T16:00:00Z,836070
es.wikipedia,,Pageviews,2026-05-04T16:00:00Z,2026-05-04T17:00:00Z,856003
es.wikipedia,,Pageviews,2026-05-04T17:00:00Z,2026-05-04T18:00:00Z,885691
es.wikipedia,,Pageviews,2026-05-04T18:00:00Z,2026-05-04T19:00:00Z,927024
es.wikipedia,,Pageviews,2026-05-04T19:00:00Z,2026-05-04T20:00:00Z,984253
es.wikipedia,,Pageviews,2026-05-04T20:00:00Z,2026-05-04T21:00:00Z,1090805
es.wikipedia,,Pageviews,2026-05-04T21:00:00Z,2026-05-04T22:00:00Z,1028984
es.wikipedia,,Pageviews,2026-05-04T22:00:00Z,2026-05-04T23:00:00Z,880634
es.wikipedia,,Pageviews,2026-05-04T23:00:00Z,2026-05-05T00:00:00Z,777553
es.wikipedia,,Pageviews,2026-05-05T00:00:00Z,2026-05-05T01:00:00Z,740295
es.wikipedia,,Pageviews,2026-05-05T01:00:00Z,2026-05-05T02:00:00Z,767962
es.wikipedia,,Pageviews,2026-05-05T02:00:00Z,2026-05-05T03:00:00Z,778670
es.wikipedia,,Pageviews,2026-05-05T03:00:00Z,2026-05-05T04:00:00Z,707602
es.wikipedia,,Pageviews,2026-05-05T04:00:00Z,2026-05-05T05:00:00Z,599740
es.wikipedia,,Pageviews,2026-05-05T05:00:00Z,2026-05-05T06:00:00Z,516698
es.wikipedia,,Pageviews,2026-05-05T06:00:00Z,2026-05-05T07:00:00Z,467625
es.wikipedia,,Pageviews,2026-05-05T07:00:00Z,2026-05-05T08:00:00Z,419068
es.wikipedia,,Pageviews,2026-05-05T08:00:00Z,2026-05-05T09:00:00Z,402653
es.wikipedia,,Pageviews,2026-05-05T09:00:00Z,2026-05-05T10:00:00Z,402553
es.wikipedia,,Pageviews,2026-05-05T10:00:00Z,2026-05-05T11:00:00Z,461711
es.wikipedia,,Pageviews,2026-05-05T11:00:00Z,2026-05-05T12:00:00Z,541528
es.wikipedia,,Pageviews,2026-05-05T12:00:00Z,2026-05-05T13:00:00Z,601172
es.wikipedia,,Pageviews,2026-05-05T13:00:00Z,2026-05-05T14:00:00Z,723643
es.wikipedia,,Pageviews,2026-05-05T14:00:00Z,2026-05-05T15:00:00Z,803490
es.wikipedia,,Pageviews,2026-05-05T15:00:00Z,2026-05-05T16:00:00Z,834462
es.wikipedia,,Pageviews,2026-05-05T16:00:00Z,2026-05-05T17:00:00Z,868595
es.wikipedia,,Pageviews,2026-05-05T17:00:00Z,2026-05-05T18:00:00Z,901468
es.wikipedia,,Pageviews,2026-05-05T18:00:00Z,2026-05-05T19:00:00Z,945496
es.wikipedia,,Pageviews,2026-05-05T19:00:00Z,2026-05-05T20:00:00Z,1025816
es.wikipedia,,Pageviews,2026-05-05T20:00:00Z,2026-05-05T21:00:00Z,1149880
es.wikipedia,,Pageviews,2026-05-05T21:00:00Z,2026-05-05T22:00:00Z,1042606
es.wikipedia,,Pageviews,2026-05-05T22:00:00Z,2026-05-05T23:00:00Z,871781
es.wikipedia,,Pageviews,2026-05-05T23:00:00Z,2026-05-06T00:00:00Z,761060
es.wikipedia,,Pageviews,2026-05-06T00:00:00Z,2026-05-06T01:00:00Z,760206
es.wikipedia,,Pageviews,2026-05-06T01:00:00Z,2026-05-06T02:00:00Z,775549
es.wikipedia,,Pageviews,2026-05-06T02:00:00Z,2026-05-06T03:00:00Z,759501
es.wikipedia,,Pageviews,2026-05-06T03:00:00Z,2026-05-06T04:00:00Z,685444
es.wikipedia,,Pageviews,2026-05-06T04:00:00Z,2026-05-06T05:00:00Z,583529
es.wikipedia,,Pageviews,2026-05-06T05:00:00Z,2026-05-06T06:00:00Z,508547
es.wikipedia,,Pageviews,2026-05-06T06:00:00Z,2026-05-06T07:00:00Z,457615
es.wikipedia,,Pageviews,2026-05-06T07:00:00Z,2026-05-06T08:00:00Z,425907
es.wikipedia,,Pageviews,2026-05-06T08:00:00Z,2026-05-06T09:00:00Z,403543
es.wikipedia,,Pageviews,2026-05-06T09:00:00Z,2026-05-06T10:00:00Z,387820
es.wikipedia,,Pageviews,2026-05-06T10:00:00Z,2026-05-06T11:00:00Z,437479
es.wikipedia,,Pageviews,2026-05-06T11:00:00Z,2026-05-06T12:00:00Z,509038
es.wikipedia,,Pageviews,2026-05-06T12:00:00Z,2026-05-06T13:00:00Z,586908
es.wikipedia,,Pageviews,2026-05-06T13:00:00Z,2026-05-06T14:00:00Z,709683
es.wikipedia,,Pageviews,2026-05-06T14:00:00Z,2026-05-06T15:00:00Z,768902
es.wikipedia,,Pageviews,2026-05-06T15:00:00Z,2026-05-06T16:00:00Z,803225
es.wikipedia,,Pageviews,2026-05-06T16:00:00Z,2026-05-06T17:00:00Z,824976
es.wikipedia,,Pageviews,2026-05-06T17:00:00Z,2026-05-06T18:00:00Z,839143
es.wikipedia,,Pageviews,2026-05-06T18:00:00Z,2026-05-06T19:00:00Z,889769
es.wikipedia,,Pageviews,2026-05-06T19:00:00Z,2026-05-06T20:00:00Z,992593
es.wikipedia,,Pageviews,2026-05-06T20:00:00Z,2026-05-06T21:00:00Z,1084003
es.wikipedia,,Pageviews,2026-05-06T21:00:00Z,2026-05-06T22:00:00Z,1023450
es.wikipedia,,Pageviews,2026-05-06T22:00:00Z,2026-05-06T23:00:00Z,845089
es.wikipedia,,Pageviews,2026-05-06T23:00:00Z,2026-05-07T00:00:00Z,732006
es.wikipedia,,Pageviews,2026-05-07T00:00:00Z,2026-05-07T01:00:00Z,716362
es.wikipedia,,Pageviews,2026-05-07T01:00:00Z,2026-05-07T02:00:00Z,723364
es.wikipedia,,Pageviews,2026-05-07T02:00:00Z,2026-05-07T03:00:00Z,734216
es.wikipedia,,Pageviews,2026-05-07T03:00:00Z,2026-05-07T04:00:00Z,653416
es.wikipedia,,Pageviews,2026-05-07T04:00:00Z,2026-05-07T05:00:00Z,555328
es.wikipedia,,Pageviews,2026-05-07T05:00:00Z,2026-05-07T06:00:00Z,474904
es.wikipedia,,Pageviews,2026-05-07T06:00:00Z,2026-05-07T07:00:00Z,430975
es.wikipedia,,Pageviews,2026-05-07T07:00:00Z,2026-05-07T08:00:00Z,413839
es.wikipedia,,Pageviews,2026-05-07T08:00:00Z,2026-05-07T09:00:00Z,396492
es.wikipedia,,Pageviews,2026-05-07T09:00:00Z,2026-05-07T10:00:00Z,384291
es.wikipedia,,Pageviews,2026-05-07T10:00:00Z,2026-05-07T11:00:00Z,435743
es.wikipedia,,Pageviews,2026-05-07T11:00:00Z,2026-05-07T12:00:00Z,510092
es.wikipedia,,Pageviews,2026-05-07T12:00:00Z,2026-05-07T13:00:00Z,580039
es.wikipedia,,Pageviews,2026-05-07T13:00:00Z,2026-05-07T14:00:00Z,691680
es.wikipedia,,Pageviews,2026-05-07T14:00:00Z,2026-05-07T15:00:00Z,782192
es.wikipedia,,Pageviews,2026-05-07T15:00:00Z,2026-05-07T16:00:00Z,796104
es.wikipedia,,Pageviews,2026-05-07T16:00:00Z,2026-05-07T17:00:00Z,825122
es.wikipedia,,Pageviews,2026-05-07T17:00:00Z,2026-05-07T18:00:00Z,843710
es.wikipedia,,Pageviews,2026-05-07T18:00:00Z,2026-05-07T19:00:00Z,868032
es.wikipedia,,Pageviews,2026-05-07T19:00:00Z,2026-05-07T20:00:00Z,917631
es.wikipedia,,Pageviews,2026-05-07T20:00:00Z,2026-05-07T21:00:00Z,1011037
es.wikipedia,,Pageviews,2026-05-07T21:00:00Z,2026-05-07T22:00:00Z,965167
es.wikipedia,,Pageviews,2026-05-07T22:00:00Z,2026-05-07T23:00:00Z,808755
es.wikipedia,,Pageviews,2026-05-07T23:00:00Z,2026-05-08T00:00:00Z,708233
es.wikipedia,,Pageviews,2026-05-08T00:00:00Z,2026-05-08T01:00:00Z,688717
es.wikipedia,,Pageviews,2026-05-08T01:00:00Z,2026-05-08T02:00:00Z,702474
es.wikipedia,,Pageviews,2026-05-08T02:00:00Z,2026-05-08T03:00:00Z,682938
es.wikipedia,,Pageviews,2026-05-08T03:00:00Z,2026-05-08T04:00:00Z,640747
es.wikipedia,,Pageviews,2026-05-08T04:00:00Z,2026-05-08T05:00:00Z,557699
es.wikipedia,,Pageviews,2026-05-08T05:00:00Z,2026-05-08T06:00:00Z,468182
es.wikipedia,,Pageviews,2026-05-08T06:00:00Z,2026-05-08T07:00:00Z,423840
es.wikipedia,,Pageviews,2026-05-08T07:00:00Z,2026-05-08T08:00:00Z,408147
es.wikipedia,,Pageviews,2026-05-08T08:00:00Z,2026-05-08T09:00:00Z,377139
es.wikipedia,,Pageviews,2026-05-08T09:00:00Z,2026-05-08T10:00:00Z,372356
es.wikipedia,,Pageviews,2026-05-08T10:00:00Z,2026-05-08T11:00:00Z,415393
es.wikipedia,,Pageviews,2026-05-08T11:00:00Z,2026-05-08T12:00:00Z,480533
es.wikipedia,,Pageviews,2026-05-08T12:00:00Z,2026-05-08T13:00:00Z,544948
es.wikipedia,,Pageviews,2026-05-08T13:00:00Z,2026-05-08T14:00:00Z,646486
es.wikipedia,,Pageviews,2026-05-08T14:00:00Z,2026-05-08T15:00:00Z,716215
es.wikipedia,,Pageviews,2026-05-08T15:00:00Z,2026-05-08T16:00:00Z,736363
es.wikipedia,,Pageviews,2026-05-08T16:00:00Z,2026-05-08T17:00:00Z,762972
es.wikipedia,,Pageviews,2026-05-08T17:00:00Z,2026-05-08T18:00:00Z,792381
es.wikipedia,,Pageviews,2026-05-08T18:00:00Z,2026-05-08T19:00:00Z,809699
es.wikipedia,,Pageviews,2026-05-08T19:00:00Z,2026-05-08T20:00:00Z,837025
es.wikipedia,,Pageviews,2026-05-08T20:00:00Z,2026-05-08T21:00:00Z,914669
es.wikipedia,,Pageviews,2026-05-08T21:00:00Z,2026-05-08T22:00:00Z,929881
es.wikipedia,,Pageviews,2026-05-08T22:00:00Z,2026-05-08T23:00:00Z,810009
es.wikipedia,,Pageviews,2026-05-08T23:00:00Z,2026-05-09T00:00:00Z,695283
es.wikipedia,,Pageviews,2026-05-09T00:00:00Z,2026-05-09T01:00:00Z,652933
es.wikipedia,,Pageviews,2026-05-09T01:00:00Z,2026-05-09T02:00:00Z,698773
es.wikipedia,,Pageviews,2026-05-09T02:00:00Z,2026-05-09T03:00:00Z,667615
es.wikipedia,,Pageviews,2026-05-09T03:00:00Z,2026-05-09T04:00:00Z,617670
es.wikipedia,,Pageviews,2026-05-09T04:00:00Z,2026-05-09T05:00:00Z,547345
es.wikipedia,,Pageviews,2026-05-09T05:00:00Z,2026-05-09T06:00:00Z,462337
es.wikipedia,,Pageviews,2026-05-09T06:00:00Z,2026-05-09T07:00:00Z,413998
es.wikipedia,,Pageviews,2026-05-09T07:00:00Z,2026-05-09T08:00:00Z,389564
es.wikipedia,,Pageviews,2026-05-09T08:00:00Z,2026-05-09T09:00:00Z,383503
es.wikipedia,,Pageviews,2026-05-09T09:00:00Z,2026-05-09T10:00:00Z,390060
es.wikipedia,,Pageviews,2026-05-09T10:00:00Z,2026-05-09T11:00:00Z,412064
es.wikipedia,,Pageviews,2026-05-09T11:00:00Z,2026-05-09T12:00:00Z,458759
es.wikipedia,,Pageviews,2026-05-09T12:00:00Z,2026-05-09T13:00:00Z,540452
es.wikipedia,,Pageviews,2026-05-09T13:00:00Z,2026-05-09T14:00:00Z,651966
es.wikipedia,,Pageviews,2026-05-09T14:00:00Z,2026-05-09T15:00:00Z,737678
es.wikipedia,,Pageviews,2026-05-09T15:00:00Z,2026-05-09T16:00:00Z,799260
es.wikipedia,,Pageviews,2026-05-09T16:00:00Z,2026-05-09T17:00:00Z,839611
es.wikipedia,,Pageviews,2026-05-09T17:00:00Z,2026-05-09T18:00:00Z,892896
es.wikipedia,,Pageviews,2026-05-09T18:00:00Z,2026-05-09T19:00:00Z,898023
es.wikipedia,,Pageviews,2026-05-09T19:00:00Z,2026-05-09T20:00:00Z,899629
es.wikipedia,,Pageviews,2026-05-09T20:00:00Z,2026-05-09T21:00:00Z,979017
es.wikipedia,,Pageviews,2026-05-09T21:00:00Z,2026-05-09T22:00:00Z,982649
es.wikipedia,,Pageviews,2026-05-09T22:00:00Z,2026-05-09T23:00:00Z,909198
es.wikipedia,,Pageviews,2026-05-09T23:00:00Z,2026-05-10T00:00:00Z,793793
es.wikipedia,,Pageviews,2026-05-10T00:00:00Z,2026-05-10T01:00:00Z,742965
es.wikipedia,,Pageviews,2026-05-10T01:00:00Z,2026-05-10T02:00:00Z,728015
es.wikipedia,,Pageviews,2026-05-10T02:00:00Z,2026-05-10T03:00:00Z,722668
es.wikipedia,,Pageviews,2026-05-10T03:00:00Z,2026-05-10T04:00:00Z,700654
es.wikipedia,,Pageviews,2026-05-10T04:00:00Z,2026-05-10T05:00:00Z,598648
es.wikipedia,,Pageviews,2026-05-10T05:00:00Z,2026-05-10T06:00:00Z,516105
es.wikipedia,,Pageviews,2026-05-10T06:00:00Z,2026-05-10T07:00:00Z,443018
es.wikipedia,,Pageviews,2026-05-10T07:00:00Z,2026-05-10T08:00:00Z,414310
es.wikipedia,,Pageviews,2026-05-10T08:00:00Z,2026-05-10T09:00:00Z,402710
es.wikipedia,,Pageviews,2026-05-10T09:00:00Z,2026-05-10T10:00:00Z,407373
es.wikipedia,,Pageviews,2026-05-10T10:00:00Z,2026-05-10T11:00:00Z,430197
es.wikipedia,,Pageviews,2026-05-10T11:00:00Z,2026-05-10T12:00:00Z,465249
es.wikipedia,,Pageviews,2026-05-10T12:00:00Z,2026-05-10T13:00:00Z,548257
es.wikipedia,,Pageviews,2026-05-10T13:00:00Z,2026-05-10T14:00:00Z,673367
es.wikipedia,,Pageviews,2026-05-10T14:00:00Z,2026-05-10T15:00:00Z,765582
es.wikipedia,,Pageviews,2026-05-10T15:00:00Z,2026-05-10T16:00:00Z,841613
es.wikipedia,,Pageviews,2026-05-10T16:00:00Z,2026-05-10T17:00:00Z,900796
es.wikipedia,,Pageviews,2026-05-10T17:00:00Z,2026-05-10T18:00:00Z,940231
es.wikipedia,,Pageviews,2026-05-10T18:00:00Z,2026-05-10T19:00:00Z,972946
es.wikipedia,,Pageviews,2026-05-10T19:00:00Z,2026-05-10T20:00:00Z,993601
es.wikipedia,,Pageviews,2026-05-10T20:00:00Z,2026-05-10T21:00:00Z,1086618
es.wikipedia,,Pageviews,2026-05-10T21:00:00Z,2026-05-10T22:00:00Z,1092071
es.wikipedia,,Pageviews,2026-05-10T22:00:00Z,2026-05-10T23:00:00Z,922322
es.wikipedia,,Pageviews,2026-05-10T23:00:00Z,2026-05-11T00:00:00Z,809225
es.wikipedia,,Pageviews,2026-05-11T00:00:00Z,2026-05-11T01:00:00Z,779873
es.wikipedia,,Pageviews,2026-05-11T01:00:00Z,2026-05-11T02:00:00Z,762863
es.wikipedia,,Pageviews,2026-05-11T02:00:00Z,2026-05-11T03:00:00Z,741044
es.wikipedia,,Pageviews,2026-05-11T03:00:00Z,2026-05-11T04:00:00Z,674747
es.wikipedia,,Pageviews,2026-05-11T04:00:00Z,2026-05-11T05:00:00Z,577956
es.wikipedia,,Pageviews,2026-05-11T05:00:00Z,2026-05-11T06:00:00Z,486292
es.wikipedia,,Pageviews,2026-05-11T06:00:00Z,2026-05-11T07:00:00Z,439036
es.wikipedia,,Pageviews,2026-05-11T07:00:00Z,2026-05-11T08:00:00Z,414041
es.wikipedia,,Pageviews,2026-05-11T08:00:00Z,2026-05-11T09:00:00Z,393574
es.wikipedia,,Pageviews,2026-05-11T09:00:00Z,2026-05-11T10:00:00Z,389311
es.wikipedia,,Pageviews,2026-05-11T10:00:00Z,2026-05-11T11:00:00Z,440232
es.wikipedia,,Pageviews,2026-05-11T11:00:00Z,2026-05-11T12:00:00Z,515671
es.wikipedia,,Pageviews,2026-05-11T12:00:00Z,2026-05-11T13:00:00Z,585763
es.wikipedia,,Pageviews,2026-05-11T13:00:00Z,2026-05-11T14:00:00Z,702788
es.wikipedia,,Pageviews,2026-05-11T14:00:00Z,2026-05-11T15:00:00Z,765062
es.wikipedia,,Pageviews,2026-05-11T15:00:00Z,2026-05-11T16:00:00Z,802745
es.wikipedia,,Pageviews,2026-05-11T16:00:00Z,2026-05-11T17:00:00Z,833253
es.wikipedia,,Pageviews,2026-05-11T17:00:00Z,2026-05-11T18:00:00Z,868959
es.wikipedia,,Pageviews,2026-05-11T18:00:00Z,2026-05-11T19:00:00Z,882312
es.wikipedia,,Pageviews,2026-05-11T19:00:00Z,2026-05-11T20:00:00Z,925322
es.wikipedia,,Pageviews,2026-05-11T20:00:00Z,2026-05-11T21:00:00Z,1000088
es.wikipedia,,Pageviews,2026-05-11T21:00:00Z,2026-05-11T22:00:00Z,955740
es.wikipedia,,Pageviews,2026-05-11T22:00:00Z,2026-05-11T23:00:00Z,829961
es.wikipedia,,Pageviews,2026-05-11T23:00:00Z,2026-05-12T00:00:00Z,747481
es.wikipedia,,Pageviews,2026-05-12T00:00:00Z,2026-05-12T01:00:00Z,731623
es.wikipedia,,Pageviews,2026-05-12T01:00:00Z,2026-05-12T02:00:00Z,745655
es.wikipedia,,Pageviews,2026-05-12T02:00:00Z,2026-05-12T03:00:00Z,728492
es.wikipedia,,Pageviews,2026-05-12T03:00:00Z,2026-05-12T04:00:00Z,652753
es.wikipedia,,Pageviews,2026-05-12T04:00:00Z,2026-05-12T05:00:00Z,552950
es.wikipedia,,Pageviews,2026-05-12T05:00:00Z,2026-05-12T06:00:00Z,470642
es.wikipedia,,Pageviews,2026-05-12T06:00:00Z,2026-05-12T07:00:00Z,426872
es.wikipedia,,Pageviews,2026-05-12T07:00:00Z,2026-05-12T08:00:00Z,411286
es.wikipedia,,Pageviews,2026-05-12T08:00:00Z,2026-05-12T09:00:00Z,394310
es.wikipedia,,Pageviews,2026-05-12T09:00:00Z,2026-05-12T10:00:00Z,390895
es.wikipedia,,Pageviews,2026-05-12T10:00:00Z,2026-05-12T11:00:00Z,438521
es.wikipedia,,Pageviews,2026-05-12T11:00:00Z,2026-05-12T12:00:00Z,512097
es.wikipedia,,Pageviews,2026-05-12T12:00:00Z,2026-05-12T13:00:00Z,582683
es.wikipedia,,Pageviews,2026-05-12T13:00:00Z,2026-05-12T14:00:00Z,705499
es.wikipedia,,Pageviews,2026-05-12T14:00:00Z,2026-05-12T15:00:00Z,779731
es.wikipedia,,Pageviews,2026-05-12T15:00:00Z,2026-05-12T16:00:00Z,796401
es.wikipedia,,Pageviews,2026-05-12T16:00:00Z,2026-05-12T17:00:00Z,853549
es.wikipedia,,Pageviews,2026-05-12T17:00:00Z,2026-05-12T18:00:00Z,889740
es.wikipedia,,Pageviews,2026-05-12T18:00:00Z,2026-05-12T19:00:00Z,903281
es.wikipedia,,Pageviews,2026-05-12T19:00:00Z,2026-05-12T20:00:00Z,949843
es.wikipedia,,Pageviews,2026-05-12T20:00:00Z,2026-05-12T21:00:00Z,1022000
es.wikipedia,,Pageviews,2026-05-12T21:00:00Z,2026-05-12T22:00:00Z,969989
es.wikipedia,,Pageviews,2026-05-12T22:00:00Z,2026-05-12T23:00:00Z,861952
es.wikipedia,,Pageviews,2026-05-12T23:00:00Z,2026-05-13T00:00:00Z,775725
es.wikipedia,,Pageviews,2026-05-13T00:00:00Z,2026-05-13T01:00:00Z,761230
es.wikipedia,,Pageviews,2026-05-13T01:00:00Z,2026-05-13T02:00:00Z,769306
es.wikipedia,,Pageviews,2026-05-13T02:00:00Z,2026-05-13T03:00:00Z,760725
es.wikipedia,,Pageviews,2026-05-13T03:00:00Z,2026-05-13T04:00:00Z,668877
es.wikipedia,,Pageviews,2026-05-13T04:00:00Z,2026-05-13T05:00:00Z,557500
es.wikipedia,,Pageviews,2026-05-13T05:00:00Z,2026-05-13T06:00:00Z,484527
es.wikipedia,,Pageviews,2026-05-13T06:00:00Z,2026-05-13T07:00:00Z,431349
es.wikipedia,,Pageviews,2026-05-13T07:00:00Z,2026-05-13T08:00:00Z,399730
es.wikipedia,,Pageviews,2026-05-13T08:00:00Z,2026-05-13T09:00:00Z,398751
es.wikipedia,,Pageviews,2026-05-13T09:00:00Z,2026-05-13T10:00:00Z,393993
es.wikipedia,,Pageviews,2026-05-13T10:00:00Z,2026-05-13T11:00:00Z,430767
es.wikipedia,,Pageviews,2026-05-13T11:00:00Z,2026-05-13T12:00:00Z,505966
es.wikipedia,,Pageviews,2026-05-13T12:00:00Z,2026-05-13T13:00:00Z,575919
es.wikipedia,,Pageviews,2026-05-13T13:00:00Z,2026-05-13T14:00:00Z,721514
es.wikipedia,,Pageviews,2026-05-13T14:00:00Z,2026-05-13T15:00:00Z,799838
es.wikipedia,,Pageviews,2026-05-13T15:00:00Z,2026-05-13T16:00:00Z,801152
es.wikipedia,,Pageviews,2026-05-13T16:00:00Z,2026-05-13T17:00:00Z,833937
es.wikipedia,,Pageviews,2026-05-13T17:00:00Z,2026-05-13T18:00:00Z,857928
es.wikipedia,,Pageviews,2026-05-13T18:00:00Z,2026-05-13T19:00:00Z,879299
es.wikipedia,,Pageviews,2026-05-13T19:00:00Z,2026-05-13T20:00:00Z,934001
es.wikipedia,,Pageviews,2026-05-13T20:00:00Z,2026-05-13T21:00:00Z,1014988
es.wikipedia,,Pageviews,2026-05-13T21:00:00Z,2026-05-13T22:00:00Z,969803
es.wikipedia,,Pageviews,2026-05-13T22:00:00Z,2026-05-13T23:00:00Z,832618
es.wikipedia,,Pageviews,2026-05-13T23:00:00Z,2026-05-14T00:00:00Z,736245
es.wikipedia,,Pageviews,2026-05-14T00:00:00Z,2026-05-14T01:00:00Z,722533
es.wikipedia,,Pageviews,2026-05-14T01:00:00Z,2026-05-14T02:00:00Z,724683
es.wikipedia,,Pageviews,2026-05-14T02:00:00Z,2026-05-14T03:00:00Z,763578
es.wikipedia,,Pageviews,2026-05-14T03:00:00Z,2026-05-14T04:00:00Z,687682
es.wikipedia,,Pageviews,2026-05-14T04:00:00Z,2026-05-14T05:00:00Z,549450
es.wikipedia,,Pageviews,2026-05-14T05:00:00Z,2026-05-14T06:00:00Z,471529
es.wikipedia,,Pageviews,2026-05-14T06:00:00Z,2026-05-14T07:00:00Z,433994
es.wikipedia,,Pageviews,2026-05-14T07:00:00Z,2026-05-14T08:00:00Z,411686
es.wikipedia,,Pageviews,2026-05-14T08:00:00Z,2026-05-14T09:00:00Z,397768
es.wikipedia,,Pageviews,2026-05-14T09:00:00Z,2026-05-14T10:00:00Z,390400
es.wikipedia,,Pageviews,2026-05-14T10:00:00Z,2026-05-14T11:00:00Z,440097
es.wikipedia,,Pageviews,2026-05-14T11:00:00Z,2026-05-14T12:00:00Z,517177
es.wikipedia,,Pageviews,2026-05-14T12:00:00Z,2026-05-14T13:00:00Z,591286
es.wikipedia,,Pageviews,2026-05-14T13:00:00Z,2026-05-14T14:00:00Z,714915
es.wikipedia,,Pageviews,2026-05-14T14:00:00Z,2026-05-14T15:00:00Z,776804
es.wikipedia,,Pageviews,2026-05-14T15:00:00Z,2026-05-14T16:00:00Z,812412
es.wikipedia,,Pageviews,2026-05-14T16:00:00Z,2026-05-14T17:00:00Z,835765
es.wikipedia,,Pageviews,2026-05-14T17:00:00Z,2026-05-14T18:00:00Z,869388
es.wikipedia,,Pageviews,2026-05-14T18:00:00Z,2026-05-14T19:00:00Z,875654
es.wikipedia,,Pageviews,2026-05-14T19:00:00Z,2026-05-14T20:00:00Z,924041
es.wikipedia,,Pageviews,2026-05-14T20:00:00Z,2026-05-14T21:00:00Z,1018082
es.wikipedia,,Pageviews,2026-05-14T21:00:00Z,2026-05-14T22:00:00Z,936529
es.wikipedia,,Pageviews,2026-05-14T22:00:00Z,2026-05-14T23:00:00Z,819153
es.wikipedia,,Pageviews,2026-05-14T23:00:00Z,2026-05-15T00:00:00Z,728370
es.wikipedia,,Pageviews,2026-05-15T00:00:00Z,2026-05-15T01:00:00Z,701072
es.wikipedia,,Pageviews,2026-05-15T01:00:00Z,2026-05-15T02:00:00Z,705203
es.wikipedia,,Pageviews,2026-05-15T02:00:00Z,2026-05-15T03:00:00Z,699156
es.wikipedia,,Pageviews,2026-05-15T03:00:00Z,2026-05-15T04:00:00Z,640200
es.wikipedia,,Pageviews,2026-05-15T04:00:00Z,2026-05-15T05:00:00Z,549870
es.wikipedia,,Pageviews,2026-05-15T05:00:00Z,2026-05-15T06:00:00Z,480197
es.wikipedia,,Pageviews,2026-05-15T06:00:00Z,2026-05-15T07:00:00Z,441821
es.wikipedia,,Pageviews,2026-05-15T07:00:00Z,2026-05-15T08:00:00Z,425028
es.wikipedia,,Pageviews,2026-05-15T08:00:00Z,2026-05-15T09:00:00Z,410543
es.wikipedia,,Pageviews,2026-05-15T09:00:00Z,2026-05-15T10:00:00Z,406282
es.wikipedia,,Pageviews,2026-05-15T10:00:00Z,2026-05-15T11:00:00Z,453024
es.wikipedia,,Pageviews,2026-05-15T11:00:00Z,2026-05-15T12:00:00Z,528923
es.wikipedia,,Pageviews,2026-05-15T12:00:00Z,2026-05-15T13:00:00Z,593359
es.wikipedia,,Pageviews,2026-05-15T13:00:00Z,2026-05-15T14:00:00Z,709738
es.wikipedia,,Pageviews,2026-05-15T14:00:00Z,2026-05-15T15:00:00Z,774800
es.wikipedia,,Pageviews,2026-05-15T15:00:00Z,2026-05-15T16:00:00Z,806286
es.wikipedia,,Pageviews,2026-05-15T16:00:00Z,2026-05-15T17:00:00Z,827603
es.wikipedia,,Pageviews,2026-05-15T17:00:00Z,2026-05-15T18:00:00Z,837648
es.wikipedia,,Pageviews,2026-05-15T18:00:00Z,2026-05-15T19:00:00Z,848143
es.wikipedia,,Pageviews,2026-05-15T19:00:00Z,2026-05-15T20:00:00Z,877909
es.wikipedia,,Pageviews,2026-05-15T20:00:00Z,2026-05-15T21:00:00Z,968451
es.wikipedia,,Pageviews,2026-05-15T21:00:00Z,2026-05-15T22:00:00Z,935971
es.wikipedia,,Pageviews,2026-05-15T22:00:00Z,2026-05-15T23:00:00Z,825652
es.wikipedia,,Pageviews,2026-05-15T23:00:00Z,2026-05-16T00:00:00Z,718710
es.wikipedia,,Pageviews,2026-05-16T00:00:00Z,2026-05-16T01:00:00Z,673375
es.wikipedia,,Pageviews,2026-05-16T01:00:00Z,2026-05-16T02:00:00Z,690781
es.wikipedia,,Pageviews,2026-05-16T02:00:00Z,2026-05-16T03:00:00Z,687855
es.wikipedia,,Pageviews,2026-05-16T03:00:00Z,2026-05-16T04:00:00Z,631050
es.wikipedia,,Pageviews,2026-05-16T04:00:00Z,2026-05-16T05:00:00Z,544477
es.wikipedia,,Pageviews,2026-05-16T05:00:00Z,2026-05-16T06:00:00Z,461031
es.wikipedia,,Pageviews,2026-05-16T06:00:00Z,2026-05-16T07:00:00Z,414458
es.wikipedia,,Pageviews,2026-05-16T07:00:00Z,2026-05-16T08:00:00Z,386594
es.wikipedia,,Pageviews,2026-05-16T08:00:00Z,2026-05-16T09:00:00Z,369276
es.wikipedia,,Pageviews,2026-05-16T09:00:00Z,2026-05-16T10:00:00Z,368245
es.wikipedia,,Pageviews,2026-05-16T10:00:00Z,2026-05-16T11:00:00Z,387543
es.wikipedia,,Pageviews,2026-05-16T11:00:00Z,2026-05-16T12:00:00Z,439455
es.wikipedia,,Pageviews,2026-05-16T12:00:00Z,2026-05-16T13:00:00Z,526130
es.wikipedia,,Pageviews,2026-05-16T13:00:00Z,2026-05-16T14:00:00Z,656476
es.wikipedia,,Pageviews,2026-05-16T14:00:00Z,2026-05-16T15:00:00Z,738194
es.wikipedia,,Pageviews,2026-05-16T15:00:00Z,2026-05-16T16:00:00Z,816918
es.wikipedia,,Pageviews,2026-05-16T16:00:00Z,2026-05-16T17:00:00Z,873701
es.wikipedia,,Pageviews,2026-05-16T17:00:00Z,2026-05-16T18:00:00Z,893635
es.wikipedia,,Pageviews,2026-05-16T18:00:00Z,2026-05-16T19:00:00Z,907763
es.wikipedia,,Pageviews,2026-05-16T19:00:00Z,2026-05-16T20:00:00Z,929939
es.wikipedia,,Pageviews,2026-05-16T20:00:00Z,2026-05-16T21:00:00Z,1008417
es.wikipedia,,Pageviews,2026-05-16T21:00:00Z,2026-05-16T22:00:00Z,1058384
es.wikipedia,,Pageviews,2026-05-16T22:00:00Z,2026-05-16T23:00:00Z,948278
es.wikipedia,,Pageviews,2026-05-16T23:00:00Z,2026-05-17T00:00:00Z,844053
es.wikipedia,,Pageviews,2026-05-17T00:00:00Z,2026-05-17T01:00:00Z,781007
es.wikipedia,,Pageviews,2026-05-17T01:00:00Z,2026-05-17T02:00:00Z,771851
es.wikipedia,,Pageviews,2026-05-17T02:00:00Z,2026-05-17T03:00:00Z,773125
es.wikipedia,,Pageviews,2026-05-17T03:00:00Z,2026-05-17T04:00:00Z,712141
es.wikipedia,,Pageviews,2026-05-17T04:00:00Z,2026-05-17T05:00:00Z,622177
es.wikipedia,,Pageviews,2026-05-17T05:00:00Z,2026-05-17T06:00:00Z,520232
es.wikipedia,,Pageviews,2026-05-17T06:00:00Z,2026-05-17T07:00:00Z,456886
es.wikipedia,,Pageviews,2026-05-17T07:00:00Z,2026-05-17T08:00:00Z,437129
es.wikipedia,,Pageviews,2026-05-17T08:00:00Z,2026-05-17T09:00:00Z,431416
es.wikipedia,,Pageviews,2026-05-17T09:00:00Z,2026-05-17T10:00:00Z,431153
es.wikipedia,,Pageviews,2026-05-17T10:00:00Z,2026-05-17T11:00:00Z,436392
es.wikipedia,,Pageviews,2026-05-17T11:00:00Z,2026-05-17T12:00:00Z,475655
es.wikipedia,,Pageviews,2026-05-17T12:00:00Z,2026-05-17T13:00:00Z,549099
es.wikipedia,,Pageviews,2026-05-17T13:00:00Z,2026-05-17T14:00:00Z,702615
es.wikipedia,,Pageviews,2026-05-17T14:00:00Z,2026-05-17T15:00:00Z,810904
es.wikipedia,,Pageviews,2026-05-17T15:00:00Z,2026-05-17T16:00:00Z,878399
es.wikipedia,,Pageviews,2026-05-17T16:00:00Z,2026-05-17T17:00:00Z,951067
es.wikipedia,,Pageviews,2026-05-17T17:00:00Z,2026-05-17T18:00:00Z,1002700
es.wikipedia,,Pageviews,2026-05-17T18:00:00Z,2026-05-17T19:00:00Z,1031903
es.wikipedia,,Pageviews,2026-05-17T19:00:00Z,2026-05-17T20:00:00Z,1135152
es.wikipedia,,Pageviews,2026-05-17T20:00:00Z,2026-05-17T21:00:00Z,1232997
es.wikipedia,,Pageviews,2026-05-17T21:00:00Z,2026-05-17T22:00:00Z,1191194
es.wikipedia,,Pageviews,2026-05-17T22:00:00Z,2026-05-17T23:00:00Z,1007684
es.wikipedia,,Pageviews,2026-05-17T23:00:00Z,2026-05-18T00:00:00Z,867107
es.wikipedia,,Pageviews,2026-05-18T00:00:00Z,2026-05-18T01:00:00Z,824662
es.wikipedia,,Pageviews,2026-05-18T01:00:00Z,2026-05-18T02:00:00Z,848424
es.wikipedia,,Pageviews,2026-05-18T02:00:00Z,2026-05-18T03:00:00Z,819729
es.wikipedia,,Pageviews,2026-05-18T03:00:00Z,2026-05-18T04:00:00Z,751325
es.wikipedia,,Pageviews,2026-05-18T04:00:00Z,2026-05-18T05:00:00Z,640074
es.wikipedia,,Pageviews,2026-05-18T05:00:00Z,2026-05-18T06:00:00Z,545382
es.wikipedia,,Pageviews,2026-05-18T06:00:00Z,2026-05-18T07:00:00Z,474966
es.wikipedia,,Pageviews,2026-05-18T07:00:00Z,2026-05-18T08:00:00Z,438672
es.wikipedia,,Pageviews,2026-05-18T08:00:00Z,2026-05-18T09:00:00Z,411078
es.wikipedia,,Pageviews,2026-05-18T09:00:00Z,2026-05-18T10:00:00Z,402885
es.wikipedia,,Pageviews,2026-05-18T10:00:00Z,2026-05-18T11:00:00Z,451380
es.wikipedia,,Pageviews,2026-05-18T11:00:00Z,2026-05-18T12:00:00Z,525126
es.wikipedia,,Pageviews,2026-05-18T12:00:00Z,2026-05-18T13:00:00Z,606443
es.wikipedia,,Pageviews,2026-05-18T13:00:00Z,2026-05-18T14:00:00Z,721771
es.wikipedia,,Pageviews,2026-05-18T14:00:00Z,2026-05-18T15:00:00Z,799591
es.wikipedia,,Pageviews,2026-05-18T15:00:00Z,2026-05-18T16:00:00Z,827940
es.wikipedia,,Pageviews,2026-05-18T16:00:00Z,2026-05-18T17:00:00Z,849348
es.wikipedia,,Pageviews,2026-05-18T17:00:00Z,2026-05-18T18:00:00Z,887072
es.wikipedia,,Pageviews,2026-05-18T18:00:00Z,2026-05-18T19:00:00Z,906398
es.wikipedia,,Pageviews,2026-05-18T19:00:00Z,2026-05-18T20:00:00Z,961269
es.wikipedia,,Pageviews,2026-05-18T20:00:00Z,2026-05-18T21:00:00Z,1036285
es.wikipedia,,Pageviews,2026-05-18T21:00:00Z,2026-05-18T22:00:00Z,998683
es.wikipedia,,Pageviews,2026-05-18T22:00:00Z,2026-05-18T23:00:00Z,874069
es.wikipedia,,Pageviews,2026-05-18T23:00:00Z,2026-05-19T00:00:00Z,782521
es.wikipedia,,Pageviews,2026-05-19T00:00:00Z,2026-05-19T01:00:00Z,743134
es.wikipedia,,Pageviews,2026-05-19T01:00:00Z,2026-05-19T02:00:00Z,763045
es.wikipedia,,Pageviews,2026-05-19T02:00:00Z,2026-05-19T03:00:00Z,758542
es.wikipedia,,Pageviews,2026-05-19T03:00:00Z,2026-05-19T04:00:00Z,675161
es.wikipedia,,Pageviews,2026-05-19T04:00:00Z,2026-05-19T05:00:00Z,592174
es.wikipedia,,Pageviews,2026-05-19T05:00:00Z,2026-05-19T06:00:00Z,495720
es.wikipedia,,Pageviews,2026-05-19T06:00:00Z,2026-05-19T07:00:00Z,453350
es.wikipedia,,Pageviews,2026-05-19T07:00:00Z,2026-05-19T08:00:00Z,435662
es.wikipedia,,Pageviews,2026-05-19T08:00:00Z,2026-05-19T09:00:00Z,403961
es.wikipedia,,Pageviews,2026-05-19T09:00:00Z,2026-05-19T10:00:00Z,407292
es.wikipedia,,Pageviews,2026-05-19T10:00:00Z,2026-05-19T11:00:00Z,456465
es.wikipedia,,Pageviews,2026-05-19T11:00:00Z,2026-05-19T12:00:00Z,521168
es.wikipedia,,Pageviews,2026-05-19T12:00:00Z,2026-05-19T13:00:00Z,604702
es.wikipedia,,Pageviews,2026-05-19T13:00:00Z,2026-05-19T14:00:00Z,720902
es.wikipedia,,Pageviews,2026-05-19T14:00:00Z,2026-05-19T15:00:00Z,783283
es.wikipedia,,Pageviews,2026-05-19T15:00:00Z,2026-05-19T16:00:00Z,819293
es.wikipedia,,Pageviews,2026-05-19T16:00:00Z,2026-05-19T17:00:00Z,837278
es.wikipedia,,Pageviews,2026-05-19T17:00:00Z,2026-05-19T18:00:00Z,863535
es.wikipedia,,Pageviews,2026-05-19T18:00:00Z,2026-05-19T19:00:00Z,890476
es.wikipedia,,Pageviews,2026-05-19T19:00:00Z,2026-05-19T20:00:00Z,929742
es.wikipedia,,Pageviews,2026-05-19T20:00:00Z,2026-05-19T21:00:00Z,1051139
es.wikipedia,,Pageviews,2026-05-19T21:00:00Z,2026-05-19T22:00:00Z,995621
es.wikipedia,,Pageviews,2026-05-19T22:00:00Z,2026-05-19T23:00:00Z,873006
es.wikipedia,,Pageviews,2026-05-19T23:00:00Z,2026-05-20T00:00:00Z,786190
es.wikipedia,,Pageviews,2026-05-20T00:00:00Z,2026-05-20T01:00:00Z,790978
es.wikipedia,,Pageviews,2026-05-20T01:00:00Z,2026-05-20T02:00:00Z,791494
es.wikipedia,,Pageviews,2026-05-20T02:00:00Z,2026-05-20T03:00:00Z,755534
es.wikipedia,,Pageviews,2026-05-20T03:00:00Z,2026-05-20T04:00:00Z,681824
es.wikipedia,,Pageviews,2026-05-20T04:00:00Z,2026-05-20T05:00:00Z,570946
es.wikipedia,,Pageviews,2026-05-20T05:00:00Z,2026-05-20T06:00:00Z,476963
es.wikipedia,,Pageviews,2026-05-20T06:00:00Z,2026-05-20T07:00:00Z,440486
es.wikipedia,,Pageviews,2026-05-20T07:00:00Z,2026-05-20T08:00:00Z,416467
es.wikipedia,,Pageviews,2026-05-20T08:00:00Z,2026-05-20T09:00:00Z,399110
es.wikipedia,,Pageviews,2026-05-20T09:00:00Z,2026-05-20T10:00:00Z,389901
es.wikipedia,,Pageviews,2026-05-20T10:00:00Z,2026-05-20T11:00:00Z,443118
es.wikipedia,,Pageviews,2026-05-20T11:00:00Z,2026-05-20T12:00:00Z,515503
es.wikipedia,,Pageviews,2026-05-20T12:00:00Z,2026-05-20T13:00:00Z,581935
es.wikipedia,,Pageviews,2026-05-20T13:00:00Z,2026-05-20T14:00:00Z,696654
es.wikipedia,,Pageviews,2026-05-20T14:00:00Z,2026-05-20T15:00:00Z,772910
es.wikipedia,,Pageviews,2026-05-20T15:00:00Z,2026-05-20T16:00:00Z,793063
es.wikipedia,,Pageviews,2026-05-20T16:00:00Z,2026-05-20T17:00:00Z,815878
es.wikipedia,,Pageviews,2026-05-20T17:00:00Z,2026-05-20T18:00:00Z,842393
es.wikipedia,,Pageviews,2026-05-20T18:00:00Z,2026-05-20T19:00:00Z,869437
es.wikipedia,,Pageviews,2026-05-20T19:00:00Z,2026-05-20T20:00:00Z,939328
es.wikipedia,,Pageviews,2026-05-20T20:00:00Z,2026-05-20T21:00:00Z,1088954
es.wikipedia,,Pageviews,2026-05-20T21:00:00Z,2026-05-20T22:00:00Z,1010248
es.wikipedia,,Pageviews,2026-05-20T22:00:00Z,2026-05-20T23:00:00Z,868186
es.wikipedia,,Pageviews,2026-05-20T23:00:00Z,2026-05-21T00:00:00Z,758298
es.wikipedia,,Pageviews,2026-05-21T00:00:00Z,2026-05-21T01:00:00Z,746477
es.wikipedia,,Pageviews,2026-05-21T01:00:00Z,2026-05-21T02:00:00Z,766604
es.wikipedia,,Pageviews,2026-05-21T02:00:00Z,2026-05-21T03:00:00Z,734164
es.wikipedia,,Pageviews,2026-05-21T03:00:00Z,2026-05-21T04:00:00Z,662416
es.wikipedia,,Pageviews,2026-05-21T04:00:00Z,2026-05-21T05:00:00Z,568227
es.wikipedia,,Pageviews,2026-05-21T05:00:00Z,2026-05-21T06:00:00Z,497613
es.wikipedia,,Pageviews,2026-05-21T06:00:00Z,2026-05-21T07:00:00Z,442843
es.wikipedia,,Pageviews,2026-05-21T07:00:00Z,2026-05-21T08:00:00Z,406334
es.wikipedia,,Pageviews,2026-05-21T08:00:00Z,2026-05-21T09:00:00Z,386676
es.wikipedia,,Pageviews,2026-05-21T09:00:00Z,2026-05-21T10:00:00Z,377199
es.wikipedia,,Pageviews,2026-05-21T10:00:00Z,2026-05-21T11:00:00Z,426472
es.wikipedia,,Pageviews,2026-05-21T11:00:00Z,2026-05-21T12:00:00Z,502866
es.wikipedia,,Pageviews,2026-05-21T12:00:00Z,2026-05-21T13:00:00Z,575272
es.wikipedia,,Pageviews,2026-05-21T13:00:00Z,2026-05-21T14:00:00Z,700938
es.wikipedia,,Pageviews,2026-05-21T14:00:00Z,2026-05-21T15:00:00Z,777161
es.wikipedia,,Pageviews,2026-05-21T15:00:00Z,2026-05-21T16:00:00Z,814288
es.wikipedia,,Pageviews,2026-05-21T16:00:00Z,2026-05-21T17:00:00Z,837245
es.wikipedia,,Pageviews,2026-05-21T17:00:00Z,2026-05-21T18:00:00Z,861937
es.wikipedia,,Pageviews,2026-05-21T18:00:00Z,2026-05-21T19:00:00Z,876436
es.wikipedia,,Pageviews,2026-05-21T19:00:00Z,2026-05-21T20:00:00Z,906879
es.wikipedia,,Pageviews,2026-05-21T20:00:00Z,2026-05-21T21:00:00Z,1024436
es.wikipedia,,Pageviews,2026-05-21T21:00:00Z,2026-05-21T22:00:00Z,971383
es.wikipedia,,Pageviews,2026-05-21T22:00:00Z,2026-05-21T23:00:00Z,872997
es.wikipedia,,Pageviews,2026-05-21T23:00:00Z,2026-05-22T00:00:00Z,790263
es.wikipedia,,Pageviews,2026-05-22T00:00:00Z,2026-05-22T01:00:00Z,772167
es.wikipedia,,Pageviews,2026-05-22T01:00:00Z,2026-05-22T02:00:00Z,773446
es.wikipedia,,Pageviews,2026-05-22T02:00:00Z,2026-05-22T03:00:00Z,777129
es.wikipedia,,Pageviews,2026-05-22T03:00:00Z,2026-05-22T04:00:00Z,705859
es.wikipedia,,Pageviews,2026-05-22T04:00:00Z,2026-05-22T05:00:00Z,603675
es.wikipedia,,Pageviews,2026-05-22T05:00:00Z,2026-05-22T06:00:00Z,518717
es.wikipedia,,Pageviews,2026-05-22T06:00:00Z,2026-05-22T07:00:00Z,468967
es.wikipedia,,Pageviews,2026-05-22T07:00:00Z,2026-05-22T08:00:00Z,437162
es.wikipedia,,Pageviews,2026-05-22T08:00:00Z,2026-05-22T09:00:00Z,414023
es.wikipedia,,Pageviews,2026-05-22T09:00:00Z,2026-05-22T10:00:00Z,433376
es.wikipedia,,Pageviews,2026-05-22T10:00:00Z,2026-05-22T11:00:00Z,458238
es.wikipedia,,Pageviews,2026-05-22T11:00:00Z,2026-05-22T12:00:00Z,510412
es.wikipedia,,Pageviews,2026-05-22T12:00:00Z,2026-05-22T13:00:00Z,553677
es.wikipedia,,Pageviews,2026-05-22T13:00:00Z,2026-05-22T14:00:00Z,661743
es.wikipedia,,Pageviews,2026-05-22T14:00:00Z,2026-05-22T15:00:00Z,736854
es.wikipedia,,Pageviews,2026-05-22T15:00:00Z,2026-05-22T16:00:00Z,781612
es.wikipedia,,Pageviews,2026-05-22T16:00:00Z,2026-05-22T17:00:00Z,798782
es.wikipedia,,Pageviews,2026-05-22T17:00:00Z,2026-05-22T18:00:00Z,817671
es.wikipedia,,Pageviews,2026-05-22T18:00:00Z,2026-05-22T19:00:00Z,829151
es.wikipedia,,Pageviews,2026-05-22T19:00:00Z,2026-05-22T20:00:00Z,848388
es.wikipedia,,Pageviews,2026-05-22T20:00:00Z,2026-05-22T21:00:00Z,944321
es.wikipedia,,Pageviews,2026-05-22T21:00:00Z,2026-05-22T22:00:00Z,935945
es.wikipedia,,Pageviews,2026-05-22T22:00:00Z,2026-05-22T23:00:00Z,860295
es.wikipedia,,Pageviews,2026-05-22T23:00:00Z,2026-05-23T00:00:00Z,746750
es.wikipedia,,Pageviews,2026-05-23T00:00:00Z,2026-05-23T01:00:00Z,821894
es.wikipedia,,Pageviews,2026-05-23T01:00:00Z,2026-05-23T02:00:00Z,782174
es.wikipedia,,Pageviews,2026-05-23T02:00:00Z,2026-05-23T03:00:00Z,720612
es.wikipedia,,Pageviews,2026-05-23T03:00:00Z,2026-05-23T04:00:00Z,670746
es.wikipedia,,Pageviews,2026-05-23T04:00:00Z,2026-05-23T05:00:00Z,568055
es.wikipedia,,Pageviews,2026-05-23T05:00:00Z,2026-05-23T06:00:00Z,496859
es.wikipedia,,Pageviews,2026-05-23T06:00:00Z,2026-05-23T07:00:00Z,429815
es.wikipedia,,Pageviews,2026-05-23T07:00:00Z,2026-05-23T08:00:00Z,396246
es.wikipedia,,Pageviews,2026-05-23T08:00:00Z,2026-05-23T09:00:00Z,379859
es.wikipedia,,Pageviews,2026-05-23T09:00:00Z,2026-05-23T10:00:00Z,379400
es.wikipedia,,Pageviews,2026-05-23T10:00:00Z,2026-05-23T11:00:00Z,379898
es.wikipedia,,Pageviews,2026-05-23T11:00:00Z,2026-05-23T12:00:00Z,431764
es.wikipedia,,Pageviews,2026-05-23T12:00:00Z,2026-05-23T13:00:00Z,513338
es.wikipedia,,Pageviews,2026-05-23T13:00:00Z,2026-05-23T14:00:00Z,635200
es.wikipedia,,Pageviews,2026-05-23T14:00:00Z,2026-05-23T15:00:00Z,730717
es.wikipedia,,Pageviews,2026-05-23T15:00:00Z,2026-05-23T16:00:00Z,797064
es.wikipedia,,Pageviews,2026-05-23T16:00:00Z,2026-05-23T17:00:00Z,834708
es.wikipedia,,Pageviews,2026-05-23T17:00:00Z,2026-05-23T18:00:00Z,897820
es.wikipedia,,Pageviews,2026-05-23T18:00:00Z,2026-05-23T19:00:00Z,912108
es.wikipedia,,Pageviews,2026-05-23T19:00:00Z,2026-05-23T20:00:00Z,897439
es.wikipedia,,Pageviews,2026-05-23T20:00:00Z,2026-05-23T21:00:00Z,940881
es.wikipedia,,Pageviews,2026-05-23T21:00:00Z,2026-05-23T22:00:00Z,991071
es.wikipedia,,Pageviews,2026-05-23T22:00:00Z,2026-05-23T23:00:00Z,919537
es.wikipedia,,Pageviews,2026-05-23T23:00:00Z,2026-05-24T00:00:00Z,821464
es.wikipedia,,Pageviews,2026-05-24T00:00:00Z,2026-05-24T01:00:00Z,777226
es.wikipedia,,Pageviews,2026-05-24T01:00:00Z,2026-05-24T02:00:00Z,775921
es.wikipedia,,Pageviews,2026-05-24T02:00:00Z,2026-05-24T03:00:00Z,772684
es.wikipedia,,Pageviews,2026-05-24T03:00:00Z,2026-05-24T04:00:00Z,717580
es.wikipedia,,Pageviews,2026-05-24T04:00:00Z,2026-05-24T05:00:00Z,629993
es.wikipedia,,Pageviews,2026-05-24T05:00:00Z,2026-05-24T06:00:00Z,525516
es.wikipedia,,Pageviews,2026-05-24T06:00:00Z,2026-05-24T07:00:00Z,464022
es.wikipedia,,Pageviews,2026-05-24T07:00:00Z,2026-05-24T08:00:00Z,422755
es.wikipedia,,Pageviews,2026-05-24T08:00:00Z,2026-05-24T09:00:00Z,404008
es.wikipedia,,Pageviews,2026-05-24T09:00:00Z,2026-05-24T10:00:00Z,403483
es.wikipedia,,Pageviews,2026-05-24T10:00:00Z,2026-05-24T11:00:00Z,416146
es.wikipedia,,Pageviews,2026-05-24T11:00:00Z,2026-05-24T12:00:00Z,453447
es.wikipedia,,Pageviews,2026-05-24T12:00:00Z,2026-05-24T13:00:00Z,529151
es.wikipedia,,Pageviews,2026-05-24T13:00:00Z,2026-05-24T14:00:00Z,671869
es.wikipedia,,Pageviews,2026-05-24T14:00:00Z,2026-05-24T15:00:00Z,781462
es.wikipedia,,Pageviews,2026-05-24T15:00:00Z,2026-05-24T16:00:00Z,866658
es.wikipedia,,Pageviews,2026-05-24T16:00:00Z,2026-05-24T17:00:00Z,938544
es.wikipedia,,Pageviews,2026-05-24T17:00:00Z,2026-05-24T18:00:00Z,1019656
es.wikipedia,,Pageviews,2026-05-24T18:00:00Z,2026-05-24T19:00:00Z,1055247
es.wikipedia,,Pageviews,2026-05-24T19:00:00Z,2026-05-24T20:00:00Z,1085903
es.wikipedia,,Pageviews,2026-05-24T20:00:00Z,2026-05-24T21:00:00Z,1198670
es.wikipedia,,Pageviews,2026-05-24T21:00:00Z,2026-05-24T22:00:00Z,1147769
es.wikipedia,,Pageviews,2026-05-24T22:00:00Z,2026-05-24T23:00:00Z,1003027
es.wikipedia,,Pageviews,2026-05-24T23:00:00Z,2026-05-25T00:00:00Z,892288
es.wikipedia,,Pageviews,2026-05-25T00:00:00Z,2026-05-25T01:00:00Z,859551
es.wikipedia,,Pageviews,2026-05-25T01:00:00Z,2026-05-25T02:00:00Z,900061
es.wikipedia,,Pageviews,2026-05-25T02:00:00Z,2026-05-25T03:00:00Z,887290
es.wikipedia,,Pageviews,2026-05-25T03:00:00Z,2026-05-25T04:00:00Z,829156
es.wikipedia,,Pageviews,2026-05-25T04:00:00Z,2026-05-25T05:00:00Z,657771
es.wikipedia,,Pageviews,2026-05-25T05:00:00Z,2026-05-25T06:00:00Z,555525
es.wikipedia,,Pageviews,2026-05-25T06:00:00Z,2026-05-25T07:00:00Z,477902
es.wikipedia,,Pageviews,2026-05-25T07:00:00Z,2026-05-25T08:00:00Z,450345
es.wikipedia,,Pageviews,2026-05-25T08:00:00Z,2026-05-25T09:00:00Z,413976
es.wikipedia,,Pageviews,2026-05-25T09:00:00Z,2026-05-25T10:00:00Z,405844
es.wikipedia,,Pageviews,2026-05-25T10:00:00Z,2026-05-25T11:00:00Z,444004
es.wikipedia,,Pageviews,2026-05-25T11:00:00Z,2026-05-25T12:00:00Z,512591
es.wikipedia,,Pageviews,2026-05-25T12:00:00Z,2026-05-25T13:00:00Z,601031
es.wikipedia,,Pageviews,2026-05-25T13:00:00Z,2026-05-25T14:00:00Z,736649
es.wikipedia,,Pageviews,2026-05-25T14:00:00Z,2026-05-25T15:00:00Z,817353
es.wikipedia,,Pageviews,2026-05-25T15:00:00Z,2026-05-25T16:00:00Z,854067
es.wikipedia,,Pageviews,2026-05-25T16:00:00Z,2026-05-25T17:00:00Z,891911
es.wikipedia,,Pageviews,2026-05-25T17:00:00Z,2026-05-25T18:00:00Z,926640
es.wikipedia,,Pageviews,2026-05-25T18:00:00Z,2026-05-25T19:00:00Z,941714
es.wikipedia,,Pageviews,2026-05-25T19:00:00Z,2026-05-25T20:00:00Z,963483
es.wikipedia,,Pageviews,2026-05-25T20:00:00Z,2026-05-25T21:00:00Z,1083850
es.wikipedia,,Pageviews,2026-05-25T21:00:00Z,2026-05-25T22:00:00Z,1020167
es.wikipedia,,Pageviews,2026-05-25T22:00:00Z,2026-05-25T23:00:00Z,898858
es.wikipedia,,Pageviews,2026-05-25T23:00:00Z,2026-05-26T00:00:00Z,807408
es.wikipedia,,Pageviews,2026-05-26T00:00:00Z,2026-05-26T01:00:00Z,782945
es.wikipedia,,Pageviews,2026-05-26T01:00:00Z,2026-05-26T02:00:00Z,776783
es.wikipedia,,Pageviews,2026-05-26T02:00:00Z,2026-05-26T03:00:00Z,764142
es.wikipedia,,Pageviews,2026-05-26T03:00:00Z,2026-05-26T04:00:00Z,684201
es.wikipedia,,Pageviews,2026-05-26T04:00:00Z,2026-05-26T05:00:00Z,575099
es.wikipedia,,Pageviews,2026-05-26T05:00:00Z,2026-05-26T06:00:00Z,492662
es.wikipedia,,Pageviews,2026-05-26T06:00:00Z,2026-05-26T07:00:00Z,431941
es.wikipedia,,Pageviews,2026-05-26T07:00:00Z,2026-05-26T08:00:00Z,397931
es.wikipedia,,Pageviews,2026-05-26T08:00:00Z,2026-05-26T09:00:00Z,376860
es.wikipedia,,Pageviews,2026-05-26T09:00:00Z,2026-05-26T10:00:00Z,383033
es.wikipedia,,Pageviews,2026-05-26T10:00:00Z,2026-05-26T11:00:00Z,429323
es.wikipedia,,Pageviews,2026-05-26T11:00:00Z,2026-05-26T12:00:00Z,500853
es.wikipedia,,Pageviews,2026-05-26T12:00:00Z,2026-05-26T13:00:00Z,575655
es.wikipedia,,Pageviews,2026-05-26T13:00:00Z,2026-05-26T14:00:00Z,704733
es.wikipedia,,Pageviews,2026-05-26T14:00:00Z,2026-05-26T15:00:00Z,780694
es.wikipedia,,Pageviews,2026-05-26T15:00:00Z,2026-05-26T16:00:00Z,803469
es.wikipedia,,Pageviews,2026-05-26T16:00:00Z,2026-05-26T17:00:00Z,821563
es.wikipedia,,Pageviews,2026-05-26T17:00:00Z,2026-05-26T18:00:00Z,850554
es.wikipedia,,Pageviews,2026-05-26T18:00:00Z,2026-05-26T19:00:00Z,876117
es.wikipedia,,Pageviews,2026-05-26T19:00:00Z,2026-05-26T20:00:00Z,896159
es.wikipedia,,Pageviews,2026-05-26T20:00:00Z,2026-05-26T21:00:00Z,981964
es.wikipedia,,Pageviews,2026-05-26T21:00:00Z,2026-05-26T22:00:00Z,957102
es.wikipedia,,Pageviews,2026-05-26T22:00:00Z,2026-05-26T23:00:00Z,848133
es.wikipedia,,Pageviews,2026-05-26T23:00:00Z,2026-05-27T00:00:00Z,747856
es.wikipedia,,Pageviews,2026-05-27T00:00:00Z,2026-05-27T01:00:00Z,741188
es.wikipedia,,Pageviews,2026-05-27T01:00:00Z,2026-05-27T02:00:00Z,738438
es.wikipedia,,Pageviews,2026-05-27T02:00:00Z,2026-05-27T03:00:00Z,726864
es.wikipedia,,Pageviews,2026-05-27T03:00:00Z,2026-05-27T04:00:00Z,658203
es.wikipedia,,Pageviews,2026-05-27T04:00:00Z,2026-05-27T05:00:00Z,556390
es.wikipedia,,Pageviews,2026-05-27T05:00:00Z,2026-05-27T06:00:00Z,470155
es.wikipedia,,Pageviews,2026-05-27T06:00:00Z,2026-05-27T07:00:00Z,420240
es.wikipedia,,Pageviews,2026-05-27T07:00:00Z,2026-05-27T08:00:00Z,389625
es.wikipedia,,Pageviews,2026-05-27T08:00:00Z,2026-05-27T09:00:00Z,370849
es.wikipedia,,Pageviews,2026-05-27T09:00:00Z,2026-05-27T10:00:00Z,373794
es.wikipedia,,Pageviews,2026-05-27T10:00:00Z,2026-05-27T11:00:00Z,424160
es.wikipedia,,Pageviews,2026-05-27T11:00:00Z,2026-05-27T12:00:00Z,493996
es.wikipedia,,Pageviews,2026-05-27T12:00:00Z,2026-05-27T13:00:00Z,569274
es.wikipedia,,Pageviews,2026-05-27T13:00:00Z,2026-05-27T14:00:00Z,682186
es.wikipedia,,Pageviews,2026-05-27T14:00:00Z,2026-05-27T15:00:00Z,754168
es.wikipedia,,Pageviews,2026-05-27T15:00:00Z,2026-05-27T16:00:00Z,790770
es.wikipedia,,Pageviews,2026-05-27T16:00:00Z,2026-05-27T17:00:00Z,814109
es.wikipedia,,Pageviews,2026-05-27T17:00:00Z,2026-05-27T18:00:00Z,831164
es.wikipedia,,Pageviews,2026-05-27T18:00:00Z,2026-05-27T19:00:00Z,865154
es.wikipedia,,Pageviews,2026-05-27T19:00:00Z,2026-05-27T20:00:00Z,1037864
es.wikipedia,,Pageviews,2026-05-27T20:00:00Z,2026-05-27T21:00:00Z,1186177
es.wikipedia,,Pageviews,2026-05-27T21:00:00Z,2026-05-27T22:00:00Z,986161
es.wikipedia,,Pageviews,2026-05-27T22:00:00Z,2026-05-27T23:00:00Z,846156
es.wikipedia,,Pageviews,2026-05-27T23:00:00Z,2026-05-28T00:00:00Z,758296
es.wikipedia,,Pageviews,2026-05-28T00:00:00Z,2026-05-28T01:00:00Z,721079
es.wikipedia,,Pageviews,2026-05-28T01:00:00Z,2026-05-28T02:00:00Z,732978
es.wikipedia,,Pageviews,2026-05-28T02:00:00Z,2026-05-28T03:00:00Z,722863
es.wikipedia,,Pageviews,2026-05-28T03:00:00Z,2026-05-28T04:00:00Z,641076
es.wikipedia,,Pageviews,2026-05-28T04:00:00Z,2026-05-28T05:00:00Z,548078
es.wikipedia,,Pageviews,2026-05-28T05:00:00Z,2026-05-28T06:00:00Z,467470
es.wikipedia,,Pageviews,2026-05-28T06:00:00Z,2026-05-28T07:00:00Z,418875
es.wikipedia,,Pageviews,2026-05-28T07:00:00Z,2026-05-28T08:00:00Z,385985
es.wikipedia,,Pageviews,2026-05-28T08:00:00Z,2026-05-28T09:00:00Z,369923
es.wikipedia,,Pageviews,2026-05-28T09:00:00Z,2026-05-28T10:00:00Z,363654
es.wikipedia,,Pageviews,2026-05-28T10:00:00Z,2026-05-28T11:00:00Z,419524
es.wikipedia,,Pageviews,2026-05-28T11:00:00Z,2026-05-28T12:00:00Z,489959
es.wikipedia,,Pageviews,2026-05-28T12:00:00Z,2026-05-28T13:00:00Z,560341
es.wikipedia,,Pageviews,2026-05-28T13:00:00Z,2026-05-28T14:00:00Z,675573
es.wikipedia,,Pageviews,2026-05-28T14:00:00Z,2026-05-28T15:00:00Z,741346
es.wikipedia,,Pageviews,2026-05-28T15:00:00Z,2026-05-28T16:00:00Z,764009
es.wikipedia,,Pageviews,2026-05-28T16:00:00Z,2026-05-28T17:00:00Z,791198
es.wikipedia,,Pageviews,2026-05-28T17:00:00Z,2026-05-28T18:00:00Z,806333
es.wikipedia,,Pageviews,2026-05-28T18:00:00Z,2026-05-28T19:00:00Z,839197
es.wikipedia,,Pageviews,2026-05-28T19:00:00Z,2026-05-28T20:00:00Z,886741
es.wikipedia,,Pageviews,2026-05-28T20:00:00Z,2026-05-28T21:00:00Z,926924
es.wikipedia,,Pageviews,2026-05-28T21:00:00Z,2026-05-28T22:00:00Z,885181
es.wikipedia,,Pageviews,2026-05-28T22:00:00Z,2026-05-28T23:00:00Z,803864
es.wikipedia,,Pageviews,2026-05-28T23:00:00Z,2026-05-29T00:00:00Z,708698
es.wikipedia,,Pageviews,2026-05-29T00:00:00Z,2026-05-29T01:00:00Z,699114
es.wikipedia,,Pageviews,2026-05-29T01:00:00Z,2026-05-29T02:00:00Z,698219
es.wikipedia,,Pageviews,2026-05-29T02:00:00Z,2026-05-29T03:00:00Z,703926
es.wikipedia,,Pageviews,2026-05-29T03:00:00Z,2026-05-29T04:00:00Z,620302
es.wikipedia,,Pageviews,2026-05-29T04:00:00Z,2026-05-29T05:00:00Z,525456
es.wikipedia,,Pageviews,2026-05-29T05:00:00Z,2026-05-29T06:00:00Z,453050
es.wikipedia,,Pageviews,2026-05-29T06:00:00Z,2026-05-29T07:00:00Z,421160
es.wikipedia,,Pageviews,2026-05-29T07:00:00Z,2026-05-29T08:00:00Z,371543
es.wikipedia,,Pageviews,2026-05-29T08:00:00Z,2026-05-29T09:00:00Z,358469
es.wikipedia,,Pageviews,2026-05-29T09:00:00Z,2026-05-29T10:00:00Z,362564
es.wikipedia,,Pageviews,2026-05-29T10:00:00Z,2026-05-29T11:00:00Z,406252
es.wikipedia,,Pageviews,2026-05-29T11:00:00Z,2026-05-29T12:00:00Z,470620
es.wikipedia,,Pageviews,2026-05-29T12:00:00Z,2026-05-29T13:00:00Z,527006
es.wikipedia,,Pageviews,2026-05-29T13:00:00Z,2026-05-29T14:00:00Z,626016
es.wikipedia,,Pageviews,2026-05-29T14:00:00Z,2026-05-29T15:00:00Z,694925
es.wikipedia,,Pageviews,2026-05-29T15:00:00Z,2026-05-29T16:00:00Z,735513
es.wikipedia,,Pageviews,2026-05-29T16:00:00Z,2026-05-29T17:00:00Z,744256
es.wikipedia,,Pageviews,2026-05-29T17:00:00Z,2026-05-29T18:00:00Z,756667
es.wikipedia,,Pageviews,2026-05-29T18:00:00Z,2026-05-29T19:00:00Z,773947
es.wikipedia,,Pageviews,2026-05-29T19:00:00Z,2026-05-29T20:00:00Z,802986
es.wikipedia,,Pageviews,2026-05-29T20:00:00Z,2026-05-29T21:00:00Z,873759
es.wikipedia,,Pageviews,2026-05-29T21:00:00Z,2026-05-29T22:00:00Z,950236
es.wikipedia,,Pageviews,2026-05-29T22:00:00Z,2026-05-29T23:00:00Z,1042040
es.wikipedia,,Pageviews,2026-05-29T23:00:00Z,2026-05-30T00:00:00Z,685294
es.wikipedia,,Pageviews,2026-05-30T00:00:00Z,2026-05-30T01:00:00Z,654067
es.wikipedia,,Pageviews,2026-05-30T01:00:00Z,2026-05-30T02:00:00Z,650592
es.wikipedia,,Pageviews,2026-05-30T02:00:00Z,2026-05-30T03:00:00Z,654574
es.wikipedia,,Pageviews,2026-05-30T03:00:00Z,2026-05-30T04:00:00Z,606819
es.wikipedia,,Pageviews,2026-05-30T04:00:00Z,2026-05-30T05:00:00Z,521760
es.wikipedia,,Pageviews,2026-05-30T05:00:00Z,2026-05-30T06:00:00Z,445721
es.wikipedia,,Pageviews,2026-05-30T06:00:00Z,2026-05-30T07:00:00Z,396370
es.wikipedia,,Pageviews,2026-05-30T07:00:00Z,2026-05-30T08:00:00Z,361376
es.wikipedia,,Pageviews,2026-05-30T08:00:00Z,2026-05-30T09:00:00Z,352055
es.wikipedia,,Pageviews,2026-05-30T09:00:00Z,2026-05-30T10:00:00Z,352288
es.wikipedia,,Pageviews,2026-05-30T10:00:00Z,2026-05-30T11:00:00Z,370029
es.wikipedia,,Pageviews,2026-05-30T11:00:00Z,2026-05-30T12:00:00Z,425788
es.wikipedia,,Pageviews,2026-05-30T12:00:00Z,2026-05-30T13:00:00Z,508059
es.wikipedia,,Pageviews,2026-05-30T13:00:00Z,2026-05-30T14:00:00Z,614066
es.wikipedia,,Pageviews,2026-05-30T14:00:00Z,2026-05-30T15:00:00Z,708193
es.wikipedia,,Pageviews,2026-05-30T15:00:00Z,2026-05-30T16:00:00Z,804100
es.wikipedia,,Pageviews,2026-05-30T16:00:00Z,2026-05-30T17:00:00Z,989318
es.wikipedia,,Pageviews,2026-05-30T17:00:00Z,2026-05-30T18:00:00Z,997193
es.wikipedia,,Pageviews,2026-05-30T18:00:00Z,2026-05-30T19:00:00Z,1016537
es.wikipedia,,Pageviews,2026-05-30T19:00:00Z,2026-05-30T20:00:00Z,992498
es.wikipedia,,Pageviews,2026-05-30T20:00:00Z,2026-05-30T21:00:00Z,910205
es.wikipedia,,Pageviews,2026-05-30T21:00:00Z,2026-05-30T22:00:00Z,920516
es.wikipedia,,Pageviews,2026-05-30T22:00:00Z,2026-05-30T23:00:00Z,860301
es.wikipedia,,Pageviews,2026-05-30T23:00:00Z,2026-05-31T00:00:00Z,773912
es.wikipedia,,Pageviews,2026-05-31T00:00:00Z,2026-05-31T01:00:00Z,740299
es.wikipedia,,Pageviews,2026-05-31T01:00:00Z,2026-05-31T02:00:00Z,744708
es.wikipedia,,Pageviews,2026-05-31T02:00:00Z,2026-05-31T03:00:00Z,746224
es.wikipedia,,Pageviews,2026-05-31T03:00:00Z,2026-05-31T04:00:00Z,733247
es.wikipedia,,Pageviews,2026-05-31T04:00:00Z,2026-05-31T05:00:00Z,636054
es.wikipedia,,Pageviews,2026-05-31T05:00:00Z,2026-05-31T06:00:00Z,500813
es.wikipedia,,Pageviews,2026-05-31T06:00:00Z,2026-05-31T07:00:00Z,440950
es.wikipedia,,Pageviews,2026-05-31T07:00:00Z,2026-05-31T08:00:00Z,405493
es.wikipedia,,Pageviews,2026-05-31T08:00:00Z,2026-05-31T09:00:00Z,393213
es.wikipedia,,Pageviews,2026-05-31T09:00:00Z,2026-05-31T10:00:00Z,398373
es.wikipedia,,Pageviews,2026-05-31T10:00:00Z,2026-05-31T11:00:00Z,423569
es.wikipedia,,Pageviews,2026-05-31T11:00:00Z,2026-05-31T12:00:00Z,464869
es.wikipedia,,Pageviews,2026-05-31T12:00:00Z,2026-05-31T13:00:00Z,538179
es.wikipedia,,Pageviews,2026-05-31T13:00:00Z,2026-05-31T14:00:00Z,684051
es.wikipedia,,Pageviews,2026-05-31T14:00:00Z,2026-05-31T15:00:00Z,780473
es.wikipedia,,Pageviews,2026-05-31T15:00:00Z,2026-05-31T16:00:00Z,869755
es.wikipedia,,Pageviews,2026-05-31T16:00:00Z,2026-05-31T17:00:00Z,930520
es.wikipedia,,Pageviews,2026-05-31T17:00:00Z,2026-05-31T18:00:00Z,981105
es.wikipedia,,Pageviews,2026-05-31T18:00:00Z,2026-05-31T19:00:00Z,991008
es.wikipedia,,Pageviews,2026-05-31T19:00:00Z,2026-05-31T20:00:00Z,1023132
es.wikipedia,,Pageviews,2026-05-31T20:00:00Z,2026-05-31T21:00:00Z,1107197
es.wikipedia,,Pageviews,2026-05-31T21:00:00Z,2026-05-31T22:00:00Z,1117296
es.wikipedia,,Pageviews,2026-05-31T22:00:00Z,2026-05-31T23:00:00Z,1186352
es.wikipedia,,Pageviews,2026-05-31T23:00:00Z,2026-06-01T00:00:00Z,956208
es.wikipedia,,Pageviews,2026-06-01T00:00:00Z,2026-06-01T01:00:00Z,870999
es.wikipedia,,Pageviews,2026-06-01T01:00:00Z,2026-06-01T02:00:00Z,840757
es.wikipedia,,Pageviews,2026-06-01T02:00:00Z,2026-06-01T03:00:00Z,794485
es.wikipedia,,Pageviews,2026-06-01T03:00:00Z,2026-06-01T04:00:00Z,719593
es.wikipedia,,Pageviews,2026-06-01T04:00:00Z,2026-06-01T05:00:00Z,605173
es.wikipedia,,Pageviews,2026-06-01T05:00:00Z,2026-06-01T06:00:00Z,515882
es.wikipedia,,Pageviews,2026-06-01T06:00:00Z,2026-06-01T07:00:00Z,452756
es.wikipedia,,Pageviews,2026-06-01T07:00:00Z,2026-06-01T08:00:00Z,409855
es.wikipedia,,Pageviews,2026-06-01T08:00:00Z,2026-06-01T09:00:00Z,382913
es.wikipedia,,Pageviews,2026-06-01T09:00:00Z,2026-06-01T10:00:00Z,386691
es.wikipedia,,Pageviews,2026-06-01T10:00:00Z,2026-06-01T11:00:00Z,440247
es.wikipedia,,Pageviews,2026-06-01T11:00:00Z,2026-06-01T12:00:00Z,506371
es.wikipedia,,Pageviews,2026-06-01T12:00:00Z,2026-06-01T13:00:00Z,579205
es.wikipedia,,Pageviews,2026-06-01T13:00:00Z,2026-06-01T14:00:00Z,693821
es.wikipedia,,Pageviews,2026-06-01T14:00:00Z,2026-06-01T15:00:00Z,768132
es.wikipedia,,Pageviews,2026-06-01T15:00:00Z,2026-06-01T16:00:00Z,795673
es.wikipedia,,Pageviews,2026-06-01T16:00:00Z,2026-06-01T17:00:00Z,805552
es.wikipedia,,Pageviews,2026-06-01T17:00:00Z,2026-06-01T18:00:00Z,835066
es.wikipedia,,Pageviews,2026-06-01T18:00:00Z,2026-06-01T19:00:00Z,853363
es.wikipedia,,Pageviews,2026-06-01T19:00:00Z,2026-06-01T20:00:00Z,886440
es.wikipedia,,Pageviews,2026-06-01T20:00:00Z,2026-06-01T21:00:00Z,985828
es.wikipedia,,Pageviews,2026-06-01T21:00:00Z,2026-06-01T22:00:00Z,923348
es.wikipedia,,Pageviews,2026-06-01T22:00:00Z,2026-06-01T23:00:00Z,807454
es.wikipedia,,Pageviews,2026-06-01T23:00:00Z,2026-06-02T00:00:00Z,765454
es.wikipedia,,Pageviews,2026-06-02T00:00:00Z,2026-06-02T01:00:00Z,739923
es.wikipedia,,Pageviews,2026-06-02T01:00:00Z,2026-06-02T02:00:00Z,730143
es.wikipedia,,Pageviews,2026-06-02T02:00:00Z,2026-06-02T03:00:00Z,703728
es.wikipedia,,Pageviews,2026-06-02T03:00:00Z,2026-06-02T04:00:00Z,634764
es.wikipedia,,Pageviews,2026-06-02T04:00:00Z,2026-06-02T05:00:00Z,539175
es.wikipedia,,Pageviews,2026-06-02T05:00:00Z,2026-06-02T06:00:00Z,460526
es.wikipedia,,Pageviews,2026-06-02T06:00:00Z,2026-06-02T07:00:00Z,407473
es.wikipedia,,Pageviews,2026-06-02T07:00:00Z,2026-06-02T08:00:00Z,384487
es.wikipedia,,Pageviews,2026-06-02T08:00:00Z,2026-06-02T09:00:00Z,363755
es.wikipedia,,Pageviews,2026-06-02T09:00:00Z,2026-06-02T10:00:00Z,364134
es.wikipedia,,Pageviews,2026-06-02T10:00:00Z,2026-06-02T11:00:00Z,415553
es.wikipedia,,Pageviews,2026-06-02T11:00:00Z,2026-06-02T12:00:00Z,483748
es.wikipedia,,Pageviews,2026-06-02T12:00:00Z,2026-06-02T13:00:00Z,563917
es.wikipedia,,Pageviews,2026-06-02T13:00:00Z,2026-06-02T14:00:00Z,672849
es.wikipedia,,Pageviews,2026-06-02T14:00:00Z,2026-06-02T15:00:00Z,746533
es.wikipedia,,Pageviews,2026-06-02T15:00:00Z,2026-06-02T16:00:00Z,777284
es.wikipedia,,Pageviews,2026-06-02T16:00:00Z,2026-06-02T17:00:00Z,791798
es.wikipedia,,Pageviews,2026-06-02T17:00:00Z,2026-06-02T18:00:00Z,824395
es.wikipedia,,Pageviews,2026-06-02T18:00:00Z,2026-06-02T19:00:00Z,853802
es.wikipedia,,Pageviews,2026-06-02T19:00:00Z,2026-06-02T20:00:00Z,885492
es.wikipedia,,Pageviews,2026-06-02T20:00:00Z,2026-06-02T21:00:00Z,967877
es.wikipedia,,Pageviews,2026-06-02T21:00:00Z,2026-06-02T22:00:00Z,941580
es.wikipedia,,Pageviews,2026-06-02T22:00:00Z,2026-06-02T23:00:00Z,824265
es.wikipedia,,Pageviews,2026-06-02T23:00:00Z,2026-06-03T00:00:00Z,721962
es.wikipedia,,Pageviews,2026-06-03T00:00:00Z,2026-06-03T01:00:00Z,705547
es.wikipedia,,Pageviews,2026-06-03T01:00:00Z,2026-06-03T02:00:00Z,740169
es.wikipedia,,Pageviews,2026-06-03T02:00:00Z,2026-06-03T03:00:00Z,718514
es.wikipedia,,Pageviews,2026-06-03T03:00:00Z,2026-06-03T04:00:00Z,645498
es.wikipedia,,Pageviews,2026-06-03T04:00:00Z,2026-06-03T05:00:00Z,548239
es.wikipedia,,Pageviews,2026-06-03T05:00:00Z,2026-06-03T06:00:00Z,465122
es.wikipedia,,Pageviews,2026-06-03T06:00:00Z,2026-06-03T07:00:00Z,410093
es.wikipedia,,Pageviews,2026-06-03T07:00:00Z,2026-06-03T08:00:00Z,388547
es.wikipedia,,Pageviews,2026-06-03T08:00:00Z,2026-06-03T09:00:00Z,365230
es.wikipedia,,Pageviews,2026-06-03T09:00:00Z,2026-06-03T10:00:00Z,357248
es.wikipedia,,Pageviews,2026-06-03T10:00:00Z,2026-06-03T11:00:00Z,417696
es.wikipedia,,Pageviews,2026-06-03T11:00:00Z,2026-06-03T12:00:00Z,485049
es.wikipedia,,Pageviews,2026-06-03T12:00:00Z,2026-06-03T13:00:00Z,551820
es.wikipedia,,Pageviews,2026-06-03T13:00:00Z,2026-06-03T14:00:00Z,669704
es.wikipedia,,Pageviews,2026-06-03T14:00:00Z,2026-06-03T15:00:00Z,739529
es.wikipedia,,Pageviews,2026-06-03T15:00:00Z,2026-06-03T16:00:00Z,767211
es.wikipedia,,Pageviews,2026-06-03T16:00:00Z,2026-06-03T17:00:00Z,784135
es.wikipedia,,Pageviews,2026-06-03T17:00:00Z,2026-06-03T18:00:00Z,806885
es.wikipedia,,Pageviews,2026-06-03T18:00:00Z,2026-06-03T19:00:00Z,830196
es.wikipedia,,Pageviews,2026-06-03T19:00:00Z,2026-06-03T20:00:00Z,869051
es.wikipedia,,Pageviews,2026-06-03T20:00:00Z,2026-06-03T21:00:00Z,1015063
es.wikipedia,,Pageviews,2026-06-03T21:00:00Z,2026-06-03T22:00:00Z,943411
es.wikipedia,,Pageviews,2026-06-03T22:00:00Z,2026-06-03T23:00:00Z,812075
es.wikipedia,,Pageviews,2026-06-03T23:00:00Z,2026-06-04T00:00:00Z,729888
es.wikipedia,,Pageviews,2026-06-04T00:00:00Z,2026-06-04T01:00:00Z,699825
es.wikipedia,,Pageviews,2026-06-04T01:00:00Z,2026-06-04T02:00:00Z,722183
es.wikipedia,,Pageviews,2026-06-04T02:00:00Z,2026-06-04T03:00:00Z,712048
es.wikipedia,,Pageviews,2026-06-04T03:00:00Z,2026-06-04T04:00:00Z,633111
es.wikipedia,,Pageviews,2026-06-04T04:00:00Z,2026-06-04T05:00:00Z,534755
es.wikipedia,,Pageviews,2026-06-04T05:00:00Z,2026-06-04T06:00:00Z,459525
es.wikipedia,,Pageviews,2026-06-04T06:00:00Z,2026-06-04T07:00:00Z,419823
es.wikipedia,,Pageviews,2026-06-04T07:00:00Z,2026-06-04T08:00:00Z,398902
es.wikipedia,,Pageviews,2026-06-04T08:00:00Z,2026-06-04T09:00:00Z,385153
es.wikipedia,,Pageviews,2026-06-04T09:00:00Z,2026-06-04T10:00:00Z,382567
es.wikipedia,,Pageviews,2026-06-04T10:00:00Z,2026-06-04T11:00:00Z,428915
es.wikipedia,,Pageviews,2026-06-04T11:00:00Z,2026-06-04T12:00:00Z,501053
es.wikipedia,,Pageviews,2026-06-04T12:00:00Z,2026-06-04T13:00:00Z,575214
es.wikipedia,,Pageviews,2026-06-04T13:00:00Z,2026-06-04T14:00:00Z,693936
es.wikipedia,,Pageviews,2026-06-04T14:00:00Z,2026-06-04T15:00:00Z,773239
es.wikipedia,,Pageviews,2026-06-04T15:00:00Z,2026-06-04T16:00:00Z,797529
es.wikipedia,,Pageviews,2026-06-04T16:00:00Z,2026-06-04T17:00:00Z,822414
es.wikipedia,,Pageviews,2026-06-04T17:00:00Z,2026-06-04T18:00:00Z,840046
es.wikipedia,,Pageviews,2026-06-04T18:00:00Z,2026-06-04T19:00:00Z,865264
es.wikipedia,,Pageviews,2026-06-04T19:00:00Z,2026-06-04T20:00:00Z,924191
es.wikipedia,,Pageviews,2026-06-04T20:00:00Z,2026-06-04T21:00:00Z,1027126
es.wikipedia,,Pageviews,2026-06-04T21:00:00Z,2026-06-04T22:00:00Z,965939
es.wikipedia,,Pageviews,2026-06-04T22:00:00Z,2026-06-04T23:00:00Z,852706
es.wikipedia,,Pageviews,2026-06-04T23:00:00Z,2026-06-05T00:00:00Z,743788
es.wikipedia,,Pageviews,2026-06-05T00:00:00Z,2026-06-05T01:00:00Z,717188
es.wikipedia,,Pageviews,2026-06-05T01:00:00Z,2026-06-05T02:00:00Z,747215
es.wikipedia,,Pageviews,2026-06-05T02:00:00Z,2026-06-05T03:00:00Z,768174
es.wikipedia,,Pageviews,2026-06-05T03:00:00Z,2026-06-05T04:00:00Z,693678
es.wikipedia,,Pageviews,2026-06-05T04:00:00Z,2026-06-05T05:00:00Z,571375
es.wikipedia,,Pageviews,2026-06-05T05:00:00Z,2026-06-05T06:00:00Z,484310
es.wikipedia,,Pageviews,2026-06-05T06:00:00Z,2026-06-05T07:00:00Z,436551
es.wikipedia,,Pageviews,2026-06-05T07:00:00Z,2026-06-05T08:00:00Z,399676
es.wikipedia,,Pageviews,2026-06-05T08:00:00Z,2026-06-05T09:00:00Z,380512
es.wikipedia,,Pageviews,2026-06-05T09:00:00Z,2026-06-05T10:00:00Z,375390
es.wikipedia,,Pageviews,2026-06-05T10:00:00Z,2026-06-05T11:00:00Z,416449
es.wikipedia,,Pageviews,2026-06-05T11:00:00Z,2026-06-05T12:00:00Z,487706
es.wikipedia,,Pageviews,2026-06-05T12:00:00Z,2026-06-05T13:00:00Z,609685
es.wikipedia,,Pageviews,2026-06-05T13:00:00Z,2026-06-05T14:00:00Z,723268
es.wikipedia,,Pageviews,2026-06-05T14:00:00Z,2026-06-05T15:00:00Z,779985
es.wikipedia,,Pageviews,2026-06-05T15:00:00Z,2026-06-05T16:00:00Z,818775
es.wikipedia,,Pageviews,2026-06-05T16:00:00Z,2026-06-05T17:00:00Z,834329
es.wikipedia,,Pageviews,2026-06-05T17:00:00Z,2026-06-05T18:00:00Z,856356
es.wikipedia,,Pageviews,2026-06-05T18:00:00Z,2026-06-05T19:00:00Z,866227
es.wikipedia,,Pageviews,2026-06-05T19:00:00Z,2026-06-05T20:00:00Z,874729
es.wikipedia,,Pageviews,2026-06-05T20:00:00Z,2026-06-05T21:00:00Z,932336
es.wikipedia,,Pageviews,2026-06-05T21:00:00Z,2026-06-05T22:00:00Z,933587
es.wikipedia,,Pageviews,2026-06-05T22:00:00Z,2026-06-05T23:00:00Z,846855
es.wikipedia,,Pageviews,2026-06-05T23:00:00Z,2026-06-06T00:00:00Z,760974
es.wikipedia,,Pageviews,2026-06-06T00:00:00Z,2026-06-06T01:00:00Z,718685
es.wikipedia,,Pageviews,2026-06-06T01:00:00Z,2026-06-06T02:00:00Z,721716
es.wikipedia,,Pageviews,2026-06-06T02:00:00Z,2026-06-06T03:00:00Z,721109
es.wikipedia,,Pageviews,2026-06-06T03:00:00Z,2026-06-06T04:00:00Z,646735
es.wikipedia,,Pageviews,2026-06-06T04:00:00Z,2026-06-06T05:00:00Z,560486
es.wikipedia,,Pageviews,2026-06-06T05:00:00Z,2026-06-06T06:00:00Z,476601
es.wikipedia,,Pageviews,2026-06-06T06:00:00Z,2026-06-06T07:00:00Z,414870
es.wikipedia,,Pageviews,2026-06-06T07:00:00Z,2026-06-06T08:00:00Z,383239
es.wikipedia,,Pageviews,2026-06-06T08:00:00Z,2026-06-06T09:00:00Z,368616
es.wikipedia,,Pageviews,2026-06-06T09:00:00Z,2026-06-06T10:00:00Z,372107
es.wikipedia,,Pageviews,2026-06-06T10:00:00Z,2026-06-06T11:00:00Z,391012
es.wikipedia,,Pageviews,2026-06-06T11:00:00Z,2026-06-06T12:00:00Z,445346
es.wikipedia,,Pageviews,2026-06-06T12:00:00Z,2026-06-06T13:00:00Z,528537
es.wikipedia,,Pageviews,2026-06-06T13:00:00Z,2026-06-06T14:00:00Z,674114
es.wikipedia,,Pageviews,2026-06-06T14:00:00Z,2026-06-06T15:00:00Z,743347
es.wikipedia,,Pageviews,2026-06-06T15:00:00Z,2026-06-06T16:00:00Z,809072
es.wikipedia,,Pageviews,2026-06-06T16:00:00Z,2026-06-06T17:00:00Z,839599
es.wikipedia,,Pageviews,2026-06-06T17:00:00Z,2026-06-06T18:00:00Z,900529
es.wikipedia,,Pageviews,2026-06-06T18:00:00Z,2026-06-06T19:00:00Z,895702
es.wikipedia,,Pageviews,2026-06-06T19:00:00Z,2026-06-06T20:00:00Z,941375
es.wikipedia,,Pageviews,2026-06-06T20:00:00Z,2026-06-06T21:00:00Z,973911
es.wikipedia,,Pageviews,2026-06-06T21:00:00Z,2026-06-06T22:00:00Z,980449
es.wikipedia,,Pageviews,2026-06-06T22:00:00Z,2026-06-06T23:00:00Z,922388
es.wikipedia,,Pageviews,2026-06-06T23:00:00Z,2026-06-07T00:00:00Z,823409
es.wikipedia,,Pageviews,2026-06-07T00:00:00Z,2026-06-07T01:00:00Z,805097
es.wikipedia,,Pageviews,2026-06-07T01:00:00Z,2026-06-07T02:00:00Z,814648
es.wikipedia,,Pageviews,2026-06-07T02:00:00Z,2026-06-07T03:00:00Z,789292
es.wikipedia,,Pageviews,2026-06-07T03:00:00Z,2026-06-07T04:00:00Z,751650
es.wikipedia,,Pageviews,2026-06-07T04:00:00Z,2026-06-07T05:00:00Z,685923
es.wikipedia,,Pageviews,2026-06-07T05:00:00Z,2026-06-07T06:00:00Z,567887
es.wikipedia,,Pageviews,2026-06-07T06:00:00Z,2026-06-07T07:00:00Z,462425
es.wikipedia,,Pageviews,2026-06-07T07:00:00Z,2026-06-07T08:00:00Z,418873
es.wikipedia,,Pageviews,2026-06-07T08:00:00Z,2026-06-07T09:00:00Z,419478
es.wikipedia,,Pageviews,2026-06-07T09:00:00Z,2026-06-07T10:00:00Z,420224
es.wikipedia,,Pageviews,2026-06-07T10:00:00Z,2026-06-07T11:00:00Z,421232
es.wikipedia,,Pageviews,2026-06-07T11:00:00Z,2026-06-07T12:00:00Z,462695
es.wikipedia,,Pageviews,2026-06-07T12:00:00Z,2026-06-07T13:00:00Z,559691
es.wikipedia,,Pageviews,2026-06-07T13:00:00Z,2026-06-07T14:00:00Z,696631
es.wikipedia,,Pageviews,2026-06-07T14:00:00Z,2026-06-07T15:00:00Z,824124
es.wikipedia,,Pageviews,2026-06-07T15:00:00Z,2026-06-07T16:00:00Z,933478
es.wikipedia,,Pageviews,2026-06-07T16:00:00Z,2026-06-07T17:00:00Z,971775
es.wikipedia,,Pageviews,2026-06-07T17:00:00Z,2026-06-07T18:00:00Z,1069740
es.wikipedia,,Pageviews,2026-06-07T18:00:00Z,2026-06-07T19:00:00Z,1104793
es.wikipedia,,Pageviews,2026-06-07T19:00:00Z,2026-06-07T20:00:00Z,1200674
es.wikipedia,,Pageviews,2026-06-07T20:00:00Z,2026-06-07T21:00:00Z,1165106
es.wikipedia,,Pageviews,2026-06-07T21:00:00Z,2026-06-07T22:00:00Z,1107095
es.wikipedia,,Pageviews,2026-06-07T22:00:00Z,2026-06-07T23:00:00Z,1039795
es.wikipedia,,Pageviews,2026-06-07T23:00:00Z,2026-06-08T00:00:00Z,922496
es.wikipedia,,Pageviews,2026-06-08T00:00:00Z,2026-06-08T01:00:00Z,906056
es.wikipedia,,Pageviews,2026-06-08T01:00:00Z,2026-06-08T02:00:00Z,888060
es.wikipedia,,Pageviews,2026-06-08T02:00:00Z,2026-06-08T03:00:00Z,879505
es.wikipedia,,Pageviews,2026-06-08T03:00:00Z,2026-06-08T04:00:00Z,780130
es.wikipedia,,Pageviews,2026-06-08T04:00:00Z,2026-06-08T05:00:00Z,676455
es.wikipedia,,Pageviews,2026-06-08T05:00:00Z,2026-06-08T06:00:00Z,572433
es.wikipedia,,Pageviews,2026-06-08T06:00:00Z,2026-06-08T07:00:00Z,493022
es.wikipedia,,Pageviews,2026-06-08T07:00:00Z,2026-06-08T08:00:00Z,439043
es.wikipedia,,Pageviews,2026-06-08T08:00:00Z,2026-06-08T09:00:00Z,417939
es.wikipedia,,Pageviews,2026-06-08T09:00:00Z,2026-06-08T10:00:00Z,416542
es.wikipedia,,Pageviews,2026-06-08T10:00:00Z,2026-06-08T11:00:00Z,474610
es.wikipedia,,Pageviews,2026-06-08T11:00:00Z,2026-06-08T12:00:00Z,548306
es.wikipedia,,Pageviews,2026-06-08T12:00:00Z,2026-06-08T13:00:00Z,625374
es.wikipedia,,Pageviews,2026-06-08T13:00:00Z,2026-06-08T14:00:00Z,742603
es.wikipedia,,Pageviews,2026-06-08T14:00:00Z,2026-06-08T15:00:00Z,819527
es.wikipedia,,Pageviews,2026-06-08T15:00:00Z,2026-06-08T16:00:00Z,854063
es.wikipedia,,Pageviews,2026-06-08T16:00:00Z,2026-06-08T17:00:00Z,909398
es.wikipedia,,Pageviews,2026-06-08T17:00:00Z,2026-06-08T18:00:00Z,934744
es.wikipedia,,Pageviews,2026-06-08T18:00:00Z,2026-06-08T19:00:00Z,1028776
es.wikipedia,,Pageviews,2026-06-08T19:00:00Z,2026-06-08T20:00:00Z,1093485
es.wikipedia,,Pageviews,2026-06-08T20:00:00Z,2026-06-08T21:00:00Z,1219117
es.wikipedia,,Pageviews,2026-06-08T21:00:00Z,2026-06-08T22:00:00Z,1136624
es.wikipedia,,Pageviews,2026-06-08T22:00:00Z,2026-06-08T23:00:00Z,1038801
es.wikipedia,,Pageviews,2026-06-08T23:00:00Z,2026-06-09T00:00:00Z,935102
es.wikipedia,,Pageviews,2026-06-09T00:00:00Z,2026-06-09T01:00:00Z,920438
es.wikipedia,,Pageviews,2026-06-09T01:00:00Z,2026-06-09T02:00:00Z,851391
es.wikipedia,,Pageviews,2026-06-09T02:00:00Z,2026-06-09T03:00:00Z,927951
es.wikipedia,,Pageviews,2026-06-09T03:00:00Z,2026-06-09T04:00:00Z,838362
es.wikipedia,,Pageviews,2026-06-09T04:00:00Z,2026-06-09T05:00:00Z,716175
es.wikipedia,,Pageviews,2026-06-09T05:00:00Z,2026-06-09T06:00:00Z,629021
es.wikipedia,,Pageviews,2026-06-09T06:00:00Z,2026-06-09T07:00:00Z,567712
es.wikipedia,,Pageviews,2026-06-09T07:00:00Z,2026-06-09T08:00:00Z,521928
es.wikipedia,,Pageviews,2026-06-09T08:00:00Z,2026-06-09T09:00:00Z,497232
es.wikipedia,,Pageviews,2026-06-09T09:00:00Z,2026-06-09T10:00:00Z,459061
es.wikipedia,,Pageviews,2026-06-09T10:00:00Z,2026-06-09T11:00:00Z,502918
es.wikipedia,,Pageviews,2026-06-09T11:00:00Z,2026-06-09T12:00:00Z,537158
es.wikipedia,,Pageviews,2026-06-09T12:00:00Z,2026-06-09T13:00:00Z,622875
es.wikipedia,,Pageviews,2026-06-09T13:00:00Z,2026-06-09T14:00:00Z,731301
es.wikipedia,,Pageviews,2026-06-09T14:00:00Z,2026-06-09T15:00:00Z,789173
es.wikipedia,,Pageviews,2026-06-09T15:00:00Z,2026-06-09T16:00:00Z,808288
es.wikipedia,,Pageviews,2026-06-09T16:00:00Z,2026-06-09T17:00:00Z,838463
es.wikipedia,,Pageviews,2026-06-09T17:00:00Z,2026-06-09T18:00:00Z,855963
es.wikipedia,,Pageviews,2026-06-09T18:00:00Z,2026-06-09T19:00:00Z,885966
es.wikipedia,,Pageviews,2026-06-09T19:00:00Z,2026-06-09T20:00:00Z,923930
es.wikipedia,,Pageviews,2026-06-09T20:00:00Z,2026-06-09T21:00:00Z,1003087
es.wikipedia,,Pageviews,2026-06-09T21:00:00Z,2026-06-09T22:00:00Z,963049
es.wikipedia,,Pageviews,2026-06-09T22:00:00Z,2026-06-09T23:00:00Z,859214
es.wikipedia,,Pageviews,2026-06-09T23:00:00Z,2026-06-10T00:00:00Z,766749
es.wikipedia,,Pageviews,2026-06-10T00:00:00Z,2026-06-10T01:00:00Z,748460
es.wikipedia,,Pageviews,2026-06-10T01:00:00Z,2026-06-10T02:00:00Z,840072
es.wikipedia,,Pageviews,2026-06-10T02:00:00Z,2026-06-10T03:00:00Z,780090
es.wikipedia,,Pageviews,2026-06-10T03:00:00Z,2026-06-10T04:00:00Z,697287
es.wikipedia,,Pageviews,2026-06-10T04:00:00Z,2026-06-10T05:00:00Z,574787
es.wikipedia,,Pageviews,2026-06-10T05:00:00Z,2026-06-10T06:00:00Z,484903
es.wikipedia,,Pageviews,2026-06-10T06:00:00Z,2026-06-10T07:00:00Z,431128
es.wikipedia,,Pageviews,2026-06-10T07:00:00Z,2026-06-10T08:00:00Z,404049
es.wikipedia,,Pageviews,2026-06-10T08:00:00Z,2026-06-10T09:00:00Z,380138
es.wikipedia,,Pageviews,2026-06-10T09:00:00Z,2026-06-10T10:00:00Z,389899
es.wikipedia,,Pageviews,2026-06-10T10:00:00Z,2026-06-10T11:00:00Z,435888
es.wikipedia,,Pageviews,2026-06-10T11:00:00Z,2026-06-10T12:00:00Z,502516
es.wikipedia,,Pageviews,2026-06-10T12:00:00Z,2026-06-10T13:00:00Z,582997
es.wikipedia,,Pageviews,2026-06-10T13:00:00Z,2026-06-10T14:00:00Z,733063
es.wikipedia,,Pageviews,2026-06-10T14:00:00Z,2026-06-10T15:00:00Z,809294
es.wikipedia,,Pageviews,2026-06-10T15:00:00Z,2026-06-10T16:00:00Z,792239
es.wikipedia,,Pageviews,2026-06-10T16:00:00Z,2026-06-10T17:00:00Z,820789
es.wikipedia,,Pageviews,2026-06-10T17:00:00Z,2026-06-10T18:00:00Z,844645
es.wikipedia,,Pageviews,2026-06-10T18:00:00Z,2026-06-10T19:00:00Z,883771
es.wikipedia,,Pageviews,2026-06-10T19:00:00Z,2026-06-10T20:00:00Z,932084
es.wikipedia,,Pageviews,2026-06-10T20:00:00Z,2026-06-10T21:00:00Z,994852
es.wikipedia,,Pageviews,2026-06-10T21:00:00Z,2026-06-10T22:00:00Z,972790
es.wikipedia,,Pageviews,2026-06-10T22:00:00Z,2026-06-10T23:00:00Z,849017
es.wikipedia,,Pageviews,2026-06-10T23:00:00Z,2026-06-11T00:00:00Z,751407
es.wikipedia,,Pageviews,2026-06-11T00:00:00Z,2026-06-11T01:00:00Z,718809
es.wikipedia,,Pageviews,2026-06-11T01:00:00Z,2026-06-11T02:00:00Z,730479
es.wikipedia,,Pageviews,2026-06-11T02:00:00Z,2026-06-11T03:00:00Z,715674
es.wikipedia,,Pageviews,2026-06-11T03:00:00Z,2026-06-11T04:00:00Z,655438
es.wikipedia,,Pageviews,2026-06-11T04:00:00Z,2026-06-11T05:00:00Z,682001
es.wikipedia,,Pageviews,2026-06-11T05:00:00Z,2026-06-11T06:00:00Z,500949
es.wikipedia,,Pageviews,2026-06-11T06:00:00Z,2026-06-11T07:00:00Z,437968
es.wikipedia,,Pageviews,2026-06-11T07:00:00Z,2026-06-11T08:00:00Z,399236
es.wikipedia,,Pageviews,2026-06-11T08:00:00Z,2026-06-11T09:00:00Z,377567
es.wikipedia,,Pageviews,2026-06-11T09:00:00Z,2026-06-11T10:00:00Z,412625
es.wikipedia,,Pageviews,2026-06-11T10:00:00Z,2026-06-11T11:00:00Z,425078
es.wikipedia,,Pageviews,2026-06-11T11:00:00Z,2026-06-11T12:00:00Z,501538
es.wikipedia,,Pageviews,2026-06-11T12:00:00Z,2026-06-11T13:00:00Z,585735
es.wikipedia,,Pageviews,2026-06-11T13:00:00Z,2026-06-11T14:00:00Z,713906
es.wikipedia,,Pageviews,2026-06-11T14:00:00Z,2026-06-11T15:00:00Z,781693
es.wikipedia,,Pageviews,2026-06-11T15:00:00Z,2026-06-11T16:00:00Z,1013638
es.wikipedia,,Pageviews,2026-06-11T16:00:00Z,2026-06-11T17:00:00Z,812925
es.wikipedia,,Pageviews,2026-06-11T17:00:00Z,2026-06-11T18:00:00Z,885260
es.wikipedia,,Pageviews,2026-06-11T18:00:00Z,2026-06-11T19:00:00Z,1095948
es.wikipedia,,Pageviews,2026-06-11T19:00:00Z,2026-06-11T20:00:00Z,1363309
es.wikipedia,,Pageviews,2026-06-11T20:00:00Z,2026-06-11T21:00:00Z,1287927
es.wikipedia,,Pageviews,2026-06-11T21:00:00Z,2026-06-11T22:00:00Z,1088451
es.wikipedia,,Pageviews,2026-06-11T22:00:00Z,2026-06-11T23:00:00Z,902957
es.wikipedia,,Pageviews,2026-06-11T23:00:00Z,2026-06-12T00:00:00Z,808339
es.wikipedia,,Pageviews,2026-06-12T00:00:00Z,2026-06-12T01:00:00Z,785024
es.wikipedia,,Pageviews,2026-06-12T01:00:00Z,2026-06-12T02:00:00Z,801314
es.wikipedia,,Pageviews,2026-06-12T02:00:00Z,2026-06-12T03:00:00Z,839966
es.wikipedia,,Pageviews,2026-06-12T03:00:00Z,2026-06-12T04:00:00Z,738998
es.wikipedia,,Pageviews,2026-06-12T04:00:00Z,2026-06-12T05:00:00Z,613558
es.wikipedia,,Pageviews,2026-06-12T05:00:00Z,2026-06-12T06:00:00Z,511420
es.wikipedia,,Pageviews,2026-06-12T06:00:00Z,2026-06-12T07:00:00Z,444796
es.wikipedia,,Pageviews,2026-06-12T07:00:00Z,2026-06-12T08:00:00Z,404341
es.wikipedia,,Pageviews,2026-06-12T08:00:00Z,2026-06-12T09:00:00Z,379676
es.wikipedia,,Pageviews,2026-06-12T09:00:00Z,2026-06-12T10:00:00Z,376770
es.wikipedia,,Pageviews,2026-06-12T10:00:00Z,2026-06-12T11:00:00Z,417628
es.wikipedia,,Pageviews,2026-06-12T11:00:00Z,2026-06-12T12:00:00Z,486780
es.wikipedia,,Pageviews,2026-06-12T12:00:00Z,2026-06-12T13:00:00Z,644654
es.wikipedia,,Pageviews,2026-06-12T13:00:00Z,2026-06-12T14:00:00Z,683447
es.wikipedia,,Pageviews,2026-06-12T14:00:00Z,2026-06-12T15:00:00Z,767966
es.wikipedia,,Pageviews,2026-06-12T15:00:00Z,2026-06-12T16:00:00Z,792229
es.wikipedia,,Pageviews,2026-06-12T16:00:00Z,2026-06-12T17:00:00Z,816384
es.wikipedia,,Pageviews,2026-06-12T17:00:00Z,2026-06-12T18:00:00Z,849676
es.wikipedia,,Pageviews,2026-06-12T18:00:00Z,2026-06-12T19:00:00Z,896913
es.wikipedia,,Pageviews,2026-06-12T19:00:00Z,2026-06-12T20:00:00Z,990908
es.wikipedia,,Pageviews,2026-06-12T20:00:00Z,2026-06-12T21:00:00Z,1012809
es.wikipedia,,Pageviews,2026-06-12T21:00:00Z,2026-06-12T22:00:00Z,957275
es.wikipedia,,Pageviews,2026-06-12T22:00:00Z,2026-06-12T23:00:00Z,859141
es.wikipedia,,Pageviews,2026-06-12T23:00:00Z,2026-06-13T00:00:00Z,769821
es.wikipedia,,Pageviews,2026-06-13T00:00:00Z,2026-06-13T01:00:00Z,781586
es.wikipedia,,Pageviews,2026-06-13T01:00:00Z,2026-06-13T02:00:00Z,987183
es.wikipedia,,Pageviews,2026-06-13T02:00:00Z,2026-06-13T03:00:00Z,891156
es.wikipedia,,Pageviews,2026-06-13T03:00:00Z,2026-06-13T04:00:00Z,766576
es.wikipedia,,Pageviews,2026-06-13T04:00:00Z,2026-06-13T05:00:00Z,602270
es.wikipedia,,Pageviews,2026-06-13T05:00:00Z,2026-06-13T06:00:00Z,516874
es.wikipedia,,Pageviews,2026-06-13T06:00:00Z,2026-06-13T07:00:00Z,445300
es.wikipedia,,Pageviews,2026-06-13T07:00:00Z,2026-06-13T08:00:00Z,398807
es.wikipedia,,Pageviews,2026-06-13T08:00:00Z,2026-06-13T09:00:00Z,378608
es.wikipedia,,Pageviews,2026-06-13T09:00:00Z,2026-06-13T10:00:00Z,374558
es.wikipedia,,Pageviews,2026-06-13T10:00:00Z,2026-06-13T11:00:00Z,407215
es.wikipedia,,Pageviews,2026-06-13T11:00:00Z,2026-06-13T12:00:00Z,460619
es.wikipedia,,Pageviews,2026-06-13T12:00:00Z,2026-06-13T13:00:00Z,551214
es.wikipedia,,Pageviews,2026-06-13T13:00:00Z,2026-06-13T14:00:00Z,675726
es.wikipedia,,Pageviews,2026-06-13T14:00:00Z,2026-06-13T15:00:00Z,755254
es.wikipedia,,Pageviews,2026-06-13T15:00:00Z,2026-06-13T16:00:00Z,820944
es.wikipedia,,Pageviews,2026-06-13T16:00:00Z,2026-06-13T17:00:00Z,851213
es.wikipedia,,Pageviews,2026-06-13T17:00:00Z,2026-06-13T18:00:00Z,861794
es.wikipedia,,Pageviews,2026-06-13T18:00:00Z,2026-06-13T19:00:00Z,869983
es.wikipedia,,Pageviews,2026-06-13T19:00:00Z,2026-06-13T20:00:00Z,958358
es.wikipedia,,Pageviews,2026-06-13T20:00:00Z,2026-06-13T21:00:00Z,975054
es.wikipedia,,Pageviews,2026-06-13T21:00:00Z,2026-06-13T22:00:00Z,1013512
es.wikipedia,,Pageviews,2026-06-13T22:00:00Z,2026-06-13T23:00:00Z,1164331
es.wikipedia,,Pageviews,2026-06-13T23:00:00Z,2026-06-14T00:00:00Z,1024542
es.wikipedia,,Pageviews,2026-06-14T00:00:00Z,2026-06-14T01:00:00Z,846674
es.wikipedia,,Pageviews,2026-06-14T01:00:00Z,2026-06-14T02:00:00Z,850033
es.wikipedia,,Pageviews,2026-06-14T02:00:00Z,2026-06-14T03:00:00Z,816759
es.wikipedia,,Pageviews,2026-06-14T03:00:00Z,2026-06-14T04:00:00Z,788356
es.wikipedia,,Pageviews,2026-06-14T04:00:00Z,2026-06-14T05:00:00Z,686977
es.wikipedia,,Pageviews,2026-06-14T05:00:00Z,2026-06-14T06:00:00Z,577982
es.wikipedia,,Pageviews,2026-06-14T06:00:00Z,2026-06-14T07:00:00Z,513889
es.wikipedia,,Pageviews,2026-06-14T07:00:00Z,2026-06-14T08:00:00Z,441765
es.wikipedia,,Pageviews,2026-06-14T08:00:00Z,2026-06-14T09:00:00Z,427099
es.wikipedia,,Pageviews,2026-06-14T09:00:00Z,2026-06-14T10:00:00Z,426275
es.wikipedia,,Pageviews,2026-06-14T10:00:00Z,2026-06-14T11:00:00Z,432146
es.wikipedia,,Pageviews,2026-06-14T11:00:00Z,2026-06-14T12:00:00Z,475709
es.wikipedia,,Pageviews,2026-06-14T12:00:00Z,2026-06-14T13:00:00Z,564451
es.wikipedia,,Pageviews,2026-06-14T13:00:00Z,2026-06-14T14:00:00Z,683180
es.wikipedia,,Pageviews,2026-06-14T14:00:00Z,2026-06-14T15:00:00Z,811122
es.wikipedia,,Pageviews,2026-06-14T15:00:00Z,2026-06-14T16:00:00Z,899289
es.wikipedia,,Pageviews,2026-06-14T16:00:00Z,2026-06-14T17:00:00Z,1039025
es.wikipedia,,Pageviews,2026-06-14T17:00:00Z,2026-06-14T18:00:00Z,1330145
es.wikipedia,,Pageviews,2026-06-14T18:00:00Z,2026-06-14T19:00:00Z,1282292
es.wikipedia,,Pageviews,2026-06-14T19:00:00Z,2026-06-14T20:00:00Z,1236484
es.wikipedia,,Pageviews,2026-06-14T20:00:00Z,2026-06-14T21:00:00Z,1538535
es.wikipedia,,Pageviews,2026-06-14T21:00:00Z,2026-06-14T22:00:00Z,1437835
es.wikipedia,,Pageviews,2026-06-14T22:00:00Z,2026-06-14T23:00:00Z,1141291
es.wikipedia,,Pageviews,2026-06-14T23:00:00Z,2026-06-15T00:00:00Z,1076667
es.wikipedia,,Pageviews,2026-06-15T00:00:00Z,2026-06-15T01:00:00Z,999362
es.wikipedia,,Pageviews,2026-06-15T01:00:00Z,2026-06-15T02:00:00Z,933024
es.wikipedia,,Pageviews,2026-06-15T02:00:00Z,2026-06-15T03:00:00Z,997491
es.wikipedia,,Pageviews,2026-06-15T03:00:00Z,2026-06-15T04:00:00Z,859047
es.wikipedia,,Pageviews,2026-06-15T04:00:00Z,2026-06-15T05:00:00Z,730953
es.wikipedia,,Pageviews,2026-06-15T05:00:00Z,2026-06-15T06:00:00Z,622919
es.wikipedia,,Pageviews,2026-06-15T06:00:00Z,2026-06-15T07:00:00Z,514931
es.wikipedia,,Pageviews,2026-06-15T07:00:00Z,2026-06-15T08:00:00Z,461641
es.wikipedia,,Pageviews,2026-06-15T08:00:00Z,2026-06-15T09:00:00Z,412846
es.wikipedia,,Pageviews,2026-06-15T09:00:00Z,2026-06-15T10:00:00Z,415140
es.wikipedia,,Pageviews,2026-06-15T10:00:00Z,2026-06-15T11:00:00Z,432775
es.wikipedia,,Pageviews,2026-06-15T11:00:00Z,2026-06-15T12:00:00Z,492657
es.wikipedia,,Pageviews,2026-06-15T12:00:00Z,2026-06-15T13:00:00Z,594726
es.wikipedia,,Pageviews,2026-06-15T13:00:00Z,2026-06-15T14:00:00Z,727305
es.wikipedia,,Pageviews,2026-06-15T14:00:00Z,2026-06-15T15:00:00Z,822307
es.wikipedia,,Pageviews,2026-06-15T15:00:00Z,2026-06-15T16:00:00Z,939442
es.wikipedia,,Pageviews,2026-06-15T16:00:00Z,2026-06-15T17:00:00Z,1229318
es.wikipedia,,Pageviews,2026-06-15T17:00:00Z,2026-06-15T18:00:00Z,1256442
es.wikipedia,,Pageviews,2026-06-15T18:00:00Z,2026-06-15T19:00:00Z,1110784
es.wikipedia,,Pageviews,2026-06-15T19:00:00Z,2026-06-15T20:00:00Z,1039291
es.wikipedia,,Pageviews,2026-06-15T20:00:00Z,2026-06-15T21:00:00Z,1136580
es.wikipedia,,Pageviews,2026-06-15T21:00:00Z,2026-06-15T22:00:00Z,1054652
es.wikipedia,,Pageviews,2026-06-15T22:00:00Z,2026-06-15T23:00:00Z,996514
es.wikipedia,,Pageviews,2026-06-15T23:00:00Z,2026-06-16T00:00:00Z,887013
es.wikipedia,,Pageviews,2026-06-16T00:00:00Z,2026-06-16T01:00:00Z,841908
es.wikipedia,,Pageviews,2026-06-16T01:00:00Z,2026-06-16T02:00:00Z,848106
es.wikipedia,,Pageviews,2026-06-16T02:00:00Z,2026-06-16T03:00:00Z,816316
es.wikipedia,,Pageviews,2026-06-16T03:00:00Z,2026-06-16T04:00:00Z,718416
es.wikipedia,,Pageviews,2026-06-16T04:00:00Z,2026-06-16T05:00:00Z,614027
es.wikipedia,,Pageviews,2026-06-16T05:00:00Z,2026-06-16T06:00:00Z,510769
es.wikipedia,,Pageviews,2026-06-16T06:00:00Z,2026-06-16T07:00:00Z,436083
es.wikipedia,,Pageviews,2026-06-16T07:00:00Z,2026-06-16T08:00:00Z,400244
es.wikipedia,,Pageviews,2026-06-16T08:00:00Z,2026-06-16T09:00:00Z,390362
es.wikipedia,,Pageviews,2026-06-16T09:00:00Z,2026-06-16T10:00:00Z,386426
es.wikipedia,,Pageviews,2026-06-16T10:00:00Z,2026-06-16T11:00:00Z,426146
es.wikipedia,,Pageviews,2026-06-16T11:00:00Z,2026-06-16T12:00:00Z,508013
es.wikipedia,,Pageviews,2026-06-16T12:00:00Z,2026-06-16T13:00:00Z,588985
es.wikipedia,,Pageviews,2026-06-16T13:00:00Z,2026-06-16T14:00:00Z,696754
es.wikipedia,,Pageviews,2026-06-16T14:00:00Z,2026-06-16T15:00:00Z,781276
es.wikipedia,,Pageviews,2026-06-16T15:00:00Z,2026-06-16T16:00:00Z,808150
es.wikipedia,,Pageviews,2026-06-16T16:00:00Z,2026-06-16T17:00:00Z,835855
es.wikipedia,,Pageviews,2026-06-16T17:00:00Z,2026-06-16T18:00:00Z,865871
es.wikipedia,,Pageviews,2026-06-16T18:00:00Z,2026-06-16T19:00:00Z,927830
es.wikipedia,,Pageviews,2026-06-16T19:00:00Z,2026-06-16T20:00:00Z,1070879
es.wikipedia,,Pageviews,2026-06-16T20:00:00Z,2026-06-16T21:00:00Z,1146694
es.wikipedia,,Pageviews,2026-06-16T21:00:00Z,2026-06-16T22:00:00Z,1071282
es.wikipedia,,Pageviews,2026-06-16T22:00:00Z,2026-06-16T23:00:00Z,934257
es.wikipedia,,Pageviews,2026-06-16T23:00:00Z,2026-06-17T00:00:00Z,828169
es.wikipedia,,Pageviews,2026-06-17T00:00:00Z,2026-06-17T01:00:00Z,854715
es.wikipedia,,Pageviews,2026-06-17T01:00:00Z,2026-06-17T02:00:00Z,1120095
es.wikipedia,,Pageviews,2026-06-17T02:00:00Z,2026-06-17T03:00:00Z,1232148
es.wikipedia,,Pageviews,2026-06-17T03:00:00Z,2026-06-17T04:00:00Z,854962
es.wikipedia,,Pageviews,2026-06-17T04:00:00Z,2026-06-17T05:00:00Z,673003
es.wikipedia,,Pageviews,2026-06-17T05:00:00Z,2026-06-17T06:00:00Z,562891
es.wikipedia,,Pageviews,2026-06-17T06:00:00Z,2026-06-17T07:00:00Z,473613
es.wikipedia,,Pageviews,2026-06-17T07:00:00Z,2026-06-17T08:00:00Z,415063
es.wikipedia,,Pageviews,2026-06-17T08:00:00Z,2026-06-17T09:00:00Z,394714
es.wikipedia,,Pageviews,2026-06-17T09:00:00Z,2026-06-17T10:00:00Z,401682
es.wikipedia,,Pageviews,2026-06-17T10:00:00Z,2026-06-17T11:00:00Z,449469
es.wikipedia,,Pageviews,2026-06-17T11:00:00Z,2026-06-17T12:00:00Z,512138
es.wikipedia,,Pageviews,2026-06-17T12:00:00Z,2026-06-17T13:00:00Z,596316
es.wikipedia,,Pageviews,2026-06-17T13:00:00Z,2026-06-17T14:00:00Z,706454
es.wikipedia,,Pageviews,2026-06-17T14:00:00Z,2026-06-17T15:00:00Z,769724
es.wikipedia,,Pageviews,2026-06-17T15:00:00Z,2026-06-17T16:00:00Z,802602
es.wikipedia,,Pageviews,2026-06-17T16:00:00Z,2026-06-17T17:00:00Z,859541
es.wikipedia,,Pageviews,2026-06-17T17:00:00Z,2026-06-17T18:00:00Z,959918
es.wikipedia,,Pageviews,2026-06-17T18:00:00Z,2026-06-17T19:00:00Z,977658
es.wikipedia,,Pageviews,2026-06-17T19:00:00Z,2026-06-17T20:00:00Z,981195
es.wikipedia,,Pageviews,2026-06-17T20:00:00Z,2026-06-17T21:00:00Z,1059072
es.wikipedia,,Pageviews,2026-06-17T21:00:00Z,2026-06-17T22:00:00Z,1070159
es.wikipedia,,Pageviews,2026-06-17T22:00:00Z,2026-06-17T23:00:00Z,889835
es.wikipedia,,Pageviews,2026-06-17T23:00:00Z,2026-06-18T00:00:00Z,807757
es.wikipedia,,Pageviews,2026-06-18T00:00:00Z,2026-06-18T01:00:00Z,766393
es.wikipedia,,Pageviews,2026-06-18T01:00:00Z,2026-06-18T02:00:00Z,846142
es.wikipedia,,Pageviews,2026-06-18T02:00:00Z,2026-06-18T03:00:00Z,951498
es.wikipedia,,Pageviews,2026-06-18T03:00:00Z,2026-06-18T04:00:00Z,834922
es.wikipedia,,Pageviews,2026-06-18T04:00:00Z,2026-06-18T05:00:00Z,661069
es.wikipedia,,Pageviews,2026-06-18T05:00:00Z,2026-06-18T06:00:00Z,523511
es.wikipedia,,Pageviews,2026-06-18T06:00:00Z,2026-06-18T07:00:00Z,450437
es.wikipedia,,Pageviews,2026-06-18T07:00:00Z,2026-06-18T08:00:00Z,401507
es.wikipedia,,Pageviews,2026-06-18T08:00:00Z,2026-06-18T09:00:00Z,391571
es.wikipedia,,Pageviews,2026-06-18T09:00:00Z,2026-06-18T10:00:00Z,380984
es.wikipedia,,Pageviews,2026-06-18T10:00:00Z,2026-06-18T11:00:00Z,433808
es.wikipedia,,Pageviews,2026-06-18T11:00:00Z,2026-06-18T12:00:00Z,499642
es.wikipedia,,Pageviews,2026-06-18T12:00:00Z,2026-06-18T13:00:00Z,568385
es.wikipedia,,Pageviews,2026-06-18T13:00:00Z,2026-06-18T14:00:00Z,687277
es.wikipedia,,Pageviews,2026-06-18T14:00:00Z,2026-06-18T15:00:00Z,748764
es.wikipedia,,Pageviews,2026-06-18T15:00:00Z,2026-06-18T16:00:00Z,778382
es.wikipedia,,Pageviews,2026-06-18T16:00:00Z,2026-06-18T17:00:00Z,814241
es.wikipedia,,Pageviews,2026-06-18T17:00:00Z,2026-06-18T18:00:00Z,833855
es.wikipedia,,Pageviews,2026-06-18T18:00:00Z,2026-06-18T19:00:00Z,856544
es.wikipedia,,Pageviews,2026-06-18T19:00:00Z,2026-06-18T20:00:00Z,913365
es.wikipedia,,Pageviews,2026-06-18T20:00:00Z,2026-06-18T21:00:00Z,1005183
es.wikipedia,,Pageviews,2026-06-18T21:00:00Z,2026-06-18T22:00:00Z,937500
es.wikipedia,,Pageviews,2026-06-18T22:00:00Z,2026-06-18T23:00:00Z,835577
es.wikipedia,,Pageviews,2026-06-18T23:00:00Z,2026-06-19T00:00:00Z,748779
es.wikipedia,,Pageviews,2026-06-19T00:00:00Z,2026-06-19T01:00:00Z,729428
es.wikipedia,,Pageviews,2026-06-19T01:00:00Z,2026-06-19T02:00:00Z,781942
es.wikipedia,,Pageviews,2026-06-19T02:00:00Z,2026-06-19T03:00:00Z,807003
es.wikipedia,,Pageviews,2026-06-19T03:00:00Z,2026-06-19T04:00:00Z,703471
es.wikipedia,,Pageviews,2026-06-19T04:00:00Z,2026-06-19T05:00:00Z,565374
es.wikipedia,,Pageviews,2026-06-19T05:00:00Z,2026-06-19T06:00:00Z,484886
es.wikipedia,,Pageviews,2026-06-19T06:00:00Z,2026-06-19T07:00:00Z,427894
es.wikipedia,,Pageviews,2026-06-19T07:00:00Z,2026-06-19T08:00:00Z,392972
es.wikipedia,,Pageviews,2026-06-19T08:00:00Z,2026-06-19T09:00:00Z,367227
es.wikipedia,,Pageviews,2026-06-19T09:00:00Z,2026-06-19T10:00:00Z,362253
es.wikipedia,,Pageviews,2026-06-19T10:00:00Z,2026-06-19T11:00:00Z,401246
es.wikipedia,,Pageviews,2026-06-19T11:00:00Z,2026-06-19T12:00:00Z,457141
es.wikipedia,,Pageviews,2026-06-19T12:00:00Z,2026-06-19T13:00:00Z,528495
es.wikipedia,,Pageviews,2026-06-19T13:00:00Z,2026-06-19T14:00:00Z,734228
es.wikipedia,,Pageviews,2026-06-19T14:00:00Z,2026-06-19T15:00:00Z,711173
es.wikipedia,,Pageviews,2026-06-19T15:00:00Z,2026-06-19T16:00:00Z,761261
es.wikipedia,,Pageviews,2026-06-19T16:00:00Z,2026-06-19T17:00:00Z,786393
es.wikipedia,,Pageviews,2026-06-19T17:00:00Z,2026-06-19T18:00:00Z,811370
es.wikipedia,,Pageviews,2026-06-19T18:00:00Z,2026-06-19T19:00:00Z,825579
es.wikipedia,,Pageviews,2026-06-19T19:00:00Z,2026-06-19T20:00:00Z,902629
es.wikipedia,,Pageviews,2026-06-19T20:00:00Z,2026-06-19T21:00:00Z,930250
es.wikipedia,,Pageviews,2026-06-19T21:00:00Z,2026-06-19T22:00:00Z,941389
es.wikipedia,,Pageviews,2026-06-19T22:00:00Z,2026-06-19T23:00:00Z,868029
es.wikipedia,,Pageviews,2026-06-19T23:00:00Z,2026-06-20T00:00:00Z,769291
es.wikipedia,,Pageviews,2026-06-20T00:00:00Z,2026-06-20T01:00:00Z,737432
es.wikipedia,,Pageviews,2026-06-20T01:00:00Z,2026-06-20T02:00:00Z,762035
es.wikipedia,,Pageviews,2026-06-20T02:00:00Z,2026-06-20T03:00:00Z,749035
es.wikipedia,,Pageviews,2026-06-20T03:00:00Z,2026-06-20T04:00:00Z,680791
es.wikipedia,,Pageviews,2026-06-20T04:00:00Z,2026-06-20T05:00:00Z,609020
es.wikipedia,,Pageviews,2026-06-20T05:00:00Z,2026-06-20T06:00:00Z,533872
es.wikipedia,,Pageviews,2026-06-20T06:00:00Z,2026-06-20T07:00:00Z,447178
es.wikipedia,,Pageviews,2026-06-20T07:00:00Z,2026-06-20T08:00:00Z,395313
es.wikipedia,,Pageviews,2026-06-20T08:00:00Z,2026-06-20T09:00:00Z,372990
es.wikipedia,,Pageviews,2026-06-20T09:00:00Z,2026-06-20T10:00:00Z,372155
es.wikipedia,,Pageviews,2026-06-20T10:00:00Z,2026-06-20T11:00:00Z,394807
es.wikipedia,,Pageviews,2026-06-20T11:00:00Z,2026-06-20T12:00:00Z,439188
es.wikipedia,,Pageviews,2026-06-20T12:00:00Z,2026-06-20T13:00:00Z,507359
es.wikipedia,,Pageviews,2026-06-20T13:00:00Z,2026-06-20T14:00:00Z,623423
es.wikipedia,,Pageviews,2026-06-20T14:00:00Z,2026-06-20T15:00:00Z,715061
es.wikipedia,,Pageviews,2026-06-20T15:00:00Z,2026-06-20T16:00:00Z,764904
es.wikipedia,,Pageviews,2026-06-20T16:00:00Z,2026-06-20T17:00:00Z,824500
es.wikipedia,,Pageviews,2026-06-20T17:00:00Z,2026-06-20T18:00:00Z,890854
es.wikipedia,,Pageviews,2026-06-20T18:00:00Z,2026-06-20T19:00:00Z,909491
es.wikipedia,,Pageviews,2026-06-20T19:00:00Z,2026-06-20T20:00:00Z,879368
es.wikipedia,,Pageviews,2026-06-20T20:00:00Z,2026-06-20T21:00:00Z,989533
es.wikipedia,,Pageviews,2026-06-20T21:00:00Z,2026-06-20T22:00:00Z,1063413
es.wikipedia,,Pageviews,2026-06-20T22:00:00Z,2026-06-20T23:00:00Z,955165
es.wikipedia,,Pageviews,2026-06-20T23:00:00Z,2026-06-21T00:00:00Z,822623
es.wikipedia,,Pageviews,2026-06-21T00:00:00Z,2026-06-21T01:00:00Z,871571
es.wikipedia,,Pageviews,2026-06-21T01:00:00Z,2026-06-21T02:00:00Z,869832
es.wikipedia,,Pageviews,2026-06-21T02:00:00Z,2026-06-21T03:00:00Z,833997
es.wikipedia,,Pageviews,2026-06-21T03:00:00Z,2026-06-21T04:00:00Z,735474
es.wikipedia,,Pageviews,2026-06-21T04:00:00Z,2026-06-21T05:00:00Z,725129
es.wikipedia,,Pageviews,2026-06-21T05:00:00Z,2026-06-21T06:00:00Z,608901
es.wikipedia,,Pageviews,2026-06-21T06:00:00Z,2026-06-21T07:00:00Z,489158
es.wikipedia,,Pageviews,2026-06-21T07:00:00Z,2026-06-21T08:00:00Z,446612
es.wikipedia,,Pageviews,2026-06-21T08:00:00Z,2026-06-21T09:00:00Z,432400
es.wikipedia,,Pageviews,2026-06-21T09:00:00Z,2026-06-21T10:00:00Z,418282
es.wikipedia,,Pageviews,2026-06-21T10:00:00Z,2026-06-21T11:00:00Z,427424
es.wikipedia,,Pageviews,2026-06-21T11:00:00Z,2026-06-21T12:00:00Z,461129
es.wikipedia,,Pageviews,2026-06-21T12:00:00Z,2026-06-21T13:00:00Z,530690
es.wikipedia,,Pageviews,2026-06-21T13:00:00Z,2026-06-21T14:00:00Z,670288
es.wikipedia,,Pageviews,2026-06-21T14:00:00Z,2026-06-21T15:00:00Z,774051
es.wikipedia,,Pageviews,2026-06-21T15:00:00Z,2026-06-21T16:00:00Z,876287
es.wikipedia,,Pageviews,2026-06-21T16:00:00Z,2026-06-21T17:00:00Z,1141079
es.wikipedia,,Pageviews,2026-06-21T17:00:00Z,2026-06-21T18:00:00Z,1181082
es.wikipedia,,Pageviews,2026-06-21T18:00:00Z,2026-06-21T19:00:00Z,1030868
es.wikipedia,,Pageviews,2026-06-21T19:00:00Z,2026-06-21T20:00:00Z,1031689
es.wikipedia,,Pageviews,2026-06-21T20:00:00Z,2026-06-21T21:00:00Z,1099020
es.wikipedia,,Pageviews,2026-06-21T21:00:00Z,2026-06-21T22:00:00Z,1157416
es.wikipedia,,Pageviews,2026-06-21T22:00:00Z,2026-06-21T23:00:00Z,1290403
es.wikipedia,,Pageviews,2026-06-21T23:00:00Z,2026-06-22T00:00:00Z,1115303
es.wikipedia,,Pageviews,2026-06-22T00:00:00Z,2026-06-22T01:00:00Z,990826
es.wikipedia,,Pageviews,2026-06-22T01:00:00Z,2026-06-22T02:00:00Z,912603
es.wikipedia,,Pageviews,2026-06-22T02:00:00Z,2026-06-22T03:00:00Z,890043
es.wikipedia,,Pageviews,2026-06-22T03:00:00Z,2026-06-22T04:00:00Z,778504
es.wikipedia,,Pageviews,2026-06-22T04:00:00Z,2026-06-22T05:00:00Z,645107
es.wikipedia,,Pageviews,2026-06-22T05:00:00Z,2026-06-22T06:00:00Z,554402
es.wikipedia,,Pageviews,2026-06-22T06:00:00Z,2026-06-22T07:00:00Z,476669
es.wikipedia,,Pageviews,2026-06-22T07:00:00Z,2026-06-22T08:00:00Z,419929
es.wikipedia,,Pageviews,2026-06-22T08:00:00Z,2026-06-22T09:00:00Z,397146
es.wikipedia,,Pageviews,2026-06-22T09:00:00Z,2026-06-22T10:00:00Z,397827
es.wikipedia,,Pageviews,2026-06-22T10:00:00Z,2026-06-22T11:00:00Z,445160
es.wikipedia,,Pageviews,2026-06-22T11:00:00Z,2026-06-22T12:00:00Z,517817
es.wikipedia,,Pageviews,2026-06-22T12:00:00Z,2026-06-22T13:00:00Z,599386
es.wikipedia,,Pageviews,2026-06-22T13:00:00Z,2026-06-22T14:00:00Z,706948
es.wikipedia,,Pageviews,2026-06-22T14:00:00Z,2026-06-22T15:00:00Z,795313
es.wikipedia,,Pageviews,2026-06-22T15:00:00Z,2026-06-22T16:00:00Z,841194
es.wikipedia,,Pageviews,2026-06-22T16:00:00Z,2026-06-22T17:00:00Z,876908
es.wikipedia,,Pageviews,2026-06-22T17:00:00Z,2026-06-22T18:00:00Z,945156
es.wikipedia,,Pageviews,2026-06-22T18:00:00Z,2026-06-22T19:00:00Z,1025086
es.wikipedia,,Pageviews,2026-06-22T19:00:00Z,2026-06-22T20:00:00Z,984205
es.wikipedia,,Pageviews,2026-06-22T20:00:00Z,2026-06-22T21:00:00Z,1010467
es.wikipedia,,Pageviews,2026-06-22T21:00:00Z,2026-06-22T22:00:00Z,1005392
es.wikipedia,,Pageviews,2026-06-22T22:00:00Z,2026-06-22T23:00:00Z,873848
es.wikipedia,,Pageviews,2026-06-22T23:00:00Z,2026-06-23T00:00:00Z,772644
es.wikipedia,,Pageviews,2026-06-23T00:00:00Z,2026-06-23T01:00:00Z,823627
es.wikipedia,,Pageviews,2026-06-23T01:00:00Z,2026-06-23T02:00:00Z,843932
es.wikipedia,,Pageviews,2026-06-23T02:00:00Z,2026-06-23T03:00:00Z,762501
es.wikipedia,,Pageviews,2026-06-23T03:00:00Z,2026-06-23T04:00:00Z,702286
es.wikipedia,,Pageviews,2026-06-23T04:00:00Z,2026-06-23T05:00:00Z,598558
es.wikipedia,,Pageviews,2026-06-23T05:00:00Z,2026-06-23T06:00:00Z,501798
es.wikipedia,,Pageviews,2026-06-23T06:00:00Z,2026-06-23T07:00:00Z,422761
es.wikipedia,,Pageviews,2026-06-23T07:00:00Z,2026-06-23T08:00:00Z,369335
es.wikipedia,,Pageviews,2026-06-23T08:00:00Z,2026-06-23T09:00:00Z,345341
es.wikipedia,,Pageviews,2026-06-23T09:00:00Z,2026-06-23T10:00:00Z,353791
es.wikipedia,,Pageviews,2026-06-23T10:00:00Z,2026-06-23T11:00:00Z,400738
es.wikipedia,,Pageviews,2026-06-23T11:00:00Z,2026-06-23T12:00:00Z,473393
es.wikipedia,,Pageviews,2026-06-23T12:00:00Z,2026-06-23T13:00:00Z,552622
es.wikipedia,,Pageviews,2026-06-23T13:00:00Z,2026-06-23T14:00:00Z,647197
es.wikipedia,,Pageviews,2026-06-23T14:00:00Z,2026-06-23T15:00:00Z,729044
es.wikipedia,,Pageviews,2026-06-23T15:00:00Z,2026-06-23T16:00:00Z,771536
es.wikipedia,,Pageviews,2026-06-23T16:00:00Z,2026-06-23T17:00:00Z,816155
es.wikipedia,,Pageviews,2026-06-23T17:00:00Z,2026-06-23T18:00:00Z,913561
es.wikipedia,,Pageviews,2026-06-23T18:00:00Z,2026-06-23T19:00:00Z,898909
es.wikipedia,,Pageviews,2026-06-23T19:00:00Z,2026-06-23T20:00:00Z,895497
es.wikipedia,,Pageviews,2026-06-23T20:00:00Z,2026-06-23T21:00:00Z,959462
es.wikipedia,,Pageviews,2026-06-23T21:00:00Z,2026-06-23T22:00:00Z,964404
es.wikipedia,,Pageviews,2026-06-23T22:00:00Z,2026-06-23T23:00:00Z,876504
es.wikipedia,,Pageviews,2026-06-23T23:00:00Z,2026-06-24T00:00:00Z,789432
es.wikipedia,,Pageviews,2026-06-24T00:00:00Z,2026-06-24T01:00:00Z,765609
es.wikipedia,,Pageviews,2026-06-24T01:00:00Z,2026-06-24T02:00:00Z,792257
es.wikipedia,,Pageviews,2026-06-24T02:00:00Z,2026-06-24T03:00:00Z,844275
es.wikipedia,,Pageviews,2026-06-24T03:00:00Z,2026-06-24T04:00:00Z,738714
es.wikipedia,,Pageviews,2026-06-24T04:00:00Z,2026-06-24T05:00:00Z,612919
es.wikipedia,,Pageviews,2026-06-24T05:00:00Z,2026-06-24T06:00:00Z,493013
es.wikipedia,,Pageviews,2026-06-24T06:00:00Z,2026-06-24T07:00:00Z,416476
es.wikipedia,,Pageviews,2026-06-24T07:00:00Z,2026-06-24T08:00:00Z,361560
es.wikipedia,,Pageviews,2026-06-24T08:00:00Z,2026-06-24T09:00:00Z,348103
es.wikipedia,,Pageviews,2026-06-24T09:00:00Z,2026-06-24T10:00:00Z,358846
es.wikipedia,,Pageviews,2026-06-24T10:00:00Z,2026-06-24T11:00:00Z,405646
es.wikipedia,,Pageviews,2026-06-24T11:00:00Z,2026-06-24T12:00:00Z,474359
es.wikipedia,,Pageviews,2026-06-24T12:00:00Z,2026-06-24T13:00:00Z,551114
es.wikipedia,,Pageviews,2026-06-24T13:00:00Z,2026-06-24T14:00:00Z,665083
es.wikipedia,,Pageviews,2026-06-24T14:00:00Z,2026-06-24T15:00:00Z,795996
es.wikipedia,,Pageviews,2026-06-24T15:00:00Z,2026-06-24T16:00:00Z,847597
es.wikipedia,,Pageviews,2026-06-24T16:00:00Z,2026-06-24T17:00:00Z,826316
es.wikipedia,,Pageviews,2026-06-24T17:00:00Z,2026-06-24T18:00:00Z,832403
es.wikipedia,,Pageviews,2026-06-24T18:00:00Z,2026-06-24T19:00:00Z,840530
es.wikipedia,,Pageviews,2026-06-24T19:00:00Z,2026-06-24T20:00:00Z,892173
es.wikipedia,,Pageviews,2026-06-24T20:00:00Z,2026-06-24T21:00:00Z,994708
es.wikipedia,,Pageviews,2026-06-24T21:00:00Z,2026-06-24T22:00:00Z,962004
es.wikipedia,,Pageviews,2026-06-24T22:00:00Z,2026-06-24T23:00:00Z,870950
es.wikipedia,,Pageviews,2026-06-24T23:00:00Z,2026-06-25T00:00:00Z,798760
es.wikipedia,,Pageviews,2026-06-25T00:00:00Z,2026-06-25T01:00:00Z,759313
es.wikipedia,,Pageviews,2026-06-25T01:00:00Z,2026-06-25T02:00:00Z,814564
es.wikipedia,,Pageviews,2026-06-25T02:00:00Z,2026-06-25T03:00:00Z,987934
es.wikipedia,,Pageviews,2026-06-25T03:00:00Z,2026-06-25T04:00:00Z,790634
es.wikipedia,,Pageviews,2026-06-25T04:00:00Z,2026-06-25T05:00:00Z,595214
es.wikipedia,,Pageviews,2026-06-25T05:00:00Z,2026-06-25T06:00:00Z,511092
es.wikipedia,,Pageviews,2026-06-25T06:00:00Z,2026-06-25T07:00:00Z,444313
es.wikipedia,,Pageviews,2026-06-25T07:00:00Z,2026-06-25T08:00:00Z,387808
es.wikipedia,,Pageviews,2026-06-25T08:00:00Z,2026-06-25T09:00:00Z,361146
es.wikipedia,,Pageviews,2026-06-25T09:00:00Z,2026-06-25T10:00:00Z,365103
es.wikipedia,,Pageviews,2026-06-25T10:00:00Z,2026-06-25T11:00:00Z,405716
es.wikipedia,,Pageviews,2026-06-25T11:00:00Z,2026-06-25T12:00:00Z,484072
es.wikipedia,,Pageviews,2026-06-25T12:00:00Z,2026-06-25T13:00:00Z,561104
es.wikipedia,,Pageviews,2026-06-25T13:00:00Z,2026-06-25T14:00:00Z,692567
es.wikipedia,,Pageviews,2026-06-25T14:00:00Z,2026-06-25T15:00:00Z,757068
es.wikipedia,,Pageviews,2026-06-25T15:00:00Z,2026-06-25T16:00:00Z,806716
es.wikipedia,,Pageviews,2026-06-25T16:00:00Z,2026-06-25T17:00:00Z,809679
es.wikipedia,,Pageviews,2026-06-25T17:00:00Z,2026-06-25T18:00:00Z,821686
es.wikipedia,,Pageviews,2026-06-25T18:00:00Z,2026-06-25T19:00:00Z,840653
es.wikipedia,,Pageviews,2026-06-25T19:00:00Z,2026-06-25T20:00:00Z,877697
es.wikipedia,,Pageviews,2026-06-25T20:00:00Z,2026-06-25T21:00:00Z,1021788
es.wikipedia,,Pageviews,2026-06-25T21:00:00Z,2026-06-25T22:00:00Z,1068195
es.wikipedia,,Pageviews,2026-06-25T22:00:00Z,2026-06-25T23:00:00Z,965839
es.wikipedia,,Pageviews,2026-06-25T23:00:00Z,2026-06-26T00:00:00Z,809778
es.wikipedia,,Pageviews,2026-06-26T00:00:00Z,2026-06-26T01:00:00Z,771320
es.wikipedia,,Pageviews,2026-06-26T01:00:00Z,2026-06-26T02:00:00Z,760077
es.wikipedia,,Pageviews,2026-06-26T02:00:00Z,2026-06-26T03:00:00Z,756112
es.wikipedia,,Pageviews,2026-06-26T03:00:00Z,2026-06-26T04:00:00Z,705543
es.wikipedia,,Pageviews,2026-06-26T04:00:00Z,2026-06-26T05:00:00Z,609354
es.wikipedia,,Pageviews,2026-06-26T05:00:00Z,2026-06-26T06:00:00Z,514430
es.wikipedia,,Pageviews,2026-06-26T06:00:00Z,2026-06-26T07:00:00Z,435171
es.wikipedia,,Pageviews,2026-06-26T07:00:00Z,2026-06-26T08:00:00Z,387623
es.wikipedia,,Pageviews,2026-06-26T08:00:00Z,2026-06-26T09:00:00Z,369919
es.wikipedia,,Pageviews,2026-06-26T09:00:00Z,2026-06-26T10:00:00Z,357815
es.wikipedia,,Pageviews,2026-06-26T10:00:00Z,2026-06-26T11:00:00Z,395332
es.wikipedia,,Pageviews,2026-06-26T11:00:00Z,2026-06-26T12:00:00Z,462569
es.wikipedia,,Pageviews,2026-06-26T12:00:00Z,2026-06-26T13:00:00Z,527677
es.wikipedia,,Pageviews,2026-06-26T13:00:00Z,2026-06-26T14:00:00Z,636068
es.wikipedia,,Pageviews,2026-06-26T14:00:00Z,2026-06-26T15:00:00Z,725093
es.wikipedia,,Pageviews,2026-06-26T15:00:00Z,2026-06-26T16:00:00Z,770420
es.wikipedia,,Pageviews,2026-06-26T16:00:00Z,2026-06-26T17:00:00Z,793162
es.wikipedia,,Pageviews,2026-06-26T17:00:00Z,2026-06-26T18:00:00Z,814502
es.wikipedia,,Pageviews,2026-06-26T18:00:00Z,2026-06-26T19:00:00Z,825416
es.wikipedia,,Pageviews,2026-06-26T19:00:00Z,2026-06-26T20:00:00Z,907178
es.wikipedia,,Pageviews,2026-06-26T20:00:00Z,2026-06-26T21:00:00Z,964917
es.wikipedia,,Pageviews,2026-06-26T21:00:00Z,2026-06-26T22:00:00Z,981200
es.wikipedia,,Pageviews,2026-06-26T22:00:00Z,2026-06-26T23:00:00Z,878559
es.wikipedia,,Pageviews,2026-06-26T23:00:00Z,2026-06-27T00:00:00Z,839159
es.wikipedia,,Pageviews,2026-06-27T00:00:00Z,2026-06-27T01:00:00Z,961756
es.wikipedia,,Pageviews,2026-06-27T01:00:00Z,2026-06-27T02:00:00Z,936988
es.wikipedia,,Pageviews,2026-06-27T02:00:00Z,2026-06-27T03:00:00Z,924716
es.wikipedia,,Pageviews,2026-06-27T03:00:00Z,2026-06-27T04:00:00Z,739680
es.wikipedia,,Pageviews,2026-06-27T04:00:00Z,2026-06-27T05:00:00Z,640920
es.wikipedia,,Pageviews,2026-06-27T05:00:00Z,2026-06-27T06:00:00Z,558444
es.wikipedia,,Pageviews,2026-06-27T06:00:00Z,2026-06-27T07:00:00Z,461157
es.wikipedia,,Pageviews,2026-06-27T07:00:00Z,2026-06-27T08:00:00Z,410064
es.wikipedia,,Pageviews,2026-06-27T08:00:00Z,2026-06-27T09:00:00Z,378316
es.wikipedia,,Pageviews,2026-06-27T09:00:00Z,2026-06-27T10:00:00Z,369094
es.wikipedia,,Pageviews,2026-06-27T10:00:00Z,2026-06-27T11:00:00Z,386818
es.wikipedia,,Pageviews,2026-06-27T11:00:00Z,2026-06-27T12:00:00Z,437321
es.wikipedia,,Pageviews,2026-06-27T12:00:00Z,2026-06-27T13:00:00Z,524553
es.wikipedia,,Pageviews,2026-06-27T13:00:00Z,2026-06-27T14:00:00Z,640707
es.wikipedia,,Pageviews,2026-06-27T14:00:00Z,2026-06-27T15:00:00Z,714595
es.wikipedia,,Pageviews,2026-06-27T15:00:00Z,2026-06-27T16:00:00Z,768193
es.wikipedia,,Pageviews,2026-06-27T16:00:00Z,2026-06-27T17:00:00Z,800652
es.wikipedia,,Pageviews,2026-06-27T17:00:00Z,2026-06-27T18:00:00Z,839021
es.wikipedia,,Pageviews,2026-06-27T18:00:00Z,2026-06-27T19:00:00Z,846026
es.wikipedia,,Pageviews,2026-06-27T19:00:00Z,2026-06-27T20:00:00Z,857085
es.wikipedia,,Pageviews,2026-06-27T20:00:00Z,2026-06-27T21:00:00Z,901149
es.wikipedia,,Pageviews,2026-06-27T21:00:00Z,2026-06-27T22:00:00Z,965594
es.wikipedia,,Pageviews,2026-06-27T22:00:00Z,2026-06-27T23:00:00Z,923518
es.wikipedia,,Pageviews,2026-06-27T23:00:00Z,2026-06-28T00:00:00Z,901956
es.wikipedia,,Pageviews,2026-06-28T00:00:00Z,2026-06-28T01:00:00Z,847391
es.wikipedia,,Pageviews,2026-06-28T01:00:00Z,2026-06-28T02:00:00Z,864830
es.wikipedia,,Pageviews,2026-06-28T02:00:00Z,2026-06-28T03:00:00Z,920257
es.wikipedia,,Pageviews,2026-06-28T03:00:00Z,2026-06-28T04:00:00Z,818138
es.wikipedia,,Pageviews,2026-06-28T04:00:00Z,2026-06-28T05:00:00Z,790324
es.wikipedia,,Pageviews,2026-06-28T05:00:00Z,2026-06-28T06:00:00Z,552379
es.wikipedia,,Pageviews,2026-06-28T06:00:00Z,2026-06-28T07:00:00Z,468358
es.wikipedia,,Pageviews,2026-06-28T07:00:00Z,2026-06-28T08:00:00Z,413920
es.wikipedia,,Pageviews,2026-06-28T08:00:00Z,2026-06-28T09:00:00Z,405255
es.wikipedia,,Pageviews,2026-06-28T09:00:00Z,2026-06-28T10:00:00Z,398349
es.wikipedia,,Pageviews,2026-06-28T10:00:00Z,2026-06-28T11:00:00Z,415240
es.wikipedia,,Pageviews,2026-06-28T11:00:00Z,2026-06-28T12:00:00Z,451049
es.wikipedia,,Pageviews,2026-06-28T12:00:00Z,2026-06-28T13:00:00Z,517092
es.wikipedia,,Pageviews,2026-06-28T13:00:00Z,2026-06-28T14:00:00Z,643831
es.wikipedia,,Pageviews,2026-06-28T14:00:00Z,2026-06-28T15:00:00Z,777664
es.wikipedia,,Pageviews,2026-06-28T15:00:00Z,2026-06-28T16:00:00Z,847864
es.wikipedia,,Pageviews,2026-06-28T16:00:00Z,2026-06-28T17:00:00Z,919679
es.wikipedia,,Pageviews,2026-06-28T17:00:00Z,2026-06-28T18:00:00Z,943206
es.wikipedia,,Pageviews,2026-06-28T18:00:00Z,2026-06-28T19:00:00Z,954077
es.wikipedia,,Pageviews,2026-06-28T19:00:00Z,2026-06-28T20:00:00Z,1036507
es.wikipedia,,Pageviews,2026-06-28T20:00:00Z,2026-06-28T21:00:00Z,1113922
es.wikipedia,,Pageviews,2026-06-28T21:00:00Z,2026-06-28T22:00:00Z,1077850
es.wikipedia,,Pageviews,2026-06-28T22:00:00Z,2026-06-28T23:00:00Z,962215
es.wikipedia,,Pageviews,2026-06-28T23:00:00Z,2026-06-29T00:00:00Z,862452
es.wikipedia,,Pageviews,2026-06-29T00:00:00Z,2026-06-29T01:00:00Z,819644
es.wikipedia,,Pageviews,2026-06-29T01:00:00Z,2026-06-29T02:00:00Z,799468
es.wikipedia,,Pageviews,2026-06-29T02:00:00Z,2026-06-29T03:00:00Z,776864
es.wikipedia,,Pageviews,2026-06-29T03:00:00Z,2026-06-29T04:00:00Z,705950
es.wikipedia,,Pageviews,2026-06-29T04:00:00Z,2026-06-29T05:00:00Z,617504
es.wikipedia,,Pageviews,2026-06-29T05:00:00Z,2026-06-29T06:00:00Z,535370
es.wikipedia,,Pageviews,2026-06-29T06:00:00Z,2026-06-29T07:00:00Z,461800
es.wikipedia,,Pageviews,2026-06-29T07:00:00Z,2026-06-29T08:00:00Z,399514
es.wikipedia,,Pageviews,2026-06-29T08:00:00Z,2026-06-29T09:00:00Z,368382
es.wikipedia,,Pageviews,2026-06-29T09:00:00Z,2026-06-29T10:00:00Z,363774
es.wikipedia,,Pageviews,2026-06-29T10:00:00Z,2026-06-29T11:00:00Z,388148
es.wikipedia,,Pageviews,2026-06-29T11:00:00Z,2026-06-29T12:00:00Z,447103
es.wikipedia,,Pageviews,2026-06-29T12:00:00Z,2026-06-29T13:00:00Z,516600
es.wikipedia,,Pageviews,2026-06-29T13:00:00Z,2026-06-29T14:00:00Z,627110
es.wikipedia,,Pageviews,2026-06-29T14:00:00Z,2026-06-29T15:00:00Z,695620
es.wikipedia,,Pageviews,2026-06-29T15:00:00Z,2026-06-29T16:00:00Z,754980
es.wikipedia,,Pageviews,2026-06-29T16:00:00Z,2026-06-29T17:00:00Z,808702
es.wikipedia,,Pageviews,2026-06-29T17:00:00Z,2026-06-29T18:00:00Z,960126
es.wikipedia,,Pageviews,2026-06-29T18:00:00Z,2026-06-29T19:00:00Z,987346
es.wikipedia,,Pageviews,2026-06-29T19:00:00Z,2026-06-29T20:00:00Z,928982
es.wikipedia,,Pageviews,2026-06-29T20:00:00Z,2026-06-29T21:00:00Z,1056812
es.wikipedia,,Pageviews,2026-06-29T21:00:00Z,2026-06-29T22:00:00Z,1064955
es.wikipedia,,Pageviews,2026-06-29T22:00:00Z,2026-06-29T23:00:00Z,969800
es.wikipedia,,Pageviews,2026-06-29T23:00:00Z,2026-06-30T00:00:00Z,1012527
es.wikipedia,,Pageviews,2026-06-30T00:00:00Z,2026-06-30T01:00:00Z,809580
es.wikipedia,,Pageviews,2026-06-30T01:00:00Z,2026-06-30T02:00:00Z,881101
es.wikipedia,,Pageviews,2026-06-30T02:00:00Z,2026-06-30T03:00:00Z,880221
es.wikipedia,,Pageviews,2026-06-30T03:00:00Z,2026-06-30T04:00:00Z,883340
es.wikipedia,,Pageviews,2026-06-30T04:00:00Z,2026-06-30T05:00:00Z,656733
es.wikipedia,,Pageviews,2026-06-30T05:00:00Z,2026-06-30T06:00:00Z,506969
es.wikipedia,,Pageviews,2026-06-30T06:00:00Z,2026-06-30T07:00:00Z,431233
es.wikipedia,,Pageviews,2026-06-30T07:00:00Z,2026-06-30T08:00:00Z,372766
es.wikipedia,,Pageviews,2026-06-30T08:00:00Z,2026-06-30T09:00:00Z,340632
es.wikipedia,,Pageviews,2026-06-30T09:00:00Z,2026-06-30T10:00:00Z,336102
es.wikipedia,,Pageviews,2026-06-30T10:00:00Z,2026-06-30T11:00:00Z,376679
es.wikipedia,,Pageviews,2026-06-30T11:00:00Z,2026-06-30T12:00:00Z,444277
es.wikipedia,,Pageviews,2026-06-30T12:00:00Z,2026-06-30T13:00:00Z,524989
es.wikipedia,,Pageviews,2026-06-30T13:00:00Z,2026-06-30T14:00:00Z,638330
es.wikipedia,,Pageviews,2026-06-30T14:00:00Z,2026-06-30T15:00:00Z,716743
es.wikipedia,,Pageviews,2026-06-30T15:00:00Z,2026-06-30T16:00:00Z,751084
es.wikipedia,,Pageviews,2026-06-30T16:00:00Z,2026-06-30T17:00:00Z,791153
es.wikipedia,,Pageviews,2026-06-30T17:00:00Z,2026-06-30T18:00:00Z,905603
es.wikipedia,,Pageviews,2026-06-30T18:00:00Z,2026-06-30T19:00:00Z,885114
es.wikipedia,,Pageviews,2026-06-30T19:00:00Z,2026-06-30T20:00:00Z,898072
es.wikipedia,,Pageviews,2026-06-30T20:00:00Z,2026-06-30T21:00:00Z,950220
es.wikipedia,,Pageviews,2026-06-30T21:00:00Z,2026-06-30T22:00:00Z,1013562
es.wikipedia,,Pageviews,2026-06-30T22:00:00Z,2026-06-30T23:00:00Z,1000350
es.wikipedia,,Pageviews,2026-06-30T23:00:00Z,2026-07-01T00:00:00Z,780034
es.wikipedia,,Pageviews,2026-07-01T00:00:00Z,2026-07-01T01:00:00Z,759138
es.wikipedia,,Pageviews,2026-07-01T01:00:00Z,2026-07-01T02:00:00Z,875330
es.wikipedia,,Pageviews,2026-07-01T02:00:00Z,2026-07-01T03:00:00Z,1057559
es.wikipedia,,Pageviews,2026-07-01T03:00:00Z,2026-07-01T04:00:00Z,918885
es.wikipedia,,Pageviews,2026-07-01T04:00:00Z,2026-07-01T05:00:00Z,712132
es.wikipedia,,Pageviews,2026-07-01T05:00:00Z,2026-07-01T06:00:00Z,529681
es.wikipedia,,Pageviews,2026-07-01T06:00:00Z,2026-07-01T07:00:00Z,440776
es.wikipedia,,Pageviews,2026-07-01T07:00:00Z,2026-07-01T08:00:00Z,382210
es.wikipedia,,Pageviews,2026-07-01T08:00:00Z,2026-07-01T09:00:00Z,351942
es.wikipedia,,Pageviews,2026-07-01T09:00:00Z,2026-07-01T10:00:00Z,351807
es.wikipedia,,Pageviews,2026-07-01T10:00:00Z,2026-07-01T11:00:00Z,384993
es.wikipedia,,Pageviews,2026-07-01T11:00:00Z,2026-07-01T12:00:00Z,461998
es.wikipedia,,Pageviews,2026-07-01T12:00:00Z,2026-07-01T13:00:00Z,531023
es.wikipedia,,Pageviews,2026-07-01T13:00:00Z,2026-07-01T14:00:00Z,650596
es.wikipedia,,Pageviews,2026-07-01T14:00:00Z,2026-07-01T15:00:00Z,689309
es.wikipedia,,Pageviews,2026-07-01T15:00:00Z,2026-07-01T16:00:00Z,786310
es.wikipedia,,Pageviews,2026-07-01T16:00:00Z,2026-07-01T17:00:00Z,924832
es.wikipedia,,Pageviews,2026-07-01T17:00:00Z,2026-07-01T18:00:00Z,963672
es.wikipedia,,Pageviews,2026-07-01T18:00:00Z,2026-07-01T19:00:00Z,901946
es.wikipedia,,Pageviews,2026-07-01T19:00:00Z,2026-07-01T20:00:00Z,891251
es.wikipedia,,Pageviews,2026-07-01T20:00:00Z,2026-07-01T21:00:00Z,1018613
es.wikipedia,,Pageviews,2026-07-01T21:00:00Z,2026-07-01T22:00:00Z,1050296
es.wikipedia,,Pageviews,2026-07-01T22:00:00Z,2026-07-01T23:00:00Z,939816
es.wikipedia,,Pageviews,2026-07-01T23:00:00Z,2026-07-02T00:00:00Z,770149
es.wikipedia,,Pageviews,2026-07-02T00:00:00Z,2026-07-02T01:00:00Z,807750
es.wikipedia,,Pageviews,2026-07-02T01:00:00Z,2026-07-02T02:00:00Z,795620
es.wikipedia,,Pageviews,2026-07-02T02:00:00Z,2026-07-02T03:00:00Z,762542
es.wikipedia,,Pageviews,2026-07-02T03:00:00Z,2026-07-02T04:00:00Z,659834
es.wikipedia,,Pageviews,2026-07-02T04:00:00Z,2026-07-02T05:00:00Z,620566
es.wikipedia,,Pageviews,2026-07-02T05:00:00Z,2026-07-02T06:00:00Z,540779
es.wikipedia,,Pageviews,2026-07-02T06:00:00Z,2026-07-02T07:00:00Z,439483
es.wikipedia,,Pageviews,2026-07-02T07:00:00Z,2026-07-02T08:00:00Z,384898
es.wikipedia,,Pageviews,2026-07-02T08:00:00Z,2026-07-02T09:00:00Z,353335
es.wikipedia,,Pageviews,2026-07-02T09:00:00Z,2026-07-02T10:00:00Z,355453
es.wikipedia,,Pageviews,2026-07-02T10:00:00Z,2026-07-02T11:00:00Z,389752
es.wikipedia,,Pageviews,2026-07-02T11:00:00Z,2026-07-02T12:00:00Z,465130
es.wikipedia,,Pageviews,2026-07-02T12:00:00Z,2026-07-02T13:00:00Z,524515
es.wikipedia,,Pageviews,2026-07-02T13:00:00Z,2026-07-02T14:00:00Z,631104
es.wikipedia,,Pageviews,2026-07-02T14:00:00Z,2026-07-02T15:00:00Z,699614
es.wikipedia,,Pageviews,2026-07-02T15:00:00Z,2026-07-02T16:00:00Z,741920
es.wikipedia,,Pageviews,2026-07-02T16:00:00Z,2026-07-02T17:00:00Z,776743
es.wikipedia,,Pageviews,2026-07-02T17:00:00Z,2026-07-02T18:00:00Z,824265
es.wikipedia,,Pageviews,2026-07-02T18:00:00Z,2026-07-02T19:00:00Z,860789
es.wikipedia,,Pageviews,2026-07-02T19:00:00Z,2026-07-02T20:00:00Z,1018637
es.wikipedia,,Pageviews,2026-07-02T20:00:00Z,2026-07-02T21:00:00Z,1195230
es.wikipedia,,Pageviews,2026-07-02T21:00:00Z,2026-07-02T22:00:00Z,1017645
es.wikipedia,,Pageviews,2026-07-02T22:00:00Z,2026-07-02T23:00:00Z,859596
es.wikipedia,,Pageviews,2026-07-02T23:00:00Z,2026-07-03T00:00:00Z,804456
es.wikipedia,,Pageviews,2026-07-03T00:00:00Z,2026-07-03T01:00:00Z,750019
es.wikipedia,,Pageviews,2026-07-03T01:00:00Z,2026-07-03T02:00:00Z,756523
es.wikipedia,,Pageviews,2026-07-03T02:00:00Z,2026-07-03T03:00:00Z,729853
es.wikipedia,,Pageviews,2026-07-03T03:00:00Z,2026-07-03T04:00:00Z,732836
es.wikipedia,,Pageviews,2026-07-03T04:00:00Z,2026-07-03T05:00:00Z,626388
es.wikipedia,,Pageviews,2026-07-03T05:00:00Z,2026-07-03T06:00:00Z,502913
es.wikipedia,,Pageviews,2026-07-03T06:00:00Z,2026-07-03T07:00:00Z,426293
es.wikipedia,,Pageviews,2026-07-03T07:00:00Z,2026-07-03T08:00:00Z,373357
es.wikipedia,,Pageviews,2026-07-03T08:00:00Z,2026-07-03T09:00:00Z,351372
es.wikipedia,,Pageviews,2026-07-03T09:00:00Z,2026-07-03T10:00:00Z,346697
es.wikipedia,,Pageviews,2026-07-03T10:00:00Z,2026-07-03T11:00:00Z,385772
es.wikipedia,,Pageviews,2026-07-03T11:00:00Z,2026-07-03T12:00:00Z,448121
es.wikipedia,,Pageviews,2026-07-03T12:00:00Z,2026-07-03T13:00:00Z,520612
es.wikipedia,,Pageviews,2026-07-03T13:00:00Z,2026-07-03T14:00:00Z,627083
es.wikipedia,,Pageviews,2026-07-03T14:00:00Z,2026-07-03T15:00:00Z,697632
es.wikipedia,,Pageviews,2026-07-03T15:00:00Z,2026-07-03T16:00:00Z,745786
es.wikipedia,,Pageviews,2026-07-03T16:00:00Z,2026-07-03T17:00:00Z,791552
es.wikipedia,,Pageviews,2026-07-03T17:00:00Z,2026-07-03T18:00:00Z,824936
es.wikipedia,,Pageviews,2026-07-03T18:00:00Z,2026-07-03T19:00:00Z,856305
es.wikipedia,,Pageviews,2026-07-03T19:00:00Z,2026-07-03T20:00:00Z,860722
es.wikipedia,,Pageviews,2026-07-03T20:00:00Z,2026-07-03T21:00:00Z,924624
es.wikipedia,,Pageviews,2026-07-03T21:00:00Z,2026-07-03T22:00:00Z,1008315
es.wikipedia,,Pageviews,2026-07-03T22:00:00Z,2026-07-03T23:00:00Z,1073331
es.wikipedia,,Pageviews,2026-07-03T23:00:00Z,2026-07-04T00:00:00Z,982680
es.wikipedia,,Pageviews,2026-07-04T00:00:00Z,2026-07-04T01:00:00Z,1089937
es.wikipedia,,Pageviews,2026-07-04T01:00:00Z,2026-07-04T02:00:00Z,842990
es.wikipedia,,Pageviews,2026-07-04T02:00:00Z,2026-07-04T03:00:00Z,816342
es.wikipedia,,Pageviews,2026-07-04T03:00:00Z,2026-07-04T04:00:00Z,760573
es.wikipedia,,Pageviews,2026-07-04T04:00:00Z,2026-07-04T05:00:00Z,596680
es.wikipedia,,Pageviews,2026-07-04T05:00:00Z,2026-07-04T06:00:00Z,495721
es.wikipedia,,Pageviews,2026-07-04T06:00:00Z,2026-07-04T07:00:00Z,425703
es.wikipedia,,Pageviews,2026-07-04T07:00:00Z,2026-07-04T08:00:00Z,376036
es.wikipedia,,Pageviews,2026-07-04T08:00:00Z,2026-07-04T09:00:00Z,353098
es.wikipedia,,Pageviews,2026-07-04T09:00:00Z,2026-07-04T10:00:00Z,348750
es.wikipedia,,Pageviews,2026-07-04T10:00:00Z,2026-07-04T11:00:00Z,367625
es.wikipedia,,Pageviews,2026-07-04T11:00:00Z,2026-07-04T12:00:00Z,413395
es.wikipedia,,Pageviews,2026-07-04T12:00:00Z,2026-07-04T13:00:00Z,498488
es.wikipedia,,Pageviews,2026-07-04T13:00:00Z,2026-07-04T14:00:00Z,624973
es.wikipedia,,Pageviews,2026-07-04T14:00:00Z,2026-07-04T15:00:00Z,724088
es.wikipedia,,Pageviews,2026-07-04T15:00:00Z,2026-07-04T16:00:00Z,772557
es.wikipedia,,Pageviews,2026-07-04T16:00:00Z,2026-07-04T17:00:00Z,830657
es.wikipedia,,Pageviews,2026-07-04T17:00:00Z,2026-07-04T18:00:00Z,917105
es.wikipedia,,Pageviews,2026-07-04T18:00:00Z,2026-07-04T19:00:00Z,929636
es.wikipedia,,Pageviews,2026-07-04T19:00:00Z,2026-07-04T20:00:00Z,907404
es.wikipedia,,Pageviews,2026-07-04T20:00:00Z,2026-07-04T21:00:00Z,964238
es.wikipedia,,Pageviews,2026-07-04T21:00:00Z,2026-07-04T22:00:00Z,1129319
es.wikipedia,,Pageviews,2026-07-04T22:00:00Z,2026-07-04T23:00:00Z,1032090
es.wikipedia,,Pageviews,2026-07-04T23:00:00Z,2026-07-05T00:00:00Z,876872
es.wikipedia,,Pageviews,2026-07-05T00:00:00Z,2026-07-05T01:00:00Z,763896
es.wikipedia,,Pageviews,2026-07-05T01:00:00Z,2026-07-05T02:00:00Z,754455
es.wikipedia,,Pageviews,2026-07-05T02:00:00Z,2026-07-05T03:00:00Z,744627
es.wikipedia,,Pageviews,2026-07-05T03:00:00Z,2026-07-05T04:00:00Z,711132
es.wikipedia,,Pageviews,2026-07-05T04:00:00Z,2026-07-05T05:00:00Z,622646
es.wikipedia,,Pageviews,2026-07-05T05:00:00Z,2026-07-05T06:00:00Z,528111
es.wikipedia,,Pageviews,2026-07-05T06:00:00Z,2026-07-05T07:00:00Z,450518
es.wikipedia,,Pageviews,2026-07-05T07:00:00Z,2026-07-05T08:00:00Z,406451
es.wikipedia,,Pageviews,2026-07-05T08:00:00Z,2026-07-05T09:00:00Z,398266
es.wikipedia,,Pageviews,2026-07-05T09:00:00Z,2026-07-05T10:00:00Z,389214
es.wikipedia,,Pageviews,2026-07-05T10:00:00Z,2026-07-05T11:00:00Z,403732
es.wikipedia,,Pageviews,2026-07-05T11:00:00Z,2026-07-05T12:00:00Z,432403
es.wikipedia,,Pageviews,2026-07-05T12:00:00Z,2026-07-05T13:00:00Z,501131
es.wikipedia,,Pageviews,2026-07-05T13:00:00Z,2026-07-05T14:00:00Z,644309
es.wikipedia,,Pageviews,2026-07-05T14:00:00Z,2026-07-05T15:00:00Z,728024
es.wikipedia,,Pageviews,2026-07-05T15:00:00Z,2026-07-05T16:00:00Z,821928
es.wikipedia,,Pageviews,2026-07-05T16:00:00Z,2026-07-05T17:00:00Z,909105
es.wikipedia,,Pageviews,2026-07-05T17:00:00Z,2026-07-05T18:00:00Z,961989
es.wikipedia,,Pageviews,2026-07-05T18:00:00Z,2026-07-05T19:00:00Z,963680
es.wikipedia,,Pageviews,2026-07-05T19:00:00Z,2026-07-05T20:00:00Z,1003628
es.wikipedia,,Pageviews,2026-07-05T20:00:00Z,2026-07-05T21:00:00Z,1230505
es.wikipedia,,Pageviews,2026-07-05T21:00:00Z,2026-07-05T22:00:00Z,1304543
es.wikipedia,,Pageviews,2026-07-05T22:00:00Z,2026-07-05T23:00:00Z,1247097
es.wikipedia,,Pageviews,2026-07-05T23:00:00Z,2026-07-06T00:00:00Z,943157
es.wikipedia,,Pageviews,2026-07-06T00:00:00Z,2026-07-06T01:00:00Z,1001330
es.wikipedia,,Pageviews,2026-07-06T01:00:00Z,2026-07-06T02:00:00Z,1002047
es.wikipedia,,Pageviews,2026-07-06T02:00:00Z,2026-07-06T03:00:00Z,850551
es.wikipedia,,Pageviews,2026-07-06T03:00:00Z,2026-07-06T04:00:00Z,798228
es.wikipedia,,Pageviews,2026-07-06T04:00:00Z,2026-07-06T05:00:00Z,651778
es.wikipedia,,Pageviews,2026-07-06T05:00:00Z,2026-07-06T06:00:00Z,551230
es.wikipedia,,Pageviews,2026-07-06T06:00:00Z,2026-07-06T07:00:00Z,473403
es.wikipedia,,Pageviews,2026-07-06T07:00:00Z,2026-07-06T08:00:00Z,406644
es.wikipedia,,Pageviews,2026-07-06T08:00:00Z,2026-07-06T09:00:00Z,370657
es.wikipedia,,Pageviews,2026-07-06T09:00:00Z,2026-07-06T10:00:00Z,364112
es.wikipedia,,Pageviews,2026-07-06T10:00:00Z,2026-07-06T11:00:00Z,405169
es.wikipedia,,Pageviews,2026-07-06T11:00:00Z,2026-07-06T12:00:00Z,470903
es.wikipedia,,Pageviews,2026-07-06T12:00:00Z,2026-07-06T13:00:00Z,550664
es.wikipedia,,Pageviews,2026-07-06T13:00:00Z,2026-07-06T14:00:00Z,663797
es.wikipedia,,Pageviews,2026-07-06T14:00:00Z,2026-07-06T15:00:00Z,745101
es.wikipedia,,Pageviews,2026-07-06T15:00:00Z,2026-07-06T16:00:00Z,792240
es.wikipedia,,Pageviews,2026-07-06T16:00:00Z,2026-07-06T17:00:00Z,834153
es.wikipedia,,Pageviews,2026-07-06T17:00:00Z,2026-07-06T18:00:00Z,869105
es.wikipedia,,Pageviews,2026-07-06T18:00:00Z,2026-07-06T19:00:00Z,957080
es.wikipedia,,Pageviews,2026-07-06T19:00:00Z,2026-07-06T20:00:00Z,1066238
es.wikipedia,,Pageviews,2026-07-06T20:00:00Z,2026-07-06T21:00:00Z,1155327
es.wikipedia,,Pageviews,2026-07-06T21:00:00Z,2026-07-06T22:00:00Z,1222932
es.wikipedia,,Pageviews,2026-07-06T22:00:00Z,2026-07-06T23:00:00Z,894382
es.wikipedia,,Pageviews,2026-07-06T23:00:00Z,2026-07-07T00:00:00Z,796725
es.wikipedia,,Pageviews,2026-07-07T00:00:00Z,2026-07-07T01:00:00Z,859138
es.wikipedia,,Pageviews,2026-07-07T01:00:00Z,2026-07-07T02:00:00Z,904798
es.wikipedia,,Pageviews,2026-07-07T02:00:00Z,2026-07-07T03:00:00Z,825698
es.wikipedia,,Pageviews,2026-07-07T03:00:00Z,2026-07-07T04:00:00Z,699244
es.wikipedia,,Pageviews,2026-07-07T04:00:00Z,2026-07-07T05:00:00Z,610018
es.wikipedia,,Pageviews,2026-07-07T05:00:00Z,2026-07-07T06:00:00Z,529439
es.wikipedia,,Pageviews,2026-07-07T06:00:00Z,2026-07-07T07:00:00Z,460428
es.wikipedia,,Pageviews,2026-07-07T07:00:00Z,2026-07-07T08:00:00Z,410308
es.wikipedia,,Pageviews,2026-07-07T08:00:00Z,2026-07-07T09:00:00Z,376301
es.wikipedia,,Pageviews,2026-07-07T09:00:00Z,2026-07-07T10:00:00Z,375495
es.wikipedia,,Pageviews,2026-07-07T10:00:00Z,2026-07-07T11:00:00Z,413083
es.wikipedia,,Pageviews,2026-07-07T11:00:00Z,2026-07-07T12:00:00Z,565766
es.wikipedia,,Pageviews,2026-07-07T12:00:00Z,2026-07-07T13:00:00Z,566194
es.wikipedia,,Pageviews,2026-07-07T13:00:00Z,2026-07-07T14:00:00Z,680210
es.wikipedia,,Pageviews,2026-07-07T14:00:00Z,2026-07-07T15:00:00Z,755235
es.wikipedia,,Pageviews,2026-07-07T15:00:00Z,2026-07-07T16:00:00Z,818579
es.wikipedia,,Pageviews,2026-07-07T16:00:00Z,2026-07-07T17:00:00Z,896497
es.wikipedia,,Pageviews,2026-07-07T17:00:00Z,2026-07-07T18:00:00Z,899730
es.wikipedia,,Pageviews,2026-07-07T18:00:00Z,2026-07-07T19:00:00Z,899880
es.wikipedia,,Pageviews,2026-07-07T19:00:00Z,2026-07-07T20:00:00Z,911964
es.wikipedia,,Pageviews,2026-07-07T20:00:00Z,2026-07-07T21:00:00Z,1105516
es.wikipedia,,Pageviews,2026-07-07T21:00:00Z,2026-07-07T22:00:00Z,1099842
es.wikipedia,,Pageviews,2026-07-07T22:00:00Z,2026-07-07T23:00:00Z,1050166
es.wikipedia,,Pageviews,2026-07-07T23:00:00Z,2026-07-08T00:00:00Z,823492
es.wikipedia,,Pageviews,2026-07-08T00:00:00Z,2026-07-08T01:00:00Z,734102
es.wikipedia,,Pageviews,2026-07-08T01:00:00Z,2026-07-08T02:00:00Z,738783
es.wikipedia,,Pageviews,2026-07-08T02:00:00Z,2026-07-08T03:00:00Z,734133
es.wikipedia,,Pageviews,2026-07-08T03:00:00Z,2026-07-08T04:00:00Z,680418
es.wikipedia,,Pageviews,2026-07-08T04:00:00Z,2026-07-08T05:00:00Z,588851
es.wikipedia,,Pageviews,2026-07-08T05:00:00Z,2026-07-08T06:00:00Z,507454
es.wikipedia,,Pageviews,2026-07-08T06:00:00Z,2026-07-08T07:00:00Z,438464
es.wikipedia,,Pageviews,2026-07-08T07:00:00Z,2026-07-08T08:00:00Z,398868
es.wikipedia,,Pageviews,2026-07-08T08:00:00Z,2026-07-08T09:00:00Z,372469
es.wikipedia,,Pageviews,2026-07-08T09:00:00Z,2026-07-08T10:00:00Z,365900
es.wikipedia,,Pageviews,2026-07-08T10:00:00Z,2026-07-08T11:00:00Z,409015
es.wikipedia,,Pageviews,2026-07-08T11:00:00Z,2026-07-08T12:00:00Z,470869
es.wikipedia,,Pageviews,2026-07-08T12:00:00Z,2026-07-08T13:00:00Z,545837
es.wikipedia,,Pageviews,2026-07-08T13:00:00Z,2026-07-08T14:00:00Z,655613
es.wikipedia,,Pageviews,2026-07-08T14:00:00Z,2026-07-08T15:00:00Z,735202
es.wikipedia,,Pageviews,2026-07-08T15:00:00Z,2026-07-08T16:00:00Z,789112
es.wikipedia,,Pageviews,2026-07-08T16:00:00Z,2026-07-08T17:00:00Z,834271
es.wikipedia,,Pageviews,2026-07-08T17:00:00Z,2026-07-08T18:00:00Z,844742
es.wikipedia,,Pageviews,2026-07-08T18:00:00Z,2026-07-08T19:00:00Z,857700
es.wikipedia,,Pageviews,2026-07-08T19:00:00Z,2026-07-08T20:00:00Z,886865
es.wikipedia,,Pageviews,2026-07-08T20:00:00Z,2026-07-08T21:00:00Z,968554
es.wikipedia,,Pageviews,2026-07-08T21:00:00Z,2026-07-08T22:00:00Z,968404
es.wikipedia,,Pageviews,2026-07-08T22:00:00Z,2026-07-08T23:00:00Z,879058
es.wikipedia,,Pageviews,2026-07-08T23:00:00Z,2026-07-09T00:00:00Z,774395
es.wikipedia,,Pageviews,2026-07-09T00:00:00Z,2026-07-09T01:00:00Z,753377
es.wikipedia,,Pageviews,2026-07-09T01:00:00Z,2026-07-09T02:00:00Z,762582
es.wikipedia,,Pageviews,2026-07-09T02:00:00Z,2026-07-09T03:00:00Z,775070
es.wikipedia,,Pageviews,2026-07-09T03:00:00Z,2026-07-09T04:00:00Z,709349
es.wikipedia,,Pageviews,2026-07-09T04:00:00Z,2026-07-09T05:00:00Z,623394
es.wikipedia,,Pageviews,2026-07-09T05:00:00Z,2026-07-09T06:00:00Z,536359
es.wikipedia,,Pageviews,2026-07-09T06:00:00Z,2026-07-09T07:00:00Z,468186
es.wikipedia,,Pageviews,2026-07-09T07:00:00Z,2026-07-09T08:00:00Z,417728
es.wikipedia,,Pageviews,2026-07-09T08:00:00Z,2026-07-09T09:00:00Z,393025
es.wikipedia,,Pageviews,2026-07-09T09:00:00Z,2026-07-09T10:00:00Z,391227
es.wikipedia,,Pageviews,2026-07-09T10:00:00Z,2026-07-09T11:00:00Z,421320
es.wikipedia,,Pageviews,2026-07-09T11:00:00Z,2026-07-09T12:00:00Z,474484
es.wikipedia,,Pageviews,2026-07-09T12:00:00Z,2026-07-09T13:00:00Z,566346
es.wikipedia,,Pageviews,2026-07-09T13:00:00Z,2026-07-09T14:00:00Z,689628
es.wikipedia,,Pageviews,2026-07-09T14:00:00Z,2026-07-09T15:00:00Z,762715
es.wikipedia,,Pageviews,2026-07-09T15:00:00Z,2026-07-09T16:00:00Z,831762
es.wikipedia,,Pageviews,2026-07-09T16:00:00Z,2026-07-09T17:00:00Z,841036
es.wikipedia,,Pageviews,2026-07-09T17:00:00Z,2026-07-09T18:00:00Z,875458
es.wikipedia,,Pageviews,2026-07-09T18:00:00Z,2026-07-09T19:00:00Z,894460
es.wikipedia,,Pageviews,2026-07-09T19:00:00Z,2026-07-09T20:00:00Z,970934
es.wikipedia,,Pageviews,2026-07-09T20:00:00Z,2026-07-09T21:00:00Z,1305119
es.wikipedia,,Pageviews,2026-07-09T21:00:00Z,2026-07-09T22:00:00Z,1321190
es.wikipedia,,Pageviews,2026-07-09T22:00:00Z,2026-07-09T23:00:00Z,994355
es.wikipedia,,Pageviews,2026-07-09T23:00:00Z,2026-07-10T00:00:00Z,824243
es.wikipedia,,Pageviews,2026-07-10T00:00:00Z,2026-07-10T01:00:00Z,802164
es.wikipedia,,Pageviews,2026-07-10T01:00:00Z,2026-07-10T02:00:00Z,787788
es.wikipedia,,Pageviews,2026-07-10T02:00:00Z,2026-07-10T03:00:00Z,774516
es.wikipedia,,Pageviews,2026-07-10T03:00:00Z,2026-07-10T04:00:00Z,730140
es.wikipedia,,Pageviews,2026-07-10T04:00:00Z,2026-07-10T05:00:00Z,629489
es.wikipedia,,Pageviews,2026-07-10T05:00:00Z,2026-07-10T06:00:00Z,545011
es.wikipedia,,Pageviews,2026-07-10T06:00:00Z,2026-07-10T07:00:00Z,473063
es.wikipedia,,Pageviews,2026-07-10T07:00:00Z,2026-07-10T08:00:00Z,415630
es.wikipedia,,Pageviews,2026-07-10T08:00:00Z,2026-07-10T09:00:00Z,383520
es.wikipedia,,Pageviews,2026-07-10T09:00:00Z,2026-07-10T10:00:00Z,378552
es.wikipedia,,Pageviews,2026-07-10T10:00:00Z,2026-07-10T11:00:00Z,411297
es.wikipedia,,Pageviews,2026-07-10T11:00:00Z,2026-07-10T12:00:00Z,470187
es.wikipedia,,Pageviews,2026-07-10T12:00:00Z,2026-07-10T13:00:00Z,552019
es.wikipedia,,Pageviews,2026-07-10T13:00:00Z,2026-07-10T14:00:00Z,670205
es.wikipedia,,Pageviews,2026-07-10T14:00:00Z,2026-07-10T15:00:00Z,742873
es.wikipedia,,Pageviews,2026-07-10T15:00:00Z,2026-07-10T16:00:00Z,798437
es.wikipedia,,Pageviews,2026-07-10T16:00:00Z,2026-07-10T17:00:00Z,838680
es.wikipedia,,Pageviews,2026-07-10T17:00:00Z,2026-07-10T18:00:00Z,874851
es.wikipedia,,Pageviews,2026-07-10T18:00:00Z,2026-07-10T19:00:00Z,927881
es.wikipedia,,Pageviews,2026-07-10T19:00:00Z,2026-07-10T20:00:00Z,1148939
es.wikipedia,,Pageviews,2026-07-10T20:00:00Z,2026-07-10T21:00:00Z,1218263
es.wikipedia,,Pageviews,2026-07-10T21:00:00Z,2026-07-10T22:00:00Z,1242215
es.wikipedia,,Pageviews,2026-07-10T22:00:00Z,2026-07-10T23:00:00Z,907362
es.wikipedia,,Pageviews,2026-07-10T23:00:00Z,2026-07-11T00:00:00Z,799357
es.wikipedia,,Pageviews,2026-07-11T00:00:00Z,2026-07-11T01:00:00Z,747159
es.wikipedia,,Pageviews,2026-07-11T01:00:00Z,2026-07-11T02:00:00Z,746005
es.wikipedia,,Pageviews,2026-07-11T02:00:00Z,2026-07-11T03:00:00Z,746373
es.wikipedia,,Pageviews,2026-07-11T03:00:00Z,2026-07-11T04:00:00Z,705371
es.wikipedia,,Pageviews,2026-07-11T04:00:00Z,2026-07-11T05:00:00Z,620151
es.wikipedia,,Pageviews,2026-07-11T05:00:00Z,2026-07-11T06:00:00Z,535607
es.wikipedia,,Pageviews,2026-07-11T06:00:00Z,2026-07-11T07:00:00Z,464821
es.wikipedia,,Pageviews,2026-07-11T07:00:00Z,2026-07-11T08:00:00Z,416653
es.wikipedia,,Pageviews,2026-07-11T08:00:00Z,2026-07-11T09:00:00Z,386502
es.wikipedia,,Pageviews,2026-07-11T09:00:00Z,2026-07-11T10:00:00Z,384316
es.wikipedia,,Pageviews,2026-07-11T10:00:00Z,2026-07-11T11:00:00Z,396728
es.wikipedia,,Pageviews,2026-07-11T11:00:00Z,2026-07-11T12:00:00Z,453942
es.wikipedia,,Pageviews,2026-07-11T12:00:00Z,2026-07-11T13:00:00Z,535520
es.wikipedia,,Pageviews,2026-07-11T13:00:00Z,2026-07-11T14:00:00Z,655608
es.wikipedia,,Pageviews,2026-07-11T14:00:00Z,2026-07-11T15:00:00Z,775100
es.wikipedia,,Pageviews,2026-07-11T15:00:00Z,2026-07-11T16:00:00Z,838780
es.wikipedia,,Pageviews,2026-07-11T16:00:00Z,2026-07-11T17:00:00Z,882370
es.wikipedia,,Pageviews,2026-07-11T17:00:00Z,2026-07-11T18:00:00Z,906999
es.wikipedia,,Pageviews,2026-07-11T18:00:00Z,2026-07-11T19:00:00Z,891431
es.wikipedia,,Pageviews,2026-07-11T19:00:00Z,2026-07-11T20:00:00Z,912862
es.wikipedia,,Pageviews,2026-07-11T20:00:00Z,2026-07-11T21:00:00Z,1007888
es.wikipedia,,Pageviews,2026-07-11T21:00:00Z,2026-07-11T22:00:00Z,1232447
es.wikipedia,,Pageviews,2026-07-11T22:00:00Z,2026-07-11T23:00:00Z,1177788
es.wikipedia,,Pageviews,2026-07-11T23:00:00Z,2026-07-12T00:00:00Z,1073103
es.wikipedia,,Pageviews,2026-07-12T00:00:00Z,2026-07-12T01:00:00Z,896274
es.wikipedia,,Pageviews,2026-07-12T01:00:00Z,2026-07-12T02:00:00Z,981624
es.wikipedia,,Pageviews,2026-07-12T02:00:00Z,2026-07-12T03:00:00Z,837350
es.wikipedia,,Pageviews,2026-07-12T03:00:00Z,2026-07-12T04:00:00Z,873547
es.wikipedia,,Pageviews,2026-07-12T04:00:00Z,2026-07-12T05:00:00Z,749949
es.wikipedia,,Pageviews,2026-07-12T05:00:00Z,2026-07-12T06:00:00Z,577841
es.wikipedia,,Pageviews,2026-07-12T06:00:00Z,2026-07-12T07:00:00Z,487907
es.wikipedia,,Pageviews,2026-07-12T07:00:00Z,2026-07-12T08:00:00Z,428527
es.wikipedia,,Pageviews,2026-07-12T08:00:00Z,2026-07-12T09:00:00Z,403939
es.wikipedia,,Pageviews,2026-07-12T09:00:00Z,2026-07-12T10:00:00Z,396244
es.wikipedia,,Pageviews,2026-07-12T10:00:00Z,2026-07-12T11:00:00Z,406409
es.wikipedia,,Pageviews,2026-07-12T11:00:00Z,2026-07-12T12:00:00Z,441248
es.wikipedia,,Pageviews,2026-07-12T12:00:00Z,2026-07-12T13:00:00Z,510161
es.wikipedia,,Pageviews,2026-07-12T13:00:00Z,2026-07-12T14:00:00Z,655977
es.wikipedia,,Pageviews,2026-07-12T14:00:00Z,2026-07-12T15:00:00Z,788609
es.wikipedia,,Pageviews,2026-07-12T15:00:00Z,2026-07-12T16:00:00Z,876285
es.wikipedia,,Pageviews,2026-07-12T16:00:00Z,2026-07-12T17:00:00Z,955560
es.wikipedia,,Pageviews,2026-07-12T17:00:00Z,2026-07-12T18:00:00Z,999699
es.wikipedia,,Pageviews,2026-07-12T18:00:00Z,2026-07-12T19:00:00Z,1014177
es.wikipedia,,Pageviews,2026-07-12T19:00:00Z,2026-07-12T20:00:00Z,1057280
es.wikipedia,,Pageviews,2026-07-12T20:00:00Z,2026-07-12T21:00:00Z,1125787
es.wikipedia,,Pageviews,2026-07-12T21:00:00Z,2026-07-12T22:00:00Z,1108211
es.wikipedia,,Pageviews,2026-07-12T22:00:00Z,2026-07-12T23:00:00Z,1016917
es.wikipedia,,Pageviews,2026-07-12T23:00:00Z,2026-07-13T00:00:00Z,922547
es.wikipedia,,Pageviews,2026-07-13T00:00:00Z,2026-07-13T01:00:00Z,860297
es.wikipedia,,Pageviews,2026-07-13T01:00:00Z,2026-07-13T02:00:00Z,857533
es.wikipedia,,Pageviews,2026-07-13T02:00:00Z,2026-07-13T03:00:00Z,852902
es.wikipedia,,Pageviews,2026-07-13T03:00:00Z,2026-07-13T04:00:00Z,781024
es.wikipedia,,Pageviews,2026-07-13T04:00:00Z,2026-07-13T05:00:00Z,689759
es.wikipedia,,Pageviews,2026-07-13T05:00:00Z,2026-07-13T06:00:00Z,589178
es.wikipedia,,Pageviews,2026-07-13T06:00:00Z,2026-07-13T07:00:00Z,506107
es.wikipedia,,Pageviews,2026-07-13T07:00:00Z,2026-07-13T08:00:00Z,454641
es.wikipedia,,Pageviews,2026-07-13T08:00:00Z,2026-07-13T09:00:00Z,420454
es.wikipedia,,Pageviews,2026-07-13T09:00:00Z,2026-07-13T10:00:00Z,409614
es.wikipedia,,Pageviews,2026-07-13T10:00:00Z,2026-07-13T11:00:00Z,442737
es.wikipedia,,Pageviews,2026-07-13T11:00:00Z,2026-07-13T12:00:00Z,513390
es.wikipedia,,Pageviews,2026-07-13T12:00:00Z,2026-07-13T13:00:00Z,598867
es.wikipedia,,Pageviews,2026-07-13T13:00:00Z,2026-07-13T14:00:00Z,714992
es.wikipedia,,Pageviews,2026-07-13T14:00:00Z,2026-07-13T15:00:00Z,790559
es.wikipedia,,Pageviews,2026-07-13T15:00:00Z,2026-07-13T16:00:00Z,838521
es.wikipedia,,Pageviews,2026-07-13T16:00:00Z,2026-07-13T17:00:00Z,868890
es.wikipedia,,Pageviews,2026-07-13T17:00:00Z,2026-07-13T18:00:00Z,883870
es.wikipedia,,Pageviews,2026-07-13T18:00:00Z,2026-07-13T19:00:00Z,909320
es.wikipedia,,Pageviews,2026-07-13T19:00:00Z,2026-07-13T20:00:00Z,938128
es.wikipedia,,Pageviews,2026-07-13T20:00:00Z,2026-07-13T21:00:00Z,1040741
es.wikipedia,,Pageviews,2026-07-13T21:00:00Z,2026-07-13T22:00:00Z,1032547
es.wikipedia,,Pageviews,2026-07-13T22:00:00Z,2026-07-13T23:00:00Z,929569
es.wikipedia,,Pageviews,2026-07-13T23:00:00Z,2026-07-14T00:00:00Z,803654
es.wikipedia,,Pageviews,2026-07-14T00:00:00Z,2026-07-14T01:00:00Z,785906
es.wikipedia,,Pageviews,2026-07-14T01:00:00Z,2026-07-14T02:00:00Z,802831
es.wikipedia,,Pageviews,2026-07-14T02:00:00Z,2026-07-14T03:00:00Z,786502
es.wikipedia,,Pageviews,2026-07-14T03:00:00Z,2026-07-14T04:00:00Z,705709
es.wikipedia,,Pageviews,2026-07-14T04:00:00Z,2026-07-14T05:00:00Z,615966
es.wikipedia,,Pageviews,2026-07-14T05:00:00Z,2026-07-14T06:00:00Z,528034
es.wikipedia,,Pageviews,2026-07-14T06:00:00Z,2026-07-14T07:00:00Z,455071
es.wikipedia,,Pageviews,2026-07-14T07:00:00Z,2026-07-14T08:00:00Z,405794
es.wikipedia,,Pageviews,2026-07-14T08:00:00Z,2026-07-14T09:00:00Z,380746
es.wikipedia,,Pageviews,2026-07-14T09:00:00Z,2026-07-14T10:00:00Z,381492
es.wikipedia,,Pageviews,2026-07-14T10:00:00Z,2026-07-14T11:00:00Z,416324
es.wikipedia,,Pageviews,2026-07-14T11:00:00Z,2026-07-14T12:00:00Z,473988
es.wikipedia,,Pageviews,2026-07-14T12:00:00Z,2026-07-14T13:00:00Z,565282
es.wikipedia,,Pageviews,2026-07-14T13:00:00Z,2026-07-14T14:00:00Z,678997
es.wikipedia,,Pageviews,2026-07-14T14:00:00Z,2026-07-14T15:00:00Z,732310
es.wikipedia,,Pageviews,2026-07-14T15:00:00Z,2026-07-14T16:00:00Z,762184
es.wikipedia,,Pageviews,2026-07-14T16:00:00Z,2026-07-14T17:00:00Z,813964
es.wikipedia,,Pageviews,2026-07-14T17:00:00Z,2026-07-14T18:00:00Z,843621
es.wikipedia,,Pageviews,2026-07-14T18:00:00Z,2026-07-14T19:00:00Z,910777
es.wikipedia,,Pageviews,2026-07-14T19:00:00Z,2026-07-14T20:00:00Z,1155785
es.wikipedia,,Pageviews,2026-07-14T20:00:00Z,2026-07-14T21:00:00Z,1361201
es.wikipedia,,Pageviews,2026-07-14T21:00:00Z,2026-07-14T22:00:00Z,1386738
es.wikipedia,,Pageviews,2026-07-14T22:00:00Z,2026-07-14T23:00:00Z,931174
es.wikipedia,,Pageviews,2026-07-14T23:00:00Z,2026-07-15T00:00:00Z,797108
es.wikipedia,,Pageviews,2026-07-15T00:00:00Z,2026-07-15T01:00:00Z,735432
es.wikipedia,,Pageviews,2026-07-15T01:00:00Z,2026-07-15T02:00:00Z,765826
es.wikipedia,,Pageviews,2026-07-15T02:00:00Z,2026-07-15T03:00:00Z,739389
es.wikipedia,,Pageviews,2026-07-15T03:00:00Z,2026-07-15T04:00:00Z,691218
es.wikipedia,,Pageviews,2026-07-15T04:00:00Z,2026-07-15T05:00:00Z,594129
es.wikipedia,,Pageviews,2026-07-15T05:00:00Z,2026-07-15T06:00:00Z,541232
es.wikipedia,,Pageviews,2026-07-15T06:00:00Z,2026-07-15T07:00:00Z,483715
es.wikipedia,,Pageviews,2026-07-15T07:00:00Z,2026-07-15T08:00:00Z,426640
es.wikipedia,,Pageviews,2026-07-15T08:00:00Z,2026-07-15T09:00:00Z,420555
es.wikipedia,,Pageviews,2026-07-15T09:00:00Z,2026-07-15T10:00:00Z,413411
es.wikipedia,,Pageviews,2026-07-15T10:00:00Z,2026-07-15T11:00:00Z,442936
es.wikipedia,,Pageviews,2026-07-15T11:00:00Z,2026-07-15T12:00:00Z,509254
es.wikipedia,,Pageviews,2026-07-15T12:00:00Z,2026-07-15T13:00:00Z,596907
es.wikipedia,,Pageviews,2026-07-15T13:00:00Z,2026-07-15T14:00:00Z,711829
es.wikipedia,,Pageviews,2026-07-15T14:00:00Z,2026-07-15T15:00:00Z,761251
es.wikipedia,,Pageviews,2026-07-15T15:00:00Z,2026-07-15T16:00:00Z,812019
es.wikipedia,,Pageviews,2026-07-15T16:00:00Z,2026-07-15T17:00:00Z,838336
es.wikipedia,,Pageviews,2026-07-15T17:00:00Z,2026-07-15T18:00:00Z,864522
es.wikipedia,,Pageviews,2026-07-15T18:00:00Z,2026-07-15T19:00:00Z,953759
es.wikipedia,,Pageviews,2026-07-15T19:00:00Z,2026-07-15T20:00:00Z,1143465
es.wikipedia,,Pageviews,2026-07-15T20:00:00Z,2026-07-15T21:00:00Z,1146400
es.wikipedia,,Pageviews,2026-07-15T21:00:00Z,2026-07-15T22:00:00Z,1149003
es.wikipedia,,Pageviews,2026-07-15T22:00:00Z,2026-07-15T23:00:00Z,890940
es.wikipedia,,Pageviews,2026-07-15T23:00:00Z,2026-07-16T00:00:00Z,756956
es.wikipedia,,Pageviews,2026-07-16T00:00:00Z,2026-07-16T01:00:00Z,726001
es.wikipedia,,Pageviews,2026-07-16T01:00:00Z,2026-07-16T02:00:00Z,718476
es.wikipedia,,Pageviews,2026-07-16T02:00:00Z,2026-07-16T03:00:00Z,713662
es.wikipedia,,Pageviews,2026-07-16T03:00:00Z,2026-07-16T04:00:00Z,663590
es.wikipedia,,Pageviews,2026-07-16T04:00:00Z,2026-07-16T05:00:00Z,585404
es.wikipedia,,Pageviews,2026-07-16T05:00:00Z,2026-07-16T06:00:00Z,520628
es.wikipedia,,Pageviews,2026-07-16T06:00:00Z,2026-07-16T07:00:00Z,458885
es.wikipedia,,Pageviews,2026-07-16T07:00:00Z,2026-07-16T08:00:00Z,411532
es.wikipedia,,Pageviews,2026-07-16T08:00:00Z,2026-07-16T09:00:00Z,382867
es.wikipedia,,Pageviews,2026-07-16T09:00:00Z,2026-07-16T10:00:00Z,380996
es.wikipedia,,Pageviews,2026-07-16T10:00:00Z,2026-07-16T11:00:00Z,414559
es.wikipedia,,Pageviews,2026-07-16T11:00:00Z,2026-07-16T12:00:00Z,474045
es.wikipedia,,Pageviews,2026-07-16T12:00:00Z,2026-07-16T13:00:00Z,546981
es.wikipedia,,Pageviews,2026-07-16T13:00:00Z,2026-07-16T14:00:00Z,662034
es.wikipedia,,Pageviews,2026-07-16T14:00:00Z,2026-07-16T15:00:00Z,727860
es.wikipedia,,Pageviews,2026-07-16T15:00:00Z,2026-07-16T16:00:00Z,768501
es.wikipedia,,Pageviews,2026-07-16T16:00:00Z,2026-07-16T17:00:00Z,813771
es.wikipedia,,Pageviews,2026-07-16T17:00:00Z,2026-07-16T18:00:00Z,829523
es.wikipedia,,Pageviews,2026-07-16T18:00:00Z,2026-07-16T19:00:00Z,841569
es.wikipedia,,Pageviews,2026-07-16T19:00:00Z,2026-07-16T20:00:00Z,860902
es.wikipedia,,Pageviews,2026-07-16T20:00:00Z,2026-07-16T21:00:00Z,929722
es.wikipedia,,Pageviews,2026-07-16T21:00:00Z,2026-07-16T22:00:00Z,941078
es.wikipedia,,Pageviews,2026-07-16T22:00:00Z,2026-07-16T23:00:00Z,857055
es.wikipedia,,Pageviews,2026-07-16T23:00:00Z,2026-07-17T00:00:00Z,759430
es.wikipedia,,Pageviews,2026-07-17T00:00:00Z,2026-07-17T01:00:00Z,739510
es.wikipedia,,Pageviews,2026-07-17T01:00:00Z,2026-07-17T02:00:00Z,752994
es.wikipedia,,Pageviews,2026-07-17T02:00:00Z,2026-07-17T03:00:00Z,758396
es.wikipedia,,Pageviews,2026-07-17T03:00:00Z,2026-07-17T04:00:00Z,711407
es.wikipedia,,Pageviews,2026-07-17T04:00:00Z,2026-07-17T05:00:00Z,623192
es.wikipedia,,Pageviews,2026-07-17T05:00:00Z,2026-07-17T06:00:00Z,541676
es.wikipedia,,Pageviews,2026-07-17T06:00:00Z,2026-07-17T07:00:00Z,474722
es.wikipedia,,Pageviews,2026-07-17T07:00:00Z,2026-07-17T08:00:00Z,419223
es.wikipedia,,Pageviews,2026-07-17T08:00:00Z,2026-07-17T09:00:00Z,391995
es.wikipedia,,Pageviews,2026-07-17T09:00:00Z,2026-07-17T10:00:00Z,378314
es.wikipedia,,Pageviews,2026-07-17T10:00:00Z,2026-07-17T11:00:00Z,412801
es.wikipedia,,Pageviews,2026-07-17T11:00:00Z,2026-07-17T12:00:00Z,470633
es.wikipedia,,Pageviews,2026-07-17T12:00:00Z,2026-07-17T13:00:00Z,544372
es.wikipedia,,Pageviews,2026-07-17T13:00:00Z,2026-07-17T14:00:00Z,684374
es.wikipedia,,Pageviews,2026-07-17T14:00:00Z,2026-07-17T15:00:00Z,758310
es.wikipedia,,Pageviews,2026-07-17T15:00:00Z,2026-07-17T16:00:00Z,814667
es.wikipedia,,Pageviews,2026-07-17T16:00:00Z,2026-07-17T17:00:00Z,842359
es.wikipedia,,Pageviews,2026-07-17T17:00:00Z,2026-07-17T18:00:00Z,858464
es.wikipedia,,Pageviews,2026-07-17T18:00:00Z,2026-07-17T19:00:00Z,868311
es.wikipedia,,Pageviews,2026-07-17T19:00:00Z,2026-07-17T20:00:00Z,895576
es.wikipedia,,Pageviews,2026-07-17T20:00:00Z,2026-07-17T21:00:00Z,957596
es.wikipedia,,Pageviews,2026-07-17T21:00:00Z,2026-07-17T22:00:00Z,997134
es.wikipedia,,Pageviews,2026-07-17T22:00:00Z,2026-07-17T23:00:00Z,924067
es.wikipedia,,Pageviews,2026-07-17T23:00:00Z,2026-07-18T00:00:00Z,811465
es.wikipedia,,Pageviews,2026-07-18T00:00:00Z,2026-07-18T01:00:00Z,763980
es.wikipedia,,Pageviews,2026-07-18T01:00:00Z,2026-07-18T02:00:00Z,763139
es.wikipedia,,Pageviews,2026-07-18T02:00:00Z,2026-07-18T03:00:00Z,772795
es.wikipedia,,Pageviews,2026-07-18T03:00:00Z,2026-07-18T04:00:00Z,691268
es.wikipedia,,Pageviews,2026-07-18T04:00:00Z,2026-07-18T05:00:00Z,602289
es.wikipedia,,Pageviews,2026-07-18T05:00:00Z,2026-07-18T06:00:00Z,519992
es.wikipedia,,Pageviews,2026-07-18T06:00:00Z,2026-07-18T07:00:00Z,451204
es.wikipedia,,Pageviews,2026-07-18T07:00:00Z,2026-07-18T08:00:00Z,403901
es.wikipedia,,Pageviews,2026-07-18T08:00:00Z,2026-07-18T09:00:00Z,388557
es.wikipedia,,Pageviews,2026-07-18T09:00:00Z,2026-07-18T10:00:00Z,379722
es.wikipedia,,Pageviews,2026-07-18T10:00:00Z,2026-07-18T11:00:00Z,396502
es.wikipedia,,Pageviews,2026-07-18T11:00:00Z,2026-07-18T12:00:00Z,433992
es.wikipedia,,Pageviews,2026-07-18T12:00:00Z,2026-07-18T13:00:00Z,518544
es.wikipedia,,Pageviews,2026-07-18T13:00:00Z,2026-07-18T14:00:00Z,644564
es.wikipedia,,Pageviews,2026-07-18T14:00:00Z,2026-07-18T15:00:00Z,731916
es.wikipedia,,Pageviews,2026-07-18T15:00:00Z,2026-07-18T16:00:00Z,795016
es.wikipedia,,Pageviews,2026-07-18T16:00:00Z,2026-07-18T17:00:00Z,848644
es.wikipedia,,Pageviews,2026-07-18T17:00:00Z,2026-07-18T18:00:00Z,875914
es.wikipedia,,Pageviews,2026-07-18T18:00:00Z,2026-07-18T19:00:00Z,880596
es.wikipedia,,Pageviews,2026-07-18T19:00:00Z,2026-07-18T20:00:00Z,907426
es.wikipedia,,Pageviews,2026-07-18T20:00:00Z,2026-07-18T21:00:00Z,990077
es.wikipedia,,Pageviews,2026-07-18T21:00:00Z,2026-07-18T22:00:00Z,1070511
es.wikipedia,,Pageviews,2026-07-18T22:00:00Z,2026-07-18T23:00:00Z,1036380
es.wikipedia,,Pageviews,2026-07-18T23:00:00Z,2026-07-19T00:00:00Z,953361
es.wikipedia,,Pageviews,2026-07-19T00:00:00Z,2026-07-19T01:00:00Z,805332
es.wikipedia,,Pageviews,2026-07-19T01:00:00Z,2026-07-19T02:00:00Z,799272
es.wikipedia,,Pageviews,2026-07-19T02:00:00Z,2026-07-19T03:00:00Z,781926
es.wikipedia,,Pageviews,2026-07-19T03:00:00Z,2026-07-19T04:00:00Z,749309
es.wikipedia,,Pageviews,2026-07-19T04:00:00Z,2026-07-19T05:00:00Z,669476
es.wikipedia,,Pageviews,2026-07-19T05:00:00Z,2026-07-19T06:00:00Z,574343
es.wikipedia,,Pageviews,2026-07-19T06:00:00Z,2026-07-19T07:00:00Z,492702
es.wikipedia,,Pageviews,2026-07-19T07:00:00Z,2026-07-19T08:00:00Z,456062
es.wikipedia,,Pageviews,2026-07-19T08:00:00Z,2026-07-19T09:00:00Z,430581
es.wikipedia,,Pageviews,2026-07-19T09:00:00Z,2026-07-19T10:00:00Z,434096
es.wikipedia,,Pageviews,2026-07-19T10:00:00Z,2026-07-19T11:00:00Z,454458
es.wikipedia,,Pageviews,2026-07-19T11:00:00Z,2026-07-19T12:00:00Z,473148
es.wikipedia,,Pageviews,2026-07-19T12:00:00Z,2026-07-19T13:00:00Z,553468
es.wikipedia,,Pageviews,2026-07-19T13:00:00Z,2026-07-19T14:00:00Z,699352
es.wikipedia,,Pageviews,2026-07-19T14:00:00Z,2026-07-19T15:00:00Z,795941
es.wikipedia,,Pageviews,2026-07-19T15:00:00Z,2026-07-19T16:00:00Z,868379
es.wikipedia,,Pageviews,2026-07-19T16:00:00Z,2026-07-19T17:00:00Z,944620
es.wikipedia,,Pageviews,2026-07-19T17:00:00Z,2026-07-19T18:00:00Z,1007923
es.wikipedia,,Pageviews,2026-07-19T18:00:00Z,2026-07-19T19:00:00Z,1206545
es.wikipedia,,Pageviews,2026-07-19T19:00:00Z,2026-07-19T20:00:00Z,1332231
es.wikipedia,,Pageviews,2026-07-19T20:00:00Z,2026-07-19T21:00:00Z,1467673
es.wikipedia,,Pageviews,2026-07-19T21:00:00Z,2026-07-19T22:00:00Z,1086881
es.wikipedia,,Pageviews,2026-07-19T22:00:00Z,2026-07-19T23:00:00Z,1952123
es.wikipedia,,Pageviews,2026-07-19T23:00:00Z,2026-07-20T00:00:00Z,1177455
es.wikipedia,,Pageviews,2026-07-20T00:00:00Z,2026-07-20T01:00:00Z,953096
es.wikipedia,,Pageviews,2026-07-20T01:00:00Z,2026-07-20T02:00:00Z,901490
es.wikipedia,,Pageviews,2026-07-20T02:00:00Z,2026-07-20T03:00:00Z,860806
es.wikipedia,,Pageviews,2026-07-20T03:00:00Z,2026-07-20T04:00:00Z,807377
es.wikipedia,,Pageviews,2026-07-20T04:00:00Z,2026-07-20T05:00:00Z,709450
es.wikipedia,,Pageviews,2026-07-20T05:00:00Z,2026-07-20T06:00:00Z,597737
es.wikipedia,,Pageviews,2026-07-20T06:00:00Z,2026-07-20T07:00:00Z,527367
es.wikipedia,,Pageviews,2026-07-20T07:00:00Z,2026-07-20T08:00:00Z,478621
es.wikipedia,,Pageviews,2026-07-20T08:00:00Z,2026-07-20T09:00:00Z,450267
es.wikipedia,,Pageviews,2026-07-20T09:00:00Z,2026-07-20T10:00:00Z,432972
es.wikipedia,,Pageviews,2026-07-20T10:00:00Z,2026-07-20T11:00:00Z,464434
es.wikipedia,,Pageviews,2026-07-20T11:00:00Z,2026-07-20T12:00:00Z,525410
es.wikipedia,,Pageviews,2026-07-20T12:00:00Z,2026-07-20T13:00:00Z,612925
es.wikipedia,,Pageviews,2026-07-20T13:00:00Z,2026-07-20T14:00:00Z,745846
es.wikipedia,,Pageviews,2026-07-20T14:00:00Z,2026-07-20T15:00:00Z,797177
es.wikipedia,,Pageviews,2026-07-20T15:00:00Z,2026-07-20T16:00:00Z,860638
es.wikipedia,,Pageviews,2026-07-20T16:00:00Z,2026-07-20T17:00:00Z,911969
es.wikipedia,,Pageviews,2026-07-20T17:00:00Z,2026-07-20T18:00:00Z,948969
es.wikipedia,,Pageviews,2026-07-20T18:00:00Z,2026-07-20T19:00:00Z,972386
es.wikipedia,,Pageviews,2026-07-20T19:00:00Z,2026-07-20T20:00:00Z,1043434
es.wikipedia,,Pageviews,2026-07-20T20:00:00Z,2026-07-20T21:00:00Z,1232174
es.wikipedia,,Pageviews,2026-07-20T21:00:00Z,2026-07-20T22:00:00Z,1090177
es.wikipedia,,Pageviews,2026-07-20T22:00:00Z,2026-07-20T23:00:00Z,925886
es.wikipedia,,Pageviews,2026-07-20T23:00:00Z,2026-07-21T00:00:00Z,813962
es.wikipedia,,Pageviews,2026-07-21T00:00:00Z,2026-07-21T01:00:00Z,769745
es.wikipedia,,Pageviews,2026-07-21T01:00:00Z,2026-07-21T02:00:00Z,772462
es.wikipedia,,Pageviews,2026-07-21T02:00:00Z,2026-07-21T03:00:00Z,767855
es.wikipedia,,Pageviews,2026-07-21T03:00:00Z,2026-07-21T04:00:00Z,716214
es.wikipedia,,Pageviews,2026-07-21T04:00:00Z,2026-07-21T05:00:00Z,624107
es.wikipedia,,Pageviews,2026-07-21T05:00:00Z,2026-07-21T06:00:00Z,533459
es.wikipedia,,Pageviews,2026-07-21T06:00:00Z,2026-07-21T07:00:00Z,462800
es.wikipedia,,Pageviews,2026-07-21T07:00:00Z,2026-07-21T08:00:00Z,413537
es.wikipedia,,Pageviews,2026-07-21T08:00:00Z,2026-07-21T09:00:00Z,389869
es.wikipedia,,Pageviews,2026-07-21T09:00:00Z,2026-07-21T10:00:00Z,383308
es.wikipedia,,Pageviews,2026-07-21T10:00:00Z,2026-07-21T11:00:00Z,432118
es.wikipedia,,Pageviews,2026-07-21T11:00:00Z,2026-07-21T12:00:00Z,485213
es.wikipedia,,Pageviews,2026-07-21T12:00:00Z,2026-07-21T13:00:00Z,561900
es.wikipedia,,Pageviews,2026-07-21T13:00:00Z,2026-07-21T14:00:00Z,675872
es.wikipedia,,Pageviews,2026-07-21T14:00:00Z,2026-07-21T15:00:00Z,760229
es.wikipedia,,Pageviews,2026-07-21T15:00:00Z,2026-07-21T16:00:00Z,792360
es.wikipedia,,Pageviews,2026-07-21T16:00:00Z,2026-07-21T17:00:00Z,833754
es.wikipedia,,Pageviews,2026-07-21T17:00:00Z,2026-07-21T18:00:00Z,865630
es.wikipedia,,Pageviews,2026-07-21T18:00:00Z,2026-07-21T19:00:00Z,882411
es.wikipedia,,Pageviews,2026-07-21T19:00:00Z,2026-07-21T20:00:00Z,921749
es.wikipedia,,Pageviews,2026-07-21T20:00:00Z,2026-07-21T21:00:00Z,1011401
es.wikipedia,,Pageviews,2026-07-21T21:00:00Z,2026-07-21T22:00:00Z,977700
es.wikipedia,,Pageviews,2026-07-21T22:00:00Z,2026-07-21T23:00:00Z,891991
es.wikipedia,,Pageviews,2026-07-21T23:00:00Z,2026-07-22T00:00:00Z,798328
es.wikipedia,,Pageviews,2026-07-22T00:00:00Z,2026-07-22T01:00:00Z,750530
es.wikipedia,,Pageviews,2026-07-22T01:00:00Z,2026-07-22T02:00:00Z,748999
es.wikipedia,,Pageviews,2026-07-22T02:00:00Z,2026-07-22T03:00:00Z,765564
es.wikipedia,,Pageviews,2026-07-22T03:00:00Z,2026-07-22T04:00:00Z,686767
es.wikipedia,,Pageviews,2026-07-22T04:00:00Z,2026-07-22T05:00:00Z,597727
es.wikipedia,,Pageviews,2026-07-22T05:00:00Z,2026-07-22T06:00:00Z,514683
es.wikipedia,,Pageviews,2026-07-22T06:00:00Z,2026-07-22T07:00:00Z,445667
es.wikipedia,,Pageviews,2026-07-22T07:00:00Z,2026-07-22T08:00:00Z,397878
es.wikipedia,,Pageviews,2026-07-22T08:00:00Z,2026-07-22T09:00:00Z,379218
es.wikipedia,,Pageviews,2026-07-22T09:00:00Z,2026-07-22T10:00:00Z,380578
es.wikipedia,,Pageviews,2026-07-22T10:00:00Z,2026-07-22T11:00:00Z,413835
es.wikipedia,,Pageviews,2026-07-22T11:00:00Z,2026-07-22T12:00:00Z,475398
es.wikipedia,,Pageviews,2026-07-22T12:00:00Z,2026-07-22T13:00:00Z,547751
es.wikipedia,,Pageviews,2026-07-22T13:00:00Z,2026-07-22T14:00:00Z,652089
es.wikipedia,,Pageviews,2026-07-22T14:00:00Z,2026-07-22T15:00:00Z,721666
es.wikipedia,,Pageviews,2026-07-22T15:00:00Z,2026-07-22T16:00:00Z,763434
es.wikipedia,,Pageviews,2026-07-22T16:00:00Z,2026-07-22T17:00:00Z,795748
es.wikipedia,,Pageviews,2026-07-22T17:00:00Z,2026-07-22T18:00:00Z,823181
es.wikipedia,,Pageviews,2026-07-22T18:00:00Z,2026-07-22T19:00:00Z,836502
es.wikipedia,,Pageviews,2026-07-22T19:00:00Z,2026-07-22T20:00:00Z,869891
es.wikipedia,,Pageviews,2026-07-22T20:00:00Z,2026-07-22T21:00:00Z,951754
es.wikipedia,,Pageviews,2026-07-22T21:00:00Z,2026-07-22T22:00:00Z,941684
es.wikipedia,,Pageviews,2026-07-22T22:00:00Z,2026-07-22T23:00:00Z,849468
es.wikipedia,,Pageviews,2026-07-22T23:00:00Z,2026-07-23T00:00:00Z,759154
es.wikipedia,,Pageviews,2026-07-23T00:00:00Z,2026-07-23T01:00:00Z,726418
es.wikipedia,,Pageviews,2026-07-23T01:00:00Z,2026-07-23T02:00:00Z,731720
es.wikipedia,,Pageviews,2026-07-23T02:00:00Z,2026-07-23T03:00:00Z,727756
es.wikipedia,,Pageviews,2026-07-23T03:00:00Z,2026-07-23T04:00:00Z,678785
es.wikipedia,,Pageviews,2026-07-23T04:00:00Z,2026-07-23T05:00:00Z,589574
es.wikipedia,,Pageviews,2026-07-23T05:00:00Z,2026-07-23T06:00:00Z,507994
es.wikipedia,,Pageviews,2026-07-23T06:00:00Z,2026-07-23T07:00:00Z,446727
es.wikipedia,,Pageviews,2026-07-23T07:00:00Z,2026-07-23T08:00:00Z,400248
es.wikipedia,,Pageviews,2026-07-23T08:00:00Z,2026-07-23T09:00:00Z,384991
es.wikipedia,,Pageviews,2026-07-23T09:00:00Z,2026-07-23T10:00:00Z,376750
es.wikipedia,,Pageviews,2026-07-23T10:00:00Z,2026-07-23T11:00:00Z,408655
es.wikipedia,,Pageviews,2026-07-23T11:00:00Z,2026-07-23T12:00:00Z,473523
es.wikipedia,,Pageviews,2026-07-23T12:00:00Z,2026-07-23T13:00:00Z,548347
es.wikipedia,,Pageviews,2026-07-23T13:00:00Z,2026-07-23T14:00:00Z,645502
es.wikipedia,,Pageviews,2026-07-23T14:00:00Z,2026-07-23T15:00:00Z,724629
es.wikipedia,,Pageviews,2026-07-23T15:00:00Z,2026-07-23T16:00:00Z,766234
es.wikipedia,,Pageviews,2026-07-23T16:00:00Z,2026-07-23T17:00:00Z,799871
es.wikipedia,,Pageviews,2026-07-23T17:00:00Z,2026-07-23T18:00:00Z,833003
es.wikipedia,,Pageviews,2026-07-23T18:00:00Z,2026-07-23T19:00:00Z,855091
es.wikipedia,,Pageviews,2026-07-23T19:00:00Z,2026-07-23T20:00:00Z,870096
es.wikipedia,,Pageviews,2026-07-23T20:00:00Z,2026-07-23T21:00:00Z,957071
es.wikipedia,,Pageviews,2026-07-23T21:00:00Z,2026-07-23T22:00:00Z,947062
es.wikipedia,,Pageviews,2026-07-23T22:00:00Z,2026-07-23T23:00:00Z,860017
es.wikipedia,,Pageviews,2026-07-23T23:00:00Z,2026-07-24T00:00:00Z,757848
es.wikipedia,,Pageviews,2026-07-24T00:00:00Z,2026-07-24T01:00:00Z,754711
es.wikipedia,,Pageviews,2026-07-24T01:00:00Z,2026-07-24T02:00:00Z,763552
es.wikipedia,,Pageviews,2026-07-24T02:00:00Z,2026-07-24T03:00:00Z,755529
es.wikipedia,,Pageviews,2026-07-24T03:00:00Z,2026-07-24T04:00:00Z,678262
es.wikipedia,,Pageviews,2026-07-24T04:00:00Z,2026-07-24T05:00:00Z,591653
es.wikipedia,,Pageviews,2026-07-24T05:00:00Z,2026-07-24T06:00:00Z,511672
es.wikipedia,,Pageviews,2026-07-24T06:00:00Z,2026-07-24T07:00:00Z,451740
es.wikipedia,,Pageviews,2026-07-24T07:00:00Z,2026-07-24T08:00:00Z,404150
es.wikipedia,,Pageviews,2026-07-24T08:00:00Z,2026-07-24T09:00:00Z,383990
es.wikipedia,,Pageviews,2026-07-24T09:00:00Z,2026-07-24T10:00:00Z,380882
es.wikipedia,,Pageviews,2026-07-24T10:00:00Z,2026-07-24T11:00:00Z,405727
es.wikipedia,,Pageviews,2026-07-24T11:00:00Z,2026-07-24T12:00:00Z,468526
es.wikipedia,,Pageviews,2026-07-24T12:00:00Z,2026-07-24T13:00:00Z,538643
es.wikipedia,,Pageviews,2026-07-24T13:00:00Z,2026-07-24T14:00:00Z,646660
es.wikipedia,,Pageviews,2026-07-24T14:00:00Z,2026-07-24T15:00:00Z,721704
es.wikipedia,,Pageviews,2026-07-24T15:00:00Z,2026-07-24T16:00:00Z,761440
es.wikipedia,,Pageviews,2026-07-24T16:00:00Z,2026-07-24T17:00:00Z,795727
es.wikipedia,,Pageviews,2026-07-24T17:00:00Z,2026-07-24T18:00:00Z,823623
es.wikipedia,,Pageviews,2026-07-24T18:00:00Z,2026-07-24T19:00:00Z,822285
es.wikipedia,,Pageviews,2026-07-24T19:00:00Z,2026-07-24T20:00:00Z,843986
es.wikipedia,,Pageviews,2026-07-24T20:00:00Z,2026-07-24T21:00:00Z,922613
es.wikipedia,,Pageviews,2026-07-24T21:00:00Z,2026-07-24T22:00:00Z,935346
es.wikipedia,,Pageviews,2026-07-24T22:00:00Z,2026-07-24T23:00:00Z,849342
es.wikipedia,,Pageviews,2026-07-24T23:00:00Z,2026-07-25T00:00:00Z,764792
es.wikipedia,,Pageviews,2026-07-25T00:00:00Z,2026-07-25T01:00:00Z,723105
es.wikipedia,,Pageviews,2026-07-25T01:00:00Z,2026-07-25T02:00:00Z,721007
es.wikipedia,,Pageviews,2026-07-25T02:00:00Z,2026-07-25T03:00:00Z,740934
es.wikipedia,,Pageviews,2026-07-25T03:00:00Z,2026-07-25T04:00:00Z,719580
es.wikipedia,,Pageviews,2026-07-25T04:00:00Z,2026-07-25T05:00:00Z,643086
es.wikipedia,,Pageviews,2026-07-25T05:00:00Z,2026-07-25T06:00:00Z,541298
es.wikipedia,,Pageviews,2026-07-25T06:00:00Z,2026-07-25T07:00:00Z,466185
es.wikipedia,,Pageviews,2026-07-25T07:00:00Z,2026-07-25T08:00:00Z,407563
es.wikipedia,,Pageviews,2026-07-25T08:00:00Z,2026-07-25T09:00:00Z,376990
es.wikipedia,,Pageviews,2026-07-25T09:00:00Z,2026-07-25T10:00:00Z,372001
es.wikipedia,,Pageviews,2026-07-25T10:00:00Z,2026-07-25T11:00:00Z,379645
es.wikipedia,,Pageviews,2026-07-25T11:00:00Z,2026-07-25T12:00:00Z,428763
es.wikipedia,,Pageviews,2026-07-25T12:00:00Z,2026-07-25T13:00:00Z,505348
es.wikipedia,,Pageviews,2026-07-25T13:00:00Z,2026-07-25T14:00:00Z,617276
es.wikipedia,,Pageviews,2026-07-25T14:00:00Z,2026-07-25T15:00:00Z,711027
es.wikipedia,,Pageviews,2026-07-25T15:00:00Z,2026-07-25T16:00:00Z,779316
es.wikipedia,,Pageviews,2026-07-25T16:00:00Z,2026-07-25T17:00:00Z,822745
es.wikipedia,,Pageviews,2026-07-25T17:00:00Z,2026-07-25T18:00:00Z,863855
es.wikipedia,,Pageviews,2026-07-25T18:00:00Z,2026-07-25T19:00:00Z,879456
es.wikipedia,,Pageviews,2026-07-25T19:00:00Z,2026-07-25T20:00:00Z,912284
es.wikipedia,,Pageviews,2026-07-25T20:00:00Z,2026-07-25T21:00:00Z,967277
es.wikipedia,,Pageviews,2026-07-25T21:00:00Z,2026-07-25T22:00:00Z,994048
es.wikipedia,,Pageviews,2026-07-25T22:00:00Z,2026-07-25T23:00:00Z,953241
es.wikipedia,,Pageviews,2026-07-25T23:00:00Z,2026-07-26T00:00:00Z,833404
es.wikipedia,,Pageviews,2026-07-26T00:00:00Z,2026-07-26T01:00:00Z,791268
es.wikipedia,,Pageviews,2026-07-26T01:00:00Z,2026-07-26T02:00:00Z,770561
es.wikipedia,,Pageviews,2026-07-26T02:00:00Z,2026-07-26T03:00:00Z,772444
es.wikipedia,,Pageviews,2026-07-26T03:00:00Z,2026-07-26T04:00:00Z,744739
es.wikipedia,,Pageviews,2026-07-26T04:00:00Z,2026-07-26T05:00:00Z,654245
es.wikipedia,,Pageviews,2026-07-26T05:00:00Z,2026-07-26T06:00:00Z,553553
es.wikipedia,,Pageviews,2026-07-26T06:00:00Z,2026-07-26T07:00:00Z,481625
es.wikipedia,,Pageviews,2026-07-26T07:00:00Z,2026-07-26T08:00:00Z,427460
es.wikipedia,,Pageviews,2026-07-26T08:00:00Z,2026-07-26T09:00:00Z,404381
es.wikipedia,,Pageviews,2026-07-26T09:00:00Z,2026-07-26T10:00:00Z,397539
es.wikipedia,,Pageviews,2026-07-26T10:00:00Z,2026-07-26T11:00:00Z,396391
es.wikipedia,,Pageviews,2026-07-26T11:00:00Z,2026-07-26T12:00:00Z,435053
es.wikipedia,,Pageviews,2026-07-26T12:00:00Z,2026-07-26T13:00:00Z,511967
es.wikipedia,,Pageviews,2026-07-26T13:00:00Z,2026-07-26T14:00:00Z,626819
es.wikipedia,,Pageviews,2026-07-26T14:00:00Z,2026-07-26T15:00:00Z,740702
es.wikipedia,,Pageviews,2026-07-26T15:00:00Z,2026-07-26T16:00:00Z,824060
es.wikipedia,,Pageviews,2026-07-26T16:00:00Z,2026-07-26T17:00:00Z,890381
es.wikipedia,,Pageviews,2026-07-26T17:00:00Z,2026-07-26T18:00:00Z,917561
es.wikipedia,,Pageviews,2026-07-26T18:00:00Z,2026-07-26T19:00:00Z,975896
es.wikipedia,,Pageviews,2026-07-26T19:00:00Z,2026-07-26T20:00:00Z,1005114
es.wikipedia,,Pageviews,2026-07-26T20:00:00Z,2026-07-26T21:00:00Z,1099212
es.wikipedia,,Pageviews,2026-07-26T21:00:00Z,2026-07-26T22:00:00Z,1068334
es.wikipedia,,Pageviews,2026-07-26T22:00:00Z,2026-07-26T23:00:00Z,982121
es.wikipedia,,Pageviews,2026-07-26T23:00:00Z,2026-07-27T00:00:00Z,884956
es.wikipedia,,Pageviews,2026-07-27T00:00:00Z,2026-07-27T01:00:00Z,836796
es.wikipedia,,Pageviews,2026-07-27T01:00:00Z,2026-07-27T02:00:00Z,829497
es.wikipedia,,Pageviews,2026-07-27T02:00:00Z,2026-07-27T03:00:00Z,822353
es.wikipedia,,Pageviews,2026-07-27T03:00:00Z,2026-07-27T04:00:00Z,783965
es.wikipedia,,Pageviews,2026-07-27T04:00:00Z,2026-07-27T05:00:00Z,689157
es.wikipedia,,Pageviews,2026-07-27T05:00:00Z,2026-07-27T06:00:00Z,558568
es.wikipedia,,Pageviews,2026-07-27T06:00:00Z,2026-07-27T07:00:00Z,486613
es.wikipedia,,Pageviews,2026-07-27T07:00:00Z,2026-07-27T08:00:00Z,424866
es.wikipedia,,Pageviews,2026-07-27T08:00:00Z,2026-07-27T09:00:00Z,392320
es.wikipedia,,Pageviews,2026-07-27T09:00:00Z,2026-07-27T10:00:00Z,379073
es.wikipedia,,Pageviews,2026-07-27T10:00:00Z,2026-07-27T11:00:00Z,409888
es.wikipedia,,Pageviews,2026-07-27T11:00:00Z,2026-07-27T12:00:00Z,479633
es.wikipedia,,Pageviews,2026-07-27T12:00:00Z,2026-07-27T13:00:00Z,553918
es.wikipedia,,Pageviews,2026-07-27T13:00:00Z,2026-07-27T14:00:00Z,656521
es.wikipedia,,Pageviews,2026-07-27T14:00:00Z,2026-07-27T15:00:00Z,731865
es.wikipedia,,Pageviews,2026-07-27T15:00:00Z,2026-07-27T16:00:00Z,778016
es.wikipedia,,Pageviews,2026-07-27T16:00:00Z,2026-07-27T17:00:00Z,818638
es.wikipedia,,Pageviews,2026-07-27T17:00:00Z,2026-07-27T18:00:00Z,848533
es.wikipedia,,Pageviews,2026-07-27T18:00:00Z,2026-07-27T19:00:00Z,859636
es.wikipedia,,Pageviews,2026-07-27T19:00:00Z,2026-07-27T20:00:00Z,893828
es.wikipedia,,Pageviews,2026-07-27T20:00:00Z,2026-07-27T21:00:00Z,996402
es.wikipedia,,Pageviews,2026-07-27T21:00:00Z,2026-07-27T22:00:00Z,992272
es.wikipedia,,Pageviews,2026-07-27T22:00:00Z,2026-07-27T23:00:00Z,881121
es.wikipedia,,Pageviews,2026-07-27T23:00:00Z,2026-07-28T00:00:00Z,785416
es.wikipedia,,Pageviews,2026-07-28T00:00:00Z,2026-07-28T01:00:00Z,760828
es.wikipedia,,Pageviews,2026-07-28T01:00:00Z,2026-07-28T02:00:00Z,762816
es.wikipedia,,Pageviews,2026-07-28T02:00:00Z,2026-07-28T03:00:00Z,764099
es.wikipedia,,Pageviews,2026-07-28T03:00:00Z,2026-07-28T04:00:00Z,699949
es.wikipedia,,Pageviews,2026-07-28T04:00:00Z,2026-07-28T05:00:00Z,603788
es.wikipedia,,Pageviews,2026-07-28T05:00:00Z,2026-07-28T06:00:00Z,519542
es.wikipedia,,Pageviews,2026-07-28T06:00:00Z,2026-07-28T07:00:00Z,454452
es.wikipedia,,Pageviews,2026-07-28T07:00:00Z,2026-07-28T08:00:00Z,402678
es.wikipedia,,Pageviews,2026-07-28T08:00:00Z,2026-07-28T09:00:00Z,377538
es.wikipedia,,Pageviews,2026-07-28T09:00:00Z,2026-07-28T10:00:00Z,367385
es.wikipedia,,Pageviews,2026-07-28T10:00:00Z,2026-07-28T11:00:00Z,401797
es.wikipedia,,Pageviews,2026-07-28T11:00:00Z,2026-07-28T12:00:00Z,473538
es.wikipedia,,Pageviews,2026-07-28T12:00:00Z,2026-07-28T13:00:00Z,551279
es.wikipedia,,Pageviews,2026-07-28T13:00:00Z,2026-07-28T14:00:00Z,658444
es.wikipedia,,Pageviews,2026-07-28T14:00:00Z,2026-07-28T15:00:00Z,736976
es.wikipedia,,Pageviews,2026-07-28T15:00:00Z,2026-07-28T16:00:00Z,787321
es.wikipedia,,Pageviews,2026-07-28T16:00:00Z,2026-07-28T17:00:00Z,820421
es.wikipedia,,Pageviews,2026-07-28T17:00:00Z,2026-07-28T18:00:00Z,854072
es.wikipedia,,Pageviews,2026-07-28T18:00:00Z,2026-07-28T19:00:00Z,872581
es.wikipedia,,Pageviews,2026-07-28T19:00:00Z,2026-07-28T20:00:00Z,894744
es.wikipedia,,Pageviews,2026-07-28T20:00:00Z,2026-07-28T21:00:00Z,971379
es.wikipedia,,Pageviews,2026-07-28T21:00:00Z,2026-07-28T22:00:00Z,966413
es.wikipedia,,Pageviews,2026-07-28T22:00:00Z,2026-07-28T23:00:00Z,944885
es.wikipedia,,Pageviews,2026-07-28T23:00:00Z,2026-07-29T00:00:00Z,800368
es.wikipedia,,Pageviews,2026-07-29T00:00:00Z,2026-07-29T01:00:00Z,765680
es.wikipedia,,Pageviews,2026-07-29T01:00:00Z,2026-07-29T02:00:00Z,779215
es.wikipedia,,Pageviews,2026-07-29T02:00:00Z,2026-07-29T03:00:00Z,800666
es.wikipedia,,Pageviews,2026-07-29T03:00:00Z,2026-07-29T04:00:00Z,710209
es.wikipedia,,Pageviews,2026-07-29T04:00:00Z,2026-07-29T05:00:00Z,613606
es.wikipedia,,Pageviews,2026-07-29T05:00:00Z,2026-07-29T06:00:00Z,519418
es.wikipedia,,Pageviews,2026-07-29T06:00:00Z,2026-07-29T07:00:00Z,454757
es.wikipedia,,Pageviews,2026-07-29T07:00:00Z,2026-07-29T08:00:00Z,401937
es.wikipedia,,Pageviews,2026-07-29T08:00:00Z,2026-07-29T09:00:00Z,374639
es.wikipedia,,Pageviews,2026-07-29T09:00:00Z,2026-07-29T10:00:00Z,374098
es.wikipedia,,Pageviews,2026-07-29T10:00:00Z,2026-07-29T11:00:00Z,419617
es.wikipedia,,Pageviews,2026-07-29T11:00:00Z,2026-07-29T12:00:00Z,475714
es.wikipedia,,Pageviews,2026-07-29T12:00:00Z,2026-07-29T13:00:00Z,544880
es.wikipedia,,Pageviews,2026-07-29T13:00:00Z,2026-07-29T14:00:00Z,649577
es.wikipedia,,Pageviews,2026-07-29T14:00:00Z,2026-07-29T15:00:00Z,738718
es.wikipedia,,Pageviews,2026-07-29T15:00:00Z,2026-07-29T16:00:00Z,790822
es.wikipedia,,Pageviews,2026-07-29T16:00:00Z,2026-07-29T17:00:00Z,813370
es.wikipedia,,Pageviews,2026-07-29T17:00:00Z,2026-07-29T18:00:00Z,836296
es.wikipedia,,Pageviews,2026-07-29T18:00:00Z,2026-07-29T19:00:00Z,844275
es.wikipedia,,Pageviews,2026-07-29T19:00:00Z,2026-07-29T20:00:00Z,867554
es.wikipedia,,Pageviews,2026-07-29T20:00:00Z,2026-07-29T21:00:00Z,956822
es.wikipedia,,Pageviews,2026-07-29T21:00:00Z,2026-07-29T22:00:00Z,958661
es.wikipedia,,Pageviews,2026-07-29T22:00:00Z,2026-07-29T23:00:00Z,867654
es.wikipedia,,Pageviews,2026-07-29T23:00:00Z,2026-07-30T00:00:00Z,757394
es.wikipedia,,Pageviews,2026-07-30T00:00:00Z,2026-07-30T01:00:00Z,724040
es.wikipedia,,Pageviews,2026-07-30T01:00:00Z,2026-07-30T02:00:00Z,732563
es.wikipedia,,Pageviews,2026-07-30T02:00:00Z,2026-07-30T03:00:00Z,736792
es.wikipedia,,Pageviews,2026-07-30T03:00:00Z,2026-07-30T04:00:00Z,663250
es.wikipedia,,Pageviews,2026-07-30T04:00:00Z,2026-07-30T05:00:00Z,604103
es.wikipedia,,Pageviews,2026-07-30T05:00:00Z,2026-07-30T06:00:00Z,506865
es.wikipedia,,Pageviews,2026-07-30T06:00:00Z,2026-07-30T07:00:00Z,446504
es.wikipedia,,Pageviews,2026-07-30T07:00:00Z,2026-07-30T08:00:00Z,396790
es.wikipedia,,Pageviews,2026-07-30T08:00:00Z,2026-07-30T09:00:00Z,368624
es.wikipedia,,Pageviews,2026-07-30T09:00:00Z,2026-07-30T10:00:00Z,370485
es.wikipedia,,Pageviews,2026-07-30T10:00:00Z,2026-07-30T11:00:00Z,418285
es.wikipedia,,Pageviews,2026-07-30T11:00:00Z,2026-07-30T12:00:00Z,493419
es.wikipedia,,Pageviews,2026-07-30T12:00:00Z,2026-07-30T13:00:00Z,567734
es.wikipedia,,Pageviews,2026-07-30T13:00:00Z,2026-07-30T14:00:00Z,662520
es.wikipedia,,Pageviews,2026-07-30T14:00:00Z,2026-07-30T15:00:00Z,729288
es.wikipedia,,Pageviews,2026-07-30T15:00:00Z,2026-07-30T16:00:00Z,764615
es.wikipedia,,Pageviews,2026-07-30T16:00:00Z,2026-07-30T17:00:00Z,799782
es.wikipedia,,Pageviews,2026-07-30T17:00:00Z,2026-07-30T18:00:00Z,824275
es.wikipedia,,Pageviews,2026-07-30T18:00:00Z,2026-07-30T19:00:00Z,837276
es.wikipedia,,Pageviews,2026-07-30T19:00:00Z,2026-07-30T20:00:00Z,860559
es.wikipedia,,Pageviews,2026-07-30T20:00:00Z,2026-07-30T21:00:00Z,964639
es.wikipedia,,Pageviews,2026-07-30T21:00:00Z,2026-07-30T22:00:00Z,935940
es.wikipedia,,Pageviews,2026-07-30T22:00:00Z,2026-07-30T23:00:00Z,844419
es.wikipedia,,Pageviews,2026-07-30T23:00:00Z,2026-07-31T00:00:00Z,747444
es.wikipedia,,Pageviews,2026-07-31T00:00:00Z,2026-07-31T01:00:00Z,722766
es.wikipedia,,Pageviews,2026-07-31T01:00:00Z,2026-07-31T02:00:00Z,733539
es.wikipedia,,Pageviews,2026-07-31T02:00:00Z,2026-07-31T03:00:00Z,739393
es.wikipedia,,Pageviews,2026-07-31T03:00:00Z,2026-07-31T04:00:00Z,658454
es.wikipedia,,Pageviews,2026-07-31T04:00:00Z,2026-07-31T05:00:00Z,579265
es.wikipedia,,Pageviews,2026-07-31T05:00:00Z,2026-07-31T06:00:00Z,498045
es.wikipedia,,Pageviews,2026-07-31T06:00:00Z,2026-07-31T07:00:00Z,452113
es.wikipedia,,Pageviews,2026-07-31T07:00:00Z,2026-07-31T08:00:00Z,405670
es.wikipedia,,Pageviews,2026-07-31T08:00:00Z,2026-07-31T09:00:00Z,376717
es.wikipedia,,Pageviews,2026-07-31T09:00:00Z,2026-07-31T10:00:00Z,373033
es.wikipedia,,Pageviews,2026-07-31T10:00:00Z,2026-07-31T11:00:00Z,418404
es.wikipedia,,Pageviews,2026-07-31T11:00:00Z,2026-07-31T12:00:00Z,458008
es.wikipedia,,Pageviews,2026-07-31T12:00:00Z,2026-07-31T13:00:00Z,531062
es.wikipedia,,Pageviews,2026-07-31T13:00:00Z,2026-07-31T14:00:00Z,644455
es.wikipedia,,Pageviews,2026-07-31T14:00:00Z,2026-07-31T15:00:00Z,719500
es.wikipedia,,Pageviews,2026-07-31T15:00:00Z,2026-07-31T16:00:00Z,752732
es.wikipedia,,Pageviews,2026-07-31T16:00:00Z,2026-07-31T17:00:00Z,788445
es.wikipedia,,Pageviews,2026-07-31T17:00:00Z,2026-07-31T18:00:00Z,806258
es.wikipedia,,Pageviews,2026-07-31T18:00:00Z,2026-07-31T19:00:00Z,815807
es.wikipedia,,Pageviews,2026-07-31T19:00:00Z,2026-07-31T20:00:00Z,832325
es.wikipedia,,Pageviews,2026-07-31T20:00:00Z,2026-07-31T21:00:00Z,896991
es.wikipedia,,Pageviews,2026-07-31T21:00:00Z,2026-07-31T22:00:00Z,910611
es.wikipedia,,Pageviews,2026-07-31T22:00:00Z,2026-07-31T23:00:00Z,835247
es.wikipedia,,Pageviews,2026-07-31T23:00:00Z,2026-08-01T00:00:00Z,743862
es.wikipedia,,Pageviews,2026-08-01T00:00:00Z,2026-08-01T01:00:00Z,693380
es.wikipedia,,Pageviews,2026-08-01T01:00:00Z,2026-08-01T02:00:00Z,697122
es.wikipedia,,Pageviews,2026-08-01T02:00:00Z,2026-08-01T03:00:00Z,704055
es.wikipedia,,Pageviews,2026-08-01T03:00:00Z,2026-08-01T04:00:00Z,673865
es.wikipedia,,Pageviews,2026-08-01T04:00:00Z,2026-08-01T05:00:00Z,611770
es.wikipedia,,Pageviews,2026-08-01T05:00:00Z,2026-08-01T06:00:00Z,513348
es.wikipedia,,Pageviews,2026-08-01T06:00:00Z,2026-08-01T07:00:00Z,445339
es.wikipedia,,Pageviews,2026-08-01T07:00:00Z,2026-08-01T08:00:00Z,398905
es.wikipedia,,Pageviews,2026-08-01T08:00:00Z,2026-08-01T09:00:00Z,380573
es.wikipedia,,Pageviews,2026-08-01T09:00:00Z,2026-08-01T10:00:00Z,365834
es.wikipedia,,Pageviews,2026-08-01T10:00:00Z,2026-08-01T11:00:00Z,374622
es.wikipedia,,Pageviews,2026-08-01T11:00:00Z,2026-08-01T12:00:00Z,424800
es.wikipedia,,Pageviews,2026-08-01T12:00:00Z,2026-08-01T13:00:00Z,504896
es.wikipedia,,Pageviews,2026-08-01T13:00:00Z,2026-08-01T14:00:00Z,618173
es.wikipedia,,Pageviews,2026-08-01T14:00:00Z,2026-08-01T15:00:00Z,718919
es.wikipedia,,Pageviews,2026-08-01T15:00:00Z,2026-08-01T16:00:00Z,766803
es.wikipedia,,Pageviews,2026-08-01T16:00:00Z,2026-08-01T17:00:00Z,821881
es.wikipedia,,Pageviews,2026-08-01T17:00:00Z,2026-08-01T18:00:00Z,850630
es.wikipedia,,Pageviews,2026-08-01T18:00:00Z,2026-08-01T19:00:00Z,856560
es.wikipedia,,Pageviews,2026-08-01T19:00:00Z,2026-08-01T20:00:00Z,864606
es.wikipedia,,Pageviews,2026-08-01T20:00:00Z,2026-08-01T21:00:00Z,953631
es.wikipedia,,Pageviews,2026-08-01T21:00:00Z,2026-08-01T22:00:00Z,946900
es.wikipedia,,Pageviews,2026-08-01T22:00:00Z,2026-08-01T23:00:00Z,911790
es.wikipedia,,Pageviews,2026-08-01T23:00:00Z,2026-08-02T00:00:00Z,825353
es.wikipedia,,Pageviews,2026-08-02T00:00:00Z,2026-08-02T01:00:00Z,769219
es.wikipedia,,Pageviews,2026-08-02T01:00:00Z,2026-08-02T02:00:00Z,763659
es.wikipedia,,Pageviews,2026-08-02T02:00:00Z,2026-08-02T03:00:00Z,757881
es.wikipedia,,Pageviews,2026-08-02T03:00:00Z,2026-08-02T04:00:00Z,728487
es.wikipedia,,Pageviews,2026-08-02T04:00:00Z,2026-08-02T05:00:00Z,641048
es.wikipedia,,Pageviews,2026-08-02T05:00:00Z,2026-08-02T06:00:00Z,551862
es.wikipedia,,Pageviews,2026-08-02T06:00:00Z,2026-08-02T07:00:00Z,480365
es.wikipedia,,Pageviews,2026-08-02T07:00:00Z,2026-08-02T08:00:00Z,430625
es.wikipedia,,Pageviews,2026-08-02T08:00:00Z,2026-08-02T09:00:00Z,411985
es.wikipedia,,Pageviews,2026-08-02T09:00:00Z,2026-08-02T10:00:00Z,406067
es.wikipedia,,Pageviews,2026-08-02T10:00:00Z,2026-08-02T11:00:00Z,409348
es.wikipedia,,Pageviews,2026-08-02T11:00:00Z,2026-08-02T12:00:00Z,442960
es.wikipedia,,Pageviews,2026-08-02T12:00:00Z,2026-08-02T13:00:00Z,506621
es.wikipedia,,Pageviews,2026-08-02T13:00:00Z,2026-08-02T14:00:00Z,643101
es.wikipedia,,Pageviews,2026-08-02T14:00:00Z,2026-08-02T15:00:00Z,746944
es.wikipedia,,Pageviews,2026-08-02T15:00:00Z,2026-08-02T16:00:00Z,819177
es.wikipedia,,Pageviews,2026-08-02T16:00:00Z,2026-08-02T17:00:00Z,883786
es.wikipedia,,Pageviews,2026-08-02T17:00:00Z,2026-08-02T18:00:00Z,915266
es.wikipedia,,Pageviews,2026-08-02T18:00:00Z,2026-08-02T19:00:00Z,928233
es.wikipedia,,Pageviews,2026-08-02T19:00:00Z,2026-08-02T20:00:00Z,971514
es.wikipedia,,Pageviews,2026-08-02T20:00:00Z,2026-08-02T21:00:00Z,1060192
es.wikipedia,,Pageviews,2026-08-02T21:00:00Z,2026-08-02T22:00:00Z,1063350
es.wikipedia,,Pageviews,2026-08-02T22:00:00Z,2026-08-02T23:00:00Z,971958
es.wikipedia,,Pageviews,2026-08-02T23:00:00Z,2026-08-03T00:00:00Z,903820
es.wikipedia,,Pageviews,2026-08-03T00:00:00Z,2026-08-03T01:00:00Z,830729
es.wikipedia,,Pageviews,2026-08-03T01:00:00Z,2026-08-03T02:00:00Z,819780
es.wikipedia,,Pageviews,2026-08-03T02:00:00Z,2026-08-03T03:00:00Z,814249
es.wikipedia,,Pageviews,2026-08-03T03:00:00Z,2026-08-03T04:00:00Z,739761
es.wikipedia,,Pageviews,2026-08-03T04:00:00Z,2026-08-03T05:00:00Z,638062
es.wikipedia,,Pageviews,2026-08-03T05:00:00Z,2026-08-03T06:00:00Z,549492
es.wikipedia,,Pageviews,2026-08-03T06:00:00Z,2026-08-03T07:00:00Z,467860
es.wikipedia,,Pageviews,2026-08-03T07:00:00Z,2026-08-03T08:00:00Z,419969
es.wikipedia,,Pageviews,2026-08-03T08:00:00Z,2026-08-03T09:00:00Z,372489
es.wikipedia,,Pageviews,2026-08-03T09:00:00Z,2026-08-03T10:00:00Z,372926
es.wikipedia,,Pageviews,2026-08-03T10:00:00Z,2026-08-03T11:00:00Z,415431
es.wikipedia,,Pageviews,2026-08-03T11:00:00Z,2026-08-03T12:00:00Z,482256
es.wikipedia,,Pageviews,2026-08-03T12:00:00Z,2026-08-03T13:00:00Z,552983
es.wikipedia,,Pageviews,2026-08-03T13:00:00Z,2026-08-03T14:00:00Z,651342
es.wikipedia,,Pageviews,2026-08-03T14:00:00Z,2026-08-03T15:00:00Z,743043
es.wikipedia,,Pageviews,2026-08-03T15:00:00Z,2026-08-03T16:00:00Z,793062
es.wikipedia,,Pageviews,2026-08-03T16:00:00Z,2026-08-03T17:00:00Z,809259
es.wikipedia,,Pageviews,2026-08-03T17:00:00Z,2026-08-03T18:00:00Z,848980
es.wikipedia,,Pageviews,2026-08-03T18:00:00Z,2026-08-03T19:00:00Z,859588
es.wikipedia,,Pageviews,2026-08-03T19:00:00Z,2026-08-03T20:00:00Z,880363
es.wikipedia,,Pageviews,2026-08-03T20:00:00Z,2026-08-03T21:00:00Z,979175
es.wikipedia,,Pageviews,2026-08-03T21:00:00Z,2026-08-03T22:00:00Z,976896
es.wikipedia,,Pageviews,2026-08-03T22:00:00Z,2026-08-03T23:00:00Z,883630
es.wikipedia,,Pageviews,2026-08-03T23:00:00Z,2026-08-04T00:00:00Z,785028
es.wikipedia,,Pageviews,2026-08-04T00:00:00Z,2026-08-04T01:00:00Z,764267
es.wikipedia,,Pageviews,2026-08-04T01:00:00Z,2026-08-04T02:00:00Z,776968
es.wikipedia,,Pageviews,2026-08-04T02:00:00Z,2026-08-04T03:00:00Z,788205
es.wikipedia,,Pageviews,2026-08-04T03:00:00Z,2026-08-04T04:00:00Z,703634
es.wikipedia,,Pageviews,2026-08-04T04:00:00Z,2026-08-04T05:00:00Z,615903
es.wikipedia,,Pageviews,2026-08-04T05:00:00Z,2026-08-04T06:00:00Z,542666
es.wikipedia,,Pageviews,2026-08-04T06:00:00Z,2026-08-04T07:00:00Z,494882
es.wikipedia,,Pageviews,2026-08-04T07:00:00Z,2026-08-04T08:00:00Z,475286
es.wikipedia,,Pageviews,2026-08-04T08:00:00Z,2026-08-04T09:00:00Z,443565
es.wikipedia,,Pageviews,2026-08-04T09:00:00Z,2026-08-04T10:00:00Z,442230
es.wikipedia,,Pageviews,2026-08-04T10:00:00Z,2026-08-04T11:00:00Z,438337
es.wikipedia,,Pageviews,2026-08-04T11:00:00Z,2026-08-04T12:00:00Z,564738
es.wikipedia,,Pageviews,2026-08-04T12:00:00Z,2026-08-04T13:00:00Z,652881
es.wikipedia,,Pageviews,2026-08-04T13:00:00Z,2026-08-04T14:00:00Z,732723
es.wikipedia,,Pageviews,2026-08-04T14:00:00Z,2026-08-04T15:00:00Z,829666
es.wikipedia,,Pageviews,2026-08-04T15:00:00Z,2026-08-04T16:00:00Z,878529
es.wikipedia,,Pageviews,2026-08-04T16:00:00Z,2026-08-04T17:00:00Z,909165
es.wikipedia,,Pageviews,2026-08-04T17:00:00Z,2026-08-04T18:00:00Z,948726
es.wikipedia,,Pageviews,2026-08-04T18:00:00Z,2026-08-04T19:00:00Z,947844
es.wikipedia,,Pageviews,2026-08-04T19:00:00Z,2026-08-04T20:00:00Z,982897
es.wikipedia,,Pageviews,2026-08-04T20:00:00Z,2026-08-04T21:00:00Z,1082968
es.wikipedia,,Pageviews,2026-08-04T21:00:00Z,2026-08-04T22:00:00Z,1014211
es.wikipedia,,Pageviews,2026-08-04T22:00:00Z,2026-08-04T23:00:00Z,979019
es.wikipedia,,Pageviews,2026-08-04T23:00:00Z,2026-08-05T00:00:00Z,867284
es.wikipedia,,Pageviews,2026-08-05T00:00:00Z,2026-08-05T01:00:00Z,865055
es.wikipedia,,Pageviews,2026-08-05T01:00:00Z,2026-08-05T02:00:00Z,901495
es.wikipedia,,Pageviews,2026-08-05T02:00:00Z,2026-08-05T03:00:00Z,910050
es.wikipedia,,Pageviews,2026-08-05T03:00:00Z,2026-08-05T04:00:00Z,825421
es.wikipedia,,Pageviews,2026-08-05T04:00:00Z,2026-08-05T05:00:00Z,730784
es.wikipedia,,Pageviews,2026-08-05T05:00:00Z,2026-08-05T06:00:00Z,598632
es.wikipedia,,Pageviews,2026-08-05T06:00:00Z,2026-08-05T07:00:00Z,595966
es.wikipedia,,Pageviews,2026-08-05T07:00:00Z,2026-08-05T08:00:00Z,557324
es.wikipedia,,Pageviews,2026-08-05T08:00:00Z,2026-08-05T09:00:00Z,555107
es.wikipedia,,Pageviews,2026-08-05T09:00:00Z,2026-08-05T10:00:00Z,548957
es.wikipedia,,Pageviews,2026-08-05T10:00:00Z,2026-08-05T11:00:00Z,567464
es.wikipedia,,Pageviews,2026-08-05T11:00:00Z,2026-08-05T12:00:00Z,687285
es.wikipedia,,Pageviews,2026-08-05T12:00:00Z,2026-08-05T13:00:00Z,636347
es.wikipedia,,Pageviews,2026-08-05T13:00:00Z,2026-08-05T14:00:00Z,798115
es.wikipedia,,Pageviews,2026-08-05T14:00:00Z,2026-08-05T15:00:00Z,983823
es.wikipedia,,Pageviews,2026-08-05T15:00:00Z,2026-08-05T16:00:00Z,915257
es.wikipedia,,Pageviews,2026-08-05T16:00:00Z,2026-08-05T17:00:00Z,1075126
es.wikipedia,,Pageviews,2026-08-05T17:00:00Z,2026-08-05T18:00:00Z,993968
es.wikipedia,,Pageviews,2026-08-05T18:00:00Z,2026-08-05T19:00:00Z,936570
es.wikipedia,,Pageviews,2026-08-05T19:00:00Z,2026-08-05T20:00:00Z,1002951
es.wikipedia,,Pageviews,2026-08-05T20:00:00Z,2026-08-05T21:00:00Z,1219066
es.wikipedia,,Pageviews,2026-08-05T21:00:00Z,2026-08-05T22:00:00Z,1065610
es.wikipedia,,Pageviews,2026-08-05T22:00:00Z,2026-08-05T23:00:00Z,1127182
es.wikipedia,,Pageviews,2026-08-05T23:00:00Z,2026-08-06T00:00:00Z,954771
es.wikipedia,,Pageviews,2026-08-06T00:00:00Z,2026-08-06T01:00:00Z,983175
es.wikipedia,,Pageviews,2026-08-06T01:00:00Z,2026-08-06T02:00:00Z,956046
es.wikipedia,,Pageviews,2026-08-06T02:00:00Z,2026-08-06T03:00:00Z,815385
es.wikipedia,,Pageviews,2026-08-06T03:00:00Z,2026-08-06T04:00:00Z,759225
es.wikipedia,,Pageviews,2026-08-06T04:00:00Z,2026-08-06T05:00:00Z,705026
es.wikipedia,,Pageviews,2026-08-06T05:00:00Z,2026-08-06T06:00:00Z,597175
es.wikipedia,,Pageviews,2026-08-06T06:00:00Z,2026-08-06T07:00:00Z,558721
es.wikipedia,,Pageviews,2026-08-06T07:00:00Z,2026-08-06T08:00:00Z,461678
es.wikipedia,,Pageviews,2026-08-06T08:00:00Z,2026-08-06T09:00:00Z,479254
es.wikipedia,,Pageviews,2026-08-06T09:00:00Z,2026-08-06T10:00:00Z,464336
es.wikipedia,,Pageviews,2026-08-06T10:00:00Z,2026-08-06T11:00:00Z,443317
es.wikipedia,,Pageviews,2026-08-06T11:00:00Z,2026-08-06T12:00:00Z,537960
es.wikipedia,,Pageviews,2026-08-06T12:00:00Z,2026-08-06T13:00:00Z,585558
es.wikipedia,,Pageviews,2026-08-06T13:00:00Z,2026-08-06T14:00:00Z,700060
es.wikipedia,,Pageviews,2026-08-06T14:00:00Z,2026-08-06T15:00:00Z,764358
es.wikipedia,,Pageviews,2026-08-06T15:00:00Z,2026-08-06T16:00:00Z,808625
es.wikipedia,,Pageviews,2026-08-06T16:00:00Z,2026-08-06T17:00:00Z,820788
es.wikipedia,,Pageviews,2026-08-06T17:00:00Z,2026-08-06T18:00:00Z,888411
es.wikipedia,,Pageviews,2026-08-06T18:00:00Z,2026-08-06T19:00:00Z,860172
es.wikipedia,,Pageviews,2026-08-06T19:00:00Z,2026-08-06T20:00:00Z,868777
es.wikipedia,,Pageviews,2026-08-06T20:00:00Z,2026-08-06T21:00:00Z,919059
es.wikipedia,,Pageviews,2026-08-06T21:00:00Z,2026-08-06T22:00:00Z,931768
es.wikipedia,,Pageviews,2026-08-06T22:00:00Z,2026-08-06T23:00:00Z,839644
es.wikipedia,,Pageviews,2026-08-06T23:00:00Z,2026-08-07T00:00:00Z,741785
es.wikipedia,,Pageviews,2026-08-07T00:00:00Z,2026-08-07T01:00:00Z,701228
es.wikipedia,,Pageviews,2026-08-07T01:00:00Z,2026-08-07T02:00:00Z,716118
es.wikipedia,,Pageviews,2026-08-07T02:00:00Z,2026-08-07T03:00:00Z,701618
es.wikipedia,,Pageviews,2026-08-07T03:00:00Z,2026-08-07T04:00:00Z,644058
es.wikipedia,,Pageviews,2026-08-07T04:00:00Z,2026-08-07T05:00:00Z,567955
es.wikipedia,,Pageviews,2026-08-07T05:00:00Z,2026-08-07T06:00:00Z,484697
es.wikipedia,,Pageviews,2026-08-07T06:00:00Z,2026-08-07T07:00:00Z,428443
es.wikipedia,,Pageviews,2026-08-07T07:00:00Z,2026-08-07T08:00:00Z,387465
es.wikipedia,,Pageviews,2026-08-07T08:00:00Z,2026-08-07T09:00:00Z,360633
es.wikipedia,,Pageviews,2026-08-07T09:00:00Z,2026-08-07T10:00:00Z,363200
es.wikipedia,,Pageviews,2026-08-07T10:00:00Z,2026-08-07T11:00:00Z,395046
es.wikipedia,,Pageviews,2026-08-07T11:00:00Z,2026-08-07T12:00:00Z,458691
es.wikipedia,,Pageviews,2026-08-07T12:00:00Z,2026-08-07T13:00:00Z,523350
es.wikipedia,,Pageviews,2026-08-07T13:00:00Z,2026-08-07T14:00:00Z,634483
es.wikipedia,,Pageviews,2026-08-07T14:00:00Z,2026-08-07T15:00:00Z,714111
es.wikipedia,,Pageviews,2026-08-07T15:00:00Z,2026-08-07T16:00:00Z,747831
es.wikipedia,,Pageviews,2026-08-07T16:00:00Z,2026-08-07T17:00:00Z,772854
es.wikipedia,,Pageviews,2026-08-07T17:00:00Z,2026-08-07T18:00:00Z,784418
es.wikipedia,,Pageviews,2026-08-07T18:00:00Z,2026-08-07T19:00:00Z,783739
es.wikipedia,,Pageviews,2026-08-07T19:00:00Z,2026-08-07T20:00:00Z,798736
es.wikipedia,,Pageviews,2026-08-07T20:00:00Z,2026-08-07T21:00:00Z,881105
es.wikipedia,,Pageviews,2026-08-07T21:00:00Z,2026-08-07T22:00:00Z,951602
es.wikipedia,,Pageviews,2026-08-07T22:00:00Z,2026-08-07T23:00:00Z,865196
es.wikipedia,,Pageviews,2026-08-07T23:00:00Z,2026-08-08T00:00:00Z,737574
es.wikipedia,,Pageviews,2026-08-08T00:00:00Z,2026-08-08T01:00:00Z,700628
es.wikipedia,,Pageviews,2026-08-08T01:00:00Z,2026-08-08T02:00:00Z,689184
es.wikipedia,,Pageviews,2026-08-08T02:00:00Z,2026-08-08T03:00:00Z,695131
es.wikipedia,,Pageviews,2026-08-08T03:00:00Z,2026-08-08T04:00:00Z,640246
es.wikipedia,,Pageviews,2026-08-08T04:00:00Z,2026-08-08T05:00:00Z,590582
es.wikipedia,,Pageviews,2026-08-08T05:00:00Z,2026-08-08T06:00:00Z,597317
es.wikipedia,,Pageviews,2026-08-08T06:00:00Z,2026-08-08T07:00:00Z,428226
es.wikipedia,,Pageviews,2026-08-08T07:00:00Z,2026-08-08T08:00:00Z,380384
es.wikipedia,,Pageviews,2026-08-08T08:00:00Z,2026-08-08T09:00:00Z,367510
es.wikipedia,,Pageviews,2026-08-08T09:00:00Z,2026-08-08T10:00:00Z,353325
es.wikipedia,,Pageviews,2026-08-08T10:00:00Z,2026-08-08T11:00:00Z,382648
es.wikipedia,,Pageviews,2026-08-08T11:00:00Z,2026-08-08T12:00:00Z,415766
es.wikipedia,,Pageviews,2026-08-08T12:00:00Z,2026-08-08T13:00:00Z,488859
es.wikipedia,,Pageviews,2026-08-08T13:00:00Z,2026-08-08T14:00:00Z,605916
es.wikipedia,,Pageviews,2026-08-08T14:00:00Z,2026-08-08T15:00:00Z,701184
es.wikipedia,,Pageviews,2026-08-08T15:00:00Z,2026-08-08T16:00:00Z,744970
es.wikipedia,,Pageviews,2026-08-08T16:00:00Z,2026-08-08T17:00:00Z,784922
es.wikipedia,,Pageviews,2026-08-08T17:00:00Z,2026-08-08T18:00:00Z,805928
es.wikipedia,,Pageviews,2026-08-08T18:00:00Z,2026-08-08T19:00:00Z,810612
es.wikipedia,,Pageviews,2026-08-08T19:00:00Z,2026-08-08T20:00:00Z,809237
es.wikipedia,,Pageviews,2026-08-08T20:00:00Z,2026-08-08T21:00:00Z,878808
es.wikipedia,,Pageviews,2026-08-08T21:00:00Z,2026-08-08T22:00:00Z,900859
es.wikipedia,,Pageviews,2026-08-08T22:00:00Z,2026-08-08T23:00:00Z,846680
es.wikipedia,,Pageviews,2026-08-08T23:00:00Z,2026-08-09T00:00:00Z,762473
es.wikipedia,,Pageviews,2026-08-09T00:00:00Z,2026-08-09T01:00:00Z,712835
es.wikipedia,,Pageviews,2026-08-09T01:00:00Z,2026-08-09T02:00:00Z,720116
es.wikipedia,,Pageviews,2026-08-09T02:00:00Z,2026-08-09T03:00:00Z,706765
es.wikipedia,,Pageviews,2026-08-09T03:00:00Z,2026-08-09T04:00:00Z,675385
es.wikipedia,,Pageviews,2026-08-09T04:00:00Z,2026-08-09T05:00:00Z,594142
es.wikipedia,,Pageviews,2026-08-09T05:00:00Z,2026-08-09T06:00:00Z,503077
es.wikipedia,,Pageviews,2026-08-09T06:00:00Z,2026-08-09T07:00:00Z,436417
es.wikipedia,,Pageviews,2026-08-09T07:00:00Z,2026-08-09T08:00:00Z,393050
es.wikipedia,,Pageviews,2026-08-09T08:00:00Z,2026-08-09T09:00:00Z,380455
es.wikipedia,,Pageviews,2026-08-09T09:00:00Z,2026-08-09T10:00:00Z,378916
es.wikipedia,,Pageviews,2026-08-09T10:00:00Z,2026-08-09T11:00:00Z,392562
es.wikipedia,,Pageviews,2026-08-09T11:00:00Z,2026-08-09T12:00:00Z,423769
es.wikipedia,,Pageviews,2026-08-09T12:00:00Z,2026-08-09T13:00:00Z,493110
es.wikipedia,,Pageviews,2026-08-09T13:00:00Z,2026-08-09T14:00:00Z,613488
es.wikipedia,,Pageviews,2026-08-09T14:00:00Z,2026-08-09T15:00:00Z,721731
es.wikipedia,,Pageviews,2026-08-09T15:00:00Z,2026-08-09T16:00:00Z,792745
es.wikipedia,,Pageviews,2026-08-09T16:00:00Z,2026-08-09T17:00:00Z,862405
es.wikipedia,,Pageviews,2026-08-09T17:00:00Z,2026-08-09T18:00:00Z,887375
es.wikipedia,,Pageviews,2026-08-09T18:00:00Z,2026-08-09T19:00:00Z,888588
es.wikipedia,,Pageviews,2026-08-09T19:00:00Z,2026-08-09T20:00:00Z,905128
es.wikipedia,,Pageviews,2026-08-09T20:00:00Z,2026-08-09T21:00:00Z,990078
es.wikipedia,,Pageviews,2026-08-09T21:00:00Z,2026-08-09T22:00:00Z,1001803
es.wikipedia,,Pageviews,2026-08-09T22:00:00Z,2026-08-09T23:00:00Z,928139
es.wikipedia,,Pageviews,2026-08-09T23:00:00Z,2026-08-10T00:00:00Z,827496
es.wikipedia,,Pageviews,2026-08-10T00:00:00Z,2026-08-10T01:00:00Z,783744
es.wikipedia,,Pageviews,2026-08-10T01:00:00Z,2026-08-10T02:00:00Z,775761
es.wikipedia,,Pageviews,2026-08-10T02:00:00Z,2026-08-10T03:00:00Z,759505
es.wikipedia,,Pageviews,2026-08-10T03:00:00Z,2026-08-10T04:00:00Z,693535
es.wikipedia,,Pageviews,2026-08-10T04:00:00Z,2026-08-10T05:00:00Z,592588
es.wikipedia,,Pageviews,2026-08-10T05:00:00Z,2026-08-10T06:00:00Z,496191
es.wikipedia,,Pageviews,2026-08-10T06:00:00Z,2026-08-10T07:00:00Z,428524
es.wikipedia,,Pageviews,2026-08-10T07:00:00Z,2026-08-10T08:00:00Z,384330
es.wikipedia,,Pageviews,2026-08-10T08:00:00Z,2026-08-10T09:00:00Z,355086
es.wikipedia,,Pageviews,2026-08-10T09:00:00Z,2026-08-10T10:00:00Z,362977
es.wikipedia,,Pageviews,2026-08-10T10:00:00Z,2026-08-10T11:00:00Z,401222
es.wikipedia,,Pageviews,2026-08-10T11:00:00Z,2026-08-10T12:00:00Z,470144
es.wikipedia,,Pageviews,2026-08-10T12:00:00Z,2026-08-10T13:00:00Z,545721
es.wikipedia,,Pageviews,2026-08-10T13:00:00Z,2026-08-10T14:00:00Z,663350
es.wikipedia,,Pageviews,2026-08-10T14:00:00Z,2026-08-10T15:00:00Z,736705
es.wikipedia,,Pageviews,2026-08-10T15:00:00Z,2026-08-10T16:00:00Z,765932
es.wikipedia,,Pageviews,2026-08-10T16:00:00Z,2026-08-10T17:00:00Z,797095
es.wikipedia,,Pageviews,2026-08-10T17:00:00Z,2026-08-10T18:00:00Z,827119
es.wikipedia,,Pageviews,2026-08-10T18:00:00Z,2026-08-10T19:00:00Z,848440
es.wikipedia,,Pageviews,2026-08-10T19:00:00Z,2026-08-10T20:00:00Z,855847
es.wikipedia,,Pageviews,2026-08-10T20:00:00Z,2026-08-10T21:00:00Z,932235
es.wikipedia,,Pageviews,2026-08-10T21:00:00Z,2026-08-10T22:00:00Z,947210
es.wikipedia,,Pageviews,2026-08-10T22:00:00Z,2026-08-10T23:00:00Z,862697
es.wikipedia,,Pageviews,2026-08-10T23:00:00Z,2026-08-11T00:00:00Z,757523
es.wikipedia,,Pageviews,2026-08-11T00:00:00Z,2026-08-11T01:00:00Z,735782
es.wikipedia,,Pageviews,2026-08-11T01:00:00Z,2026-08-11T02:00:00Z,713785
es.wikipedia,,Pageviews,2026-08-11T02:00:00Z,2026-08-11T03:00:00Z,700306
es.wikipedia,,Pageviews,2026-08-11T03:00:00Z,2026-08-11T04:00:00Z,647090
es.wikipedia,,Pageviews,2026-08-11T04:00:00Z,2026-08-11T05:00:00Z,555250
es.wikipedia,,Pageviews,2026-08-11T05:00:00Z,2026-08-11T06:00:00Z,463907
es.wikipedia,,Pageviews,2026-08-11T06:00:00Z,2026-08-11T07:00:00Z,412899
es.wikipedia,,Pageviews,2026-08-11T07:00:00Z,2026-08-11T08:00:00Z,431588
es.wikipedia,,Pageviews,2026-08-11T08:00:00Z,2026-08-11T09:00:00Z,458604
es.wikipedia,,Pageviews,2026-08-11T09:00:00Z,2026-08-11T10:00:00Z,489549
es.wikipedia,,Pageviews,2026-08-11T10:00:00Z,2026-08-11T11:00:00Z,547402
es.wikipedia,,Pageviews,2026-08-11T11:00:00Z,2026-08-11T12:00:00Z,674897
es.wikipedia,,Pageviews,2026-08-11T12:00:00Z,2026-08-11T13:00:00Z,716462
es.wikipedia,,Pageviews,2026-08-11T13:00:00Z,2026-08-11T14:00:00Z,762952
es.wikipedia,,Pageviews,2026-08-11T14:00:00Z,2026-08-11T15:00:00Z,740020
es.wikipedia,,Pageviews,2026-08-11T15:00:00Z,2026-08-11T16:00:00Z,767121
es.wikipedia,,Pageviews,2026-08-11T16:00:00Z,2026-08-11T17:00:00Z,791982
es.wikipedia,,Pageviews,2026-08-11T17:00:00Z,2026-08-11T18:00:00Z,818552
es.wikipedia,,Pageviews,2026-08-11T18:00:00Z,2026-08-11T19:00:00Z,830022
es.wikipedia,,Pageviews,2026-08-11T19:00:00Z,2026-08-11T20:00:00Z,845847
es.wikipedia,,Pageviews,2026-08-11T20:00:00Z,2026-08-11T21:00:00Z,926795
es.wikipedia,,Pageviews,2026-08-11T21:00:00Z,2026-08-11T22:00:00Z,919636
es.wikipedia,,Pageviews,2026-08-11T22:00:00Z,2026-08-11T23:00:00Z,850133
es.wikipedia,,Pageviews,2026-08-11T23:00:00Z,2026-08-12T00:00:00Z,764720
es.wikipedia,,Pageviews,2026-08-12T00:00:00Z,2026-08-12T01:00:00Z,736073
es.wikipedia,,Pageviews,2026-08-12T01:00:00Z,2026-08-12T02:00:00Z,728544
es.wikipedia,,Pageviews,2026-08-12T02:00:00Z,2026-08-12T03:00:00Z,719107
es.wikipedia,,Pageviews,2026-08-12T03:00:00Z,2026-08-12T04:00:00Z,641241
es.wikipedia,,Pageviews,2026-08-12T04:00:00Z,2026-08-12T05:00:00Z,542118
es.wikipedia,,Pageviews,2026-08-12T05:00:00Z,2026-08-12T06:00:00Z,464784
es.wikipedia,,Pageviews,2026-08-12T06:00:00Z,2026-08-12T07:00:00Z,413835
es.wikipedia,,Pageviews,2026-08-12T07:00:00Z,2026-08-12T08:00:00Z,393189
es.wikipedia,,Pageviews,2026-08-12T08:00:00Z,2026-08-12T09:00:00Z,352150
es.wikipedia,,Pageviews,2026-08-12T09:00:00Z,2026-08-12T10:00:00Z,352162
es.wikipedia,,Pageviews,2026-08-12T10:00:00Z,2026-08-12T11:00:00Z,395081
es.wikipedia,,Pageviews,2026-08-12T11:00:00Z,2026-08-12T12:00:00Z,470187
es.wikipedia,,Pageviews,2026-08-12T12:00:00Z,2026-08-12T13:00:00Z,542010
es.wikipedia,,Pageviews,2026-08-12T13:00:00Z,2026-08-12T14:00:00Z,644726
es.wikipedia,,Pageviews,2026-08-12T14:00:00Z,2026-08-12T15:00:00Z,723496
es.wikipedia,,Pageviews,2026-08-12T15:00:00Z,2026-08-12T16:00:00Z,752712
es.wikipedia,,Pageviews,2026-08-12T16:00:00Z,2026-08-12T17:00:00Z,771389
es.wikipedia,,Pageviews,2026-08-12T17:00:00Z,2026-08-12T18:00:00Z,771572
es.wikipedia,,Pageviews,2026-08-12T18:00:00Z,2026-08-12T19:00:00Z,752730
es.wikipedia,,Pageviews,2026-08-12T19:00:00Z,2026-08-12T20:00:00Z,839914
es.wikipedia,,Pageviews,2026-08-12T20:00:00Z,2026-08-12T21:00:00Z,895372
es.wikipedia,,Pageviews,2026-08-12T21:00:00Z,2026-08-12T22:00:00Z,895474
es.wikipedia,,Pageviews,2026-08-12T22:00:00Z,2026-08-12T23:00:00Z,823166
es.wikipedia,,Pageviews,2026-08-12T23:00:00Z,2026-08-13T00:00:00Z,734089
es.wikipedia,,Pageviews,2026-08-13T00:00:00Z,2026-08-13T01:00:00Z,704174
es.wikipedia,,Pageviews,2026-08-13T01:00:00Z,2026-08-13T02:00:00Z,709089
es.wikipedia,,Pageviews,2026-08-13T02:00:00Z,2026-08-13T03:00:00Z,692656
es.wikipedia,,Pageviews,2026-08-13T03:00:00Z,2026-08-13T04:00:00Z,632374
es.wikipedia,,Pageviews,2026-08-13T04:00:00Z,2026-08-13T05:00:00Z,527829
es.wikipedia,,Pageviews,2026-08-13T05:00:00Z,2026-08-13T06:00:00Z,438205
es.wikipedia,,Pageviews,2026-08-13T06:00:00Z,2026-08-13T07:00:00Z,387215
es.wikipedia,,Pageviews,2026-08-13T07:00:00Z,2026-08-13T08:00:00Z,357688
es.wikipedia,,Pageviews,2026-08-13T08:00:00Z,2026-08-13T09:00:00Z,351210
es.wikipedia,,Pageviews,2026-08-13T09:00:00Z,2026-08-13T10:00:00Z,349630
es.wikipedia,,Pageviews,2026-08-13T10:00:00Z,2026-08-13T11:00:00Z,386531
es.wikipedia,,Pageviews,2026-08-13T11:00:00Z,2026-08-13T12:00:00Z,460938
es.wikipedia,,Pageviews,2026-08-13T12:00:00Z,2026-08-13T13:00:00Z,531521
es.wikipedia,,Pageviews,2026-08-13T13:00:00Z,2026-08-13T14:00:00Z,630792
es.wikipedia,,Pageviews,2026-08-13T14:00:00Z,2026-08-13T15:00:00Z,708301
es.wikipedia,,Pageviews,2026-08-13T15:00:00Z,2026-08-13T16:00:00Z,756071
es.wikipedia,,Pageviews,2026-08-13T16:00:00Z,2026-08-13T17:00:00Z,787348
es.wikipedia,,Pageviews,2026-08-13T17:00:00Z,2026-08-13T18:00:00Z,821862
es.wikipedia,,Pageviews,2026-08-13T18:00:00Z,2026-08-13T19:00:00Z,820724
es.wikipedia,,Pageviews,2026-08-13T19:00:00Z,2026-08-13T20:00:00Z,860459
es.wikipedia,,Pageviews,2026-08-13T20:00:00Z,2026-08-13T21:00:00Z,921008
es.wikipedia,,Pageviews,2026-08-13T21:00:00Z,2026-08-13T22:00:00Z,917724
es.wikipedia,,Pageviews,2026-08-13T22:00:00Z,2026-08-13T23:00:00Z,827085
es.wikipedia,,Pageviews,2026-08-13T23:00:00Z,2026-08-14T00:00:00Z,742784
es.wikipedia,,Pageviews,2026-08-14T00:00:00Z,2026-08-14T01:00:00Z,710423
es.wikipedia,,Pageviews,2026-08-14T01:00:00Z,2026-08-14T02:00:00Z,709172
es.wikipedia,,Pageviews,2026-08-14T02:00:00Z,2026-08-14T03:00:00Z,714352
es.wikipedia,,Pageviews,2026-08-14T03:00:00Z,2026-08-14T04:00:00Z,636989
es.wikipedia,,Pageviews,2026-08-14T04:00:00Z,2026-08-14T05:00:00Z,540418
es.wikipedia,,Pageviews,2026-08-14T05:00:00Z,2026-08-14T06:00:00Z,440330
es.wikipedia,,Pageviews,2026-08-14T06:00:00Z,2026-08-14T07:00:00Z,398093
es.wikipedia,,Pageviews,2026-08-14T07:00:00Z,2026-08-14T08:00:00Z,360660
es.wikipedia,,Pageviews,2026-08-14T08:00:00Z,2026-08-14T09:00:00Z,351463
es.wikipedia,,Pageviews,2026-08-14T09:00:00Z,2026-08-14T10:00:00Z,365905
es.wikipedia,,Pageviews,2026-08-14T10:00:00Z,2026-08-14T11:00:00Z,398842
es.wikipedia,,Pageviews,2026-08-14T11:00:00Z,2026-08-14T12:00:00Z,467845
es.wikipedia,,Pageviews,2026-08-14T12:00:00Z,2026-08-14T13:00:00Z,539836
es.wikipedia,,Pageviews,2026-08-14T13:00:00Z,2026-08-14T14:00:00Z,654945
es.wikipedia,,Pageviews,2026-08-14T14:00:00Z,2026-08-14T15:00:00Z,728055
es.wikipedia,,Pageviews,2026-08-14T15:00:00Z,2026-08-14T16:00:00Z,758599
es.wikipedia,,Pageviews,2026-08-14T16:00:00Z,2026-08-14T17:00:00Z,781488
es.wikipedia,,Pageviews,2026-08-14T17:00:00Z,2026-08-14T18:00:00Z,795662
es.wikipedia,,Pageviews,2026-08-14T18:00:00Z,2026-08-14T19:00:00Z,801376
es.wikipedia,,Pageviews,2026-08-14T19:00:00Z,2026-08-14T20:00:00Z,801102
es.wikipedia,,Pageviews,2026-08-14T20:00:00Z,2026-08-14T21:00:00Z,885942
es.wikipedia,,Pageviews,2026-08-14T21:00:00Z,2026-08-14T22:00:00Z,907289
es.wikipedia,,Pageviews,2026-08-14T22:00:00Z,2026-08-14T23:00:00Z,827141
es.wikipedia,,Pageviews,2026-08-14T23:00:00Z,2026-08-15T00:00:00Z,743881
es.wikipedia,,Pageviews,2026-08-15T00:00:00Z,2026-08-15T01:00:00Z,708203
es.wikipedia,,Pageviews,2026-08-15T01:00:00Z,2026-08-15T02:00:00Z,711560
es.wikipedia,,Pageviews,2026-08-15T02:00:00Z,2026-08-15T03:00:00Z,712853
es.wikipedia,,Pageviews,2026-08-15T03:00:00Z,2026-08-15T04:00:00Z,668606
es.wikipedia,,Pageviews,2026-08-15T04:00:00Z,2026-08-15T05:00:00Z,606603
es.wikipedia,,Pageviews,2026-08-15T05:00:00Z,2026-08-15T06:00:00Z,522329
es.wikipedia,,Pageviews,2026-08-15T06:00:00Z,2026-08-15T07:00:00Z,461055
es.wikipedia,,Pageviews,2026-08-15T07:00:00Z,2026-08-15T08:00:00Z,433700
es.wikipedia,,Pageviews,2026-08-15T08:00:00Z,2026-08-15T09:00:00Z,432537
es.wikipedia,,Pageviews,2026-08-15T09:00:00Z,2026-08-15T10:00:00Z,422965
es.wikipedia,,Pageviews,2026-08-15T10:00:00Z,2026-08-15T11:00:00Z,433290
es.wikipedia,,Pageviews,2026-08-15T11:00:00Z,2026-08-15T12:00:00Z,480269
es.wikipedia,,Pageviews,2026-08-15T12:00:00Z,2026-08-15T13:00:00Z,555632
es.wikipedia,,Pageviews,2026-08-15T13:00:00Z,2026-08-15T14:00:00Z,676050
es.wikipedia,,Pageviews,2026-08-15T14:00:00Z,2026-08-15T15:00:00Z,772773
es.wikipedia,,Pageviews,2026-08-15T15:00:00Z,2026-08-15T16:00:00Z,835068
es.wikipedia,,Pageviews,2026-08-15T16:00:00Z,2026-08-15T17:00:00Z,869934
es.wikipedia,,Pageviews,2026-08-15T17:00:00Z,2026-08-15T18:00:00Z,898935
es.wikipedia,,Pageviews,2026-08-15T18:00:00Z,2026-08-15T19:00:00Z,895819
es.wikipedia,,Pageviews,2026-08-15T19:00:00Z,2026-08-15T20:00:00Z,908709
es.wikipedia,,Pageviews,2026-08-15T20:00:00Z,2026-08-15T21:00:00Z,985461
es.wikipedia,,Pageviews,2026-08-15T21:00:00Z,2026-08-15T22:00:00Z,998648
es.wikipedia,,Pageviews,2026-08-15T22:00:00Z,2026-08-15T23:00:00Z,919306
es.wikipedia,,Pageviews,2026-08-15T23:00:00Z,2026-08-16T00:00:00Z,824765
es.wikipedia,,Pageviews,2026-08-16T00:00:00Z,2026-08-16T01:00:00Z,778309
es.wikipedia,,Pageviews,2026-08-16T01:00:00Z,2026-08-16T02:00:00Z,786532
es.wikipedia,,Pageviews,2026-08-16T02:00:00Z,2026-08-16T03:00:00Z,777931
es.wikipedia,,Pageviews,2026-08-16T03:00:00Z,2026-08-16T04:00:00Z,731720
es.wikipedia,,Pageviews,2026-08-16T04:00:00Z,2026-08-16T05:00:00Z,639879
es.wikipedia,,Pageviews,2026-08-16T05:00:00Z,2026-08-16T06:00:00Z,533100
es.wikipedia,,Pageviews,2026-08-16T06:00:00Z,2026-08-16T07:00:00Z,472545
es.wikipedia,,Pageviews,2026-08-16T07:00:00Z,2026-08-16T08:00:00Z,424997
es.wikipedia,,Pageviews,2026-08-16T08:00:00Z,2026-08-16T09:00:00Z,414273
es.wikipedia,,Pageviews,2026-08-16T09:00:00Z,2026-08-16T10:00:00Z,417059
es.wikipedia,,Pageviews,2026-08-16T10:00:00Z,2026-08-16T11:00:00Z,419931
es.wikipedia,,Pageviews,2026-08-16T11:00:00Z,2026-08-16T12:00:00Z,451928
es.wikipedia,,Pageviews,2026-08-16T12:00:00Z,2026-08-16T13:00:00Z,524930
es.wikipedia,,Pageviews,2026-08-16T13:00:00Z,2026-08-16T14:00:00Z,666378
es.wikipedia,,Pageviews,2026-08-16T14:00:00Z,2026-08-16T15:00:00Z,803612
es.wikipedia,,Pageviews,2026-08-16T15:00:00Z,2026-08-16T16:00:00Z,891825
es.wikipedia,,Pageviews,2026-08-16T16:00:00Z,2026-08-16T17:00:00Z,955311
es.wikipedia,,Pageviews,2026-08-16T17:00:00Z,2026-08-16T18:00:00Z,968341
es.wikipedia,,Pageviews,2026-08-16T18:00:00Z,2026-08-16T19:00:00Z,977003
es.wikipedia,,Pageviews,2026-08-16T19:00:00Z,2026-08-16T20:00:00Z,997428
es.wikipedia,,Pageviews,2026-08-16T20:00:00Z,2026-08-16T21:00:00Z,1071380
es.wikipedia,,Pageviews,2026-08-16T21:00:00Z,2026-08-16T22:00:00Z,1070232
es.wikipedia,,Pageviews,2026-08-16T22:00:00Z,2026-08-16T23:00:00Z,976736
es.wikipedia,,Pageviews,2026-08-16T23:00:00Z,2026-08-17T00:00:00Z,881362
es.wikipedia,,Pageviews,2026-08-17T00:00:00Z,2026-08-17T01:00:00Z,835148
es.wikipedia,,Pageviews,2026-08-17T01:00:00Z,2026-08-17T02:00:00Z,830568
es.wikipedia,,Pageviews,2026-08-17T02:00:00Z,2026-08-17T03:00:00Z,826767
es.wikipedia,,Pageviews,2026-08-17T03:00:00Z,2026-08-17T04:00:00Z,883113
es.wikipedia,,Pageviews,2026-08-17T04:00:00Z,2026-08-17T05:00:00Z,832266
es.wikipedia,,Pageviews,2026-08-17T05:00:00Z,2026-08-17T06:00:00Z,658857
es.wikipedia,,Pageviews,2026-08-17T06:00:00Z,2026-08-17T07:00:00Z,541841
es.wikipedia,,Pageviews,2026-08-17T07:00:00Z,2026-08-17T08:00:00Z,460793
es.wikipedia,,Pageviews,2026-08-17T08:00:00Z,2026-08-17T09:00:00Z,421322
es.wikipedia,,Pageviews,2026-08-17T09:00:00Z,2026-08-17T10:00:00Z,417249
es.wikipedia,,Pageviews,2026-08-17T10:00:00Z,2026-08-17T11:00:00Z,445772
es.wikipedia,,Pageviews,2026-08-17T11:00:00Z,2026-08-17T12:00:00Z,523679
es.wikipedia,,Pageviews,2026-08-17T12:00:00Z,2026-08-17T13:00:00Z,615506
es.wikipedia,,Pageviews,2026-08-17T13:00:00Z,2026-08-17T14:00:00Z,753542
es.wikipedia,,Pageviews,2026-08-17T14:00:00Z,2026-08-17T15:00:00Z,839382
es.wikipedia,,Pageviews,2026-08-17T15:00:00Z,2026-08-17T16:00:00Z,875013
es.wikipedia,,Pageviews,2026-08-17T16:00:00Z,2026-08-17T17:00:00Z,900599
es.wikipedia,,Pageviews,2026-08-17T17:00:00Z,2026-08-17T18:00:00Z,929159
es.wikipedia,,Pageviews,2026-08-17T18:00:00Z,2026-08-17T19:00:00Z,955742
es.wikipedia,,Pageviews,2026-08-17T19:00:00Z,2026-08-17T20:00:00Z,979035
es.wikipedia,,Pageviews,2026-08-17T20:00:00Z,2026-08-17T21:00:00Z,1061291
es.wikipedia,,Pageviews,2026-08-17T21:00:00Z,2026-08-17T22:00:00Z,1070879
es.wikipedia,,Pageviews,2026-08-17T22:00:00Z,2026-08-17T23:00:00Z,953589
es.wikipedia,,Pageviews,2026-08-17T23:00:00Z,2026-08-18T00:00:00Z,859375
es.wikipedia,,Pageviews,2026-08-18T00:00:00Z,2026-08-18T01:00:00Z,819314
es.wikipedia,,Pageviews,2026-08-18T01:00:00Z,2026-08-18T02:00:00Z,808614
es.wikipedia,,Pageviews,2026-08-18T02:00:00Z,2026-08-18T03:00:00Z,793656
es.wikipedia,,Pageviews,2026-08-18T03:00:00Z,2026-08-18T04:00:00Z,707769
es.wikipedia,,Pageviews,2026-08-18T04:00:00Z,2026-08-18T05:00:00Z,588375
es.wikipedia,,Pageviews,2026-08-18T05:00:00Z,2026-08-18T06:00:00Z,484721
es.wikipedia,,Pageviews,2026-08-18T06:00:00Z,2026-08-18T07:00:00Z,428964
es.wikipedia,,Pageviews,2026-08-18T07:00:00Z,2026-08-18T08:00:00Z,394026
es.wikipedia,,Pageviews,2026-08-18T08:00:00Z,2026-08-18T09:00:00Z,384615
es.wikipedia,,Pageviews,2026-08-18T09:00:00Z,2026-08-18T10:00:00Z,391612
es.wikipedia,,Pageviews,2026-08-18T10:00:00Z,2026-08-18T11:00:00Z,431464
es.wikipedia,,Pageviews,2026-08-18T11:00:00Z,2026-08-18T12:00:00Z,507632
es.wikipedia,,Pageviews,2026-08-18T12:00:00Z,2026-08-18T13:00:00Z,577825
es.wikipedia,,Pageviews,2026-08-18T13:00:00Z,2026-08-18T14:00:00Z,686883
es.wikipedia,,Pageviews,2026-08-18T14:00:00Z,2026-08-18T15:00:00Z,769709
es.wikipedia,,Pageviews,2026-08-18T15:00:00Z,2026-08-18T16:00:00Z,806447
es.wikipedia,,Pageviews,2026-08-18T16:00:00Z,2026-08-18T17:00:00Z,821976
es.wikipedia,,Pageviews,2026-08-18T17:00:00Z,2026-08-18T18:00:00Z,880359
es.wikipedia,,Pageviews,2026-08-18T18:00:00Z,2026-08-18T19:00:00Z,859218
es.wikipedia,,Pageviews,2026-08-18T19:00:00Z,2026-08-18T20:00:00Z,872670
es.wikipedia,,Pageviews,2026-08-18T20:00:00Z,2026-08-18T21:00:00Z,968065
es.wikipedia,,Pageviews,2026-08-18T21:00:00Z,2026-08-18T22:00:00Z,954111
es.wikipedia,,Pageviews,2026-08-18T22:00:00Z,2026-08-18T23:00:00Z,880836
es.wikipedia,,Pageviews,2026-08-18T23:00:00Z,2026-08-19T00:00:00Z,810813
es.wikipedia,,Pageviews,2026-08-19T00:00:00Z,2026-08-19T01:00:00Z,748943
es.wikipedia,,Pageviews,2026-08-19T01:00:00Z,2026-08-19T02:00:00Z,755929
es.wikipedia,,Pageviews,2026-08-19T02:00:00Z,2026-08-19T03:00:00Z,749186
es.wikipedia,,Pageviews,2026-08-19T03:00:00Z,2026-08-19T04:00:00Z,667372
es.wikipedia,,Pageviews,2026-08-19T04:00:00Z,2026-08-19T05:00:00Z,584219
es.wikipedia,,Pageviews,2026-08-19T05:00:00Z,2026-08-19T06:00:00Z,463289
es.wikipedia,,Pageviews,2026-08-19T06:00:00Z,2026-08-19T07:00:00Z,415973
es.wikipedia,,Pageviews,2026-08-19T07:00:00Z,2026-08-19T08:00:00Z,387959
es.wikipedia,,Pageviews,2026-08-19T08:00:00Z,2026-08-19T09:00:00Z,373945
es.wikipedia,,Pageviews,2026-08-19T09:00:00Z,2026-08-19T10:00:00Z,388609
es.wikipedia,,Pageviews,2026-08-19T10:00:00Z,2026-08-19T11:00:00Z,431250
es.wikipedia,,Pageviews,2026-08-19T11:00:00Z,2026-08-19T12:00:00Z,505428
es.wikipedia,,Pageviews,2026-08-19T12:00:00Z,2026-08-19T13:00:00Z,573417
es.wikipedia,,Pageviews,2026-08-19T13:00:00Z,2026-08-19T14:00:00Z,686418
es.wikipedia,,Pageviews,2026-08-19T14:00:00Z,2026-08-19T15:00:00Z,764235
es.wikipedia,,Pageviews,2026-08-19T15:00:00Z,2026-08-19T16:00:00Z,791894
es.wikipedia,,Pageviews,2026-08-19T16:00:00Z,2026-08-19T17:00:00Z,823509
es.wikipedia,,Pageviews,2026-08-19T17:00:00Z,2026-08-19T18:00:00Z,834476
es.wikipedia,,Pageviews,2026-08-19T18:00:00Z,2026-08-19T19:00:00Z,851832
es.wikipedia,,Pageviews,2026-08-19T19:00:00Z,2026-08-19T20:00:00Z,878126
es.wikipedia,,Pageviews,2026-08-19T20:00:00Z,2026-08-19T21:00:00Z,980126
es.wikipedia,,Pageviews,2026-08-19T21:00:00Z,2026-08-19T22:00:00Z,968600
es.wikipedia,,Pageviews,2026-08-19T22:00:00Z,2026-08-19T23:00:00Z,880232
es.wikipedia,,Pageviews,2026-08-19T23:00:00Z,2026-08-20T00:00:00Z,756362
es.wikipedia,,Pageviews,2026-08-20T00:00:00Z,2026-08-20T01:00:00Z,752117
es.wikipedia,,Pageviews,2026-08-20T01:00:00Z,2026-08-20T02:00:00Z,754285
es.wikipedia,,Pageviews,2026-08-20T02:00:00Z,2026-08-20T03:00:00Z,724305
es.wikipedia,,Pageviews,2026-08-20T03:00:00Z,2026-08-20T04:00:00Z,636945
es.wikipedia,,Pageviews,2026-08-20T04:00:00Z,2026-08-20T05:00:00Z,532969
es.wikipedia,,Pageviews,2026-08-20T05:00:00Z,2026-08-20T06:00:00Z,449904
es.wikipedia,,Pageviews,2026-08-20T06:00:00Z,2026-08-20T07:00:00Z,403776
es.wikipedia,,Pageviews,2026-08-20T07:00:00Z,2026-08-20T08:00:00Z,392405
es.wikipedia,,Pageviews,2026-08-20T08:00:00Z,2026-08-20T09:00:00Z,368654
es.wikipedia,,Pageviews,2026-08-20T09:00:00Z,2026-08-20T10:00:00Z,400313
es.wikipedia,,Pageviews,2026-08-20T10:00:00Z,2026-08-20T11:00:00Z,448561
es.wikipedia,,Pageviews,2026-08-20T11:00:00Z,2026-08-20T12:00:00Z,482414
es.wikipedia,,Pageviews,2026-08-20T12:00:00Z,2026-08-20T13:00:00Z,551845
es.wikipedia,,Pageviews,2026-08-20T13:00:00Z,2026-08-20T14:00:00Z,662188
es.wikipedia,,Pageviews,2026-08-20T14:00:00Z,2026-08-20T15:00:00Z,738451
es.wikipedia,,Pageviews,2026-08-20T15:00:00Z,2026-08-20T16:00:00Z,768747
es.wikipedia,,Pageviews,2026-08-20T16:00:00Z,2026-08-20T17:00:00Z,797180
es.wikipedia,,Pageviews,2026-08-20T17:00:00Z,2026-08-20T18:00:00Z,824865
es.wikipedia,,Pageviews,2026-08-20T18:00:00Z,2026-08-20T19:00:00Z,844731
es.wikipedia,,Pageviews,2026-08-20T19:00:00Z,2026-08-20T20:00:00Z,869884
es.wikipedia,,Pageviews,2026-08-20T20:00:00Z,2026-08-20T21:00:00Z,950599
es.wikipedia,,Pageviews,2026-08-20T21:00:00Z,2026-08-20T22:00:00Z,923328
es.wikipedia,,Pageviews,2026-08-20T22:00:00Z,2026-08-20T23:00:00Z,836616
es.wikipedia,,Pageviews,2026-08-20T23:00:00Z,2026-08-21T00:00:00Z,736417
es.wikipedia,,Pageviews,2026-08-21T00:00:00Z,2026-08-21T01:00:00Z,716749
es.wikipedia,,Pageviews,2026-08-21T01:00:00Z,2026-08-21T02:00:00Z,713495
es.wikipedia,,Pageviews,2026-08-21T02:00:00Z,2026-08-21T03:00:00Z,720017
es.wikipedia,,Pageviews,2026-08-21T03:00:00Z,2026-08-21T04:00:00Z,630111
es.wikipedia,,Pageviews,2026-08-21T04:00:00Z,2026-08-21T05:00:00Z,527688
es.wikipedia,,Pageviews,2026-08-21T05:00:00Z,2026-08-21T06:00:00Z,445981
es.wikipedia,,Pageviews,2026-08-21T06:00:00Z,2026-08-21T07:00:00Z,398377
es.wikipedia,,Pageviews,2026-08-21T07:00:00Z,2026-08-21T08:00:00Z,368760
es.wikipedia,,Pageviews,2026-08-21T08:00:00Z,2026-08-21T09:00:00Z,362162
es.wikipedia,,Pageviews,2026-08-21T09:00:00Z,2026-08-21T10:00:00Z,360673
es.wikipedia,,Pageviews,2026-08-21T10:00:00Z,2026-08-21T11:00:00Z,398702
es.wikipedia,,Pageviews,2026-08-21T11:00:00Z,2026-08-21T12:00:00Z,491370
es.wikipedia,,Pageviews,2026-08-21T12:00:00Z,2026-08-21T13:00:00Z,540302
es.wikipedia,,Pageviews,2026-08-21T13:00:00Z,2026-08-21T14:00:00Z,646284
es.wikipedia,,Pageviews,2026-08-21T14:00:00Z,2026-08-21T15:00:00Z,721099
es.wikipedia,,Pageviews,2026-08-21T15:00:00Z,2026-08-21T16:00:00Z,742100
es.wikipedia,,Pageviews,2026-08-21T16:00:00Z,2026-08-21T17:00:00Z,772954
es.wikipedia,,Pageviews,2026-08-21T17:00:00Z,2026-08-21T18:00:00Z,789446
es.wikipedia,,Pageviews,2026-08-21T18:00:00Z,2026-08-21T19:00:00Z,797497
es.wikipedia,,Pageviews,2026-08-21T19:00:00Z,2026-08-21T20:00:00Z,809469
es.wikipedia,,Pageviews,2026-08-21T20:00:00Z,2026-08-21T21:00:00Z,876852
es.wikipedia,,Pageviews,2026-08-21T21:00:00Z,2026-08-21T22:00:00Z,895903
es.wikipedia,,Pageviews,2026-08-21T22:00:00Z,2026-08-21T23:00:00Z,819280
es.wikipedia,,Pageviews,2026-08-21T23:00:00Z,2026-08-22T00:00:00Z,720825
es.wikipedia,,Pageviews,2026-08-22T00:00:00Z,2026-08-22T01:00:00Z,678527
es.wikipedia,,Pageviews,2026-08-22T01:00:00Z,2026-08-22T02:00:00Z,676960
es.wikipedia,,Pageviews,2026-08-22T02:00:00Z,2026-08-22T03:00:00Z,678768
es.wikipedia,,Pageviews,2026-08-22T03:00:00Z,2026-08-22T04:00:00Z,620052
es.wikipedia,,Pageviews,2026-08-22T04:00:00Z,2026-08-22T05:00:00Z,532151
es.wikipedia,,Pageviews,2026-08-22T05:00:00Z,2026-08-22T06:00:00Z,447868
es.wikipedia,,Pageviews,2026-08-22T06:00:00Z,2026-08-22T07:00:00Z,398422
es.wikipedia,,Pageviews,2026-08-22T07:00:00Z,2026-08-22T08:00:00Z,367009
es.wikipedia,,Pageviews,2026-08-22T08:00:00Z,2026-08-22T09:00:00Z,362402
es.wikipedia,,Pageviews,2026-08-22T09:00:00Z,2026-08-22T10:00:00Z,364484
es.wikipedia,,Pageviews,2026-08-22T10:00:00Z,2026-08-22T11:00:00Z,376527
es.wikipedia,,Pageviews,2026-08-22T11:00:00Z,2026-08-22T12:00:00Z,428335
es.wikipedia,,Pageviews,2026-08-22T12:00:00Z,2026-08-22T13:00:00Z,495933
es.wikipedia,,Pageviews,2026-08-22T13:00:00Z,2026-08-22T14:00:00Z,610286
es.wikipedia,,Pageviews,2026-08-22T14:00:00Z,2026-08-22T15:00:00Z,699489
es.wikipedia,,Pageviews,2026-08-22T15:00:00Z,2026-08-22T16:00:00Z,753260
es.wikipedia,,Pageviews,2026-08-22T16:00:00Z,2026-08-22T17:00:00Z,791322
es.wikipedia,,Pageviews,2026-08-22T17:00:00Z,2026-08-22T18:00:00Z,905664
es.wikipedia,,Pageviews,2026-08-22T18:00:00Z,2026-08-22T19:00:00Z,859077
es.wikipedia,,Pageviews,2026-08-22T19:00:00Z,2026-08-22T20:00:00Z,830933
es.wikipedia,,Pageviews,2026-08-22T20:00:00Z,2026-08-22T21:00:00Z,913825
es.wikipedia,,Pageviews,2026-08-22T21:00:00Z,2026-08-22T22:00:00Z,1104570
es.wikipedia,,Pageviews,2026-08-22T22:00:00Z,2026-08-22T23:00:00Z,965513
es.wikipedia,,Pageviews,2026-08-22T23:00:00Z,2026-08-23T00:00:00Z,777403
es.wikipedia,,Pageviews,2026-08-23T00:00:00Z,2026-08-23T01:00:00Z,722542
es.wikipedia,,Pageviews,2026-08-23T01:00:00Z,2026-08-23T02:00:00Z,724477
es.wikipedia,,Pageviews,2026-08-23T02:00:00Z,2026-08-23T03:00:00Z,728619
es.wikipedia,,Pageviews,2026-08-23T03:00:00Z,2026-08-23T04:00:00Z,683782
es.wikipedia,,Pageviews,2026-08-23T04:00:00Z,2026-08-23T05:00:00Z,594849
es.wikipedia,,Pageviews,2026-08-23T05:00:00Z,2026-08-23T06:00:00Z,494737
es.wikipedia,,Pageviews,2026-08-23T06:00:00Z,2026-08-23T07:00:00Z,427948
es.wikipedia,,Pageviews,2026-08-23T07:00:00Z,2026-08-23T08:00:00Z,394873
es.wikipedia,,Pageviews,2026-08-23T08:00:00Z,2026-08-23T09:00:00Z,385335
es.wikipedia,,Pageviews,2026-08-23T09:00:00Z,2026-08-23T10:00:00Z,468199
es.wikipedia,,Pageviews,2026-08-23T10:00:00Z,2026-08-23T11:00:00Z,469663
es.wikipedia,,Pageviews,2026-08-23T11:00:00Z,2026-08-23T12:00:00Z,442032
es.wikipedia,,Pageviews,2026-08-23T12:00:00Z,2026-08-23T13:00:00Z,518158
es.wikipedia,,Pageviews,2026-08-23T13:00:00Z,2026-08-23T14:00:00Z,630458
es.wikipedia,,Pageviews,2026-08-23T14:00:00Z,2026-08-23T15:00:00Z,733073
es.wikipedia,,Pageviews,2026-08-23T15:00:00Z,2026-08-23T16:00:00Z,828302
es.wikipedia,,Pageviews,2026-08-23T16:00:00Z,2026-08-23T17:00:00Z,876123
es.wikipedia,,Pageviews,2026-08-23T17:00:00Z,2026-08-23T18:00:00Z,907924
es.wikipedia,,Pageviews,2026-08-23T18:00:00Z,2026-08-23T19:00:00Z,925088
es.wikipedia,,Pageviews,2026-08-23T19:00:00Z,2026-08-23T20:00:00Z,1045377
es.wikipedia,,Pageviews,2026-08-23T20:00:00Z,2026-08-23T21:00:00Z,1065988
es.wikipedia,,Pageviews,2026-08-23T21:00:00Z,2026-08-23T22:00:00Z,1038496
es.wikipedia,,Pageviews,2026-08-23T22:00:00Z,2026-08-23T23:00:00Z,948314
es.wikipedia,,Pageviews,2026-08-23T23:00:00Z,2026-08-24T00:00:00Z,944615
es.wikipedia,,Pageviews,2026-08-24T00:00:00Z,2026-08-24T01:00:00Z,851467
es.wikipedia,,Pageviews,2026-08-24T01:00:00Z,2026-08-24T02:00:00Z,789248
es.wikipedia,,Pageviews,2026-08-24T02:00:00Z,2026-08-24T03:00:00Z,761218
es.wikipedia,,Pageviews,2026-08-24T03:00:00Z,2026-08-24T04:00:00Z,691525
es.wikipedia,,Pageviews,2026-08-24T04:00:00Z,2026-08-24T05:00:00Z,582815
es.wikipedia,,Pageviews,2026-08-24T05:00:00Z,2026-08-24T06:00:00Z,473077
es.wikipedia,,Pageviews,2026-08-24T06:00:00Z,2026-08-24T07:00:00Z,412586
es.wikipedia,,Pageviews,2026-08-24T07:00:00Z,2026-08-24T08:00:00Z,387494
es.wikipedia,,Pageviews,2026-08-24T08:00:00Z,2026-08-24T09:00:00Z,368587
es.wikipedia,,Pageviews,2026-08-24T09:00:00Z,2026-08-24T10:00:00Z,361117
es.wikipedia,,Pageviews,2026-08-24T10:00:00Z,2026-08-24T11:00:00Z,405207
es.wikipedia,,Pageviews,2026-08-24T11:00:00Z,2026-08-24T12:00:00Z,476554
es.wikipedia,,Pageviews,2026-08-24T12:00:00Z,2026-08-24T13:00:00Z,545432
es.wikipedia,,Pageviews,2026-08-24T13:00:00Z,2026-08-24T14:00:00Z,649992
es.wikipedia,,Pageviews,2026-08-24T14:00:00Z,2026-08-24T15:00:00Z,731626
es.wikipedia,,Pageviews,2026-08-24T15:00:00Z,2026-08-24T16:00:00Z,757583
es.wikipedia,,Pageviews,2026-08-24T16:00:00Z,2026-08-24T17:00:00Z,780206
es.wikipedia,,Pageviews,2026-08-24T17:00:00Z,2026-08-24T18:00:00Z,807161
es.wikipedia,,Pageviews,2026-08-24T18:00:00Z,2026-08-24T19:00:00Z,827880
es.wikipedia,,Pageviews,2026-08-24T19:00:00Z,2026-08-24T20:00:00Z,872167
es.wikipedia,,Pageviews,2026-08-24T20:00:00Z,2026-08-24T21:00:00Z,961002
es.wikipedia,,Pageviews,2026-08-24T21:00:00Z,2026-08-24T22:00:00Z,943986
es.wikipedia,,Pageviews,2026-08-24T22:00:00Z,2026-08-24T23:00:00Z,843758
es.wikipedia,,Pageviews,2026-08-24T23:00:00Z,2026-08-25T00:00:00Z,750166
es.wikipedia,,Pageviews,2026-08-25T00:00:00Z,2026-08-25T01:00:00Z,719405
es.wikipedia,,Pageviews,2026-08-25T01:00:00Z,2026-08-25T02:00:00Z,722582
es.wikipedia,,Pageviews,2026-08-25T02:00:00Z,2026-08-25T03:00:00Z,709335
es.wikipedia,,Pageviews,2026-08-25T03:00:00Z,2026-08-25T04:00:00Z,644806
es.wikipedia,,Pageviews,2026-08-25T04:00:00Z,2026-08-25T05:00:00Z,533670
es.wikipedia,,Pageviews,2026-08-25T05:00:00Z,2026-08-25T06:00:00Z,522236
es.wikipedia,,Pageviews,2026-08-25T06:00:00Z,2026-08-25T07:00:00Z,401071
es.wikipedia,,Pageviews,2026-08-25T07:00:00Z,2026-08-25T08:00:00Z,358931
es.wikipedia,,Pageviews,2026-08-25T08:00:00Z,2026-08-25T09:00:00Z,348624
es.wikipedia,,Pageviews,2026-08-25T09:00:00Z,2026-08-25T10:00:00Z,362767
es.wikipedia,,Pageviews,2026-08-25T10:00:00Z,2026-08-25T11:00:00Z,407312
es.wikipedia,,Pageviews,2026-08-25T11:00:00Z,2026-08-25T12:00:00Z,483239
es.wikipedia,,Pageviews,2026-08-25T12:00:00Z,2026-08-25T13:00:00Z,559298
es.wikipedia,,Pageviews,2026-08-25T13:00:00Z,2026-08-25T14:00:00Z,673007
es.wikipedia,,Pageviews,2026-08-25T14:00:00Z,2026-08-25T15:00:00Z,768994
es.wikipedia,,Pageviews,2026-08-25T15:00:00Z,2026-08-25T16:00:00Z,778123
es.wikipedia,,Pageviews,2026-08-25T16:00:00Z,2026-08-25T17:00:00Z,885719
es.wikipedia,,Pageviews,2026-08-25T17:00:00Z,2026-08-25T18:00:00Z,833218
es.wikipedia,,Pageviews,2026-08-25T18:00:00Z,2026-08-25T19:00:00Z,819660
es.wikipedia,,Pageviews,2026-08-25T19:00:00Z,2026-08-25T20:00:00Z,967644
es.wikipedia,,Pageviews,2026-08-25T20:00:00Z,2026-08-25T21:00:00Z,1083752
es.wikipedia,,Pageviews,2026-08-25T21:00:00Z,2026-08-25T22:00:00Z,965445
es.wikipedia,,Pageviews,2026-08-25T22:00:00Z,2026-08-25T23:00:00Z,855399
es.wikipedia,,Pageviews,2026-08-25T23:00:00Z,2026-08-26T00:00:00Z,758189
es.wikipedia,,Pageviews,2026-08-26T00:00:00Z,2026-08-26T01:00:00Z,744710
es.wikipedia,,Pageviews,2026-08-26T01:00:00Z,2026-08-26T02:00:00Z,858319
es.wikipedia,,Pageviews,2026-08-26T02:00:00Z,2026-08-26T03:00:00Z,787935
es.wikipedia,,Pageviews,2026-08-26T03:00:00Z,2026-08-26T04:00:00Z,655059
es.wikipedia,,Pageviews,2026-08-26T04:00:00Z,2026-08-26T05:00:00Z,556710
es.wikipedia,,Pageviews,2026-08-26T05:00:00Z,2026-08-26T06:00:00Z,456399
es.wikipedia,,Pageviews,2026-08-26T06:00:00Z,2026-08-26T07:00:00Z,410917
es.wikipedia,,Pageviews,2026-08-26T07:00:00Z,2026-08-26T08:00:00Z,378037
es.wikipedia,,Pageviews,2026-08-26T08:00:00Z,2026-08-26T09:00:00Z,421532
es.wikipedia,,Pageviews,2026-08-26T09:00:00Z,2026-08-26T10:00:00Z,378604
es.wikipedia,,Pageviews,2026-08-26T10:00:00Z,2026-08-26T11:00:00Z,425292
es.wikipedia,,Pageviews,2026-08-26T11:00:00Z,2026-08-26T12:00:00Z,495729
es.wikipedia,,Pageviews,2026-08-26T12:00:00Z,2026-08-26T13:00:00Z,574912
es.wikipedia,,Pageviews,2026-08-26T13:00:00Z,2026-08-26T14:00:00Z,685301
es.wikipedia,,Pageviews,2026-08-26T14:00:00Z,2026-08-26T15:00:00Z,761075
es.wikipedia,,Pageviews,2026-08-26T15:00:00Z,2026-08-26T16:00:00Z,796599
es.wikipedia,,Pageviews,2026-08-26T16:00:00Z,2026-08-26T17:00:00Z,842701
es.wikipedia,,Pageviews,2026-08-26T17:00:00Z,2026-08-26T18:00:00Z,841678
es.wikipedia,,Pageviews,2026-08-26T18:00:00Z,2026-08-26T19:00:00Z,852745
es.wikipedia,,Pageviews,2026-08-26T19:00:00Z,2026-08-26T20:00:00Z,898511
es.wikipedia,,Pageviews,2026-08-26T20:00:00Z,2026-08-26T21:00:00Z,1011465
es.wikipedia,,Pageviews,2026-08-26T21:00:00Z,2026-08-26T22:00:00Z,1052738
es.wikipedia,,Pageviews,2026-08-26T22:00:00Z,2026-08-26T23:00:00Z,876528
es.wikipedia,,Pageviews,2026-08-26T23:00:00Z,2026-08-27T00:00:00Z,758955
es.wikipedia,,Pageviews,2026-08-27T00:00:00Z,2026-08-27T01:00:00Z,722966
es.wikipedia,,Pageviews,2026-08-27T01:00:00Z,2026-08-27T02:00:00Z,725230
es.wikipedia,,Pageviews,2026-08-27T02:00:00Z,2026-08-27T03:00:00Z,715346
es.wikipedia,,Pageviews,2026-08-27T03:00:00Z,2026-08-27T04:00:00Z,725386
es.wikipedia,,Pageviews,2026-08-27T04:00:00Z,2026-08-27T05:00:00Z,554705
es.wikipedia,,Pageviews,2026-08-27T05:00:00Z,2026-08-27T06:00:00Z,456001
es.wikipedia,,Pageviews,2026-08-27T06:00:00Z,2026-08-27T07:00:00Z,398396
es.wikipedia,,Pageviews,2026-08-27T07:00:00Z,2026-08-27T08:00:00Z,370713
es.wikipedia,,Pageviews,2026-08-27T08:00:00Z,2026-08-27T09:00:00Z,359231
es.wikipedia,,Pageviews,2026-08-27T09:00:00Z,2026-08-27T10:00:00Z,370569
es.wikipedia,,Pageviews,2026-08-27T10:00:00Z,2026-08-27T11:00:00Z,412509
es.wikipedia,,Pageviews,2026-08-27T11:00:00Z,2026-08-27T12:00:00Z,487967
es.wikipedia,,Pageviews,2026-08-27T12:00:00Z,2026-08-27T13:00:00Z,564461
es.wikipedia,,Pageviews,2026-08-27T13:00:00Z,2026-08-27T14:00:00Z,679169
es.wikipedia,,Pageviews,2026-08-27T14:00:00Z,2026-08-27T15:00:00Z,762522
es.wikipedia,,Pageviews,2026-08-27T15:00:00Z,2026-08-27T16:00:00Z,797231
es.wikipedia,,Pageviews,2026-08-27T16:00:00Z,2026-08-27T17:00:00Z,815578
es.wikipedia,,Pageviews,2026-08-27T17:00:00Z,2026-08-27T18:00:00Z,835595
es.wikipedia,,Pageviews,2026-08-27T18:00:00Z,2026-08-27T19:00:00Z,840430
es.wikipedia,,Pageviews,2026-08-27T19:00:00Z,2026-08-27T20:00:00Z,871607
es.wikipedia,,Pageviews,2026-08-27T20:00:00Z,2026-08-27T21:00:00Z,972295
es.wikipedia,,Pageviews,2026-08-27T21:00:00Z,2026-08-27T22:00:00Z,941223
es.wikipedia,,Pageviews,2026-08-27T22:00:00Z,2026-08-27T23:00:00Z,826718
es.wikipedia,,Pageviews,2026-08-27T23:00:00Z,2026-08-28T00:00:00Z,721383
es.wikipedia,,Pageviews,2026-08-28T00:00:00Z,2026-08-28T01:00:00Z,688717
es.wikipedia,,Pageviews,2026-08-28T01:00:00Z,2026-08-28T02:00:00Z,682006
es.wikipedia,,Pageviews,2026-08-28T02:00:00Z,2026-08-28T03:00:00Z,675235
es.wikipedia,,Pageviews,2026-08-28T03:00:00Z,2026-08-28T04:00:00Z,606533
es.wikipedia,,Pageviews,2026-08-28T04:00:00Z,2026-08-28T05:00:00Z,527646
es.wikipedia,,Pageviews,2026-08-28T05:00:00Z,2026-08-28T06:00:00Z,440377
es.wikipedia,,Pageviews,2026-08-28T06:00:00Z,2026-08-28T07:00:00Z,392739
es.wikipedia,,Pageviews,2026-08-28T07:00:00Z,2026-08-28T08:00:00Z,383096
es.wikipedia,,Pageviews,2026-08-28T08:00:00Z,2026-08-28T09:00:00Z,368769
es.wikipedia,,Pageviews,2026-08-28T09:00:00Z,2026-08-28T10:00:00Z,436582
es.wikipedia,,Pageviews,2026-08-28T10:00:00Z,2026-08-28T11:00:00Z,562338
es.wikipedia,,Pageviews,2026-08-28T11:00:00Z,2026-08-28T12:00:00Z,557736
es.wikipedia,,Pageviews,2026-08-28T12:00:00Z,2026-08-28T13:00:00Z,601660
es.wikipedia,,Pageviews,2026-08-28T13:00:00Z,2026-08-28T14:00:00Z,691303
es.wikipedia,,Pageviews,2026-08-28T14:00:00Z,2026-08-28T15:00:00Z,768283
es.wikipedia,,Pageviews,2026-08-28T15:00:00Z,2026-08-28T16:00:00Z,783503
es.wikipedia,,Pageviews,2026-08-28T16:00:00Z,2026-08-28T17:00:00Z,785256
es.wikipedia,,Pageviews,2026-08-28T17:00:00Z,2026-08-28T18:00:00Z,809937
es.wikipedia,,Pageviews,2026-08-28T18:00:00Z,2026-08-28T19:00:00Z,804773
es.wikipedia,,Pageviews,2026-08-28T19:00:00Z,2026-08-28T20:00:00Z,838173
es.wikipedia,,Pageviews,2026-08-28T20:00:00Z,2026-08-28T21:00:00Z,920037
es.wikipedia,,Pageviews,2026-08-28T21:00:00Z,2026-08-28T22:00:00Z,919606
es.wikipedia,,Pageviews,2026-08-28T22:00:00Z,2026-08-28T23:00:00Z,820602
es.wikipedia,,Pageviews,2026-08-28T23:00:00Z,2026-08-29T00:00:00Z,708618
es.wikipedia,,Pageviews,2026-08-29T00:00:00Z,2026-08-29T01:00:00Z,662466
es.wikipedia,,Pageviews,2026-08-29T01:00:00Z,2026-08-29T02:00:00Z,651807
es.wikipedia,,Pageviews,2026-08-29T02:00:00Z,2026-08-29T03:00:00Z,652702
es.wikipedia,,Pageviews,2026-08-29T03:00:00Z,2026-08-29T04:00:00Z,595631
es.wikipedia,,Pageviews,2026-08-29T04:00:00Z,2026-08-29T05:00:00Z,516829
es.wikipedia,,Pageviews,2026-08-29T05:00:00Z,2026-08-29T06:00:00Z,443512
es.wikipedia,,Pageviews,2026-08-29T06:00:00Z,2026-08-29T07:00:00Z,404983
es.wikipedia,,Pageviews,2026-08-29T07:00:00Z,2026-08-29T08:00:00Z,368919
es.wikipedia,,Pageviews,2026-08-29T08:00:00Z,2026-08-29T09:00:00Z,360741
es.wikipedia,,Pageviews,2026-08-29T09:00:00Z,2026-08-29T10:00:00Z,357076
es.wikipedia,,Pageviews,2026-08-29T10:00:00Z,2026-08-29T11:00:00Z,373699
es.wikipedia,,Pageviews,2026-08-29T11:00:00Z,2026-08-29T12:00:00Z,433373
es.wikipedia,,Pageviews,2026-08-29T12:00:00Z,2026-08-29T13:00:00Z,505588
es.wikipedia,,Pageviews,2026-08-29T13:00:00Z,2026-08-29T14:00:00Z,631785
es.wikipedia,,Pageviews,2026-08-29T14:00:00Z,2026-08-29T15:00:00Z,719459
es.wikipedia,,Pageviews,2026-08-29T15:00:00Z,2026-08-29T16:00:00Z,785361
es.wikipedia,,Pageviews,2026-08-29T16:00:00Z,2026-08-29T17:00:00Z,847469
es.wikipedia,,Pageviews,2026-08-29T17:00:00Z,2026-08-29T18:00:00Z,834227
es.wikipedia,,Pageviews,2026-08-29T18:00:00Z,2026-08-29T19:00:00Z,821311
es.wikipedia,,Pageviews,2026-08-29T19:00:00Z,2026-08-29T20:00:00Z,838532
es.wikipedia,,Pageviews,2026-08-29T20:00:00Z,2026-08-29T21:00:00Z,932808
es.wikipedia,,Pageviews,2026-08-29T21:00:00Z,2026-08-29T22:00:00Z,943576
es.wikipedia,,Pageviews,2026-08-29T22:00:00Z,2026-08-29T23:00:00Z,879118
es.wikipedia,,Pageviews,2026-08-29T23:00:00Z,2026-08-30T00:00:00Z,798100
es.wikipedia,,Pageviews,2026-08-30T00:00:00Z,2026-08-30T01:00:00Z,742899
es.wikipedia,,Pageviews,2026-08-30T01:00:00Z,2026-08-30T02:00:00Z,739635
es.wikipedia,,Pageviews,2026-08-30T02:00:00Z,2026-08-30T03:00:00Z,714447
es.wikipedia,,Pageviews,2026-08-30T03:00:00Z,2026-08-30T04:00:00Z,668451
es.wikipedia,,Pageviews,2026-08-30T04:00:00Z,2026-08-30T05:00:00Z,585990
es.wikipedia,,Pageviews,2026-08-30T05:00:00Z,2026-08-30T06:00:00Z,492814
es.wikipedia,,Pageviews,2026-08-30T06:00:00Z,2026-08-30T07:00:00Z,433118
es.wikipedia,,Pageviews,2026-08-30T07:00:00Z,2026-08-30T08:00:00Z,399076
es.wikipedia,,Pageviews,2026-08-30T08:00:00Z,2026-08-30T09:00:00Z,391901
es.wikipedia,,Pageviews,2026-08-30T09:00:00Z,2026-08-30T10:00:00Z,499374
es.wikipedia,,Pageviews,2026-08-30T10:00:00Z,2026-08-30T11:00:00Z,426820
es.wikipedia,,Pageviews,2026-08-30T11:00:00Z,2026-08-30T12:00:00Z,450829
es.wikipedia,,Pageviews,2026-08-30T12:00:00Z,2026-08-30T13:00:00Z,520330
es.wikipedia,,Pageviews,2026-08-30T13:00:00Z,2026-08-30T14:00:00Z,671864
es.wikipedia,,Pageviews,2026-08-30T14:00:00Z,2026-08-30T15:00:00Z,775355
es.wikipedia,,Pageviews,2026-08-30T15:00:00Z,2026-08-30T16:00:00Z,838137
es.wikipedia,,Pageviews,2026-08-30T16:00:00Z,2026-08-30T17:00:00Z,889105
es.wikipedia,,Pageviews,2026-08-30T17:00:00Z,2026-08-30T18:00:00Z,933553
es.wikipedia,,Pageviews,2026-08-30T18:00:00Z,2026-08-30T19:00:00Z,930277
es.wikipedia,,Pageviews,2026-08-30T19:00:00Z,2026-08-30T20:00:00Z,969116
es.wikipedia,,Pageviews,2026-08-30T20:00:00Z,2026-08-30T21:00:00Z,1045802
es.wikipedia,,Pageviews,2026-08-30T21:00:00Z,2026-08-30T22:00:00Z,1026584
es.wikipedia,,Pageviews,2026-08-30T22:00:00Z,2026-08-30T23:00:00Z,924430
es.wikipedia,,Pageviews,2026-08-30T23:00:00Z,2026-08-31T00:00:00Z,808936
es.wikipedia,,Pageviews,2026-08-31T00:00:00Z,2026-08-31T01:00:00Z,809699
es.wikipedia,,Pageviews,2026-08-31T01:00:00Z,2026-08-31T02:00:00Z,801890
es.wikipedia,,Pageviews,2026-08-31T02:00:00Z,2026-08-31T03:00:00Z,805815
es.wikipedia,,Pageviews,2026-08-31T03:00:00Z,2026-08-31T04:00:00Z,736437
es.wikipedia,,Pageviews,2026-08-31T04:00:00Z,2026-08-31T05:00:00Z,572969
es.wikipedia,,Pageviews,2026-08-31T05:00:00Z,2026-08-31T06:00:00Z,465073
es.wikipedia,,Pageviews,2026-08-31T06:00:00Z,2026-08-31T07:00:00Z,408511
es.wikipedia,,Pageviews,2026-08-31T07:00:00Z,2026-08-31T08:00:00Z,360825
es.wikipedia,,Pageviews,2026-08-31T08:00:00Z,2026-08-31T09:00:00Z,345711
es.wikipedia,,Pageviews,2026-08-31T09:00:00Z,2026-08-31T10:00:00Z,371553
es.wikipedia,,Pageviews,2026-08-31T10:00:00Z,2026-08-31T11:00:00Z,410535
es.wikipedia,,Pageviews,2026-08-31T11:00:00Z,2026-08-31T12:00:00Z,486896
es.wikipedia,,Pageviews,2026-08-31T12:00:00Z,2026-08-31T13:00:00Z,547418
es.wikipedia,,Pageviews,2026-08-31T13:00:00Z,2026-08-31T14:00:00Z,651428
es.wikipedia,,Pageviews,2026-08-31T14:00:00Z,2026-08-31T15:00:00Z,726050
es.wikipedia,,Pageviews,2026-08-31T15:00:00Z,2026-08-31T16:00:00Z,745458
es.wikipedia,,Pageviews,2026-08-31T16:00:00Z,2026-08-31T17:00:00Z,781653
es.wikipedia,,Pageviews,2026-08-31T17:00:00Z,2026-08-31T18:00:00Z,791910
es.wikipedia,,Pageviews,2026-08-31T18:00:00Z,2026-08-31T19:00:00Z,807463
es.wikipedia,,Pageviews,2026-08-31T19:00:00Z,2026-08-31T20:00:00Z,856967
es.wikipedia,,Pageviews,2026-08-31T20:00:00Z,2026-08-31T21:00:00Z,951462
es.wikipedia,,Pageviews,2026-08-31T21:00:00Z,2026-08-31T22:00:00Z,927778
es.wikipedia,,Pageviews,2026-08-31T22:00:00Z,2026-08-31T23:00:00Z,805501
es.wikipedia,,Pageviews,2026-08-31T23:00:00Z,2026-09-01T00:00:00Z,703675
es.wikipedia,,Pageviews,2026-09-01T00:00:00Z,2026-09-01T01:00:00Z,684878
es.wikipedia,,Pageviews,2026-09-01T01:00:00Z,2026-09-01T02:00:00Z,684039
es.wikipedia,,Pageviews,2026-09-01T02:00:00Z,2026-09-01T03:00:00Z,685575
es.wikipedia,,Pageviews,2026-09-01T03:00:00Z,2026-09-01T04:00:00Z,608057
es.wikipedia,,Pageviews,2026-09-01T04:00:00Z,2026-09-01T05:00:00Z,517039
es.wikipedia,,Pageviews,2026-09-01T05:00:00Z,2026-09-01T06:00:00Z,429284
es.wikipedia,,Pageviews,2026-09-01T06:00:00Z,2026-09-01T07:00:00Z,370508
es.wikipedia,,Pageviews,2026-09-01T07:00:00Z,2026-09-01T08:00:00Z,338261
es.wikipedia,,Pageviews,2026-09-01T08:00:00Z,2026-09-01T09:00:00Z,319237
es.wikipedia,,Pageviews,2026-09-01T09:00:00Z,2026-09-01T10:00:00Z,334354
es.wikipedia,,Pageviews,2026-09-01T10:00:00Z,2026-09-01T11:00:00Z,373057
es.wikipedia,,Pageviews,2026-09-01T11:00:00Z,2026-09-01T12:00:00Z,446856
es.wikipedia,,Pageviews,2026-09-01T12:00:00Z,2026-09-01T13:00:00Z,527102
es.wikipedia,,Pageviews,2026-09-01T13:00:00Z,2026-09-01T14:00:00Z,644794
es.wikipedia,,Pageviews,2026-09-01T14:00:00Z,2026-09-01T15:00:00Z,712456
es.wikipedia,,Pageviews,2026-09-01T15:00:00Z,2026-09-01T16:00:00Z,803154
es.wikipedia,,Pageviews,2026-09-01T16:00:00Z,2026-09-01T17:00:00Z,766933
es.wikipedia,,Pageviews,2026-09-01T17:00:00Z,2026-09-01T18:00:00Z,777885
es.wikipedia,,Pageviews,2026-09-01T18:00:00Z,2026-09-01T19:00:00Z,792980
es.wikipedia,,Pageviews,2026-09-01T19:00:00Z,2026-09-01T20:00:00Z,831375
es.wikipedia,,Pageviews,2026-09-01T20:00:00Z,2026-09-01T21:00:00Z,927371
es.wikipedia,,Pageviews,2026-09-01T21:00:00Z,2026-09-01T22:00:00Z,906287
es.wikipedia,,Pageviews,2026-09-01T22:00:00Z,2026-09-01T23:00:00Z,807818
es.wikipedia,,Pageviews,2026-09-01T23:00:00Z,2026-09-02T00:00:00Z,715761
es.wikipedia,,Pageviews,2026-09-02T00:00:00Z,2026-09-02T01:00:00Z,696806
es.wikipedia,,Pageviews,2026-09-02T01:00:00Z,2026-09-02T02:00:00Z,716481
es.wikipedia,,Pageviews,2026-09-02T02:00:00Z,2026-09-02T03:00:00Z,720627
es.wikipedia,,Pageviews,2026-09-02T03:00:00Z,2026-09-02T04:00:00Z,640615
es.wikipedia,,Pageviews,2026-09-02T04:00:00Z,2026-09-02T05:00:00Z,600363
es.wikipedia,,Pageviews,2026-09-02T05:00:00Z,2026-09-02T06:00:00Z,481885
es.wikipedia,,Pageviews,2026-09-02T06:00:00Z,2026-09-02T07:00:00Z,386983
es.wikipedia,,Pageviews,2026-09-02T07:00:00Z,2026-09-02T08:00:00Z,346844
es.wikipedia,,Pageviews,2026-09-02T08:00:00Z,2026-09-02T09:00:00Z,330715
es.wikipedia,,Pageviews,2026-09-02T09:00:00Z,2026-09-02T10:00:00Z,335649
es.wikipedia,,Pageviews,2026-09-02T10:00:00Z,2026-09-02T11:00:00Z,383685
es.wikipedia,,Pageviews,2026-09-02T11:00:00Z,2026-09-02T12:00:00Z,453311
es.wikipedia,,Pageviews,2026-09-02T12:00:00Z,2026-09-02T13:00:00Z,533464
es.wikipedia,,Pageviews,2026-09-02T13:00:00Z,2026-09-02T14:00:00Z,639598
es.wikipedia,,Pageviews,2026-09-02T14:00:00Z,2026-09-02T15:00:00Z,711603
es.wikipedia,,Pageviews,2026-09-02T15:00:00Z,2026-09-02T16:00:00Z,737336
es.wikipedia,,Pageviews,2026-09-02T16:00:00Z,2026-09-02T17:00:00Z,762986
es.wikipedia,,Pageviews,2026-09-02T17:00:00Z,2026-09-02T18:00:00Z,763761
es.wikipedia,,Pageviews,2026-09-02T18:00:00Z,2026-09-02T19:00:00Z,778236
es.wikipedia,,Pageviews,2026-09-02T19:00:00Z,2026-09-02T20:00:00Z,811703
es.wikipedia,,Pageviews,2026-09-02T20:00:00Z,2026-09-02T21:00:00Z,908197
es.wikipedia,,Pageviews,2026-09-02T21:00:00Z,2026-09-02T22:00:00Z,899822
es.wikipedia,,Pageviews,2026-09-02T22:00:00Z,2026-09-02T23:00:00Z,807552
es.wikipedia,,Pageviews,2026-09-02T23:00:00Z,2026-09-03T00:00:00Z,722410
es.wikipedia,,Pageviews,2026-09-03T00:00:00Z,2026-09-03T01:00:00Z,700541
es.wikipedia,,Pageviews,2026-09-03T01:00:00Z,2026-09-03T02:00:00Z,705675
es.wikipedia,,Pageviews,2026-09-03T02:00:00Z,2026-09-03T03:00:00Z,688232
es.wikipedia,,Pageviews,2026-09-03T03:00:00Z,2026-09-03T04:00:00Z,628218
es.wikipedia,,Pageviews,2026-09-03T04:00:00Z,2026-09-03T05:00:00Z,532969
es.wikipedia,,Pageviews,2026-09-03T05:00:00Z,2026-09-03T06:00:00Z,456320
es.wikipedia,,Pageviews,2026-09-03T06:00:00Z,2026-09-03T07:00:00Z,394120
es.wikipedia,,Pageviews,2026-09-03T07:00:00Z,2026-09-03T08:00:00Z,346612
es.wikipedia,,Pageviews,2026-09-03T08:00:00Z,2026-09-03T09:00:00Z,326805
es.wikipedia,,Pageviews,2026-09-03T09:00:00Z,2026-09-03T10:00:00Z,342303
es.wikipedia,,Pageviews,2026-09-03T10:00:00Z,2026-09-03T11:00:00Z,390800
es.wikipedia,,Pageviews,2026-09-03T11:00:00Z,2026-09-03T12:00:00Z,457119
es.wikipedia,,Pageviews,2026-09-03T12:00:00Z,2026-09-03T13:00:00Z,535500
es.wikipedia,,Pageviews,2026-09-03T13:00:00Z,2026-09-03T14:00:00Z,654954
es.wikipedia,,Pageviews,2026-09-03T14:00:00Z,2026-09-03T15:00:00Z,735482
es.wikipedia,,Pageviews,2026-09-03T15:00:00Z,2026-09-03T16:00:00Z,863989
es.wikipedia,,Pageviews,2026-09-03T16:00:00Z,2026-09-03T17:00:00Z,794372
es.wikipedia,,Pageviews,2026-09-03T17:00:00Z,2026-09-03T18:00:00Z,771266
es.wikipedia,,Pageviews,2026-09-03T18:00:00Z,2026-09-03T19:00:00Z,768948
es.wikipedia,,Pageviews,2026-09-03T19:00:00Z,2026-09-03T20:00:00Z,807955
es.wikipedia,,Pageviews,2026-09-03T20:00:00Z,2026-09-03T21:00:00Z,916253
es.wikipedia,,Pageviews,2026-09-03T21:00:00Z,2026-09-03T22:00:00Z,916512
es.wikipedia,,Pageviews,2026-09-03T22:00:00Z,2026-09-03T23:00:00Z,808115
es.wikipedia,,Pageviews,2026-09-03T23:00:00Z,2026-09-04T00:00:00Z,697490
es.wikipedia,,Pageviews,2026-09-04T00:00:00Z,2026-09-04T01:00:00Z,668628
es.wikipedia,,Pageviews,2026-09-04T01:00:00Z,2026-09-04T02:00:00Z,685967
es.wikipedia,,Pageviews,2026-09-04T02:00:00Z,2026-09-04T03:00:00Z,749415
es.wikipedia,,Pageviews,2026-09-04T03:00:00Z,2026-09-04T04:00:00Z,772945
es.wikipedia,,Pageviews,2026-09-04T04:00:00Z,2026-09-04T05:00:00Z,708395
es.wikipedia,,Pageviews,2026-09-04T05:00:00Z,2026-09-04T06:00:00Z,500873
es.wikipedia,,Pageviews,2026-09-04T06:00:00Z,2026-09-04T07:00:00Z,437533
es.wikipedia,,Pageviews,2026-09-04T07:00:00Z,2026-09-04T08:00:00Z,385488
es.wikipedia,,Pageviews,2026-09-04T08:00:00Z,2026-09-04T09:00:00Z,331539
es.wikipedia,,Pageviews,2026-09-04T09:00:00Z,2026-09-04T10:00:00Z,332500
es.wikipedia,,Pageviews,2026-09-04T10:00:00Z,2026-09-04T11:00:00Z,376143
es.wikipedia,,Pageviews,2026-09-04T11:00:00Z,2026-09-04T12:00:00Z,455443
es.wikipedia,,Pageviews,2026-09-04T12:00:00Z,2026-09-04T13:00:00Z,521588
es.wikipedia,,Pageviews,2026-09-04T13:00:00Z,2026-09-04T14:00:00Z,623010
es.wikipedia,,Pageviews,2026-09-04T14:00:00Z,2026-09-04T15:00:00Z,702276
es.wikipedia,,Pageviews,2026-09-04T15:00:00Z,2026-09-04T16:00:00Z,732534
es.wikipedia,,Pageviews,2026-09-04T16:00:00Z,2026-09-04T17:00:00Z,755196
es.wikipedia,,Pageviews,2026-09-04T17:00:00Z,2026-09-04T18:00:00Z,764951
es.wikipedia,,Pageviews,2026-09-04T18:00:00Z,2026-09-04T19:00:00Z,760774
es.wikipedia,,Pageviews,2026-09-04T19:00:00Z,2026-09-04T20:00:00Z,800182
es.wikipedia,,Pageviews,2026-09-04T20:00:00Z,2026-09-04T21:00:00Z,876985
es.wikipedia,,Pageviews,2026-09-04T21:00:00Z,2026-09-04T22:00:00Z,874261
es.wikipedia,,Pageviews,2026-09-04T22:00:00Z,2026-09-04T23:00:00Z,789822
es.wikipedia,,Pageviews,2026-09-04T23:00:00Z,2026-09-05T00:00:00Z,687965
es.wikipedia,,Pageviews,2026-09-05T00:00:00Z,2026-09-05T01:00:00Z,650516
es.wikipedia,,Pageviews,2026-09-05T01:00:00Z,2026-09-05T02:00:00Z,660730
es.wikipedia,,Pageviews,2026-09-05T02:00:00Z,2026-09-05T03:00:00Z,658464
es.wikipedia,,Pageviews,2026-09-05T03:00:00Z,2026-09-05T04:00:00Z,592368
es.wikipedia,,Pageviews,2026-09-05T04:00:00Z,2026-09-05T05:00:00Z,520676
es.wikipedia,,Pageviews,2026-09-05T05:00:00Z,2026-09-05T06:00:00Z,446741
es.wikipedia,,Pageviews,2026-09-05T06:00:00Z,2026-09-05T07:00:00Z,405866
es.wikipedia,,Pageviews,2026-09-05T07:00:00Z,2026-09-05T08:00:00Z,383729
es.wikipedia,,Pageviews,2026-09-05T08:00:00Z,2026-09-05T09:00:00Z,364808
es.wikipedia,,Pageviews,2026-09-05T09:00:00Z,2026-09-05T10:00:00Z,359282
es.wikipedia,,Pageviews,2026-09-05T10:00:00Z,2026-09-05T11:00:00Z,371654
es.wikipedia,,Pageviews,2026-09-05T11:00:00Z,2026-09-05T12:00:00Z,425044
es.wikipedia,,Pageviews,2026-09-05T12:00:00Z,2026-09-05T13:00:00Z,501046
es.wikipedia,,Pageviews,2026-09-05T13:00:00Z,2026-09-05T14:00:00Z,617332
es.wikipedia,,Pageviews,2026-09-05T14:00:00Z,2026-09-05T15:00:00Z,707894
es.wikipedia,,Pageviews,2026-09-05T15:00:00Z,2026-09-05T16:00:00Z,1043039
es.wikipedia,,Pageviews,2026-09-05T16:00:00Z,2026-09-05T17:00:00Z,1023823
es.wikipedia,,Pageviews,2026-09-05T17:00:00Z,2026-09-05T18:00:00Z,995710
es.wikipedia,,Pageviews,2026-09-05T18:00:00Z,2026-09-05T19:00:00Z,822884
es.wikipedia,,Pageviews,2026-09-05T19:00:00Z,2026-09-05T20:00:00Z,847343
es.wikipedia,,Pageviews,2026-09-05T20:00:00Z,2026-09-05T21:00:00Z,932057
es.wikipedia,,Pageviews,2026-09-05T21:00:00Z,2026-09-05T22:00:00Z,938197
es.wikipedia,,Pageviews,2026-09-05T22:00:00Z,2026-09-05T23:00:00Z,860731
es.wikipedia,,Pageviews,2026-09-05T23:00:00Z,2026-09-06T00:00:00Z,777058
es.wikipedia,,Pageviews,2026-09-06T00:00:00Z,2026-09-06T01:00:00Z,728522
es.wikipedia,,Pageviews,2026-09-06T01:00:00Z,2026-09-06T02:00:00Z,727391
es.wikipedia,,Pageviews,2026-09-06T02:00:00Z,2026-09-06T03:00:00Z,726040
es.wikipedia,,Pageviews,2026-09-06T03:00:00Z,2026-09-06T04:00:00Z,669815
es.wikipedia,,Pageviews,2026-09-06T04:00:00Z,2026-09-06T05:00:00Z,577799
es.wikipedia,,Pageviews,2026-09-06T05:00:00Z,2026-09-06T06:00:00Z,478778
es.wikipedia,,Pageviews,2026-09-06T06:00:00Z,2026-09-06T07:00:00Z,418161
es.wikipedia,,Pageviews,2026-09-06T07:00:00Z,2026-09-06T08:00:00Z,387421
es.wikipedia,,Pageviews,2026-09-06T08:00:00Z,2026-09-06T09:00:00Z,377824
es.wikipedia,,Pageviews,2026-09-06T09:00:00Z,2026-09-06T10:00:00Z,384949
es.wikipedia,,Pageviews,2026-09-06T10:00:00Z,2026-09-06T11:00:00Z,404747
es.wikipedia,,Pageviews,2026-09-06T11:00:00Z,2026-09-06T12:00:00Z,457198
es.wikipedia,,Pageviews,2026-09-06T12:00:00Z,2026-09-06T13:00:00Z,526217
es.wikipedia,,Pageviews,2026-09-06T13:00:00Z,2026-09-06T14:00:00Z,644503
es.wikipedia,,Pageviews,2026-09-06T14:00:00Z,2026-09-06T15:00:00Z,729103
es.wikipedia,,Pageviews,2026-09-06T15:00:00Z,2026-09-06T16:00:00Z,830153
es.wikipedia,,Pageviews,2026-09-06T16:00:00Z,2026-09-06T17:00:00Z,884268
es.wikipedia,,Pageviews,2026-09-06T17:00:00Z,2026-09-06T18:00:00Z,928225
es.wikipedia,,Pageviews,2026-09-06T18:00:00Z,2026-09-06T19:00:00Z,943055
es.wikipedia,,Pageviews,2026-09-06T19:00:00Z,2026-09-06T20:00:00Z,1023426
es.wikipedia,,Pageviews,2026-09-06T20:00:00Z,2026-09-06T21:00:00Z,1098688
es.wikipedia,,Pageviews,2026-09-06T21:00:00Z,2026-09-06T22:00:00Z,1041015
es.wikipedia,,Pageviews,2026-09-06T22:00:00Z,2026-09-06T23:00:00Z,936043
es.wikipedia,,Pageviews,2026-09-06T23:00:00Z,2026-09-07T00:00:00Z,844365
es.wikipedia,,Pageviews,2026-09-07T00:00:00Z,2026-09-07T01:00:00Z,816619
es.wikipedia,,Pageviews,2026-09-07T01:00:00Z,2026-09-07T02:00:00Z,814990
es.wikipedia,,Pageviews,2026-09-07T02:00:00Z,2026-09-07T03:00:00Z,791587
es.wikipedia,,Pageviews,2026-09-07T03:00:00Z,2026-09-07T04:00:00Z,704762
es.wikipedia,,Pageviews,2026-09-07T04:00:00Z,2026-09-07T05:00:00Z,590768
es.wikipedia,,Pageviews,2026-09-07T05:00:00Z,2026-09-07T06:00:00Z,506093
es.wikipedia,,Pageviews,2026-09-07T06:00:00Z,2026-09-07T07:00:00Z,436883
es.wikipedia,,Pageviews,2026-09-07T07:00:00Z,2026-09-07T08:00:00Z,394900
es.wikipedia,,Pageviews,2026-09-07T08:00:00Z,2026-09-07T09:00:00Z,373554
es.wikipedia,,Pageviews,2026-09-07T09:00:00Z,2026-09-07T10:00:00Z,374340
es.wikipedia,,Pageviews,2026-09-07T10:00:00Z,2026-09-07T11:00:00Z,406577
es.wikipedia,,Pageviews,2026-09-07T11:00:00Z,2026-09-07T12:00:00Z,501534
es.wikipedia,,Pageviews,2026-09-07T12:00:00Z,2026-09-07T13:00:00Z,572474
es.wikipedia,,Pageviews,2026-09-07T13:00:00Z,2026-09-07T14:00:00Z,673321
es.wikipedia,,Pageviews,2026-09-07T14:00:00Z,2026-09-07T15:00:00Z,733630
es.wikipedia,,Pageviews,2026-09-07T15:00:00Z,2026-09-07T16:00:00Z,761267
es.wikipedia,,Pageviews,2026-09-07T16:00:00Z,2026-09-07T17:00:00Z,792182
es.wikipedia,,Pageviews,2026-09-07T17:00:00Z,2026-09-07T18:00:00Z,826194
es.wikipedia,,Pageviews,2026-09-07T18:00:00Z,2026-09-07T19:00:00Z,899331
es.wikipedia,,Pageviews,2026-09-07T19:00:00Z,2026-09-07T20:00:00Z,884750
es.wikipedia,,Pageviews,2026-09-07T20:00:00Z,2026-09-07T21:00:00Z,954483
es.wikipedia,,Pageviews,2026-09-07T21:00:00Z,2026-09-07T22:00:00Z,946686
es.wikipedia,,Pageviews,2026-09-07T22:00:00Z,2026-09-07T23:00:00Z,827394
es.wikipedia,,Pageviews,2026-09-07T23:00:00Z,2026-09-08T00:00:00Z,745591
es.wikipedia,,Pageviews,2026-09-08T00:00:00Z,2026-09-08T01:00:00Z,724895
es.wikipedia,,Pageviews,2026-09-08T01:00:00Z,2026-09-08T02:00:00Z,740999
es.wikipedia,,Pageviews,2026-09-08T02:00:00Z,2026-09-08T03:00:00Z,702029
es.wikipedia,,Pageviews,2026-09-08T03:00:00Z,2026-09-08T04:00:00Z,617569
es.wikipedia,,Pageviews,2026-09-08T04:00:00Z,2026-09-08T05:00:00Z,521009
es.wikipedia,,Pageviews,2026-09-08T05:00:00Z,2026-09-08T06:00:00Z,432447
es.wikipedia,,Pageviews,2026-09-08T06:00:00Z,2026-09-08T07:00:00Z,376861
es.wikipedia,,Pageviews,2026-09-08T07:00:00Z,2026-09-08T08:00:00Z,345912
es.wikipedia,,Pageviews,2026-09-08T08:00:00Z,2026-09-08T09:00:00Z,332467
es.wikipedia,,Pageviews,2026-09-08T09:00:00Z,2026-09-08T10:00:00Z,353066
es.wikipedia,,Pageviews,2026-09-08T10:00:00Z,2026-09-08T11:00:00Z,399012
es.wikipedia,,Pageviews,2026-09-08T11:00:00Z,2026-09-08T12:00:00Z,473851
es.wikipedia,,Pageviews,2026-09-08T12:00:00Z,2026-09-08T13:00:00Z,549019
es.wikipedia,,Pageviews,2026-09-08T13:00:00Z,2026-09-08T14:00:00Z,660098
es.wikipedia,,Pageviews,2026-09-08T14:00:00Z,2026-09-08T15:00:00Z,734679
es.wikipedia,,Pageviews,2026-09-08T15:00:00Z,2026-09-08T16:00:00Z,766883
es.wikipedia,,Pageviews,2026-09-08T16:00:00Z,2026-09-08T17:00:00Z,784090
es.wikipedia,,Pageviews,2026-09-08T17:00:00Z,2026-09-08T18:00:00Z,829650
es.wikipedia,,Pageviews,2026-09-08T18:00:00Z,2026-09-08T19:00:00Z,820669
es.wikipedia,,Pageviews,2026-09-08T19:00:00Z,2026-09-08T20:00:00Z,914888
es.wikipedia,,Pageviews,2026-09-08T20:00:00Z,2026-09-08T21:00:00Z,979980
es.wikipedia,,Pageviews,2026-09-08T21:00:00Z,2026-09-08T22:00:00Z,926164
es.wikipedia,,Pageviews,2026-09-08T22:00:00Z,2026-09-08T23:00:00Z,819352
es.wikipedia,,Pageviews,2026-09-08T23:00:00Z,2026-09-09T00:00:00Z,721362
es.wikipedia,,Pageviews,2026-09-09T00:00:00Z,2026-09-09T01:00:00Z,720629
es.wikipedia,,Pageviews,2026-09-09T01:00:00Z,2026-09-09T02:00:00Z,722530
es.wikipedia,,Pageviews,2026-09-09T02:00:00Z,2026-09-09T03:00:00Z,713518
es.wikipedia,,Pageviews,2026-09-09T03:00:00Z,2026-09-09T04:00:00Z,632159
es.wikipedia,,Pageviews,2026-09-09T04:00:00Z,2026-09-09T05:00:00Z,532780
es.wikipedia,,Pageviews,2026-09-09T05:00:00Z,2026-09-09T06:00:00Z,440511
es.wikipedia,,Pageviews,2026-09-09T06:00:00Z,2026-09-09T07:00:00Z,412480
es.wikipedia,,Pageviews,2026-09-09T07:00:00Z,2026-09-09T08:00:00Z,365458
es.wikipedia,,Pageviews,2026-09-09T08:00:00Z,2026-09-09T09:00:00Z,345577
es.wikipedia,,Pageviews,2026-09-09T09:00:00Z,2026-09-09T10:00:00Z,354821
es.wikipedia,,Pageviews,2026-09-09T10:00:00Z,2026-09-09T11:00:00Z,409243
es.wikipedia,,Pageviews,2026-09-09T11:00:00Z,2026-09-09T12:00:00Z,488887
es.wikipedia,,Pageviews,2026-09-09T12:00:00Z,2026-09-09T13:00:00Z,560457
es.wikipedia,,Pageviews,2026-09-09T13:00:00Z,2026-09-09T14:00:00Z,667750
es.wikipedia,,Pageviews,2026-09-09T14:00:00Z,2026-09-09T15:00:00Z,736513
es.wikipedia,,Pageviews,2026-09-09T15:00:00Z,2026-09-09T16:00:00Z,769286
es.wikipedia,,Pageviews,2026-09-09T16:00:00Z,2026-09-09T17:00:00Z,792968
es.wikipedia,,Pageviews,2026-09-09T17:00:00Z,2026-09-09T18:00:00Z,835230
es.wikipedia,,Pageviews,2026-09-09T18:00:00Z,2026-09-09T19:00:00Z,840212
es.wikipedia,,Pageviews,2026-09-09T19:00:00Z,2026-09-09T20:00:00Z,889490
es.wikipedia,,Pageviews,2026-09-09T20:00:00Z,2026-09-09T21:00:00Z,1003915
es.wikipedia,,Pageviews,2026-09-09T21:00:00Z,2026-09-09T22:00:00Z,936066
es.wikipedia,,Pageviews,2026-09-09T22:00:00Z,2026-09-09T23:00:00Z,817868
es.wikipedia,,Pageviews,2026-09-09T23:00:00Z,2026-09-10T00:00:00Z,731261
es.wikipedia,,Pageviews,2026-09-10T00:00:00Z,2026-09-10T01:00:00Z,719053
es.wikipedia,,Pageviews,2026-09-10T01:00:00Z,2026-09-10T02:00:00Z,735025
es.wikipedia,,Pageviews,2026-09-10T02:00:00Z,2026-09-10T03:00:00Z,706834
es.wikipedia,,Pageviews,2026-09-10T03:00:00Z,2026-09-10T04:00:00Z,634514
es.wikipedia,,Pageviews,2026-09-10T04:00:00Z,2026-09-10T05:00:00Z,540693
es.wikipedia,,Pageviews,2026-09-10T05:00:00Z,2026-09-10T06:00:00Z,447952
es.wikipedia,,Pageviews,2026-09-10T06:00:00Z,2026-09-10T07:00:00Z,390767
es.wikipedia,,Pageviews,2026-09-10T07:00:00Z,2026-09-10T08:00:00Z,364963
es.wikipedia,,Pageviews,2026-09-10T08:00:00Z,2026-09-10T09:00:00Z,348514
es.wikipedia,,Pageviews,2026-09-10T09:00:00Z,2026-09-10T10:00:00Z,356997
es.wikipedia,,Pageviews,2026-09-10T10:00:00Z,2026-09-10T11:00:00Z,404065
es.wikipedia,,Pageviews,2026-09-10T11:00:00Z,2026-09-10T12:00:00Z,481390
es.wikipedia,,Pageviews,2026-09-10T12:00:00Z,2026-09-10T13:00:00Z,560631
es.wikipedia,,Pageviews,2026-09-10T13:00:00Z,2026-09-10T14:00:00Z,667822
es.wikipedia,,Pageviews,2026-09-10T14:00:00Z,2026-09-10T15:00:00Z,742358
es.wikipedia,,Pageviews,2026-09-10T15:00:00Z,2026-09-10T16:00:00Z,767312
es.wikipedia,,Pageviews,2026-09-10T16:00:00Z,2026-09-10T17:00:00Z,782942
es.wikipedia,,Pageviews,2026-09-10T17:00:00Z,2026-09-10T18:00:00Z,813554
es.wikipedia,,Pageviews,2026-09-10T18:00:00Z,2026-09-10T19:00:00Z,810419
es.wikipedia,,Pageviews,2026-09-10T19:00:00Z,2026-09-10T20:00:00Z,901029
es.wikipedia,,Pageviews,2026-09-10T20:00:00Z,2026-09-10T21:00:00Z,1047886
es.wikipedia,,Pageviews,2026-09-10T21:00:00Z,2026-09-10T22:00:00Z,959715
es.wikipedia,,Pageviews,2026-09-10T22:00:00Z,2026-09-10T23:00:00Z,833499
es.wikipedia,,Pageviews,2026-09-10T23:00:00Z,2026-09-11T00:00:00Z,755637
es.wikipedia,,Pageviews,2026-09-11T00:00:00Z,2026-09-11T01:00:00Z,740943
es.wikipedia,,Pageviews,2026-09-11T01:00:00Z,2026-09-11T02:00:00Z,751878
es.wikipedia,,Pageviews,2026-09-11T02:00:00Z,2026-09-11T03:00:00Z,728451
es.wikipedia,,Pageviews,2026-09-11T03:00:00Z,2026-09-11T04:00:00Z,644021
es.wikipedia,,Pageviews,2026-09-11T04:00:00Z,2026-09-11T05:00:00Z,547333
es.wikipedia,,Pageviews,2026-09-11T05:00:00Z,2026-09-11T06:00:00Z,462738
es.wikipedia,,Pageviews,2026-09-11T06:00:00Z,2026-09-11T07:00:00Z,413216
es.wikipedia,,Pageviews,2026-09-11T07:00:00Z,2026-09-11T08:00:00Z,390933
es.wikipedia,,Pageviews,2026-09-11T08:00:00Z,2026-09-11T09:00:00Z,377384
es.wikipedia,,Pageviews,2026-09-11T09:00:00Z,2026-09-11T10:00:00Z,379416
es.wikipedia,,Pageviews,2026-09-11T10:00:00Z,2026-09-11T11:00:00Z,425100
es.wikipedia,,Pageviews,2026-09-11T11:00:00Z,2026-09-11T12:00:00Z,501800
es.wikipedia,,Pageviews,2026-09-11T12:00:00Z,2026-09-11T13:00:00Z,587946
es.wikipedia,,Pageviews,2026-09-11T13:00:00Z,2026-09-11T14:00:00Z,722827
es.wikipedia,,Pageviews,2026-09-11T14:00:00Z,2026-09-11T15:00:00Z,809071
es.wikipedia,,Pageviews,2026-09-11T15:00:00Z,2026-09-11T16:00:00Z,823259
es.wikipedia,,Pageviews,2026-09-11T16:00:00Z,2026-09-11T17:00:00Z,845760
es.wikipedia,,Pageviews,2026-09-11T17:00:00Z,2026-09-11T18:00:00Z,860644
es.wikipedia,,Pageviews,2026-09-11T18:00:00Z,2026-09-11T19:00:00Z,852982
es.wikipedia,,Pageviews,2026-09-11T19:00:00Z,2026-09-11T20:00:00Z,922708
es.wikipedia,,Pageviews,2026-09-11T20:00:00Z,2026-09-11T21:00:00Z,983457
es.wikipedia,,Pageviews,2026-09-11T21:00:00Z,2026-09-11T22:00:00Z,965891
es.wikipedia,,Pageviews,2026-09-11T22:00:00Z,2026-09-11T23:00:00Z,882237
es.wikipedia,,Pageviews,2026-09-11T23:00:00Z,2026-09-12T00:00:00Z,768707
es.wikipedia,,Pageviews,2026-09-12T00:00:00Z,2026-09-12T01:00:00Z,726794
es.wikipedia,,Pageviews,2026-09-12T01:00:00Z,2026-09-12T02:00:00Z,764015
es.wikipedia,,Pageviews,2026-09-12T02:00:00Z,2026-09-12T03:00:00Z,725357
es.wikipedia,,Pageviews,2026-09-12T03:00:00Z,2026-09-12T04:00:00Z,671033
es.wikipedia,,Pageviews,2026-09-12T04:00:00Z,2026-09-12T05:00:00Z,571960
es.wikipedia,,Pageviews,2026-09-12T05:00:00Z,2026-09-12T06:00:00Z,492138
es.wikipedia,,Pageviews,2026-09-12T06:00:00Z,2026-09-12T07:00:00Z,431682
es.wikipedia,,Pageviews,2026-09-12T07:00:00Z,2026-09-12T08:00:00Z,408510
es.wikipedia,,Pageviews,2026-09-12T08:00:00Z,2026-09-12T09:00:00Z,386712
es.wikipedia,,Pageviews,2026-09-12T09:00:00Z,2026-09-12T10:00:00Z,402507
es.wikipedia,,Pageviews,2026-09-12T10:00:00Z,2026-09-12T11:00:00Z,422125
es.wikipedia,,Pageviews,2026-09-12T11:00:00Z,2026-09-12T12:00:00Z,479902
es.wikipedia,,Pageviews,2026-09-12T12:00:00Z,2026-09-12T13:00:00Z,564662
es.wikipedia,,Pageviews,2026-09-12T13:00:00Z,2026-09-12T14:00:00Z,693269
es.wikipedia,,Pageviews,2026-09-12T14:00:00Z,2026-09-12T15:00:00Z,777138
es.wikipedia,,Pageviews,2026-09-12T15:00:00Z,2026-09-12T16:00:00Z,847038
es.wikipedia,,Pageviews,2026-09-12T16:00:00Z,2026-09-12T17:00:00Z,888578
es.wikipedia,,Pageviews,2026-09-12T17:00:00Z,2026-09-12T18:00:00Z,906111
es.wikipedia,,Pageviews,2026-09-12T18:00:00Z,2026-09-12T19:00:00Z,878823
es.wikipedia,,Pageviews,2026-09-12T19:00:00Z,2026-09-12T20:00:00Z,914069
es.wikipedia,,Pageviews,2026-09-12T20:00:00Z,2026-09-12T21:00:00Z,990373
es.wikipedia,,Pageviews,2026-09-12T21:00:00Z,2026-09-12T22:00:00Z,1004678
es.wikipedia,,Pageviews,2026-09-12T22:00:00Z,2026-09-12T23:00:00Z,950740
es.wikipedia,,Pageviews,2026-09-12T23:00:00Z,2026-09-13T00:00:00Z,820800
es.wikipedia,,Pageviews,2026-09-13T00:00:00Z,2026-09-13T01:00:00Z,771674
es.wikipedia,,Pageviews,2026-09-13T01:00:00Z,2026-09-13T02:00:00Z,769085
es.wikipedia,,Pageviews,2026-09-13T02:00:00Z,2026-09-13T03:00:00Z,748590
es.wikipedia,,Pageviews,2026-09-13T03:00:00Z,2026-09-13T04:00:00Z,703962
es.wikipedia,,Pageviews,2026-09-13T04:00:00Z,2026-09-13T05:00:00Z,600029
es.wikipedia,,Pageviews,2026-09-13T05:00:00Z,2026-09-13T06:00:00Z,515468
es.wikipedia,,Pageviews,2026-09-13T06:00:00Z,2026-09-13T07:00:00Z,436816
es.wikipedia,,Pageviews,2026-09-13T07:00:00Z,2026-09-13T08:00:00Z,424299
es.wikipedia,,Pageviews,2026-09-13T08:00:00Z,2026-09-13T09:00:00Z,407573
es.wikipedia,,Pageviews,2026-09-13T09:00:00Z,2026-09-13T10:00:00Z,408786
es.wikipedia,,Pageviews,2026-09-13T10:00:00Z,2026-09-13T11:00:00Z,425871
es.wikipedia,,Pageviews,2026-09-13T11:00:00Z,2026-09-13T12:00:00Z,481839
es.wikipedia,,Pageviews,2026-09-13T12:00:00Z,2026-09-13T13:00:00Z,553916
es.wikipedia,,Pageviews,2026-09-13T13:00:00Z,2026-09-13T14:00:00Z,681230
es.wikipedia,,Pageviews,2026-09-13T14:00:00Z,2026-09-13T15:00:00Z,798948
es.wikipedia,,Pageviews,2026-09-13T15:00:00Z,2026-09-13T16:00:00Z,882004
es.wikipedia,,Pageviews,2026-09-13T16:00:00Z,2026-09-13T17:00:00Z,932962
es.wikipedia,,Pageviews,2026-09-13T17:00:00Z,2026-09-13T18:00:00Z,962273
es.wikipedia,,Pageviews,2026-09-13T18:00:00Z,2026-09-13T19:00:00Z,992414
es.wikipedia,,Pageviews,2026-09-13T19:00:00Z,2026-09-13T20:00:00Z,1037071
es.wikipedia,,Pageviews,2026-09-13T20:00:00Z,2026-09-13T21:00:00Z,1147198
es.wikipedia,,Pageviews,2026-09-13T21:00:00Z,2026-09-13T22:00:00Z,1091527
es.wikipedia,,Pageviews,2026-09-13T22:00:00Z,2026-09-13T23:00:00Z,972515
es.wikipedia,,Pageviews,2026-09-13T23:00:00Z,2026-09-14T00:00:00Z,842292
es.wikipedia,,Pageviews,2026-09-14T00:00:00Z,2026-09-14T01:00:00Z,807701
es.wikipedia,,Pageviews,2026-09-14T01:00:00Z,2026-09-14T02:00:00Z,807253
es.wikipedia,,Pageviews,2026-09-14T02:00:00Z,2026-09-14T03:00:00Z,786580
es.wikipedia,,Pageviews,2026-09-14T03:00:00Z,2026-09-14T04:00:00Z,699961
es.wikipedia,,Pageviews,2026-09-14T04:00:00Z,2026-09-14T05:00:00Z,600681
es.wikipedia,,Pageviews,2026-09-14T05:00:00Z,2026-09-14T06:00:00Z,506744
es.wikipedia,,Pageviews,2026-09-14T06:00:00Z,2026-09-14T07:00:00Z,457221
es.wikipedia,,Pageviews,2026-09-14T07:00:00Z,2026-09-14T08:00:00Z,388110
es.wikipedia,,Pageviews,2026-09-14T08:00:00Z,2026-09-14T09:00:00Z,371501
es.wikipedia,,Pageviews,2026-09-14T09:00:00Z,2026-09-14T10:00:00Z,370635
es.wikipedia,,Pageviews,2026-09-14T10:00:00Z,2026-09-14T11:00:00Z,429191
es.wikipedia,,Pageviews,2026-09-14T11:00:00Z,2026-09-14T12:00:00Z,494453
es.wikipedia,,Pageviews,2026-09-14T12:00:00Z,2026-09-14T13:00:00Z,567627
es.wikipedia,,Pageviews,2026-09-14T13:00:00Z,2026-09-14T14:00:00Z,679632
es.wikipedia,,Pageviews,2026-09-14T14:00:00Z,2026-09-14T15:00:00Z,747262
es.wikipedia,,Pageviews,2026-09-14T15:00:00Z,2026-09-14T16:00:00Z,777670
es.wikipedia,,Pageviews,2026-09-14T16:00:00Z,2026-09-14T17:00:00Z,808534
es.wikipedia,,Pageviews,2026-09-14T17:00:00Z,2026-09-14T18:00:00Z,839841
es.wikipedia,,Pageviews,2026-09-14T18:00:00Z,2026-09-14T19:00:00Z,825606
es.wikipedia,,Pageviews,2026-09-14T19:00:00Z,2026-09-14T20:00:00Z,891291
es.wikipedia,,Pageviews,2026-09-14T20:00:00Z,2026-09-14T21:00:00Z,984187
es.wikipedia,,Pageviews,2026-09-14T21:00:00Z,2026-09-14T22:00:00Z,925648
es.wikipedia,,Pageviews,2026-09-14T22:00:00Z,2026-09-14T23:00:00Z,807198
es.wikipedia,,Pageviews,2026-09-14T23:00:00Z,2026-09-15T00:00:00Z,725061
es.wikipedia,,Pageviews,2026-09-15T00:00:00Z,2026-09-15T01:00:00Z,727025
es.wikipedia,,Pageviews,2026-09-15T01:00:00Z,2026-09-15T02:00:00Z,738753
es.wikipedia,,Pageviews,2026-09-15T02:00:00Z,2026-09-15T03:00:00Z,721402
es.wikipedia,,Pageviews,2026-09-15T03:00:00Z,2026-09-15T04:00:00Z,635158
es.wikipedia,,Pageviews,2026-09-15T04:00:00Z,2026-09-15T05:00:00Z,536631
es.wikipedia,,Pageviews,2026-09-15T05:00:00Z,2026-09-15T06:00:00Z,460655
es.wikipedia,,Pageviews,2026-09-15T06:00:00Z,2026-09-15T07:00:00Z,399593
es.wikipedia,,Pageviews,2026-09-15T07:00:00Z,2026-09-15T08:00:00Z,371371
es.wikipedia,,Pageviews,2026-09-15T08:00:00Z,2026-09-15T09:00:00Z,359477
es.wikipedia,,Pageviews,2026-09-15T09:00:00Z,2026-09-15T10:00:00Z,371167
es.wikipedia,,Pageviews,2026-09-15T10:00:00Z,2026-09-15T11:00:00Z,416107
es.wikipedia,,Pageviews,2026-09-15T11:00:00Z,2026-09-15T12:00:00Z,483661
es.wikipedia,,Pageviews,2026-09-15T12:00:00Z,2026-09-15T13:00:00Z,553127
es.wikipedia,,Pageviews,2026-09-15T13:00:00Z,2026-09-15T14:00:00Z,655427
es.wikipedia,,Pageviews,2026-09-15T14:00:00Z,2026-09-15T15:00:00Z,733970
es.wikipedia,,Pageviews,2026-09-15T15:00:00Z,2026-09-15T16:00:00Z,766532
es.wikipedia,,Pageviews,2026-09-15T16:00:00Z,2026-09-15T17:00:00Z,793721
es.wikipedia,,Pageviews,2026-09-15T17:00:00Z,2026-09-15T18:00:00Z,822674
es.wikipedia,,Pageviews,2026-09-15T18:00:00Z,2026-09-15T19:00:00Z,823466
es.wikipedia,,Pageviews,2026-09-15T19:00:00Z,2026-09-15T20:00:00Z,895683
es.wikipedia,,Pageviews,2026-09-15T20:00:00Z,2026-09-15T21:00:00Z,985016
es.wikipedia,,Pageviews,2026-09-15T21:00:00Z,2026-09-15T22:00:00Z,906101
es.wikipedia,,Pageviews,2026-09-15T22:00:00Z,2026-09-15T23:00:00Z,787423
es.wikipedia,,Pageviews,2026-09-15T23:00:00Z,2026-09-16T00:00:00Z,720192
es.wikipedia,,Pageviews,2026-09-16T00:00:00Z,2026-09-16T01:00:00Z,705501
es.wikipedia,,Pageviews,2026-09-16T01:00:00Z,2026-09-16T02:00:00Z,712262
es.wikipedia,,Pageviews,2026-09-16T02:00:00Z,2026-09-16T03:00:00Z,715319
es.wikipedia,,Pageviews,2026-09-16T03:00:00Z,2026-09-16T04:00:00Z,622013
es.wikipedia,,Pageviews,2026-09-16T04:00:00Z,2026-09-16T05:00:00Z,541086
es.wikipedia,,Pageviews,2026-09-16T05:00:00Z,2026-09-16T06:00:00Z,560513
es.wikipedia,,Pageviews,2026-09-16T06:00:00Z,2026-09-16T07:00:00Z,451747
es.wikipedia,,Pageviews,2026-09-16T07:00:00Z,2026-09-16T08:00:00Z,410829
es.wikipedia,,Pageviews,2026-09-16T08:00:00Z,2026-09-16T09:00:00Z,374716
es.wikipedia,,Pageviews,2026-09-16T09:00:00Z,2026-09-16T10:00:00Z,386845
es.wikipedia,,Pageviews,2026-09-16T10:00:00Z,2026-09-16T11:00:00Z,428834
es.wikipedia,,Pageviews,2026-09-16T11:00:00Z,2026-09-16T12:00:00Z,493390
es.wikipedia,,Pageviews,2026-09-16T12:00:00Z,2026-09-16T13:00:00Z,555942
es.wikipedia,,Pageviews,2026-09-16T13:00:00Z,2026-09-16T14:00:00Z,658496
es.wikipedia,,Pageviews,2026-09-16T14:00:00Z,2026-09-16T15:00:00Z,727759
es.wikipedia,,Pageviews,2026-09-16T15:00:00Z,2026-09-16T16:00:00Z,757533
es.wikipedia,,Pageviews,2026-09-16T16:00:00Z,2026-09-16T17:00:00Z,806666
es.wikipedia,,Pageviews,2026-09-16T17:00:00Z,2026-09-16T18:00:00Z,833976
es.wikipedia,,Pageviews,2026-09-16T18:00:00Z,2026-09-16T19:00:00Z,864670
es.wikipedia,,Pageviews,2026-09-16T19:00:00Z,2026-09-16T20:00:00Z,924487
es.wikipedia,,Pageviews,2026-09-16T20:00:00Z,2026-09-16T21:00:00Z,984082
es.wikipedia,,Pageviews,2026-09-16T21:00:00Z,2026-09-16T22:00:00Z,930099
es.wikipedia,,Pageviews,2026-09-16T22:00:00Z,2026-09-16T23:00:00Z,820601
es.wikipedia,,Pageviews,2026-09-16T23:00:00Z,2026-09-17T00:00:00Z,744073
es.wikipedia,,Pageviews,2026-09-17T00:00:00Z,2026-09-17T01:00:00Z,756954
es.wikipedia,,Pageviews,2026-09-17T01:00:00Z,2026-09-17T02:00:00Z,772588
es.wikipedia,,Pageviews,2026-09-17T02:00:00Z,2026-09-17T03:00:00Z,780187
es.wikipedia,,Pageviews,2026-09-17T03:00:00Z,2026-09-17T04:00:00Z,692332
es.wikipedia,,Pageviews,2026-09-17T04:00:00Z,2026-09-17T05:00:00Z,583441
es.wikipedia,,Pageviews,2026-09-17T05:00:00Z,2026-09-17T06:00:00Z,484676
es.wikipedia,,Pageviews,2026-09-17T06:00:00Z,2026-09-17T07:00:00Z,430764
es.wikipedia,,Pageviews,2026-09-17T07:00:00Z,2026-09-17T08:00:00Z,399490
es.wikipedia,,Pageviews,2026-09-17T08:00:00Z,2026-09-17T09:00:00Z,377230
es.wikipedia,,Pageviews,2026-09-17T09:00:00Z,2026-09-17T10:00:00Z,372121
es.wikipedia,,Pageviews,2026-09-17T10:00:00Z,2026-09-17T11:00:00Z,433226
es.wikipedia,,Pageviews,2026-09-17T11:00:00Z,2026-09-17T12:00:00Z,503066
es.wikipedia,,Pageviews,2026-09-17T12:00:00Z,2026-09-17T13:00:00Z,564521
es.wikipedia,,Pageviews,2026-09-17T13:00:00Z,2026-09-17T14:00:00Z,685844
es.wikipedia,,Pageviews,2026-09-17T14:00:00Z,2026-09-17T15:00:00Z,763992
es.wikipedia,,Pageviews,2026-09-17T15:00:00Z,2026-09-17T16:00:00Z,794688
es.wikipedia,,Pageviews,2026-09-17T16:00:00Z,2026-09-17T17:00:00Z,808721
es.wikipedia,,Pageviews,2026-09-17T17:00:00Z,2026-09-17T18:00:00Z,834990
es.wikipedia,,Pageviews,2026-09-17T18:00:00Z,2026-09-17T19:00:00Z,852737
es.wikipedia,,Pageviews,2026-09-17T19:00:00Z,2026-09-17T20:00:00Z,901890
es.wikipedia,,Pageviews,2026-09-17T20:00:00Z,2026-09-17T21:00:00Z,1048363
es.wikipedia,,Pageviews,2026-09-17T21:00:00Z,2026-09-17T22:00:00Z,926828
es.wikipedia,,Pageviews,2026-09-17T22:00:00Z,2026-09-17T23:00:00Z,795805
es.wikipedia,,Pageviews,2026-09-17T23:00:00Z,2026-09-18T00:00:00Z,700223
es.wikipedia,,Pageviews,2026-09-18T00:00:00Z,2026-09-18T01:00:00Z,687345
es.wikipedia,,Pageviews,2026-09-18T01:00:00Z,2026-09-18T02:00:00Z,712253
es.wikipedia,,Pageviews,2026-09-18T02:00:00Z,2026-09-18T03:00:00Z,700137
es.wikipedia,,Pageviews,2026-09-18T03:00:00Z,2026-09-18T04:00:00Z,619612
es.wikipedia,,Pageviews,2026-09-18T04:00:00Z,2026-09-18T05:00:00Z,522624
es.wikipedia,,Pageviews,2026-09-18T05:00:00Z,2026-09-18T06:00:00Z,449939
es.wikipedia,,Pageviews,2026-09-18T06:00:00Z,2026-09-18T07:00:00Z,401937
es.wikipedia,,Pageviews,2026-09-18T07:00:00Z,2026-09-18T08:00:00Z,379074
es.wikipedia,,Pageviews,2026-09-18T08:00:00Z,2026-09-18T09:00:00Z,352781
es.wikipedia,,Pageviews,2026-09-18T09:00:00Z,2026-09-18T10:00:00Z,358174
es.wikipedia,,Pageviews,2026-09-18T10:00:00Z,2026-09-18T11:00:00Z,410358
es.wikipedia,,Pageviews,2026-09-18T11:00:00Z,2026-09-18T12:00:00Z,483994
es.wikipedia,,Pageviews,2026-09-18T12:00:00Z,2026-09-18T13:00:00Z,535167
es.wikipedia,,Pageviews,2026-09-18T13:00:00Z,2026-09-18T14:00:00Z,636526
es.wikipedia,,Pageviews,2026-09-18T14:00:00Z,2026-09-18T15:00:00Z,709234
es.wikipedia,,Pageviews,2026-09-18T15:00:00Z,2026-09-18T16:00:00Z,730782
es.wikipedia,,Pageviews,2026-09-18T16:00:00Z,2026-09-18T17:00:00Z,749720
es.wikipedia,,Pageviews,2026-09-18T17:00:00Z,2026-09-18T18:00:00Z,768140
es.wikipedia,,Pageviews,2026-09-18T18:00:00Z,2026-09-18T19:00:00Z,776117
es.wikipedia,,Pageviews,2026-09-18T19:00:00Z,2026-09-18T20:00:00Z,823803
es.wikipedia,,Pageviews,2026-09-18T20:00:00Z,2026-09-18T21:00:00Z,904400
es.wikipedia,,Pageviews,2026-09-18T21:00:00Z,2026-09-18T22:00:00Z,887341
es.wikipedia,,Pageviews,2026-09-18T22:00:00Z,2026-09-18T23:00:00Z,779742
es.wikipedia,,Pageviews,2026-09-18T23:00:00Z,2026-09-19T00:00:00Z,680508
es.wikipedia,,Pageviews,2026-09-19T00:00:00Z,2026-09-19T01:00:00Z,641160
es.wikipedia,,Pageviews,2026-09-19T01:00:00Z,2026-09-19T02:00:00Z,642864
es.wikipedia,,Pageviews,2026-09-19T02:00:00Z,2026-09-19T03:00:00Z,650861
es.wikipedia,,Pageviews,2026-09-19T03:00:00Z,2026-09-19T04:00:00Z,597863
es.wikipedia,,Pageviews,2026-09-19T04:00:00Z,2026-09-19T05:00:00Z,514378
es.wikipedia,,Pageviews,2026-09-19T05:00:00Z,2026-09-19T06:00:00Z,448211
es.wikipedia,,Pageviews,2026-09-19T06:00:00Z,2026-09-19T07:00:00Z,397605
es.wikipedia,,Pageviews,2026-09-19T07:00:00Z,2026-09-19T08:00:00Z,372117
es.wikipedia,,Pageviews,2026-09-19T08:00:00Z,2026-09-19T09:00:00Z,344149
es.wikipedia,,Pageviews,2026-09-19T09:00:00Z,2026-09-19T10:00:00Z,346536
es.wikipedia,,Pageviews,2026-09-19T10:00:00Z,2026-09-19T11:00:00Z,378517
es.wikipedia,,Pageviews,2026-09-19T11:00:00Z,2026-09-19T12:00:00Z,433979
es.wikipedia,,Pageviews,2026-09-19T12:00:00Z,2026-09-19T13:00:00Z,510919
es.wikipedia,,Pageviews,2026-09-19T13:00:00Z,2026-09-19T14:00:00Z,632023
es.wikipedia,,Pageviews,2026-09-19T14:00:00Z,2026-09-19T15:00:00Z,720356
es.wikipedia,,Pageviews,2026-09-19T15:00:00Z,2026-09-19T16:00:00Z,775002
es.wikipedia,,Pageviews,2026-09-19T16:00:00Z,2026-09-19T17:00:00Z,804210
es.wikipedia,,Pageviews,2026-09-19T17:00:00Z,2026-09-19T18:00:00Z,825525
es.wikipedia,,Pageviews,2026-09-19T18:00:00Z,2026-09-19T19:00:00Z,832283
es.wikipedia,,Pageviews,2026-09-19T19:00:00Z,2026-09-19T20:00:00Z,886749
es.wikipedia,,Pageviews,2026-09-19T20:00:00Z,2026-09-19T21:00:00Z,946470
es.wikipedia,,Pageviews,2026-09-19T21:00:00Z,2026-09-19T22:00:00Z,943169
es.wikipedia,,Pageviews,2026-09-19T22:00:00Z,2026-09-19T23:00:00Z,862810
es.wikipedia,,Pageviews,2026-09-19T23:00:00Z,2026-09-20T00:00:00Z,776995
es.wikipedia,,Pageviews,2026-09-20T00:00:00Z,2026-09-20T01:00:00Z,734554
es.wikipedia,,Pageviews,2026-09-20T01:00:00Z,2026-09-20T02:00:00Z,746561
es.wikipedia,,Pageviews,2026-09-20T02:00:00Z,2026-09-20T03:00:00Z,741491
es.wikipedia,,Pageviews,2026-09-20T03:00:00Z,2026-09-20T04:00:00Z,690836
es.wikipedia,,Pageviews,2026-09-20T04:00:00Z,2026-09-20T05:00:00Z,601623
es.wikipedia,,Pageviews,2026-09-20T05:00:00Z,2026-09-20T06:00:00Z,513231
es.wikipedia,,Pageviews,2026-09-20T06:00:00Z,2026-09-20T07:00:00Z,442140
es.wikipedia,,Pageviews,2026-09-20T07:00:00Z,2026-09-20T08:00:00Z,424845
es.wikipedia,,Pageviews,2026-09-20T08:00:00Z,2026-09-20T09:00:00Z,399238
es.wikipedia,,Pageviews,2026-09-20T09:00:00Z,2026-09-20T10:00:00Z,400927
es.wikipedia,,Pageviews,2026-09-20T10:00:00Z,2026-09-20T11:00:00Z,414873
es.wikipedia,,Pageviews,2026-09-20T11:00:00Z,2026-09-20T12:00:00Z,473449
es.wikipedia,,Pageviews,2026-09-20T12:00:00Z,2026-09-20T13:00:00Z,541433
es.wikipedia,,Pageviews,2026-09-20T13:00:00Z,2026-09-20T14:00:00Z,676150
es.wikipedia,,Pageviews,2026-09-20T14:00:00Z,2026-09-20T15:00:00Z,765679
es.wikipedia,,Pageviews,2026-09-20T15:00:00Z,2026-09-20T16:00:00Z,867166
es.wikipedia,,Pageviews,2026-09-20T16:00:00Z,2026-09-20T17:00:00Z,893745
es.wikipedia,,Pageviews,2026-09-20T17:00:00Z,2026-09-20T18:00:00Z,928710
es.wikipedia,,Pageviews,2026-09-20T18:00:00Z,2026-09-20T19:00:00Z,965207
es.wikipedia,,Pageviews,2026-09-20T19:00:00Z,2026-09-20T20:00:00Z,1041997
es.wikipedia,,Pageviews,2026-09-20T20:00:00Z,2026-09-20T21:00:00Z,1114152
es.wikipedia,,Pageviews,2026-09-20T21:00:00Z,2026-09-20T22:00:00Z,1043425
es.wikipedia,,Pageviews,2026-09-20T22:00:00Z,2026-09-20T23:00:00Z,908853
es.wikipedia,,Pageviews,2026-09-20T23:00:00Z,2026-09-21T00:00:00Z,814313
es.wikipedia,,Pageviews,2026-09-21T00:00:00Z,2026-09-21T01:00:00Z,793074
es.wikipedia,,Pageviews,2026-09-21T01:00:00Z,2026-09-21T02:00:00Z,795082
es.wikipedia,,Pageviews,2026-09-21T02:00:00Z,2026-09-21T03:00:00Z,761437
es.wikipedia,,Pageviews,2026-09-21T03:00:00Z,2026-09-21T04:00:00Z,682447
es.wikipedia,,Pageviews,2026-09-21T04:00:00Z,2026-09-21T05:00:00Z,593314
es.wikipedia,,Pageviews,2026-09-21T05:00:00Z,2026-09-21T06:00:00Z,500766
es.wikipedia,,Pageviews,2026-09-21T06:00:00Z,2026-09-21T07:00:00Z,444787
es.wikipedia,,Pageviews,2026-09-21T07:00:00Z,2026-09-21T08:00:00Z,426339
es.wikipedia,,Pageviews,2026-09-21T08:00:00Z,2026-09-21T09:00:00Z,391600
es.wikipedia,,Pageviews,2026-09-21T09:00:00Z,2026-09-21T10:00:00Z,380550
es.wikipedia,,Pageviews,2026-09-21T10:00:00Z,2026-09-21T11:00:00Z,441641
es.wikipedia,,Pageviews,2026-09-21T11:00:00Z,2026-09-21T12:00:00Z,503155
es.wikipedia,,Pageviews,2026-09-21T12:00:00Z,2026-09-21T13:00:00Z,565267
es.wikipedia,,Pageviews,2026-09-21T13:00:00Z,2026-09-21T14:00:00Z,690227
es.wikipedia,,Pageviews,2026-09-21T14:00:00Z,2026-09-21T15:00:00Z,757486
es.wikipedia,,Pageviews,2026-09-21T15:00:00Z,2026-09-21T16:00:00Z,773577
es.wikipedia,,Pageviews,2026-09-21T16:00:00Z,2026-09-21T17:00:00Z,798968
es.wikipedia,,Pageviews,2026-09-21T17:00:00Z,2026-09-21T18:00:00Z,811612
es.wikipedia,,Pageviews,2026-09-21T18:00:00Z,2026-09-21T19:00:00Z,837348
es.wikipedia,,Pageviews,2026-09-21T19:00:00Z,2026-09-21T20:00:00Z,883802
es.wikipedia,,Pageviews,2026-09-21T20:00:00Z,2026-09-21T21:00:00Z,964067
es.wikipedia,,Pageviews,2026-09-21T21:00:00Z,2026-09-21T22:00:00Z,904812
es.wikipedia,,Pageviews,2026-09-21T22:00:00Z,2026-09-21T23:00:00Z,809317
es.wikipedia,,Pageviews,2026-09-21T23:00:00Z,2026-09-22T00:00:00Z,714887
es.wikipedia,,Pageviews,2026-09-22T00:00:00Z,2026-09-22T01:00:00Z,694998
es.wikipedia,,Pageviews,2026-09-22T01:00:00Z,2026-09-22T02:00:00Z,701582
es.wikipedia,,Pageviews,2026-09-22T02:00:00Z,2026-09-22T03:00:00Z,705060
es.wikipedia,,Pageviews,2026-09-22T03:00:00Z,2026-09-22T04:00:00Z,626392
es.wikipedia,,Pageviews,2026-09-22T04:00:00Z,2026-09-22T05:00:00Z,534621
es.wikipedia,,Pageviews,2026-09-22T05:00:00Z,2026-09-22T06:00:00Z,459012
es.wikipedia,,Pageviews,2026-09-22T06:00:00Z,2026-09-22T07:00:00Z,380913
es.wikipedia,,Pageviews,2026-09-22T07:00:00Z,2026-09-22T08:00:00Z,355056
es.wikipedia,,Pageviews,2026-09-22T08:00:00Z,2026-09-22T09:00:00Z,337039
es.wikipedia,,Pageviews,2026-09-22T09:00:00Z,2026-09-22T10:00:00Z,340926
es.wikipedia,,Pageviews,2026-09-22T10:00:00Z,2026-09-22T11:00:00Z,419525
es.wikipedia,,Pageviews,2026-09-22T11:00:00Z,2026-09-22T12:00:00Z,812119
es.wikipedia,,Pageviews,2026-09-22T12:00:00Z,2026-09-22T13:00:00Z,661712
es.wikipedia,,Pageviews,2026-09-22T13:00:00Z,2026-09-22T14:00:00Z,672778
es.wikipedia,,Pageviews,2026-09-22T14:00:00Z,2026-09-22T15:00:00Z,737502
es.wikipedia,,Pageviews,2026-09-22T15:00:00Z,2026-09-22T16:00:00Z,749590
es.wikipedia,,Pageviews,2026-09-22T16:00:00Z,2026-09-22T17:00:00Z,771198
es.wikipedia,,Pageviews,2026-09-22T17:00:00Z,2026-09-22T18:00:00Z,793427
es.wikipedia,,Pageviews,2026-09-22T18:00:00Z,2026-09-22T19:00:00Z,818456
es.wikipedia,,Pageviews,2026-09-22T19:00:00Z,2026-09-22T20:00:00Z,865666
es.wikipedia,,Pageviews,2026-09-22T20:00:00Z,2026-09-22T21:00:00Z,945830
es.wikipedia,,Pageviews,2026-09-22T21:00:00Z,2026-09-22T22:00:00Z,894447
es.wikipedia,,Pageviews,2026-09-22T22:00:00Z,2026-09-22T23:00:00Z,782836
es.wikipedia,,Pageviews,2026-09-22T23:00:00Z,2026-09-23T00:00:00Z,696605
es.wikipedia,,Pageviews,2026-09-23T00:00:00Z,2026-09-23T01:00:00Z,695553
es.wikipedia,,Pageviews,2026-09-23T01:00:00Z,2026-09-23T02:00:00Z,706309
es.wikipedia,,Pageviews,2026-09-23T02:00:00Z,2026-09-23T03:00:00Z,685386
es.wikipedia,,Pageviews,2026-09-23T03:00:00Z,2026-09-23T04:00:00Z,607678
es.wikipedia,,Pageviews,2026-09-23T04:00:00Z,2026-09-23T05:00:00Z,505406
es.wikipedia,,Pageviews,2026-09-23T05:00:00Z,2026-09-23T06:00:00Z,431182
es.wikipedia,,Pageviews,2026-09-23T06:00:00Z,2026-09-23T07:00:00Z,384549
es.wikipedia,,Pageviews,2026-09-23T07:00:00Z,2026-09-23T08:00:00Z,369082
es.wikipedia,,Pageviews,2026-09-23T08:00:00Z,2026-09-23T09:00:00Z,352837
es.wikipedia,,Pageviews,2026-09-23T09:00:00Z,2026-09-23T10:00:00Z,347300
es.wikipedia,,Pageviews,2026-09-23T10:00:00Z,2026-09-23T11:00:00Z,408322
es.wikipedia,,Pageviews,2026-09-23T11:00:00Z,2026-09-23T12:00:00Z,476479
es.wikipedia,,Pageviews,2026-09-23T12:00:00Z,2026-09-23T13:00:00Z,544366
es.wikipedia,,Pageviews,2026-09-23T13:00:00Z,2026-09-23T14:00:00Z,653106
es.wikipedia,,Pageviews,2026-09-23T14:00:00Z,2026-09-23T15:00:00Z,737135
es.wikipedia,,Pageviews,2026-09-23T15:00:00Z,2026-09-23T16:00:00Z,758281
es.wikipedia,,Pageviews,2026-09-23T16:00:00Z,2026-09-23T17:00:00Z,788509
es.wikipedia,,Pageviews,2026-09-23T17:00:00Z,2026-09-23T18:00:00Z,755017
es.wikipedia,,Pageviews,2026-09-23T18:00:00Z,2026-09-23T19:00:00Z,793176
es.wikipedia,,Pageviews,2026-09-23T19:00:00Z,2026-09-23T20:00:00Z,869272
es.wikipedia,,Pageviews,2026-09-23T20:00:00Z,2026-09-23T21:00:00Z,946669
es.wikipedia,,Pageviews,2026-09-23T21:00:00Z,2026-09-23T22:00:00Z,899327
es.wikipedia,,Pageviews,2026-09-23T22:00:00Z,2026-09-23T23:00:00Z,800102
es.wikipedia,,Pageviews,2026-09-23T23:00:00Z,2026-09-24T00:00:00Z,702858
es.wikipedia,,Pageviews,2026-09-24T00:00:00Z,2026-09-24T01:00:00Z,699000
es.wikipedia,,Pageviews,2026-09-24T01:00:00Z,2026-09-24T02:00:00Z,712353
es.wikipedia,,Pageviews,2026-09-24T02:00:00Z,2026-09-24T03:00:00Z,761688
es.wikipedia,,Pageviews,2026-09-24T03:00:00Z,2026-09-24T04:00:00Z,778932
es.wikipedia,,Pageviews,2026-09-24T04:00:00Z,2026-09-24T05:00:00Z,607818
es.wikipedia,,Pageviews,2026-09-24T05:00:00Z,2026-09-24T06:00:00Z,474890
es.wikipedia,,Pageviews,2026-09-24T06:00:00Z,2026-09-24T07:00:00Z,407430
es.wikipedia,,Pageviews,2026-09-24T07:00:00Z,2026-09-24T08:00:00Z,372822
es.wikipedia,,Pageviews,2026-09-24T08:00:00Z,2026-09-24T09:00:00Z,346739
es.wikipedia,,Pageviews,2026-09-24T09:00:00Z,2026-09-24T10:00:00Z,344883
es.wikipedia,,Pageviews,2026-09-24T10:00:00Z,2026-09-24T11:00:00Z,403383
es.wikipedia,,Pageviews,2026-09-24T11:00:00Z,2026-09-24T12:00:00Z,475585
es.wikipedia,,Pageviews,2026-09-24T12:00:00Z,2026-09-24T13:00:00Z,546553
es.wikipedia,,Pageviews,2026-09-24T13:00:00Z,2026-09-24T14:00:00Z,653009
es.wikipedia,,Pageviews,2026-09-24T14:00:00Z,2026-09-24T15:00:00Z,713303
es.wikipedia,,Pageviews,2026-09-24T15:00:00Z,2026-09-24T16:00:00Z,739019
es.wikipedia,,Pageviews,2026-09-24T16:00:00Z,2026-09-24T17:00:00Z,750322
es.wikipedia,,Pageviews,2026-09-24T17:00:00Z,2026-09-24T18:00:00Z,776523
es.wikipedia,,Pageviews,2026-09-24T18:00:00Z,2026-09-24T19:00:00Z,797907
es.wikipedia,,Pageviews,2026-09-24T19:00:00Z,2026-09-24T20:00:00Z,855804
es.wikipedia,,Pageviews,2026-09-24T20:00:00Z,2026-09-24T21:00:00Z,961745
es.wikipedia,,Pageviews,2026-09-24T21:00:00Z,2026-09-24T22:00:00Z,909779
es.wikipedia,,Pageviews,2026-09-24T22:00:00Z,2026-09-24T23:00:00Z,765516
es.wikipedia,,Pageviews,2026-09-24T23:00:00Z,2026-09-25T00:00:00Z,661875
es.wikipedia,,Pageviews,2026-09-25T00:00:00Z,2026-09-25T01:00:00Z,637121
es.wikipedia,,Pageviews,2026-09-25T01:00:00Z,2026-09-25T02:00:00Z,644678
es.wikipedia,,Pageviews,2026-09-25T02:00:00Z,2026-09-25T03:00:00Z,628165
es.wikipedia,,Pageviews,2026-09-25T03:00:00Z,2026-09-25T04:00:00Z,566609
es.wikipedia,,Pageviews,2026-09-25T04:00:00Z,2026-09-25T05:00:00Z,489845
es.wikipedia,,Pageviews,2026-09-25T05:00:00Z,2026-09-25T06:00:00Z,430941
es.wikipedia,,Pageviews,2026-09-25T06:00:00Z,2026-09-25T07:00:00Z,392669
es.wikipedia,,Pageviews,2026-09-25T07:00:00Z,2026-09-25T08:00:00Z,369925
es.wikipedia,,Pageviews,2026-09-25T08:00:00Z,2026-09-25T09:00:00Z,346472
es.wikipedia,,Pageviews,2026-09-25T09:00:00Z,2026-09-25T10:00:00Z,345652
es.wikipedia,,Pageviews,2026-09-25T10:00:00Z,2026-09-25T11:00:00Z,394570
es.wikipedia,,Pageviews,2026-09-25T11:00:00Z,2026-09-25T12:00:00Z,462427
es.wikipedia,,Pageviews,2026-09-25T12:00:00Z,2026-09-25T13:00:00Z,529555
es.wikipedia,,Pageviews,2026-09-25T13:00:00Z,2026-09-25T14:00:00Z,623789
es.wikipedia,,Pageviews,2026-09-25T14:00:00Z,2026-09-25T15:00:00Z,692931
es.wikipedia,,Pageviews,2026-09-25T15:00:00Z,2026-09-25T16:00:00Z,745143
es.wikipedia,,Pageviews,2026-09-25T16:00:00Z,2026-09-25T17:00:00Z,759728
es.wikipedia,,Pageviews,2026-09-25T17:00:00Z,2026-09-25T18:00:00Z,767887
es.wikipedia,,Pageviews,2026-09-25T18:00:00Z,2026-09-25T19:00:00Z,763169
es.wikipedia,,Pageviews,2026-09-25T19:00:00Z,2026-09-25T20:00:00Z,815741
es.wikipedia,,Pageviews,2026-09-25T20:00:00Z,2026-09-25T21:00:00Z,880340
es.wikipedia,,Pageviews,2026-09-25T21:00:00Z,2026-09-25T22:00:00Z,860287
es.wikipedia,,Pageviews,2026-09-25T22:00:00Z,2026-09-25T23:00:00Z,769809
es.wikipedia,,Pageviews,2026-09-25T23:00:00Z,2026-09-26T00:00:00Z,686273
es.wikipedia,,Pageviews,2026-09-26T00:00:00Z,2026-09-26T01:00:00Z,643961
es.wikipedia,,Pageviews,2026-09-26T01:00:00Z,2026-09-26T02:00:00Z,649596
es.wikipedia,,Pageviews,2026-09-26T02:00:00Z,2026-09-26T03:00:00Z,636699
es.wikipedia,,Pageviews,2026-09-26T03:00:00Z,2026-09-26T04:00:00Z,594508
es.wikipedia,,Pageviews,2026-09-26T04:00:00Z,2026-09-26T05:00:00Z,506043
es.wikipedia,,Pageviews,2026-09-26T05:00:00Z,2026-09-26T06:00:00Z,436958
es.wikipedia,,Pageviews,2026-09-26T06:00:00Z,2026-09-26T07:00:00Z,385970
es.wikipedia,,Pageviews,2026-09-26T07:00:00Z,2026-09-26T08:00:00Z,364191
es.wikipedia,,Pageviews,2026-09-26T08:00:00Z,2026-09-26T09:00:00Z,346658
es.wikipedia,,Pageviews,2026-09-26T09:00:00Z,2026-09-26T10:00:00Z,356306
es.wikipedia,,Pageviews,2026-09-26T10:00:00Z,2026-09-26T11:00:00Z,392585
es.wikipedia,,Pageviews,2026-09-26T11:00:00Z,2026-09-26T12:00:00Z,455993
es.wikipedia,,Pageviews,2026-09-26T12:00:00Z,2026-09-26T13:00:00Z,518437
es.wikipedia,,Pageviews,2026-09-26T13:00:00Z,2026-09-26T14:00:00Z,635951
es.wikipedia,,Pageviews,2026-09-26T14:00:00Z,2026-09-26T15:00:00Z,718548
es.wikipedia,,Pageviews,2026-09-26T15:00:00Z,2026-09-26T16:00:00Z,770234
es.wikipedia,,Pageviews,2026-09-26T16:00:00Z,2026-09-26T17:00:00Z,796681
es.wikipedia,,Pageviews,2026-09-26T17:00:00Z,2026-09-26T18:00:00Z,809781
es.wikipedia,,Pageviews,2026-09-26T18:00:00Z,2026-09-26T19:00:00Z,825881
es.wikipedia,,Pageviews,2026-09-26T19:00:00Z,2026-09-26T20:00:00Z,872786
es.wikipedia,,Pageviews,2026-09-26T20:00:00Z,2026-09-26T21:00:00Z,933338
es.wikipedia,,Pageviews,2026-09-26T21:00:00Z,2026-09-26T22:00:00Z,932263
es.wikipedia,,Pageviews,2026-09-26T22:00:00Z,2026-09-26T23:00:00Z,849426
