load_balancer,target_group,metric_name,period_start_utc,period_end_utc,value
app/bodegaai-production-alb/31b69d3d76ab5ed1,targetgroup/bodegaai-production-pos-api/cc856aef82a80a55,RequestCountPerTarget,2026-07-18T23:00:00Z,2026-07-19T00:00:00Z,807867
app/bodegaai-production-alb/31b69d3d76ab5ed1,targetgroup/bodegaai-production-pos-api/cc856aef82a80a55,RequestCountPerTarget,2026-07-19T00:00:00Z,2026-07-19T01:00:00Z,800009
app/bodegaai-production-alb/31b69d3d76ab5ed1,targetgroup/bodegaai-production-pos-api/cc856aef82a80a55,RequestCountPerTarget,2026-07-19T01:00:00Z,2026-07-19T02:00:00Z,796023
app/bodegaai-production-alb/31b69d3d76ab5ed1,targetgroup/bodegaai-production-pos-api/cc856aef82a80a55,RequestCountPerTarget,2026-07-19T02:00:00Z,2026-07-19T03:00:00Z,786557.5
app/bodegaai-production-alb/31b69d3d76ab5ed1,targetgroup/bodegaai-production-pos-api/cc856aef82a80a55,RequestCountPerTarget,2026-07-19T03:00:00Z,2026-07-19T04:00:00Z,778880
app/bodegaai-production-alb/31b69d3d76ab5ed1,targetgroup/bodegaai-production-pos-api/cc856aef82a80a55,RequestCountPerTarget,2026-07-19T04:00:00Z,2026-07-19T05:00:00Z,767643.5
app/bodegaai-production-alb/31b69d3d76ab5ed1,targetgroup/bodegaai-production-pos-api/cc856aef82a80a55,RequestCountPerTarget,2026-07-19T05:00:00Z,2026-07-19T06:00:00Z,762650
app/bodegaai-production-alb/31b69d3d76ab5ed1,targetgroup/bodegaai-production-pos-api/cc856aef82a80a55,RequestCountPerTarget,2026-07-19T06:00:00Z,2026-07-19T07:00:00Z,759018.5
app/bodegaai-production-alb/31b69d3d76ab5ed1,targetgroup/bodegaai-production-pos-api/cc856aef82a80a55,RequestCountPerTarget,2026-07-19T07:00:00Z,2026-07-19T08:00:00Z,758404
app/bodegaai-production-alb/31b69d3d76ab5ed1,targetgroup/bodegaai-production-pos-api/cc856aef82a80a55,RequestCountPerTarget,2026-07-19T08:00:00Z,2026-07-19T09:00:00Z,761851.5
app/bodegaai-production-alb/31b69d3d76ab5ed1,targetgroup/bodegaai-production-pos-api/cc856aef82a80a55,RequestCountPerTarget,2026-07-19T09:00:00Z,2026-07-19T10:00:00Z,761885.5
app/bodegaai-production-alb/31b69d3d76ab5ed1,targetgroup/bodegaai-production-pos-api/cc856aef82a80a55,RequestCountPerTarget,2026-07-19T10:00:00Z,2026-07-19T11:00:00Z,763512.5
app/bodegaai-production-alb/31b69d3d76ab5ed1,targetgroup/bodegaai-production-pos-api/cc856aef82a80a55,RequestCountPerTarget,2026-07-19T11:00:00Z,2026-07-19T12:00:00Z,771674.5
app/bodegaai-production-alb/31b69d3d76ab5ed1,targetgroup/bodegaai-production-pos-api/cc856aef82a80a55,RequestCountPerTarget,2026-07-19T12:00:00Z,2026-07-19T13:00:00Z,782872
app/bodegaai-production-alb/31b69d3d76ab5ed1,targetgroup/bodegaai-production-pos-api/cc856aef82a80a55,RequestCountPerTarget,2026-07-19T13:00:00Z,2026-07-19T14:00:00Z,790490
app/bodegaai-production-alb/31b69d3d76ab5ed1,targetgroup/bodegaai-production-pos-api/cc856aef82a80a55,RequestCountPerTarget,2026-07-19T14:00:00Z,2026-07-19T15:00:00Z,799670.5
app/bodegaai-production-alb/31b69d3d76ab5ed1,targetgroup/bodegaai-production-pos-api/cc856aef82a80a55,RequestCountPerTarget,2026-07-19T15:00:00Z,2026-07-19T16:00:00Z,803366.5
app/bodegaai-production-alb/31b69d3d76ab5ed1,targetgroup/bodegaai-production-pos-api/cc856aef82a80a55,RequestCountPerTarget,2026-07-19T16:00:00Z,2026-07-19T17:00:00Z,807002
app/bodegaai-production-alb/31b69d3d76ab5ed1,targetgroup/bodegaai-production-pos-api/cc856aef82a80a55,RequestCountPerTarget,2026-07-19T17:00:00Z,2026-07-19T18:00:00Z,806426
app/bodegaai-production-alb/31b69d3d76ab5ed1,targetgroup/bodegaai-production-pos-api/cc856aef82a80a55,RequestCountPerTarget,2026-07-19T18:00:00Z,2026-07-19T19:00:00Z,799756.5
app/bodegaai-production-alb/31b69d3d76ab5ed1,targetgroup/bodegaai-production-pos-api/cc856aef82a80a55,RequestCountPerTarget,2026-07-19T19:00:00Z,2026-07-19T20:00:00Z,797697
app/bodegaai-production-alb/31b69d3d76ab5ed1,targetgroup/bodegaai-production-pos-api/cc856aef82a80a55,RequestCountPerTarget,2026-07-19T20:00:00Z,2026-07-19T21:00:00Z,797562.5
app/bodegaai-production-alb/31b69d3d76ab5ed1,targetgroup/bodegaai-production-pos-api/cc856aef82a80a55,RequestCountPerTarget,2026-07-19T21:00:00Z,2026-07-19T22:00:00Z,796885.5
app/bodegaai-production-alb/31b69d3d76ab5ed1,targetgroup/bodegaai-production-pos-api/cc856aef82a80a55,RequestCountPerTarget,2026-07-19T22:00:00Z,2026-07-19T23:00:00Z,797889.5
app/bodegaai-production-alb/31b69d3d76ab5ed1,targetgroup/bodegaai-production-pos-api/cc856aef82a80a55,RequestCountPerTarget,2026-07-19T23:00:00Z,2026-07-20T00:00:00Z,798295
app/bodegaai-production-alb/31b69d3d76ab5ed1,targetgroup/bodegaai-production-pos-api/cc856aef82a80a55,RequestCountPerTarget,2026-07-20T00:00:00Z,2026-07-20T01:00:00Z,790619.5
app/bodegaai-production-alb/31b69d3d76ab5ed1,targetgroup/bodegaai-production-pos-api/cc856aef82a80a55,RequestCountPerTarget,2026-07-20T01:00:00Z,2026-07-20T02:00:00Z,785532.5
app/bodegaai-production-alb/31b69d3d76ab5ed1,targetgroup/bodegaai-production-pos-api/cc856aef82a80a55,RequestCountPerTarget,2026-07-20T02:00:00Z,2026-07-20T03:00:00Z,779714
app/bodegaai-production-alb/31b69d3d76ab5ed1,targetgroup/bodegaai-production-pos-api/cc856aef82a80a55,RequestCountPerTarget,2026-07-20T03:00:00Z,2026-07-20T04:00:00Z,763314.5
app/bodegaai-production-alb/31b69d3d76ab5ed1,targetgroup/bodegaai-production-pos-api/cc856aef82a80a55,RequestCountPerTarget,2026-07-20T04:00:00Z,2026-07-20T05:00:00Z,752942
app/bodegaai-production-alb/31b69d3d76ab5ed1,targetgroup/bodegaai-production-pos-api/cc856aef82a80a55,RequestCountPerTarget,2026-07-20T05:00:00Z,2026-07-20T06:00:00Z,754406
app/bodegaai-production-alb/31b69d3d76ab5ed1,targetgroup/bodegaai-production-pos-api/cc856aef82a80a55,RequestCountPerTarget,2026-07-20T06:00:00Z,2026-07-20T07:00:00Z,751785.5
app/bodegaai-production-alb/31b69d3d76ab5ed1,targetgroup/bodegaai-production-pos-api/cc856aef82a80a55,RequestCountPerTarget,2026-07-20T07:00:00Z,2026-07-20T08:00:00Z,750216.5
app/bodegaai-production-alb/31b69d3d76ab5ed1,targetgroup/bodegaai-production-pos-api/cc856aef82a80a55,RequestCountPerTarget,2026-07-20T08:00:00Z,2026-07-20T09:00:00Z,753662
app/bodegaai-production-alb/31b69d3d76ab5ed1,targetgroup/bodegaai-production-pos-api/cc856aef82a80a55,RequestCountPerTarget,2026-07-20T09:00:00Z,2026-07-20T10:00:00Z,752335.5
app/bodegaai-production-alb/31b69d3d76ab5ed1,targetgroup/bodegaai-production-pos-api/cc856aef82a80a55,RequestCountPerTarget,2026-07-20T10:00:00Z,2026-07-20T11:00:00Z,759480
app/bodegaai-production-alb/31b69d3d76ab5ed1,targetgroup/bodegaai-production-pos-api/cc856aef82a80a55,RequestCountPerTarget,2026-07-20T11:00:00Z,2026-07-20T12:00:00Z,767834.5
app/bodegaai-production-alb/31b69d3d76ab5ed1,targetgroup/bodegaai-production-pos-api/cc856aef82a80a55,RequestCountPerTarget,2026-07-20T12:00:00Z,2026-07-20T13:00:00Z,779763.5
app/bodegaai-production-alb/31b69d3d76ab5ed1,targetgroup/bodegaai-production-pos-api/cc856aef82a80a55,RequestCountPerTarget,2026-07-20T13:00:00Z,2026-07-20T14:00:00Z,790623.5
app/bodegaai-production-alb/31b69d3d76ab5ed1,targetgroup/bodegaai-production-pos-api/cc856aef82a80a55,RequestCountPerTarget,2026-07-20T14:00:00Z,2026-07-20T15:00:00Z,796167
app/bodegaai-production-alb/31b69d3d76ab5ed1,targetgroup/bodegaai-production-pos-api/cc856aef82a80a55,RequestCountPerTarget,2026-07-20T15:00:00Z,2026-07-20T16:00:00Z,802494.5
app/bodegaai-production-alb/31b69d3d76ab5ed1,targetgroup/bodegaai-production-pos-api/cc856aef82a80a55,RequestCountPerTarget,2026-07-20T16:00:00Z,2026-07-20T17:00:00Z,804314
app/bodegaai-production-alb/31b69d3d76ab5ed1,targetgroup/bodegaai-production-pos-api/cc856aef82a80a55,RequestCountPerTarget,2026-07-20T17:00:00Z,2026-07-20T18:00:00Z,811237
app/bodegaai-production-alb/31b69d3d76ab5ed1,targetgroup/bodegaai-production-pos-api/cc856aef82a80a55,RequestCountPerTarget,2026-07-20T18:00:00Z,2026-07-20T19:00:00Z,811616
app/bodegaai-production-alb/31b69d3d76ab5ed1,targetgroup/bodegaai-production-pos-api/cc856aef82a80a55,RequestCountPerTarget,2026-07-20T19:00:00Z,2026-07-20T20:00:00Z,817394
app/bodegaai-production-alb/31b69d3d76ab5ed1,targetgroup/bodegaai-production-pos-api/cc856aef82a80a55,RequestCountPerTarget,2026-07-20T20:00:00Z,2026-07-20T21:00:00Z,805642.166663
app/bodegaai-production-alb/31b69d3d76ab5ed1,targetgroup/bodegaai-production-pos-api/cc856aef82a80a55,RequestCountPerTarget,2026-07-20T21:00:00Z,2026-07-20T22:00:00Z,818113
app/bodegaai-production-alb/31b69d3d76ab5ed1,targetgroup/bodegaai-production-pos-api/cc856aef82a80a55,RequestCountPerTarget,2026-07-20T22:00:00Z,2026-07-20T23:00:00Z,819188.5
app/bodegaai-production-alb/31b69d3d76ab5ed1,targetgroup/bodegaai-production-pos-api/cc856aef82a80a55,RequestCountPerTarget,2026-07-20T23:00:00Z,2026-07-21T00:00:00Z,815856
app/bodegaai-production-alb/31b69d3d76ab5ed1,targetgroup/bodegaai-production-pos-api/cc856aef82a80a55,RequestCountPerTarget,2026-07-21T00:00:00Z,2026-07-21T01:00:00Z,809650
app/bodegaai-production-alb/31b69d3d76ab5ed1,targetgroup/bodegaai-production-pos-api/cc856aef82a80a55,RequestCountPerTarget,2026-07-21T01:00:00Z,2026-07-21T02:00:00Z,801964
app/bodegaai-production-alb/31b69d3d76ab5ed1,targetgroup/bodegaai-production-pos-api/cc856aef82a80a55,RequestCountPerTarget,2026-07-21T02:00:00Z,2026-07-21T03:00:00Z,791374
app/bodegaai-production-alb/31b69d3d76ab5ed1,targetgroup/bodegaai-production-pos-api/cc856aef82a80a55,RequestCountPerTarget,2026-07-21T03:00:00Z,2026-07-21T04:00:00Z,777805
app/bodegaai-production-alb/31b69d3d76ab5ed1,targetgroup/bodegaai-production-pos-api/cc856aef82a80a55,RequestCountPerTarget,2026-07-21T04:00:00Z,2026-07-21T05:00:00Z,769265
app/bodegaai-production-alb/31b69d3d76ab5ed1,targetgroup/bodegaai-production-pos-api/cc856aef82a80a55,RequestCountPerTarget,2026-07-21T05:00:00Z,2026-07-21T06:00:00Z,765756
app/bodegaai-production-alb/31b69d3d76ab5ed1,targetgroup/bodegaai-production-pos-api/cc856aef82a80a55,RequestCountPerTarget,2026-07-21T06:00:00Z,2026-07-21T07:00:00Z,763891.5
app/bodegaai-production-alb/31b69d3d76ab5ed1,targetgroup/bodegaai-production-pos-api/cc856aef82a80a55,RequestCountPerTarget,2026-07-21T07:00:00Z,2026-07-21T08:00:00Z,765660.5
app/bodegaai-production-alb/31b69d3d76ab5ed1,targetgroup/bodegaai-production-pos-api/cc856aef82a80a55,RequestCountPerTarget,2026-07-21T08:00:00Z,2026-07-21T09:00:00Z,768589.5
app/bodegaai-production-alb/31b69d3d76ab5ed1,targetgroup/bodegaai-production-pos-api/cc856aef82a80a55,RequestCountPerTarget,2026-07-21T09:00:00Z,2026-07-21T10:00:00Z,770634.5
app/bodegaai-production-alb/31b69d3d76ab5ed1,targetgroup/bodegaai-production-pos-api/cc856aef82a80a55,RequestCountPerTarget,2026-07-21T10:00:00Z,2026-07-21T11:00:00Z,779168
app/bodegaai-production-alb/31b69d3d76ab5ed1,targetgroup/bodegaai-production-pos-api/cc856aef82a80a55,RequestCountPerTarget,2026-07-21T11:00:00Z,2026-07-21T12:00:00Z,788056
app/bodegaai-production-alb/31b69d3d76ab5ed1,targetgroup/bodegaai-production-pos-api/cc856aef82a80a55,RequestCountPerTarget,2026-07-21T12:00:00Z,2026-07-21T13:00:00Z,794911
app/bodegaai-production-alb/31b69d3d76ab5ed1,targetgroup/bodegaai-production-pos-api/cc856aef82a80a55,RequestCountPerTarget,2026-07-21T13:00:00Z,2026-07-21T14:00:00Z,807263.5
app/bodegaai-production-alb/31b69d3d76ab5ed1,targetgroup/bodegaai-production-pos-api/cc856aef82a80a55,RequestCountPerTarget,2026-07-21T14:00:00Z,2026-07-21T15:00:00Z,815991
app/bodegaai-production-alb/31b69d3d76ab5ed1,targetgroup/bodegaai-production-pos-api/cc856aef82a80a55,RequestCountPerTarget,2026-07-21T15:00:00Z,2026-07-21T16:00:00Z,819345
app/bodegaai-production-alb/31b69d3d76ab5ed1,targetgroup/bodegaai-production-pos-api/cc856aef82a80a55,RequestCountPerTarget,2026-07-21T16:00:00Z,2026-07-21T17:00:00Z,814771.916669
app/bodegaai-production-alb/31b69d3d76ab5ed1,targetgroup/bodegaai-production-pos-api/cc856aef82a80a55,RequestCountPerTarget,2026-07-21T17:00:00Z,2026-07-21T18:00:00Z,824721.5
app/bodegaai-production-alb/31b69d3d76ab5ed1,targetgroup/bodegaai-production-pos-api/cc856aef82a80a55,RequestCountPerTarget,2026-07-21T18:00:00Z,2026-07-21T19:00:00Z,827153
app/bodegaai-production-alb/31b69d3d76ab5ed1,targetgroup/bodegaai-production-pos-api/cc856aef82a80a55,RequestCountPerTarget,2026-07-21T19:00:00Z,2026-07-21T20:00:00Z,829502
app/bodegaai-production-alb/31b69d3d76ab5ed1,targetgroup/bodegaai-production-pos-api/cc856aef82a80a55,RequestCountPerTarget,2026-07-21T20:00:00Z,2026-07-21T21:00:00Z,828649
app/bodegaai-production-alb/31b69d3d76ab5ed1,targetgroup/bodegaai-production-pos-api/cc856aef82a80a55,RequestCountPerTarget,2026-07-21T21:00:00Z,2026-07-21T22:00:00Z,828270.5
app/bodegaai-production-alb/31b69d3d76ab5ed1,targetgroup/bodegaai-production-pos-api/cc856aef82a80a55,RequestCountPerTarget,2026-07-21T22:00:00Z,2026-07-21T23:00:00Z,825360
app/bodegaai-production-alb/31b69d3d76ab5ed1,targetgroup/bodegaai-production-pos-api/cc856aef82a80a55,RequestCountPerTarget,2026-07-21T23:00:00Z,2026-07-22T00:00:00Z,822580
app/bodegaai-production-alb/31b69d3d76ab5ed1,targetgroup/bodegaai-production-pos-api/cc856aef82a80a55,RequestCountPerTarget,2026-07-22T00:00:00Z,2026-07-22T01:00:00Z,812827.5
app/bodegaai-production-alb/31b69d3d76ab5ed1,targetgroup/bodegaai-production-pos-api/cc856aef82a80a55,RequestCountPerTarget,2026-07-22T01:00:00Z,2026-07-22T02:00:00Z,812050.5
app/bodegaai-production-alb/31b69d3d76ab5ed1,targetgroup/bodegaai-production-pos-api/cc856aef82a80a55,RequestCountPerTarget,2026-07-22T02:00:00Z,2026-07-22T03:00:00Z,804444
app/bodegaai-production-alb/31b69d3d76ab5ed1,targetgroup/bodegaai-production-pos-api/cc856aef82a80a55,RequestCountPerTarget,2026-07-22T03:00:00Z,2026-07-22T04:00:00Z,786022.5
app/bodegaai-production-alb/31b69d3d76ab5ed1,targetgroup/bodegaai-production-pos-api/cc856aef82a80a55,RequestCountPerTarget,2026-07-22T04:00:00Z,2026-07-22T05:00:00Z,768951.5
app/bodegaai-production-alb/31b69d3d76ab5ed1,targetgroup/bodegaai-production-pos-api/cc856aef82a80a55,RequestCountPerTarget,2026-07-22T05:00:00Z,2026-07-22T06:00:00Z,767997
app/bodegaai-production-alb/31b69d3d76ab5ed1,targetgroup/bodegaai-production-pos-api/cc856aef82a80a55,RequestCountPerTarget,2026-07-22T06:00:00Z,2026-07-22T07:00:00Z,765188
app/bodegaai-production-alb/31b69d3d76ab5ed1,targetgroup/bodegaai-production-pos-api/cc856aef82a80a55,RequestCountPerTarget,2026-07-22T07:00:00Z,2026-07-22T08:00:00Z,764857
app/bodegaai-production-alb/31b69d3d76ab5ed1,targetgroup/bodegaai-production-pos-api/cc856aef82a80a55,RequestCountPerTarget,2026-07-22T08:00:00Z,2026-07-22T09:00:00Z,764084
app/bodegaai-production-alb/31b69d3d76ab5ed1,targetgroup/bodegaai-production-pos-api/cc856aef82a80a55,RequestCountPerTarget,2026-07-22T09:00:00Z,2026-07-22T10:00:00Z,768200
app/bodegaai-production-alb/31b69d3d76ab5ed1,targetgroup/bodegaai-production-pos-api/cc856aef82a80a55,RequestCountPerTarget,2026-07-22T10:00:00Z,2026-07-22T11:00:00Z,779746
app/bodegaai-production-alb/31b69d3d76ab5ed1,targetgroup/bodegaai-production-pos-api/cc856aef82a80a55,RequestCountPerTarget,2026-07-22T11:00:00Z,2026-07-22T12:00:00Z,791268
app/bodegaai-production-alb/31b69d3d76ab5ed1,targetgroup/bodegaai-production-pos-api/cc856aef82a80a55,RequestCountPerTarget,2026-07-22T12:00:00Z,2026-07-22T13:00:00Z,801635
app/bodegaai-production-alb/31b69d3d76ab5ed1,targetgroup/bodegaai-production-pos-api/cc856aef82a80a55,RequestCountPerTarget,2026-07-22T13:00:00Z,2026-07-22T14:00:00Z,814408
app/bodegaai-production-alb/31b69d3d76ab5ed1,targetgroup/bodegaai-production-pos-api/cc856aef82a80a55,RequestCountPerTarget,2026-07-22T14:00:00Z,2026-07-22T15:00:00Z,826258.5
app/bodegaai-production-alb/31b69d3d76ab5ed1,targetgroup/bodegaai-production-pos-api/cc856aef82a80a55,RequestCountPerTarget,2026-07-22T15:00:00Z,2026-07-22T16:00:00Z,828796
app/bodegaai-production-alb/31b69d3d76ab5ed1,targetgroup/bodegaai-production-pos-api/cc856aef82a80a55,RequestCountPerTarget,2026-07-22T16:00:00Z,2026-07-22T17:00:00Z,833656.5
app/bodegaai-production-alb/31b69d3d76ab5ed1,targetgroup/bodegaai-production-pos-api/cc856aef82a80a55,RequestCountPerTarget,2026-07-22T17:00:00Z,2026-07-22T18:00:00Z,832785
app/bodegaai-production-alb/31b69d3d76ab5ed1,targetgroup/bodegaai-production-pos-api/cc856aef82a80a55,RequestCountPerTarget,2026-07-22T18:00:00Z,2026-07-22T19:00:00Z,837132.5
app/bodegaai-production-alb/31b69d3d76ab5ed1,targetgroup/bodegaai-production-pos-api/cc856aef82a80a55,RequestCountPerTarget,2026-07-22T19:00:00Z,2026-07-22T20:00:00Z,840211.5
app/bodegaai-production-alb/31b69d3d76ab5ed1,targetgroup/bodegaai-production-pos-api/cc856aef82a80a55,RequestCountPerTarget,2026-07-22T20:00:00Z,2026-07-22T21:00:00Z,842026.5
app/bodegaai-production-alb/31b69d3d76ab5ed1,targetgroup/bodegaai-production-pos-api/cc856aef82a80a55,RequestCountPerTarget,2026-07-22T21:00:00Z,2026-07-22T22:00:00Z,837171.333337
app/bodegaai-production-alb/31b69d3d76ab5ed1,targetgroup/bodegaai-production-pos-api/cc856aef82a80a55,RequestCountPerTarget,2026-07-22T22:00:00Z,2026-07-22T23:00:00Z,845563.5
app/bodegaai-production-alb/31b69d3d76ab5ed1,targetgroup/bodegaai-production-pos-api/cc856aef82a80a55,RequestCountPerTarget,2026-07-22T23:00:00Z,2026-07-23T00:00:00Z,841770.5
app/bodegaai-production-alb/31b69d3d76ab5ed1,targetgroup/bodegaai-production-pos-api/cc856aef82a80a55,RequestCountPerTarget,2026-07-23T00:00:00Z,2026-07-23T01:00:00Z,834741.5
app/bodegaai-production-alb/31b69d3d76ab5ed1,targetgroup/bodegaai-production-pos-api/cc856aef82a80a55,RequestCountPerTarget,2026-07-23T01:00:00Z,2026-07-23T02:00:00Z,826023
app/bodegaai-production-alb/31b69d3d76ab5ed1,targetgroup/bodegaai-production-pos-api/cc856aef82a80a55,RequestCountPerTarget,2026-07-23T02:00:00Z,2026-07-23T03:00:00Z,816793
app/bodegaai-production-alb/31b69d3d76ab5ed1,targetgroup/bodegaai-production-pos-api/cc856aef82a80a55,RequestCountPerTarget,2026-07-23T03:00:00Z,2026-07-23T04:00:00Z,801945
app/bodegaai-production-alb/31b69d3d76ab5ed1,targetgroup/bodegaai-production-pos-api/cc856aef82a80a55,RequestCountPerTarget,2026-07-23T04:00:00Z,2026-07-23T05:00:00Z,784768.5
app/bodegaai-production-alb/31b69d3d76ab5ed1,targetgroup/bodegaai-production-pos-api/cc856aef82a80a55,RequestCountPerTarget,2026-07-23T05:00:00Z,2026-07-23T06:00:00Z,783358
app/bodegaai-production-alb/31b69d3d76ab5ed1,targetgroup/bodegaai-production-pos-api/cc856aef82a80a55,RequestCountPerTarget,2026-07-23T06:00:00Z,2026-07-23T07:00:00Z,782880
app/bodegaai-production-alb/31b69d3d76ab5ed1,targetgroup/bodegaai-production-pos-api/cc856aef82a80a55,RequestCountPerTarget,2026-07-23T07:00:00Z,2026-07-23T08:00:00Z,782052
app/bodegaai-production-alb/31b69d3d76ab5ed1,targetgroup/bodegaai-production-pos-api/cc856aef82a80a55,RequestCountPerTarget,2026-07-23T08:00:00Z,2026-07-23T09:00:00Z,784580.5
app/bodegaai-production-alb/31b69d3d76ab5ed1,targetgroup/bodegaai-production-pos-api/cc856aef82a80a55,RequestCountPerTarget,2026-07-23T09:00:00Z,2026-07-23T10:00:00Z,788870.5
app/bodegaai-production-alb/31b69d3d76ab5ed1,targetgroup/bodegaai-production-pos-api/cc856aef82a80a55,RequestCountPerTarget,2026-07-23T10:00:00Z,2026-07-23T11:00:00Z,796099.5
app/bodegaai-production-alb/31b69d3d76ab5ed1,targetgroup/bodegaai-production-pos-api/cc856aef82a80a55,RequestCountPerTarget,2026-07-23T11:00:00Z,2026-07-23T12:00:00Z,805505.5
app/bodegaai-production-alb/31b69d3d76ab5ed1,targetgroup/bodegaai-production-pos-api/cc856aef82a80a55,RequestCountPerTarget,2026-07-23T12:00:00Z,2026-07-23T13:00:00Z,819155.5
app/bodegaai-production-alb/31b69d3d76ab5ed1,targetgroup/bodegaai-production-pos-api/cc856aef82a80a55,RequestCountPerTarget,2026-07-23T13:00:00Z,2026-07-23T14:00:00Z,826077.5
app/bodegaai-production-alb/31b69d3d76ab5ed1,targetgroup/bodegaai-production-pos-api/cc856aef82a80a55,RequestCountPerTarget,2026-07-23T14:00:00Z,2026-07-23T15:00:00Z,833133
app/bodegaai-production-alb/31b69d3d76ab5ed1,targetgroup/bodegaai-production-pos-api/cc856aef82a80a55,RequestCountPerTarget,2026-07-23T15:00:00Z,2026-07-23T16:00:00Z,834063.5
app/bodegaai-production-alb/31b69d3d76ab5ed1,targetgroup/bodegaai-production-pos-api/cc856aef82a80a55,RequestCountPerTarget,2026-07-23T16:00:00Z,2026-07-23T17:00:00Z,835843.5
app/bodegaai-production-alb/31b69d3d76ab5ed1,targetgroup/bodegaai-production-pos-api/cc856aef82a80a55,RequestCountPerTarget,2026-07-23T17:00:00Z,2026-07-23T18:00:00Z,838830.5
app/bodegaai-production-alb/31b69d3d76ab5ed1,targetgroup/bodegaai-production-pos-api/cc856aef82a80a55,RequestCountPerTarget,2026-07-23T18:00:00Z,2026-07-23T19:00:00Z,838753
app/bodegaai-production-alb/31b69d3d76ab5ed1,targetgroup/bodegaai-production-pos-api/cc856aef82a80a55,RequestCountPerTarget,2026-07-23T19:00:00Z,2026-07-23T20:00:00Z,835420.5
app/bodegaai-production-alb/31b69d3d76ab5ed1,targetgroup/bodegaai-production-pos-api/cc856aef82a80a55,RequestCountPerTarget,2026-07-23T20:00:00Z,2026-07-23T21:00:00Z,838787.5
app/bodegaai-production-alb/31b69d3d76ab5ed1,targetgroup/bodegaai-production-pos-api/cc856aef82a80a55,RequestCountPerTarget,2026-07-23T21:00:00Z,2026-07-23T22:00:00Z,837689
app/bodegaai-production-alb/31b69d3d76ab5ed1,targetgroup/bodegaai-production-pos-api/cc856aef82a80a55,RequestCountPerTarget,2026-07-23T22:00:00Z,2026-07-23T23:00:00Z,831799.5
app/bodegaai-production-alb/31b69d3d76ab5ed1,targetgroup/bodegaai-production-pos-api/cc856aef82a80a55,RequestCountPerTarget,2026-07-23T23:00:00Z,2026-07-24T00:00:00Z,829947.5
app/bodegaai-production-alb/31b69d3d76ab5ed1,targetgroup/bodegaai-production-pos-api/cc856aef82a80a55,RequestCountPerTarget,2026-07-24T00:00:00Z,2026-07-24T01:00:00Z,828844
app/bodegaai-production-alb/31b69d3d76ab5ed1,targetgroup/bodegaai-production-pos-api/cc856aef82a80a55,RequestCountPerTarget,2026-07-24T01:00:00Z,2026-07-24T02:00:00Z,825216.5
app/bodegaai-production-alb/31b69d3d76ab5ed1,targetgroup/bodegaai-production-pos-api/cc856aef82a80a55,RequestCountPerTarget,2026-07-24T02:00:00Z,2026-07-24T03:00:00Z,816930.5
app/bodegaai-production-alb/31b69d3d76ab5ed1,targetgroup/bodegaai-production-pos-api/cc856aef82a80a55,RequestCountPerTarget,2026-07-24T03:00:00Z,2026-07-24T04:00:00Z,799007
app/bodegaai-production-alb/31b69d3d76ab5ed1,targetgroup/bodegaai-production-pos-api/cc856aef82a80a55,RequestCountPerTarget,2026-07-24T04:00:00Z,2026-07-24T05:00:00Z,786555
app/bodegaai-production-alb/31b69d3d76ab5ed1,targetgroup/bodegaai-production-pos-api/cc856aef82a80a55,RequestCountPerTarget,2026-07-24T05:00:00Z,2026-07-24T06:00:00Z,788204.5
app/bodegaai-production-alb/31b69d3d76ab5ed1,targetgroup/bodegaai-production-pos-api/cc856aef82a80a55,RequestCountPerTarget,2026-07-24T06:00:00Z,2026-07-24T07:00:00Z,787049.5
app/bodegaai-production-alb/31b69d3d76ab5ed1,targetgroup/bodegaai-production-pos-api/cc856aef82a80a55,RequestCountPerTarget,2026-07-24T07:00:00Z,2026-07-24T08:00:00Z,786784.5
app/bodegaai-production-alb/31b69d3d76ab5ed1,targetgroup/bodegaai-production-pos-api/cc856aef82a80a55,RequestCountPerTarget,2026-07-24T08:00:00Z,2026-07-24T09:00:00Z,785354.5
app/bodegaai-production-alb/31b69d3d76ab5ed1,targetgroup/bodegaai-production-pos-api/cc856aef82a80a55,RequestCountPerTarget,2026-07-24T09:00:00Z,2026-07-24T10:00:00Z,783758.5
app/bodegaai-production-alb/31b69d3d76ab5ed1,targetgroup/bodegaai-production-pos-api/cc856aef82a80a55,RequestCountPerTarget,2026-07-24T10:00:00Z,2026-07-24T11:00:00Z,789874.5
app/bodegaai-production-alb/31b69d3d76ab5ed1,targetgroup/bodegaai-production-pos-api/cc856aef82a80a55,RequestCountPerTarget,2026-07-24T11:00:00Z,2026-07-24T12:00:00Z,799853.5
app/bodegaai-production-alb/31b69d3d76ab5ed1,targetgroup/bodegaai-production-pos-api/cc856aef82a80a55,RequestCountPerTarget,2026-07-24T12:00:00Z,2026-07-24T13:00:00Z,814542.5
app/bodegaai-production-alb/31b69d3d76ab5ed1,targetgroup/bodegaai-production-pos-api/cc856aef82a80a55,RequestCountPerTarget,2026-07-24T13:00:00Z,2026-07-24T14:00:00Z,829956.5
app/bodegaai-production-alb/31b69d3d76ab5ed1,targetgroup/bodegaai-production-pos-api/cc856aef82a80a55,RequestCountPerTarget,2026-07-24T14:00:00Z,2026-07-24T15:00:00Z,833888.5
app/bodegaai-production-alb/31b69d3d76ab5ed1,targetgroup/bodegaai-production-pos-api/cc856aef82a80a55,RequestCountPerTarget,2026-07-24T15:00:00Z,2026-07-24T16:00:00Z,836075
app/bodegaai-production-alb/31b69d3d76ab5ed1,targetgroup/bodegaai-production-pos-api/cc856aef82a80a55,RequestCountPerTarget,2026-07-24T16:00:00Z,2026-07-24T17:00:00Z,844270
app/bodegaai-production-alb/31b69d3d76ab5ed1,targetgroup/bodegaai-production-pos-api/cc856aef82a80a55,RequestCountPerTarget,2026-07-24T17:00:00Z,2026-07-24T18:00:00Z,841127.5
app/bodegaai-production-alb/31b69d3d76ab5ed1,targetgroup/bodegaai-production-pos-api/cc856aef82a80a55,RequestCountPerTarget,2026-07-24T18:00:00Z,2026-07-24T19:00:00Z,842456
app/bodegaai-production-alb/31b69d3d76ab5ed1,targetgroup/bodegaai-production-pos-api/cc856aef82a80a55,RequestCountPerTarget,2026-07-24T19:00:00Z,2026-07-24T20:00:00Z,842863
app/bodegaai-production-alb/31b69d3d76ab5ed1,targetgroup/bodegaai-production-pos-api/cc856aef82a80a55,RequestCountPerTarget,2026-07-24T20:00:00Z,2026-07-24T21:00:00Z,843758
app/bodegaai-production-alb/31b69d3d76ab5ed1,targetgroup/bodegaai-production-pos-api/cc856aef82a80a55,RequestCountPerTarget,2026-07-24T21:00:00Z,2026-07-24T22:00:00Z,841775.5
app/bodegaai-production-alb/31b69d3d76ab5ed1,targetgroup/bodegaai-production-pos-api/cc856aef82a80a55,RequestCountPerTarget,2026-07-24T22:00:00Z,2026-07-24T23:00:00Z,838403
app/bodegaai-production-alb/31b69d3d76ab5ed1,targetgroup/bodegaai-production-pos-api/cc856aef82a80a55,RequestCountPerTarget,2026-07-24T23:00:00Z,2026-07-25T00:00:00Z,832245
app/bodegaai-production-alb/31b69d3d76ab5ed1,targetgroup/bodegaai-production-pos-api/cc856aef82a80a55,RequestCountPerTarget,2026-07-25T00:00:00Z,2026-07-25T01:00:00Z,827293
app/bodegaai-production-alb/31b69d3d76ab5ed1,targetgroup/bodegaai-production-pos-api/cc856aef82a80a55,RequestCountPerTarget,2026-07-25T01:00:00Z,2026-07-25T02:00:00Z,822386.5
app/bodegaai-production-alb/31b69d3d76ab5ed1,targetgroup/bodegaai-production-pos-api/cc856aef82a80a55,RequestCountPerTarget,2026-07-25T02:00:00Z,2026-07-25T03:00:00Z,816466
app/bodegaai-production-alb/31b69d3d76ab5ed1,targetgroup/bodegaai-production-pos-api/cc856aef82a80a55,RequestCountPerTarget,2026-07-25T03:00:00Z,2026-07-25T04:00:00Z,804614
app/bodegaai-production-alb/31b69d3d76ab5ed1,targetgroup/bodegaai-production-pos-api/cc856aef82a80a55,RequestCountPerTarget,2026-07-25T04:00:00Z,2026-07-25T05:00:00Z,795120
app/bodegaai-production-alb/31b69d3d76ab5ed1,targetgroup/bodegaai-production-pos-api/cc856aef82a80a55,RequestCountPerTarget,2026-07-25T05:00:00Z,2026-07-25T06:00:00Z,790999.5
app/bodegaai-production-alb/31b69d3d76ab5ed1,targetgroup/bodegaai-production-pos-api/cc856aef82a80a55,RequestCountPerTarget,2026-07-25T06:00:00Z,2026-07-25T07:00:00Z,789105
app/bodegaai-production-alb/31b69d3d76ab5ed1,targetgroup/bodegaai-production-pos-api/cc856aef82a80a55,RequestCountPerTarget,2026-07-25T07:00:00Z,2026-07-25T08:00:00Z,788625
app/bodegaai-production-alb/31b69d3d76ab5ed1,targetgroup/bodegaai-production-pos-api/cc856aef82a80a55,RequestCountPerTarget,2026-07-25T08:00:00Z,2026-07-25T09:00:00Z,791352
app/bodegaai-production-alb/31b69d3d76ab5ed1,targetgroup/bodegaai-production-pos-api/cc856aef82a80a55,RequestCountPerTarget,2026-07-25T09:00:00Z,2026-07-25T10:00:00Z,791029.5
app/bodegaai-production-alb/31b69d3d76ab5ed1,targetgroup/bodegaai-production-pos-api/cc856aef82a80a55,RequestCountPerTarget,2026-07-25T10:00:00Z,2026-07-25T11:00:00Z,794290
app/bodegaai-production-alb/31b69d3d76ab5ed1,targetgroup/bodegaai-production-pos-api/cc856aef82a80a55,RequestCountPerTarget,2026-07-25T11:00:00Z,2026-07-25T12:00:00Z,801899
app/bodegaai-production-alb/31b69d3d76ab5ed1,targetgroup/bodegaai-production-pos-api/cc856aef82a80a55,RequestCountPerTarget,2026-07-25T12:00:00Z,2026-07-25T13:00:00Z,812912.5
app/bodegaai-production-alb/31b69d3d76ab5ed1,targetgroup/bodegaai-production-pos-api/cc856aef82a80a55,RequestCountPerTarget,2026-07-25T13:00:00Z,2026-07-25T14:00:00Z,825688.5
app/bodegaai-production-alb/31b69d3d76ab5ed1,targetgroup/bodegaai-production-pos-api/cc856aef82a80a55,RequestCountPerTarget,2026-07-25T14:00:00Z,2026-07-25T15:00:00Z,831520.5
app/bodegaai-production-alb/31b69d3d76ab5ed1,targetgroup/bodegaai-production-pos-api/cc856aef82a80a55,RequestCountPerTarget,2026-07-25T15:00:00Z,2026-07-25T16:00:00Z,832174
app/bodegaai-production-alb/31b69d3d76ab5ed1,targetgroup/bodegaai-production-pos-api/cc856aef82a80a55,RequestCountPerTarget,2026-07-25T16:00:00Z,2026-07-25T17:00:00Z,836362
app/bodegaai-production-alb/31b69d3d76ab5ed1,targetgroup/bodegaai-production-pos-api/cc856aef82a80a55,RequestCountPerTarget,2026-07-25T17:00:00Z,2026-07-25T18:00:00Z,832679.5
app/bodegaai-production-alb/31b69d3d76ab5ed1,targetgroup/bodegaai-production-pos-api/cc856aef82a80a55,RequestCountPerTarget,2026-07-25T18:00:00Z,2026-07-25T19:00:00Z,835667.5
app/bodegaai-production-alb/31b69d3d76ab5ed1,targetgroup/bodegaai-production-pos-api/cc856aef82a80a55,RequestCountPerTarget,2026-07-25T19:00:00Z,2026-07-25T20:00:00Z,835877.5
app/bodegaai-production-alb/31b69d3d76ab5ed1,targetgroup/bodegaai-production-pos-api/cc856aef82a80a55,RequestCountPerTarget,2026-07-25T20:00:00Z,2026-07-25T21:00:00Z,835126.5
app/bodegaai-production-alb/31b69d3d76ab5ed1,targetgroup/bodegaai-production-pos-api/cc856aef82a80a55,RequestCountPerTarget,2026-07-25T21:00:00Z,2026-07-25T22:00:00Z,834185.5
app/bodegaai-production-alb/31b69d3d76ab5ed1,targetgroup/bodegaai-production-pos-api/cc856aef82a80a55,RequestCountPerTarget,2026-07-25T22:00:00Z,2026-07-25T23:00:00Z,831809.5
app/bodegaai-production-alb/31b69d3d76ab5ed1,targetgroup/bodegaai-production-pos-api/cc856aef82a80a55,RequestCountPerTarget,2026-07-25T23:00:00Z,2026-07-26T00:00:00Z,829204
app/bodegaai-production-alb/31b69d3d76ab5ed1,targetgroup/bodegaai-production-pos-api/cc856aef82a80a55,RequestCountPerTarget,2026-07-26T00:00:00Z,2026-07-26T01:00:00Z,823962.5
app/bodegaai-production-alb/31b69d3d76ab5ed1,targetgroup/bodegaai-production-pos-api/cc856aef82a80a55,RequestCountPerTarget,2026-07-26T01:00:00Z,2026-07-26T02:00:00Z,808521.5
app/bodegaai-production-alb/31b69d3d76ab5ed1,targetgroup/bodegaai-production-pos-api/cc856aef82a80a55,RequestCountPerTarget,2026-07-26T02:00:00Z,2026-07-26T03:00:00Z,803639.5
app/bodegaai-production-alb/31b69d3d76ab5ed1,targetgroup/bodegaai-production-pos-api/cc856aef82a80a55,RequestCountPerTarget,2026-07-26T03:00:00Z,2026-07-26T04:00:00Z,796806.5
app/bodegaai-production-alb/31b69d3d76ab5ed1,targetgroup/bodegaai-production-pos-api/cc856aef82a80a55,RequestCountPerTarget,2026-07-26T04:00:00Z,2026-07-26T05:00:00Z,786857
app/bodegaai-production-alb/31b69d3d76ab5ed1,targetgroup/bodegaai-production-pos-api/cc856aef82a80a55,RequestCountPerTarget,2026-07-26T05:00:00Z,2026-07-26T06:00:00Z,779900.5
app/bodegaai-production-alb/31b69d3d76ab5ed1,targetgroup/bodegaai-production-pos-api/cc856aef82a80a55,RequestCountPerTarget,2026-07-26T06:00:00Z,2026-07-26T07:00:00Z,777737.5
app/bodegaai-production-alb/31b69d3d76ab5ed1,targetgroup/bodegaai-production-pos-api/cc856aef82a80a55,RequestCountPerTarget,2026-07-26T07:00:00Z,2026-07-26T08:00:00Z,776462
app/bodegaai-production-alb/31b69d3d76ab5ed1,targetgroup/bodegaai-production-pos-api/cc856aef82a80a55,RequestCountPerTarget,2026-07-26T08:00:00Z,2026-07-26T09:00:00Z,779483.5
app/bodegaai-production-alb/31b69d3d76ab5ed1,targetgroup/bodegaai-production-pos-api/cc856aef82a80a55,RequestCountPerTarget,2026-07-26T09:00:00Z,2026-07-26T10:00:00Z,779774
app/bodegaai-production-alb/31b69d3d76ab5ed1,targetgroup/bodegaai-production-pos-api/cc856aef82a80a55,RequestCountPerTarget,2026-07-26T10:00:00Z,2026-07-26T11:00:00Z,783246.5
app/bodegaai-production-alb/31b69d3d76ab5ed1,targetgroup/bodegaai-production-pos-api/cc856aef82a80a55,RequestCountPerTarget,2026-07-26T11:00:00Z,2026-07-26T12:00:00Z,787964
app/bodegaai-production-alb/31b69d3d76ab5ed1,targetgroup/bodegaai-production-pos-api/cc856aef82a80a55,RequestCountPerTarget,2026-07-26T12:00:00Z,2026-07-26T13:00:00Z,804158.5
app/bodegaai-production-alb/31b69d3d76ab5ed1,targetgroup/bodegaai-production-pos-api/cc856aef82a80a55,RequestCountPerTarget,2026-07-26T13:00:00Z,2026-07-26T14:00:00Z,811769
app/bodegaai-production-alb/31b69d3d76ab5ed1,targetgroup/bodegaai-production-pos-api/cc856aef82a80a55,RequestCountPerTarget,2026-07-26T14:00:00Z,2026-07-26T15:00:00Z,818419.5
app/bodegaai-production-alb/31b69d3d76ab5ed1,targetgroup/bodegaai-production-pos-api/cc856aef82a80a55,RequestCountPerTarget,2026-07-26T15:00:00Z,2026-07-26T16:00:00Z,823618.5
app/bodegaai-production-alb/31b69d3d76ab5ed1,targetgroup/bodegaai-production-pos-api/cc856aef82a80a55,RequestCountPerTarget,2026-07-26T16:00:00Z,2026-07-26T17:00:00Z,828089.5
app/bodegaai-production-alb/31b69d3d76ab5ed1,targetgroup/bodegaai-production-pos-api/cc856aef82a80a55,RequestCountPerTarget,2026-07-26T17:00:00Z,2026-07-26T18:00:00Z,830480.5
app/bodegaai-production-alb/31b69d3d76ab5ed1,targetgroup/bodegaai-production-pos-api/cc856aef82a80a55,RequestCountPerTarget,2026-07-26T18:00:00Z,2026-07-26T19:00:00Z,834226
app/bodegaai-production-alb/31b69d3d76ab5ed1,targetgroup/bodegaai-production-pos-api/cc856aef82a80a55,RequestCountPerTarget,2026-07-26T19:00:00Z,2026-07-26T20:00:00Z,835823
app/bodegaai-production-alb/31b69d3d76ab5ed1,targetgroup/bodegaai-production-pos-api/cc856aef82a80a55,RequestCountPerTarget,2026-07-26T20:00:00Z,2026-07-26T21:00:00Z,832354
app/bodegaai-production-alb/31b69d3d76ab5ed1,targetgroup/bodegaai-production-pos-api/cc856aef82a80a55,RequestCountPerTarget,2026-07-26T21:00:00Z,2026-07-26T22:00:00Z,832890.5
app/bodegaai-production-alb/31b69d3d76ab5ed1,targetgroup/bodegaai-production-pos-api/cc856aef82a80a55,RequestCountPerTarget,2026-07-26T22:00:00Z,2026-07-26T23:00:00Z,832590.5
app/bodegaai-production-alb/31b69d3d76ab5ed1,targetgroup/bodegaai-production-pos-api/cc856aef82a80a55,RequestCountPerTarget,2026-07-26T23:00:00Z,2026-07-27T00:00:00Z,831860.5
app/bodegaai-production-alb/31b69d3d76ab5ed1,targetgroup/bodegaai-production-pos-api/cc856aef82a80a55,RequestCountPerTarget,2026-07-27T00:00:00Z,2026-07-27T01:00:00Z,827995
app/bodegaai-production-alb/31b69d3d76ab5ed1,targetgroup/bodegaai-production-pos-api/cc856aef82a80a55,RequestCountPerTarget,2026-07-27T01:00:00Z,2026-07-27T02:00:00Z,823347.5
app/bodegaai-production-alb/31b69d3d76ab5ed1,targetgroup/bodegaai-production-pos-api/cc856aef82a80a55,RequestCountPerTarget,2026-07-27T02:00:00Z,2026-07-27T03:00:00Z,812077.5
app/bodegaai-production-alb/31b69d3d76ab5ed1,targetgroup/bodegaai-production-pos-api/cc856aef82a80a55,RequestCountPerTarget,2026-07-27T03:00:00Z,2026-07-27T04:00:00Z,797083
app/bodegaai-production-alb/31b69d3d76ab5ed1,targetgroup/bodegaai-production-pos-api/cc856aef82a80a55,RequestCountPerTarget,2026-07-27T04:00:00Z,2026-07-27T05:00:00Z,783383.5
app/bodegaai-production-alb/31b69d3d76ab5ed1,targetgroup/bodegaai-production-pos-api/cc856aef82a80a55,RequestCountPerTarget,2026-07-27T05:00:00Z,2026-07-27T06:00:00Z,782018.5
app/bodegaai-production-alb/31b69d3d76ab5ed1,targetgroup/bodegaai-production-pos-api/cc856aef82a80a55,RequestCountPerTarget,2026-07-27T06:00:00Z,2026-07-27T07:00:00Z,783449
app/bodegaai-production-alb/31b69d3d76ab5ed1,targetgroup/bodegaai-production-pos-api/cc856aef82a80a55,RequestCountPerTarget,2026-07-27T07:00:00Z,2026-07-27T08:00:00Z,780690
app/bodegaai-production-alb/31b69d3d76ab5ed1,targetgroup/bodegaai-production-pos-api/cc856aef82a80a55,RequestCountPerTarget,2026-07-27T08:00:00Z,2026-07-27T09:00:00Z,778369
app/bodegaai-production-alb/31b69d3d76ab5ed1,targetgroup/bodegaai-production-pos-api/cc856aef82a80a55,RequestCountPerTarget,2026-07-27T09:00:00Z,2026-07-27T10:00:00Z,778450
app/bodegaai-production-alb/31b69d3d76ab5ed1,targetgroup/bodegaai-production-pos-api/cc856aef82a80a55,RequestCountPerTarget,2026-07-27T10:00:00Z,2026-07-27T11:00:00Z,785937
app/bodegaai-production-alb/31b69d3d76ab5ed1,targetgroup/bodegaai-production-pos-api/cc856aef82a80a55,RequestCountPerTarget,2026-07-27T11:00:00Z,2026-07-27T12:00:00Z,796781.5
app/bodegaai-production-alb/31b69d3d76ab5ed1,targetgroup/bodegaai-production-pos-api/cc856aef82a80a55,RequestCountPerTarget,2026-07-27T12:00:00Z,2026-07-27T13:00:00Z,806338.5
app/bodegaai-production-alb/31b69d3d76ab5ed1,targetgroup/bodegaai-production-pos-api/cc856aef82a80a55,RequestCountPerTarget,2026-07-27T13:00:00Z,2026-07-27T14:00:00Z,819481
app/bodegaai-production-alb/31b69d3d76ab5ed1,targetgroup/bodegaai-production-pos-api/cc856aef82a80a55,RequestCountPerTarget,2026-07-27T14:00:00Z,2026-07-27T15:00:00Z,825285.5
app/bodegaai-production-alb/31b69d3d76ab5ed1,targetgroup/bodegaai-production-pos-api/cc856aef82a80a55,RequestCountPerTarget,2026-07-27T15:00:00Z,2026-07-27T16:00:00Z,828446
app/bodegaai-production-alb/31b69d3d76ab5ed1,targetgroup/bodegaai-production-pos-api/cc856aef82a80a55,RequestCountPerTarget,2026-07-27T16:00:00Z,2026-07-27T17:00:00Z,837629
app/bodegaai-production-alb/31b69d3d76ab5ed1,targetgroup/bodegaai-production-pos-api/cc856aef82a80a55,RequestCountPerTarget,2026-07-27T17:00:00Z,2026-07-27T18:00:00Z,835940.5
app/bodegaai-production-alb/31b69d3d76ab5ed1,targetgroup/bodegaai-production-pos-api/cc856aef82a80a55,RequestCountPerTarget,2026-07-27T18:00:00Z,2026-07-27T19:00:00Z,834259.5
app/bodegaai-production-alb/31b69d3d76ab5ed1,targetgroup/bodegaai-production-pos-api/cc856aef82a80a55,RequestCountPerTarget,2026-07-27T19:00:00Z,2026-07-27T20:00:00Z,836326.5
app/bodegaai-production-alb/31b69d3d76ab5ed1,targetgroup/bodegaai-production-pos-api/cc856aef82a80a55,RequestCountPerTarget,2026-07-27T20:00:00Z,2026-07-27T21:00:00Z,830984.5
app/bodegaai-production-alb/31b69d3d76ab5ed1,targetgroup/bodegaai-production-pos-api/cc856aef82a80a55,RequestCountPerTarget,2026-07-27T21:00:00Z,2026-07-27T22:00:00Z,830610.5
app/bodegaai-production-alb/31b69d3d76ab5ed1,targetgroup/bodegaai-production-pos-api/cc856aef82a80a55,RequestCountPerTarget,2026-07-27T22:00:00Z,2026-07-27T23:00:00Z,830821.5
app/bodegaai-production-alb/31b69d3d76ab5ed1,targetgroup/bodegaai-production-pos-api/cc856aef82a80a55,RequestCountPerTarget,2026-07-27T23:00:00Z,2026-07-28T00:00:00Z,829076
app/bodegaai-production-alb/31b69d3d76ab5ed1,targetgroup/bodegaai-production-pos-api/cc856aef82a80a55,RequestCountPerTarget,2026-07-28T00:00:00Z,2026-07-28T01:00:00Z,822924
app/bodegaai-production-alb/31b69d3d76ab5ed1,targetgroup/bodegaai-production-pos-api/cc856aef82a80a55,RequestCountPerTarget,2026-07-28T01:00:00Z,2026-07-28T02:00:00Z,818723.5
app/bodegaai-production-alb/31b69d3d76ab5ed1,targetgroup/bodegaai-production-pos-api/cc856aef82a80a55,RequestCountPerTarget,2026-07-28T02:00:00Z,2026-07-28T03:00:00Z,811783
app/bodegaai-production-alb/31b69d3d76ab5ed1,targetgroup/bodegaai-production-pos-api/cc856aef82a80a55,RequestCountPerTarget,2026-07-28T03:00:00Z,2026-07-28T04:00:00Z,803460
app/bodegaai-production-alb/31b69d3d76ab5ed1,targetgroup/bodegaai-production-pos-api/cc856aef82a80a55,RequestCountPerTarget,2026-07-28T04:00:00Z,2026-07-28T05:00:00Z,786633.5
app/bodegaai-production-alb/31b69d3d76ab5ed1,targetgroup/bodegaai-production-pos-api/cc856aef82a80a55,RequestCountPerTarget,2026-07-28T05:00:00Z,2026-07-28T06:00:00Z,782803
app/bodegaai-production-alb/31b69d3d76ab5ed1,targetgroup/bodegaai-production-pos-api/cc856aef82a80a55,RequestCountPerTarget,2026-07-28T06:00:00Z,2026-07-28T07:00:00Z,780942.5
app/bodegaai-production-alb/31b69d3d76ab5ed1,targetgroup/bodegaai-production-pos-api/cc856aef82a80a55,RequestCountPerTarget,2026-07-28T07:00:00Z,2026-07-28T08:00:00Z,778475.5
app/bodegaai-production-alb/31b69d3d76ab5ed1,targetgroup/bodegaai-production-pos-api/cc856aef82a80a55,RequestCountPerTarget,2026-07-28T08:00:00Z,2026-07-28T09:00:00Z,782801.5
app/bodegaai-production-alb/31b69d3d76ab5ed1,targetgroup/bodegaai-production-pos-api/cc856aef82a80a55,RequestCountPerTarget,2026-07-28T09:00:00Z,2026-07-28T10:00:00Z,782464.5
app/bodegaai-production-alb/31b69d3d76ab5ed1,targetgroup/bodegaai-production-pos-api/cc856aef82a80a55,RequestCountPerTarget,2026-07-28T10:00:00Z,2026-07-28T11:00:00Z,789323
app/bodegaai-production-alb/31b69d3d76ab5ed1,targetgroup/bodegaai-production-pos-api/cc856aef82a80a55,RequestCountPerTarget,2026-07-28T11:00:00Z,2026-07-28T12:00:00Z,800241
app/bodegaai-production-alb/31b69d3d76ab5ed1,targetgroup/bodegaai-production-pos-api/cc856aef82a80a55,RequestCountPerTarget,2026-07-28T12:00:00Z,2026-07-28T13:00:00Z,814568.5
app/bodegaai-production-alb/31b69d3d76ab5ed1,targetgroup/bodegaai-production-pos-api/cc856aef82a80a55,RequestCountPerTarget,2026-07-28T13:00:00Z,2026-07-28T14:00:00Z,826429.5
app/bodegaai-production-alb/31b69d3d76ab5ed1,targetgroup/bodegaai-production-pos-api/cc856aef82a80a55,RequestCountPerTarget,2026-07-28T14:00:00Z,2026-07-28T15:00:00Z,833436
app/bodegaai-production-alb/31b69d3d76ab5ed1,targetgroup/bodegaai-production-pos-api/cc856aef82a80a55,RequestCountPerTarget,2026-07-28T15:00:00Z,2026-07-28T16:00:00Z,830874.5
app/bodegaai-production-alb/31b69d3d76ab5ed1,targetgroup/bodegaai-production-pos-api/cc856aef82a80a55,RequestCountPerTarget,2026-07-28T16:00:00Z,2026-07-28T17:00:00Z,837605
app/bodegaai-production-alb/31b69d3d76ab5ed1,targetgroup/bodegaai-production-pos-api/cc856aef82a80a55,RequestCountPerTarget,2026-07-28T17:00:00Z,2026-07-28T18:00:00Z,835686
app/bodegaai-production-alb/31b69d3d76ab5ed1,targetgroup/bodegaai-production-pos-api/cc856aef82a80a55,RequestCountPerTarget,2026-07-28T18:00:00Z,2026-07-28T19:00:00Z,829455.5
app/bodegaai-production-alb/31b69d3d76ab5ed1,targetgroup/bodegaai-production-pos-api/cc856aef82a80a55,RequestCountPerTarget,2026-07-28T19:00:00Z,2026-07-28T20:00:00Z,833571
app/bodegaai-production-alb/31b69d3d76ab5ed1,targetgroup/bodegaai-production-pos-api/cc856aef82a80a55,RequestCountPerTarget,2026-07-28T20:00:00Z,2026-07-28T21:00:00Z,832623.5
app/bodegaai-production-alb/31b69d3d76ab5ed1,targetgroup/bodegaai-production-pos-api/cc856aef82a80a55,RequestCountPerTarget,2026-07-28T21:00:00Z,2026-07-28T22:00:00Z,831664
app/bodegaai-production-alb/31b69d3d76ab5ed1,targetgroup/bodegaai-production-pos-api/cc856aef82a80a55,RequestCountPerTarget,2026-07-28T22:00:00Z,2026-07-28T23:00:00Z,832908
app/bodegaai-production-alb/31b69d3d76ab5ed1,targetgroup/bodegaai-production-pos-api/cc856aef82a80a55,RequestCountPerTarget,2026-07-28T23:00:00Z,2026-07-29T00:00:00Z,829906
app/bodegaai-production-alb/31b69d3d76ab5ed1,targetgroup/bodegaai-production-pos-api/cc856aef82a80a55,RequestCountPerTarget,2026-07-29T00:00:00Z,2026-07-29T01:00:00Z,827732
app/bodegaai-production-alb/31b69d3d76ab5ed1,targetgroup/bodegaai-production-pos-api/cc856aef82a80a55,RequestCountPerTarget,2026-07-29T01:00:00Z,2026-07-29T02:00:00Z,818049.5
app/bodegaai-production-alb/31b69d3d76ab5ed1,targetgroup/bodegaai-production-pos-api/cc856aef82a80a55,RequestCountPerTarget,2026-07-29T02:00:00Z,2026-07-29T03:00:00Z,808891
app/bodegaai-production-alb/31b69d3d76ab5ed1,targetgroup/bodegaai-production-pos-api/cc856aef82a80a55,RequestCountPerTarget,2026-07-29T03:00:00Z,2026-07-29T04:00:00Z,795236.5
app/bodegaai-production-alb/31b69d3d76ab5ed1,targetgroup/bodegaai-production-pos-api/cc856aef82a80a55,RequestCountPerTarget,2026-07-29T04:00:00Z,2026-07-29T05:00:00Z,775191.5
app/bodegaai-production-alb/31b69d3d76ab5ed1,targetgroup/bodegaai-production-pos-api/cc856aef82a80a55,RequestCountPerTarget,2026-07-29T05:00:00Z,2026-07-29T06:00:00Z,770355
app/bodegaai-production-alb/31b69d3d76ab5ed1,targetgroup/bodegaai-production-pos-api/cc856aef82a80a55,RequestCountPerTarget,2026-07-29T06:00:00Z,2026-07-29T07:00:00Z,769535
app/bodegaai-production-alb/31b69d3d76ab5ed1,targetgroup/bodegaai-production-pos-api/cc856aef82a80a55,RequestCountPerTarget,2026-07-29T07:00:00Z,2026-07-29T08:00:00Z,767688.5
app/bodegaai-production-alb/31b69d3d76ab5ed1,targetgroup/bodegaai-production-pos-api/cc856aef82a80a55,RequestCountPerTarget,2026-07-29T08:00:00Z,2026-07-29T09:00:00Z,766376.5
app/bodegaai-production-alb/31b69d3d76ab5ed1,targetgroup/bodegaai-production-pos-api/cc856aef82a80a55,RequestCountPerTarget,2026-07-29T09:00:00Z,2026-07-29T10:00:00Z,767166
app/bodegaai-production-alb/31b69d3d76ab5ed1,targetgroup/bodegaai-production-pos-api/cc856aef82a80a55,RequestCountPerTarget,2026-07-29T10:00:00Z,2026-07-29T11:00:00Z,773424
app/bodegaai-production-alb/31b69d3d76ab5ed1,targetgroup/bodegaai-production-pos-api/cc856aef82a80a55,RequestCountPerTarget,2026-07-29T11:00:00Z,2026-07-29T12:00:00Z,787315.5
app/bodegaai-production-alb/31b69d3d76ab5ed1,targetgroup/bodegaai-production-pos-api/cc856aef82a80a55,RequestCountPerTarget,2026-07-29T12:00:00Z,2026-07-29T13:00:00Z,799775
app/bodegaai-production-alb/31b69d3d76ab5ed1,targetgroup/bodegaai-production-pos-api/cc856aef82a80a55,RequestCountPerTarget,2026-07-29T13:00:00Z,2026-07-29T14:00:00Z,817153.5
app/bodegaai-production-alb/31b69d3d76ab5ed1,targetgroup/bodegaai-production-pos-api/cc856aef82a80a55,RequestCountPerTarget,2026-07-29T14:00:00Z,2026-07-29T15:00:00Z,825122
app/bodegaai-production-alb/31b69d3d76ab5ed1,targetgroup/bodegaai-production-pos-api/cc856aef82a80a55,RequestCountPerTarget,2026-07-29T15:00:00Z,2026-07-29T16:00:00Z,832681.5
app/bodegaai-production-alb/31b69d3d76ab5ed1,targetgroup/bodegaai-production-pos-api/cc856aef82a80a55,RequestCountPerTarget,2026-07-29T16:00:00Z,2026-07-29T17:00:00Z,838416
app/bodegaai-production-alb/31b69d3d76ab5ed1,targetgroup/bodegaai-production-pos-api/cc856aef82a80a55,RequestCountPerTarget,2026-07-29T17:00:00Z,2026-07-29T18:00:00Z,839882.5
app/bodegaai-production-alb/31b69d3d76ab5ed1,targetgroup/bodegaai-production-pos-api/cc856aef82a80a55,RequestCountPerTarget,2026-07-29T18:00:00Z,2026-07-29T19:00:00Z,842698
app/bodegaai-production-alb/31b69d3d76ab5ed1,targetgroup/bodegaai-production-pos-api/cc856aef82a80a55,RequestCountPerTarget,2026-07-29T19:00:00Z,2026-07-29T20:00:00Z,845416
app/bodegaai-production-alb/31b69d3d76ab5ed1,targetgroup/bodegaai-production-pos-api/cc856aef82a80a55,RequestCountPerTarget,2026-07-29T20:00:00Z,2026-07-29T21:00:00Z,851236
app/bodegaai-production-alb/31b69d3d76ab5ed1,targetgroup/bodegaai-production-pos-api/cc856aef82a80a55,RequestCountPerTarget,2026-07-29T21:00:00Z,2026-07-29T22:00:00Z,849044.5
app/bodegaai-production-alb/31b69d3d76ab5ed1,targetgroup/bodegaai-production-pos-api/cc856aef82a80a55,RequestCountPerTarget,2026-07-29T22:00:00Z,2026-07-29T23:00:00Z,847822
app/bodegaai-production-alb/31b69d3d76ab5ed1,targetgroup/bodegaai-production-pos-api/cc856aef82a80a55,RequestCountPerTarget,2026-07-29T23:00:00Z,2026-07-30T00:00:00Z,844732.5
app/bodegaai-production-alb/31b69d3d76ab5ed1,targetgroup/bodegaai-production-pos-api/cc856aef82a80a55,RequestCountPerTarget,2026-07-30T00:00:00Z,2026-07-30T01:00:00Z,843668.5
app/bodegaai-production-alb/31b69d3d76ab5ed1,targetgroup/bodegaai-production-pos-api/cc856aef82a80a55,RequestCountPerTarget,2026-07-30T01:00:00Z,2026-07-30T02:00:00Z,835490.5
app/bodegaai-production-alb/31b69d3d76ab5ed1,targetgroup/bodegaai-production-pos-api/cc856aef82a80a55,RequestCountPerTarget,2026-07-30T02:00:00Z,2026-07-30T03:00:00Z,822143.5
app/bodegaai-production-alb/31b69d3d76ab5ed1,targetgroup/bodegaai-production-pos-api/cc856aef82a80a55,RequestCountPerTarget,2026-07-30T03:00:00Z,2026-07-30T04:00:00Z,807682
app/bodegaai-production-alb/31b69d3d76ab5ed1,targetgroup/bodegaai-production-pos-api/cc856aef82a80a55,RequestCountPerTarget,2026-07-30T04:00:00Z,2026-07-30T05:00:00Z,725868.999996
app/bodegaai-production-alb/31b69d3d76ab5ed1,targetgroup/bodegaai-production-pos-api/cc856aef82a80a55,RequestCountPerTarget,2026-07-30T05:00:00Z,2026-07-30T06:00:00Z,789309
app/bodegaai-production-alb/31b69d3d76ab5ed1,targetgroup/bodegaai-production-pos-api/cc856aef82a80a55,RequestCountPerTarget,2026-07-30T06:00:00Z,2026-07-30T07:00:00Z,787106.5
app/bodegaai-production-alb/31b69d3d76ab5ed1,targetgroup/bodegaai-production-pos-api/cc856aef82a80a55,RequestCountPerTarget,2026-07-30T07:00:00Z,2026-07-30T08:00:00Z,785430.5
app/bodegaai-production-alb/31b69d3d76ab5ed1,targetgroup/bodegaai-production-pos-api/cc856aef82a80a55,RequestCountPerTarget,2026-07-30T08:00:00Z,2026-07-30T09:00:00Z,785000.5
app/bodegaai-production-alb/31b69d3d76ab5ed1,targetgroup/bodegaai-production-pos-api/cc856aef82a80a55,RequestCountPerTarget,2026-07-30T09:00:00Z,2026-07-30T10:00:00Z,785680.5
app/bodegaai-production-alb/31b69d3d76ab5ed1,targetgroup/bodegaai-production-pos-api/cc856aef82a80a55,RequestCountPerTarget,2026-07-30T10:00:00Z,2026-07-30T11:00:00Z,795213.5
app/bodegaai-production-alb/31b69d3d76ab5ed1,targetgroup/bodegaai-production-pos-api/cc856aef82a80a55,RequestCountPerTarget,2026-07-30T11:00:00Z,2026-07-30T12:00:00Z,804651
app/bodegaai-production-alb/31b69d3d76ab5ed1,targetgroup/bodegaai-production-pos-api/cc856aef82a80a55,RequestCountPerTarget,2026-07-30T12:00:00Z,2026-07-30T13:00:00Z,820191
app/bodegaai-production-alb/31b69d3d76ab5ed1,targetgroup/bodegaai-production-pos-api/cc856aef82a80a55,RequestCountPerTarget,2026-07-30T13:00:00Z,2026-07-30T14:00:00Z,831480
app/bodegaai-production-alb/31b69d3d76ab5ed1,targetgroup/bodegaai-production-pos-api/cc856aef82a80a55,RequestCountPerTarget,2026-07-30T14:00:00Z,2026-07-30T15:00:00Z,842361.5
app/bodegaai-production-alb/31b69d3d76ab5ed1,targetgroup/bodegaai-production-pos-api/cc856aef82a80a55,RequestCountPerTarget,2026-07-30T15:00:00Z,2026-07-30T16:00:00Z,847706
app/bodegaai-production-alb/31b69d3d76ab5ed1,targetgroup/bodegaai-production-pos-api/cc856aef82a80a55,RequestCountPerTarget,2026-07-30T16:00:00Z,2026-07-30T17:00:00Z,852196.5
app/bodegaai-production-alb/31b69d3d76ab5ed1,targetgroup/bodegaai-production-pos-api/cc856aef82a80a55,RequestCountPerTarget,2026-07-30T17:00:00Z,2026-07-30T18:00:00Z,756951.999991
app/bodegaai-production-alb/31b69d3d76ab5ed1,targetgroup/bodegaai-production-pos-api/cc856aef82a80a55,RequestCountPerTarget,2026-07-30T18:00:00Z,2026-07-30T19:00:00Z,854100.999997
app/bodegaai-production-alb/31b69d3d76ab5ed1,targetgroup/bodegaai-production-pos-api/cc856aef82a80a55,RequestCountPerTarget,2026-07-30T19:00:00Z,2026-07-30T20:00:00Z,867147
app/bodegaai-production-alb/31b69d3d76ab5ed1,targetgroup/bodegaai-production-pos-api/cc856aef82a80a55,RequestCountPerTarget,2026-07-30T20:00:00Z,2026-07-30T21:00:00Z,869236.5
app/bodegaai-production-alb/31b69d3d76ab5ed1,targetgroup/bodegaai-production-pos-api/cc856aef82a80a55,RequestCountPerTarget,2026-07-30T21:00:00Z,2026-07-30T22:00:00Z,869662.5
app/bodegaai-production-alb/31b69d3d76ab5ed1,targetgroup/bodegaai-production-pos-api/cc856aef82a80a55,RequestCountPerTarget,2026-07-30T22:00:00Z,2026-07-30T23:00:00Z,864244.5
app/bodegaai-production-alb/31b69d3d76ab5ed1,targetgroup/bodegaai-production-pos-api/cc856aef82a80a55,RequestCountPerTarget,2026-07-30T23:00:00Z,2026-07-31T00:00:00Z,862478.5
app/bodegaai-production-alb/31b69d3d76ab5ed1,targetgroup/bodegaai-production-pos-api/cc856aef82a80a55,RequestCountPerTarget,2026-07-31T00:00:00Z,2026-07-31T01:00:00Z,855978
app/bodegaai-production-alb/31b69d3d76ab5ed1,targetgroup/bodegaai-production-pos-api/cc856aef82a80a55,RequestCountPerTarget,2026-07-31T01:00:00Z,2026-07-31T02:00:00Z,848969.5
app/bodegaai-production-alb/31b69d3d76ab5ed1,targetgroup/bodegaai-production-pos-api/cc856aef82a80a55,RequestCountPerTarget,2026-07-31T02:00:00Z,2026-07-31T03:00:00Z,838365
app/bodegaai-production-alb/31b69d3d76ab5ed1,targetgroup/bodegaai-production-pos-api/cc856aef82a80a55,RequestCountPerTarget,2026-07-31T03:00:00Z,2026-07-31T04:00:00Z,823869
app/bodegaai-production-alb/31b69d3d76ab5ed1,targetgroup/bodegaai-production-pos-api/cc856aef82a80a55,RequestCountPerTarget,2026-07-31T04:00:00Z,2026-07-31T05:00:00Z,808703
app/bodegaai-production-alb/31b69d3d76ab5ed1,targetgroup/bodegaai-production-pos-api/cc856aef82a80a55,RequestCountPerTarget,2026-07-31T05:00:00Z,2026-07-31T06:00:00Z,806880.5
app/bodegaai-production-alb/31b69d3d76ab5ed1,targetgroup/bodegaai-production-pos-api/cc856aef82a80a55,RequestCountPerTarget,2026-07-31T06:00:00Z,2026-07-31T07:00:00Z,804299.5
app/bodegaai-production-alb/31b69d3d76ab5ed1,targetgroup/bodegaai-production-pos-api/cc856aef82a80a55,RequestCountPerTarget,2026-07-31T07:00:00Z,2026-07-31T08:00:00Z,800158
app/bodegaai-production-alb/31b69d3d76ab5ed1,targetgroup/bodegaai-production-pos-api/cc856aef82a80a55,RequestCountPerTarget,2026-07-31T08:00:00Z,2026-07-31T09:00:00Z,799392
app/bodegaai-production-alb/31b69d3d76ab5ed1,targetgroup/bodegaai-production-pos-api/cc856aef82a80a55,RequestCountPerTarget,2026-07-31T09:00:00Z,2026-07-31T10:00:00Z,802696.5
app/bodegaai-production-alb/31b69d3d76ab5ed1,targetgroup/bodegaai-production-pos-api/cc856aef82a80a55,RequestCountPerTarget,2026-07-31T10:00:00Z,2026-07-31T11:00:00Z,807056
app/bodegaai-production-alb/31b69d3d76ab5ed1,targetgroup/bodegaai-production-pos-api/cc856aef82a80a55,RequestCountPerTarget,2026-07-31T11:00:00Z,2026-07-31T12:00:00Z,819567
app/bodegaai-production-alb/31b69d3d76ab5ed1,targetgroup/bodegaai-production-pos-api/cc856aef82a80a55,RequestCountPerTarget,2026-07-31T12:00:00Z,2026-07-31T13:00:00Z,833665
app/bodegaai-production-alb/31b69d3d76ab5ed1,targetgroup/bodegaai-production-pos-api/cc856aef82a80a55,RequestCountPerTarget,2026-07-31T13:00:00Z,2026-07-31T14:00:00Z,840188.5
app/bodegaai-production-alb/31b69d3d76ab5ed1,targetgroup/bodegaai-production-pos-api/cc856aef82a80a55,RequestCountPerTarget,2026-07-31T14:00:00Z,2026-07-31T15:00:00Z,851884
app/bodegaai-production-alb/31b69d3d76ab5ed1,targetgroup/bodegaai-production-pos-api/cc856aef82a80a55,RequestCountPerTarget,2026-07-31T15:00:00Z,2026-07-31T16:00:00Z,863501.5
app/bodegaai-production-alb/31b69d3d76ab5ed1,targetgroup/bodegaai-production-pos-api/cc856aef82a80a55,RequestCountPerTarget,2026-07-31T16:00:00Z,2026-07-31T17:00:00Z,870392.5
app/bodegaai-production-alb/31b69d3d76ab5ed1,targetgroup/bodegaai-production-pos-api/cc856aef82a80a55,RequestCountPerTarget,2026-07-31T17:00:00Z,2026-07-31T18:00:00Z,876421
app/bodegaai-production-alb/31b69d3d76ab5ed1,targetgroup/bodegaai-production-pos-api/cc856aef82a80a55,RequestCountPerTarget,2026-07-31T18:00:00Z,2026-07-31T19:00:00Z,876433.5
app/bodegaai-production-alb/31b69d3d76ab5ed1,targetgroup/bodegaai-production-pos-api/cc856aef82a80a55,RequestCountPerTarget,2026-07-31T19:00:00Z,2026-07-31T20:00:00Z,875632
app/bodegaai-production-alb/31b69d3d76ab5ed1,targetgroup/bodegaai-production-pos-api/cc856aef82a80a55,RequestCountPerTarget,2026-07-31T20:00:00Z,2026-07-31T21:00:00Z,834650.666672
app/bodegaai-production-alb/31b69d3d76ab5ed1,targetgroup/bodegaai-production-pos-api/cc856aef82a80a55,RequestCountPerTarget,2026-07-31T21:00:00Z,2026-07-31T22:00:00Z,570605.000013
app/bodegaai-production-alb/31b69d3d76ab5ed1,targetgroup/bodegaai-production-pos-api/cc856aef82a80a55,RequestCountPerTarget,2026-07-31T22:00:00Z,2026-07-31T23:00:00Z,569677.66666
app/bodegaai-production-alb/31b69d3d76ab5ed1,targetgroup/bodegaai-production-pos-api/cc856aef82a80a55,RequestCountPerTarget,2026-07-31T23:00:00Z,2026-08-01T00:00:00Z,677247.333332
app/bodegaai-production-alb/31b69d3d76ab5ed1,targetgroup/bodegaai-production-pos-api/cc856aef82a80a55,RequestCountPerTarget,2026-08-01T00:00:00Z,2026-08-01T01:00:00Z,860254
app/bodegaai-production-alb/31b69d3d76ab5ed1,targetgroup/bodegaai-production-pos-api/cc856aef82a80a55,RequestCountPerTarget,2026-08-01T01:00:00Z,2026-08-01T02:00:00Z,852808
app/bodegaai-production-alb/31b69d3d76ab5ed1,targetgroup/bodegaai-production-pos-api/cc856aef82a80a55,RequestCountPerTarget,2026-08-01T02:00:00Z,2026-08-01T03:00:00Z,845153
app/bodegaai-production-alb/31b69d3d76ab5ed1,targetgroup/bodegaai-production-pos-api/cc856aef82a80a55,RequestCountPerTarget,2026-08-01T03:00:00Z,2026-08-01T04:00:00Z,835766.5
app/bodegaai-production-alb/31b69d3d76ab5ed1,targetgroup/bodegaai-production-pos-api/cc856aef82a80a55,RequestCountPerTarget,2026-08-01T04:00:00Z,2026-08-01T05:00:00Z,822984.5
app/bodegaai-production-alb/31b69d3d76ab5ed1,targetgroup/bodegaai-production-pos-api/cc856aef82a80a55,RequestCountPerTarget,2026-08-01T05:00:00Z,2026-08-01T06:00:00Z,816492
app/bodegaai-production-alb/31b69d3d76ab5ed1,targetgroup/bodegaai-production-pos-api/cc856aef82a80a55,RequestCountPerTarget,2026-08-01T06:00:00Z,2026-08-01T07:00:00Z,813179
app/bodegaai-production-alb/31b69d3d76ab5ed1,targetgroup/bodegaai-production-pos-api/cc856aef82a80a55,RequestCountPerTarget,2026-08-01T07:00:00Z,2026-08-01T08:00:00Z,812179.5
app/bodegaai-production-alb/31b69d3d76ab5ed1,targetgroup/bodegaai-production-pos-api/cc856aef82a80a55,RequestCountPerTarget,2026-08-01T08:00:00Z,2026-08-01T09:00:00Z,811387.5
app/bodegaai-production-alb/31b69d3d76ab5ed1,targetgroup/bodegaai-production-pos-api/cc856aef82a80a55,RequestCountPerTarget,2026-08-01T09:00:00Z,2026-08-01T10:00:00Z,812207
app/bodegaai-production-alb/31b69d3d76ab5ed1,targetgroup/bodegaai-production-pos-api/cc856aef82a80a55,RequestCountPerTarget,2026-08-01T10:00:00Z,2026-08-01T11:00:00Z,815626.5
app/bodegaai-production-alb/31b69d3d76ab5ed1,targetgroup/bodegaai-production-pos-api/cc856aef82a80a55,RequestCountPerTarget,2026-08-01T11:00:00Z,2026-08-01T12:00:00Z,824079.5
app/bodegaai-production-alb/31b69d3d76ab5ed1,targetgroup/bodegaai-production-pos-api/cc856aef82a80a55,RequestCountPerTarget,2026-08-01T12:00:00Z,2026-08-01T13:00:00Z,840916
app/bodegaai-production-alb/31b69d3d76ab5ed1,targetgroup/bodegaai-production-pos-api/cc856aef82a80a55,RequestCountPerTarget,2026-08-01T13:00:00Z,2026-08-01T14:00:00Z,853444.5
app/bodegaai-production-alb/31b69d3d76ab5ed1,targetgroup/bodegaai-production-pos-api/cc856aef82a80a55,RequestCountPerTarget,2026-08-01T14:00:00Z,2026-08-01T15:00:00Z,862498.5
app/bodegaai-production-alb/31b69d3d76ab5ed1,targetgroup/bodegaai-production-pos-api/cc856aef82a80a55,RequestCountPerTarget,2026-08-01T15:00:00Z,2026-08-01T16:00:00Z,867059
app/bodegaai-production-alb/31b69d3d76ab5ed1,targetgroup/bodegaai-production-pos-api/cc856aef82a80a55,RequestCountPerTarget,2026-08-01T16:00:00Z,2026-08-01T17:00:00Z,871326.5
app/bodegaai-production-alb/31b69d3d76ab5ed1,targetgroup/bodegaai-production-pos-api/cc856aef82a80a55,RequestCountPerTarget,2026-08-01T17:00:00Z,2026-08-01T18:00:00Z,873903
app/bodegaai-production-alb/31b69d3d76ab5ed1,targetgroup/bodegaai-production-pos-api/cc856aef82a80a55,RequestCountPerTarget,2026-08-01T18:00:00Z,2026-08-01T19:00:00Z,874035.5
app/bodegaai-production-alb/31b69d3d76ab5ed1,targetgroup/bodegaai-production-pos-api/cc856aef82a80a55,RequestCountPerTarget,2026-08-01T19:00:00Z,2026-08-01T20:00:00Z,873647
app/bodegaai-production-alb/31b69d3d76ab5ed1,targetgroup/bodegaai-production-pos-api/cc856aef82a80a55,RequestCountPerTarget,2026-08-01T20:00:00Z,2026-08-01T21:00:00Z,873447
app/bodegaai-production-alb/31b69d3d76ab5ed1,targetgroup/bodegaai-production-pos-api/cc856aef82a80a55,RequestCountPerTarget,2026-08-01T21:00:00Z,2026-08-01T22:00:00Z,870750
app/bodegaai-production-alb/31b69d3d76ab5ed1,targetgroup/bodegaai-production-pos-api/cc856aef82a80a55,RequestCountPerTarget,2026-08-01T22:00:00Z,2026-08-01T23:00:00Z,868693.5
app/bodegaai-production-alb/31b69d3d76ab5ed1,targetgroup/bodegaai-production-pos-api/cc856aef82a80a55,RequestCountPerTarget,2026-08-01T23:00:00Z,2026-08-02T00:00:00Z,860182.5
app/bodegaai-production-alb/31b69d3d76ab5ed1,targetgroup/bodegaai-production-pos-api/cc856aef82a80a55,RequestCountPerTarget,2026-08-02T00:00:00Z,2026-08-02T01:00:00Z,854759
app/bodegaai-production-alb/31b69d3d76ab5ed1,targetgroup/bodegaai-production-pos-api/cc856aef82a80a55,RequestCountPerTarget,2026-08-02T01:00:00Z,2026-08-02T02:00:00Z,601571.333306
app/bodegaai-production-alb/31b69d3d76ab5ed1,targetgroup/bodegaai-production-pos-api/cc856aef82a80a55,RequestCountPerTarget,2026-08-02T02:00:00Z,2026-08-02T03:00:00Z,750151.000009
app/bodegaai-production-alb/31b69d3d76ab5ed1,targetgroup/bodegaai-production-pos-api/cc856aef82a80a55,RequestCountPerTarget,2026-08-02T03:00:00Z,2026-08-02T04:00:00Z,838654
app/bodegaai-production-alb/31b69d3d76ab5ed1,targetgroup/bodegaai-production-pos-api/cc856aef82a80a55,RequestCountPerTarget,2026-08-02T04:00:00Z,2026-08-02T05:00:00Z,828068.5
app/bodegaai-production-alb/31b69d3d76ab5ed1,targetgroup/bodegaai-production-pos-api/cc856aef82a80a55,RequestCountPerTarget,2026-08-02T05:00:00Z,2026-08-02T06:00:00Z,823114.5
app/bodegaai-production-alb/31b69d3d76ab5ed1,targetgroup/bodegaai-production-pos-api/cc856aef82a80a55,RequestCountPerTarget,2026-08-02T06:00:00Z,2026-08-02T07:00:00Z,820619.5
app/bodegaai-production-alb/31b69d3d76ab5ed1,targetgroup/bodegaai-production-pos-api/cc856aef82a80a55,RequestCountPerTarget,2026-08-02T07:00:00Z,2026-08-02T08:00:00Z,821182.5
app/bodegaai-production-alb/31b69d3d76ab5ed1,targetgroup/bodegaai-production-pos-api/cc856aef82a80a55,RequestCountPerTarget,2026-08-02T08:00:00Z,2026-08-02T09:00:00Z,819409
app/bodegaai-production-alb/31b69d3d76ab5ed1,targetgroup/bodegaai-production-pos-api/cc856aef82a80a55,RequestCountPerTarget,2026-08-02T09:00:00Z,2026-08-02T10:00:00Z,818017.5
app/bodegaai-production-alb/31b69d3d76ab5ed1,targetgroup/bodegaai-production-pos-api/cc856aef82a80a55,RequestCountPerTarget,2026-08-02T10:00:00Z,2026-08-02T11:00:00Z,821379.5
app/bodegaai-production-alb/31b69d3d76ab5ed1,targetgroup/bodegaai-production-pos-api/cc856aef82a80a55,RequestCountPerTarget,2026-08-02T11:00:00Z,2026-08-02T12:00:00Z,831146
app/bodegaai-production-alb/31b69d3d76ab5ed1,targetgroup/bodegaai-production-pos-api/cc856aef82a80a55,RequestCountPerTarget,2026-08-02T12:00:00Z,2026-08-02T13:00:00Z,845336.5
app/bodegaai-production-alb/31b69d3d76ab5ed1,targetgroup/bodegaai-production-pos-api/cc856aef82a80a55,RequestCountPerTarget,2026-08-02T13:00:00Z,2026-08-02T14:00:00Z,853212
app/bodegaai-production-alb/31b69d3d76ab5ed1,targetgroup/bodegaai-production-pos-api/cc856aef82a80a55,RequestCountPerTarget,2026-08-02T14:00:00Z,2026-08-02T15:00:00Z,857866
app/bodegaai-production-alb/31b69d3d76ab5ed1,targetgroup/bodegaai-production-pos-api/cc856aef82a80a55,RequestCountPerTarget,2026-08-02T15:00:00Z,2026-08-02T16:00:00Z,860432.5
app/bodegaai-production-alb/31b69d3d76ab5ed1,targetgroup/bodegaai-production-pos-api/cc856aef82a80a55,RequestCountPerTarget,2026-08-02T16:00:00Z,2026-08-02T17:00:00Z,864551.5
app/bodegaai-production-alb/31b69d3d76ab5ed1,targetgroup/bodegaai-production-pos-api/cc856aef82a80a55,RequestCountPerTarget,2026-08-02T17:00:00Z,2026-08-02T18:00:00Z,863270
app/bodegaai-production-alb/31b69d3d76ab5ed1,targetgroup/bodegaai-production-pos-api/cc856aef82a80a55,RequestCountPerTarget,2026-08-02T18:00:00Z,2026-08-02T19:00:00Z,861284
app/bodegaai-production-alb/31b69d3d76ab5ed1,targetgroup/bodegaai-production-pos-api/cc856aef82a80a55,RequestCountPerTarget,2026-08-02T19:00:00Z,2026-08-02T20:00:00Z,862773.5
app/bodegaai-production-alb/31b69d3d76ab5ed1,targetgroup/bodegaai-production-pos-api/cc856aef82a80a55,RequestCountPerTarget,2026-08-02T20:00:00Z,2026-08-02T21:00:00Z,857622.5
app/bodegaai-production-alb/31b69d3d76ab5ed1,targetgroup/bodegaai-production-pos-api/cc856aef82a80a55,RequestCountPerTarget,2026-08-02T21:00:00Z,2026-08-02T22:00:00Z,855320
app/bodegaai-production-alb/31b69d3d76ab5ed1,targetgroup/bodegaai-production-pos-api/cc856aef82a80a55,RequestCountPerTarget,2026-08-02T22:00:00Z,2026-08-02T23:00:00Z,856655
app/bodegaai-production-alb/31b69d3d76ab5ed1,targetgroup/bodegaai-production-pos-api/cc856aef82a80a55,RequestCountPerTarget,2026-08-02T23:00:00Z,2026-08-03T00:00:00Z,852618
app/bodegaai-production-alb/31b69d3d76ab5ed1,targetgroup/bodegaai-production-pos-api/cc856aef82a80a55,RequestCountPerTarget,2026-08-03T00:00:00Z,2026-08-03T01:00:00Z,847929
app/bodegaai-production-alb/31b69d3d76ab5ed1,targetgroup/bodegaai-production-pos-api/cc856aef82a80a55,RequestCountPerTarget,2026-08-03T01:00:00Z,2026-08-03T02:00:00Z,843387
app/bodegaai-production-alb/31b69d3d76ab5ed1,targetgroup/bodegaai-production-pos-api/cc856aef82a80a55,RequestCountPerTarget,2026-08-03T02:00:00Z,2026-08-03T03:00:00Z,835784
app/bodegaai-production-alb/31b69d3d76ab5ed1,targetgroup/bodegaai-production-pos-api/cc856aef82a80a55,RequestCountPerTarget,2026-08-03T03:00:00Z,2026-08-03T04:00:00Z,823483.5
app/bodegaai-production-alb/31b69d3d76ab5ed1,targetgroup/bodegaai-production-pos-api/cc856aef82a80a55,RequestCountPerTarget,2026-08-03T04:00:00Z,2026-08-03T05:00:00Z,810616.5
app/bodegaai-production-alb/31b69d3d76ab5ed1,targetgroup/bodegaai-production-pos-api/cc856aef82a80a55,RequestCountPerTarget,2026-08-03T05:00:00Z,2026-08-03T06:00:00Z,807600
app/bodegaai-production-alb/31b69d3d76ab5ed1,targetgroup/bodegaai-production-pos-api/cc856aef82a80a55,RequestCountPerTarget,2026-08-03T06:00:00Z,2026-08-03T07:00:00Z,802838
app/bodegaai-production-alb/31b69d3d76ab5ed1,targetgroup/bodegaai-production-pos-api/cc856aef82a80a55,RequestCountPerTarget,2026-08-03T07:00:00Z,2026-08-03T08:00:00Z,803356.5
app/bodegaai-production-alb/31b69d3d76ab5ed1,targetgroup/bodegaai-production-pos-api/cc856aef82a80a55,RequestCountPerTarget,2026-08-03T08:00:00Z,2026-08-03T09:00:00Z,801267.5
app/bodegaai-production-alb/31b69d3d76ab5ed1,targetgroup/bodegaai-production-pos-api/cc856aef82a80a55,RequestCountPerTarget,2026-08-03T09:00:00Z,2026-08-03T10:00:00Z,801529
app/bodegaai-production-alb/31b69d3d76ab5ed1,targetgroup/bodegaai-production-pos-api/cc856aef82a80a55,RequestCountPerTarget,2026-08-03T10:00:00Z,2026-08-03T11:00:00Z,808206.5
app/bodegaai-production-alb/31b69d3d76ab5ed1,targetgroup/bodegaai-production-pos-api/cc856aef82a80a55,RequestCountPerTarget,2026-08-03T11:00:00Z,2026-08-03T12:00:00Z,821043.5
app/bodegaai-production-alb/31b69d3d76ab5ed1,targetgroup/bodegaai-production-pos-api/cc856aef82a80a55,RequestCountPerTarget,2026-08-03T12:00:00Z,2026-08-03T13:00:00Z,837124.5
app/bodegaai-production-alb/31b69d3d76ab5ed1,targetgroup/bodegaai-production-pos-api/cc856aef82a80a55,RequestCountPerTarget,2026-08-03T13:00:00Z,2026-08-03T14:00:00Z,856793
app/bodegaai-production-alb/31b69d3d76ab5ed1,targetgroup/bodegaai-production-pos-api/cc856aef82a80a55,RequestCountPerTarget,2026-08-03T14:00:00Z,2026-08-03T15:00:00Z,862883.5
app/bodegaai-production-alb/31b69d3d76ab5ed1,targetgroup/bodegaai-production-pos-api/cc856aef82a80a55,RequestCountPerTarget,2026-08-03T15:00:00Z,2026-08-03T16:00:00Z,865083
app/bodegaai-production-alb/31b69d3d76ab5ed1,targetgroup/bodegaai-production-pos-api/cc856aef82a80a55,RequestCountPerTarget,2026-08-03T16:00:00Z,2026-08-03T17:00:00Z,868875.5
app/bodegaai-production-alb/31b69d3d76ab5ed1,targetgroup/bodegaai-production-pos-api/cc856aef82a80a55,RequestCountPerTarget,2026-08-03T17:00:00Z,2026-08-03T18:00:00Z,858830
app/bodegaai-production-alb/31b69d3d76ab5ed1,targetgroup/bodegaai-production-pos-api/cc856aef82a80a55,RequestCountPerTarget,2026-08-03T18:00:00Z,2026-08-03T19:00:00Z,864188.5
app/bodegaai-production-alb/31b69d3d76ab5ed1,targetgroup/bodegaai-production-pos-api/cc856aef82a80a55,RequestCountPerTarget,2026-08-03T19:00:00Z,2026-08-03T20:00:00Z,867023.5
app/bodegaai-production-alb/31b69d3d76ab5ed1,targetgroup/bodegaai-production-pos-api/cc856aef82a80a55,RequestCountPerTarget,2026-08-03T20:00:00Z,2026-08-03T21:00:00Z,869939.5
app/bodegaai-production-alb/31b69d3d76ab5ed1,targetgroup/bodegaai-production-pos-api/cc856aef82a80a55,RequestCountPerTarget,2026-08-03T21:00:00Z,2026-08-03T22:00:00Z,865871
app/bodegaai-production-alb/31b69d3d76ab5ed1,targetgroup/bodegaai-production-pos-api/cc856aef82a80a55,RequestCountPerTarget,2026-08-03T22:00:00Z,2026-08-03T23:00:00Z,863850.5
app/bodegaai-production-alb/31b69d3d76ab5ed1,targetgroup/bodegaai-production-pos-api/cc856aef82a80a55,RequestCountPerTarget,2026-08-03T23:00:00Z,2026-08-04T00:00:00Z,862931.5
app/bodegaai-production-alb/31b69d3d76ab5ed1,targetgroup/bodegaai-production-pos-api/cc856aef82a80a55,RequestCountPerTarget,2026-08-04T00:00:00Z,2026-08-04T01:00:00Z,856631
app/bodegaai-production-alb/31b69d3d76ab5ed1,targetgroup/bodegaai-production-pos-api/cc856aef82a80a55,RequestCountPerTarget,2026-08-04T01:00:00Z,2026-08-04T02:00:00Z,852112
app/bodegaai-production-alb/31b69d3d76ab5ed1,targetgroup/bodegaai-production-pos-api/cc856aef82a80a55,RequestCountPerTarget,2026-08-04T02:00:00Z,2026-08-04T03:00:00Z,841954
app/bodegaai-production-alb/31b69d3d76ab5ed1,targetgroup/bodegaai-production-pos-api/cc856aef82a80a55,RequestCountPerTarget,2026-08-04T03:00:00Z,2026-08-04T04:00:00Z,828826.5
app/bodegaai-production-alb/31b69d3d76ab5ed1,targetgroup/bodegaai-production-pos-api/cc856aef82a80a55,RequestCountPerTarget,2026-08-04T04:00:00Z,2026-08-04T05:00:00Z,813962
app/bodegaai-production-alb/31b69d3d76ab5ed1,targetgroup/bodegaai-production-pos-api/cc856aef82a80a55,RequestCountPerTarget,2026-08-04T05:00:00Z,2026-08-04T06:00:00Z,810056.5
app/bodegaai-production-alb/31b69d3d76ab5ed1,targetgroup/bodegaai-production-pos-api/cc856aef82a80a55,RequestCountPerTarget,2026-08-04T06:00:00Z,2026-08-04T07:00:00Z,808239.5
app/bodegaai-production-alb/31b69d3d76ab5ed1,targetgroup/bodegaai-production-pos-api/cc856aef82a80a55,RequestCountPerTarget,2026-08-04T07:00:00Z,2026-08-04T08:00:00Z,805578
app/bodegaai-production-alb/31b69d3d76ab5ed1,targetgroup/bodegaai-production-pos-api/cc856aef82a80a55,RequestCountPerTarget,2026-08-04T08:00:00Z,2026-08-04T09:00:00Z,809559
app/bodegaai-production-alb/31b69d3d76ab5ed1,targetgroup/bodegaai-production-pos-api/cc856aef82a80a55,RequestCountPerTarget,2026-08-04T09:00:00Z,2026-08-04T10:00:00Z,813162
app/bodegaai-production-alb/31b69d3d76ab5ed1,targetgroup/bodegaai-production-pos-api/cc856aef82a80a55,RequestCountPerTarget,2026-08-04T10:00:00Z,2026-08-04T11:00:00Z,820331.5
app/bodegaai-production-alb/31b69d3d76ab5ed1,targetgroup/bodegaai-production-pos-api/cc856aef82a80a55,RequestCountPerTarget,2026-08-04T11:00:00Z,2026-08-04T12:00:00Z,828077
app/bodegaai-production-alb/31b69d3d76ab5ed1,targetgroup/bodegaai-production-pos-api/cc856aef82a80a55,RequestCountPerTarget,2026-08-04T12:00:00Z,2026-08-04T13:00:00Z,835819.5
app/bodegaai-production-alb/31b69d3d76ab5ed1,targetgroup/bodegaai-production-pos-api/cc856aef82a80a55,RequestCountPerTarget,2026-08-04T13:00:00Z,2026-08-04T14:00:00Z,852116
app/bodegaai-production-alb/31b69d3d76ab5ed1,targetgroup/bodegaai-production-pos-api/cc856aef82a80a55,RequestCountPerTarget,2026-08-04T14:00:00Z,2026-08-04T15:00:00Z,865668.5
app/bodegaai-production-alb/31b69d3d76ab5ed1,targetgroup/bodegaai-production-pos-api/cc856aef82a80a55,RequestCountPerTarget,2026-08-04T15:00:00Z,2026-08-04T16:00:00Z,864637
app/bodegaai-production-alb/31b69d3d76ab5ed1,targetgroup/bodegaai-production-pos-api/cc856aef82a80a55,RequestCountPerTarget,2026-08-04T16:00:00Z,2026-08-04T17:00:00Z,869679
app/bodegaai-production-alb/31b69d3d76ab5ed1,targetgroup/bodegaai-production-pos-api/cc856aef82a80a55,RequestCountPerTarget,2026-08-04T17:00:00Z,2026-08-04T18:00:00Z,871295
app/bodegaai-production-alb/31b69d3d76ab5ed1,targetgroup/bodegaai-production-pos-api/cc856aef82a80a55,RequestCountPerTarget,2026-08-04T18:00:00Z,2026-08-04T19:00:00Z,874462.5
app/bodegaai-production-alb/31b69d3d76ab5ed1,targetgroup/bodegaai-production-pos-api/cc856aef82a80a55,RequestCountPerTarget,2026-08-04T19:00:00Z,2026-08-04T20:00:00Z,860313.333338
app/bodegaai-production-alb/31b69d3d76ab5ed1,targetgroup/bodegaai-production-pos-api/cc856aef82a80a55,RequestCountPerTarget,2026-08-04T20:00:00Z,2026-08-04T21:00:00Z,550097.83333
app/bodegaai-production-alb/31b69d3d76ab5ed1,targetgroup/bodegaai-production-pos-api/cc856aef82a80a55,RequestCountPerTarget,2026-08-04T21:00:00Z,2026-08-04T22:00:00Z,702673.749999
app/bodegaai-production-alb/31b69d3d76ab5ed1,targetgroup/bodegaai-production-pos-api/cc856aef82a80a55,RequestCountPerTarget,2026-08-04T22:00:00Z,2026-08-04T23:00:00Z,856905.083336
app/bodegaai-production-alb/31b69d3d76ab5ed1,targetgroup/bodegaai-production-pos-api/cc856aef82a80a55,RequestCountPerTarget,2026-08-04T23:00:00Z,2026-08-05T00:00:00Z,866746.5
app/bodegaai-production-alb/31b69d3d76ab5ed1,targetgroup/bodegaai-production-pos-api/cc856aef82a80a55,RequestCountPerTarget,2026-08-05T00:00:00Z,2026-08-05T01:00:00Z,861334.5
app/bodegaai-production-alb/31b69d3d76ab5ed1,targetgroup/bodegaai-production-pos-api/cc856aef82a80a55,RequestCountPerTarget,2026-08-05T01:00:00Z,2026-08-05T02:00:00Z,852390.5
app/bodegaai-production-alb/31b69d3d76ab5ed1,targetgroup/bodegaai-production-pos-api/cc856aef82a80a55,RequestCountPerTarget,2026-08-05T02:00:00Z,2026-08-05T03:00:00Z,844148.5
app/bodegaai-production-alb/31b69d3d76ab5ed1,targetgroup/bodegaai-production-pos-api/cc856aef82a80a55,RequestCountPerTarget,2026-08-05T03:00:00Z,2026-08-05T04:00:00Z,647085.3
app/bodegaai-production-alb/31b69d3d76ab5ed1,targetgroup/bodegaai-production-pos-api/cc856aef82a80a55,RequestCountPerTarget,2026-08-05T04:00:00Z,2026-08-05T05:00:00Z,758963.666666
app/bodegaai-production-alb/31b69d3d76ab5ed1,targetgroup/bodegaai-production-pos-api/cc856aef82a80a55,RequestCountPerTarget,2026-08-05T05:00:00Z,2026-08-05T06:00:00Z,814887.5
app/bodegaai-production-alb/31b69d3d76ab5ed1,targetgroup/bodegaai-production-pos-api/cc856aef82a80a55,RequestCountPerTarget,2026-08-05T06:00:00Z,2026-08-05T07:00:00Z,810263.5
app/bodegaai-production-alb/31b69d3d76ab5ed1,targetgroup/bodegaai-production-pos-api/cc856aef82a80a55,RequestCountPerTarget,2026-08-05T07:00:00Z,2026-08-05T08:00:00Z,808691
app/bodegaai-production-alb/31b69d3d76ab5ed1,targetgroup/bodegaai-production-pos-api/cc856aef82a80a55,RequestCountPerTarget,2026-08-05T08:00:00Z,2026-08-05T09:00:00Z,808532
app/bodegaai-production-alb/31b69d3d76ab5ed1,targetgroup/bodegaai-production-pos-api/cc856aef82a80a55,RequestCountPerTarget,2026-08-05T09:00:00Z,2026-08-05T10:00:00Z,809098
app/bodegaai-production-alb/31b69d3d76ab5ed1,targetgroup/bodegaai-production-pos-api/cc856aef82a80a55,RequestCountPerTarget,2026-08-05T10:00:00Z,2026-08-05T11:00:00Z,814518
app/bodegaai-production-alb/31b69d3d76ab5ed1,targetgroup/bodegaai-production-pos-api/cc856aef82a80a55,RequestCountPerTarget,2026-08-05T11:00:00Z,2026-08-05T12:00:00Z,829949.5
app/bodegaai-production-alb/31b69d3d76ab5ed1,targetgroup/bodegaai-production-pos-api/cc856aef82a80a55,RequestCountPerTarget,2026-08-05T12:00:00Z,2026-08-05T13:00:00Z,835674.166663
app/bodegaai-production-alb/31b69d3d76ab5ed1,targetgroup/bodegaai-production-pos-api/cc856aef82a80a55,RequestCountPerTarget,2026-08-05T13:00:00Z,2026-08-05T14:00:00Z,854166.5
app/bodegaai-production-alb/31b69d3d76ab5ed1,targetgroup/bodegaai-production-pos-api/cc856aef82a80a55,RequestCountPerTarget,2026-08-05T14:00:00Z,2026-08-05T15:00:00Z,859270.5
app/bodegaai-production-alb/31b69d3d76ab5ed1,targetgroup/bodegaai-production-pos-api/cc856aef82a80a55,RequestCountPerTarget,2026-08-05T15:00:00Z,2026-08-05T16:00:00Z,861189.5
app/bodegaai-production-alb/31b69d3d76ab5ed1,targetgroup/bodegaai-production-pos-api/cc856aef82a80a55,RequestCountPerTarget,2026-08-05T16:00:00Z,2026-08-05T17:00:00Z,863628.5
app/bodegaai-production-alb/31b69d3d76ab5ed1,targetgroup/bodegaai-production-pos-api/cc856aef82a80a55,RequestCountPerTarget,2026-08-05T17:00:00Z,2026-08-05T18:00:00Z,868408
app/bodegaai-production-alb/31b69d3d76ab5ed1,targetgroup/bodegaai-production-pos-api/cc856aef82a80a55,RequestCountPerTarget,2026-08-05T18:00:00Z,2026-08-05T19:00:00Z,875487
app/bodegaai-production-alb/31b69d3d76ab5ed1,targetgroup/bodegaai-production-pos-api/cc856aef82a80a55,RequestCountPerTarget,2026-08-05T19:00:00Z,2026-08-05T20:00:00Z,865407.166663
app/bodegaai-production-alb/31b69d3d76ab5ed1,targetgroup/bodegaai-production-pos-api/cc856aef82a80a55,RequestCountPerTarget,2026-08-05T20:00:00Z,2026-08-05T21:00:00Z,884386
app/bodegaai-production-alb/31b69d3d76ab5ed1,targetgroup/bodegaai-production-pos-api/cc856aef82a80a55,RequestCountPerTarget,2026-08-05T21:00:00Z,2026-08-05T22:00:00Z,876354.000009
app/bodegaai-production-alb/31b69d3d76ab5ed1,targetgroup/bodegaai-production-pos-api/cc856aef82a80a55,RequestCountPerTarget,2026-08-05T22:00:00Z,2026-08-05T23:00:00Z,880878.5
app/bodegaai-production-alb/31b69d3d76ab5ed1,targetgroup/bodegaai-production-pos-api/cc856aef82a80a55,RequestCountPerTarget,2026-08-05T23:00:00Z,2026-08-06T00:00:00Z,868035.666671
app/bodegaai-production-alb/31b69d3d76ab5ed1,targetgroup/bodegaai-production-pos-api/cc856aef82a80a55,RequestCountPerTarget,2026-08-06T00:00:00Z,2026-08-06T01:00:00Z,866777.5
app/bodegaai-production-alb/31b69d3d76ab5ed1,targetgroup/bodegaai-production-pos-api/cc856aef82a80a55,RequestCountPerTarget,2026-08-06T01:00:00Z,2026-08-06T02:00:00Z,860485.5
app/bodegaai-production-alb/31b69d3d76ab5ed1,targetgroup/bodegaai-production-pos-api/cc856aef82a80a55,RequestCountPerTarget,2026-08-06T02:00:00Z,2026-08-06T03:00:00Z,850597
app/bodegaai-production-alb/31b69d3d76ab5ed1,targetgroup/bodegaai-production-pos-api/cc856aef82a80a55,RequestCountPerTarget,2026-08-06T03:00:00Z,2026-08-06T04:00:00Z,832625
app/bodegaai-production-alb/31b69d3d76ab5ed1,targetgroup/bodegaai-production-pos-api/cc856aef82a80a55,RequestCountPerTarget,2026-08-06T04:00:00Z,2026-08-06T05:00:00Z,815102
app/bodegaai-production-alb/31b69d3d76ab5ed1,targetgroup/bodegaai-production-pos-api/cc856aef82a80a55,RequestCountPerTarget,2026-08-06T05:00:00Z,2026-08-06T06:00:00Z,722906.749995
app/bodegaai-production-alb/31b69d3d76ab5ed1,targetgroup/bodegaai-production-pos-api/cc856aef82a80a55,RequestCountPerTarget,2026-08-06T06:00:00Z,2026-08-06T07:00:00Z,526169.366659
app/bodegaai-production-alb/31b69d3d76ab5ed1,targetgroup/bodegaai-production-pos-api/cc856aef82a80a55,RequestCountPerTarget,2026-08-06T07:00:00Z,2026-08-06T08:00:00Z,812283
app/bodegaai-production-alb/31b69d3d76ab5ed1,targetgroup/bodegaai-production-pos-api/cc856aef82a80a55,RequestCountPerTarget,2026-08-06T08:00:00Z,2026-08-06T09:00:00Z,810177
app/bodegaai-production-alb/31b69d3d76ab5ed1,targetgroup/bodegaai-production-pos-api/cc856aef82a80a55,RequestCountPerTarget,2026-08-06T09:00:00Z,2026-08-06T10:00:00Z,812917.5
app/bodegaai-production-alb/31b69d3d76ab5ed1,targetgroup/bodegaai-production-pos-api/cc856aef82a80a55,RequestCountPerTarget,2026-08-06T10:00:00Z,2026-08-06T11:00:00Z,818246
app/bodegaai-production-alb/31b69d3d76ab5ed1,targetgroup/bodegaai-production-pos-api/cc856aef82a80a55,RequestCountPerTarget,2026-08-06T11:00:00Z,2026-08-06T12:00:00Z,832549
app/bodegaai-production-alb/31b69d3d76ab5ed1,targetgroup/bodegaai-production-pos-api/cc856aef82a80a55,RequestCountPerTarget,2026-08-06T12:00:00Z,2026-08-06T13:00:00Z,759455.333338
app/bodegaai-production-alb/31b69d3d76ab5ed1,targetgroup/bodegaai-production-pos-api/cc856aef82a80a55,RequestCountPerTarget,2026-08-06T13:00:00Z,2026-08-06T14:00:00Z,566462.333353
app/bodegaai-production-alb/31b69d3d76ab5ed1,targetgroup/bodegaai-production-pos-api/cc856aef82a80a55,RequestCountPerTarget,2026-08-06T14:00:00Z,2026-08-06T15:00:00Z,610577.833336
app/bodegaai-production-alb/31b69d3d76ab5ed1,targetgroup/bodegaai-production-pos-api/cc856aef82a80a55,RequestCountPerTarget,2026-08-06T15:00:00Z,2026-08-06T16:00:00Z,877684.5
app/bodegaai-production-alb/31b69d3d76ab5ed1,targetgroup/bodegaai-production-pos-api/cc856aef82a80a55,RequestCountPerTarget,2026-08-06T16:00:00Z,2026-08-06T17:00:00Z,879562.5
app/bodegaai-production-alb/31b69d3d76ab5ed1,targetgroup/bodegaai-production-pos-api/cc856aef82a80a55,RequestCountPerTarget,2026-08-06T17:00:00Z,2026-08-06T18:00:00Z,880268.5
app/bodegaai-production-alb/31b69d3d76ab5ed1,targetgroup/bodegaai-production-pos-api/cc856aef82a80a55,RequestCountPerTarget,2026-08-06T18:00:00Z,2026-08-06T19:00:00Z,879536
app/bodegaai-production-alb/31b69d3d76ab5ed1,targetgroup/bodegaai-production-pos-api/cc856aef82a80a55,RequestCountPerTarget,2026-08-06T19:00:00Z,2026-08-06T20:00:00Z,883781
app/bodegaai-production-alb/31b69d3d76ab5ed1,targetgroup/bodegaai-production-pos-api/cc856aef82a80a55,RequestCountPerTarget,2026-08-06T20:00:00Z,2026-08-06T21:00:00Z,881034.5
app/bodegaai-production-alb/31b69d3d76ab5ed1,targetgroup/bodegaai-production-pos-api/cc856aef82a80a55,RequestCountPerTarget,2026-08-06T21:00:00Z,2026-08-06T22:00:00Z,886056
app/bodegaai-production-alb/31b69d3d76ab5ed1,targetgroup/bodegaai-production-pos-api/cc856aef82a80a55,RequestCountPerTarget,2026-08-06T22:00:00Z,2026-08-06T23:00:00Z,886018
app/bodegaai-production-alb/31b69d3d76ab5ed1,targetgroup/bodegaai-production-pos-api/cc856aef82a80a55,RequestCountPerTarget,2026-08-06T23:00:00Z,2026-08-07T00:00:00Z,881117.5
app/bodegaai-production-alb/31b69d3d76ab5ed1,targetgroup/bodegaai-production-pos-api/cc856aef82a80a55,RequestCountPerTarget,2026-08-07T00:00:00Z,2026-08-07T01:00:00Z,874592.5
app/bodegaai-production-alb/31b69d3d76ab5ed1,targetgroup/bodegaai-production-pos-api/cc856aef82a80a55,RequestCountPerTarget,2026-08-07T01:00:00Z,2026-08-07T02:00:00Z,870489
app/bodegaai-production-alb/31b69d3d76ab5ed1,targetgroup/bodegaai-production-pos-api/cc856aef82a80a55,RequestCountPerTarget,2026-08-07T02:00:00Z,2026-08-07T03:00:00Z,864852.5
app/bodegaai-production-alb/31b69d3d76ab5ed1,targetgroup/bodegaai-production-pos-api/cc856aef82a80a55,RequestCountPerTarget,2026-08-07T03:00:00Z,2026-08-07T04:00:00Z,853803.5
app/bodegaai-production-alb/31b69d3d76ab5ed1,targetgroup/bodegaai-production-pos-api/cc856aef82a80a55,RequestCountPerTarget,2026-08-07T04:00:00Z,2026-08-07T05:00:00Z,838477
app/bodegaai-production-alb/31b69d3d76ab5ed1,targetgroup/bodegaai-production-pos-api/cc856aef82a80a55,RequestCountPerTarget,2026-08-07T05:00:00Z,2026-08-07T06:00:00Z,833487
app/bodegaai-production-alb/31b69d3d76ab5ed1,targetgroup/bodegaai-production-pos-api/cc856aef82a80a55,RequestCountPerTarget,2026-08-07T06:00:00Z,2026-08-07T07:00:00Z,829816.5
app/bodegaai-production-alb/31b69d3d76ab5ed1,targetgroup/bodegaai-production-pos-api/cc856aef82a80a55,RequestCountPerTarget,2026-08-07T07:00:00Z,2026-08-07T08:00:00Z,827282
app/bodegaai-production-alb/31b69d3d76ab5ed1,targetgroup/bodegaai-production-pos-api/cc856aef82a80a55,RequestCountPerTarget,2026-08-07T08:00:00Z,2026-08-07T09:00:00Z,823579.5
app/bodegaai-production-alb/31b69d3d76ab5ed1,targetgroup/bodegaai-production-pos-api/cc856aef82a80a55,RequestCountPerTarget,2026-08-07T09:00:00Z,2026-08-07T10:00:00Z,716237.166657
app/bodegaai-production-alb/31b69d3d76ab5ed1,targetgroup/bodegaai-production-pos-api/cc856aef82a80a55,RequestCountPerTarget,2026-08-07T10:00:00Z,2026-08-07T11:00:00Z,834200.5
app/bodegaai-production-alb/31b69d3d76ab5ed1,targetgroup/bodegaai-production-pos-api/cc856aef82a80a55,RequestCountPerTarget,2026-08-07T11:00:00Z,2026-08-07T12:00:00Z,849201
app/bodegaai-production-alb/31b69d3d76ab5ed1,targetgroup/bodegaai-production-pos-api/cc856aef82a80a55,RequestCountPerTarget,2026-08-07T12:00:00Z,2026-08-07T13:00:00Z,865373
app/bodegaai-production-alb/31b69d3d76ab5ed1,targetgroup/bodegaai-production-pos-api/cc856aef82a80a55,RequestCountPerTarget,2026-08-07T13:00:00Z,2026-08-07T14:00:00Z,833758.666664
app/bodegaai-production-alb/31b69d3d76ab5ed1,targetgroup/bodegaai-production-pos-api/cc856aef82a80a55,RequestCountPerTarget,2026-08-07T14:00:00Z,2026-08-07T15:00:00Z,590637.000031
app/bodegaai-production-alb/31b69d3d76ab5ed1,targetgroup/bodegaai-production-pos-api/cc856aef82a80a55,RequestCountPerTarget,2026-08-07T15:00:00Z,2026-08-07T16:00:00Z,597545.333331
app/bodegaai-production-alb/31b69d3d76ab5ed1,targetgroup/bodegaai-production-pos-api/cc856aef82a80a55,RequestCountPerTarget,2026-08-07T16:00:00Z,2026-08-07T17:00:00Z,598295.333319
app/bodegaai-production-alb/31b69d3d76ab5ed1,targetgroup/bodegaai-production-pos-api/cc856aef82a80a55,RequestCountPerTarget,2026-08-07T17:00:00Z,2026-08-07T18:00:00Z,318307.495233
app/bodegaai-production-alb/31b69d3d76ab5ed1,targetgroup/bodegaai-production-pos-api/cc856aef82a80a55,RequestCountPerTarget,2026-08-07T18:00:00Z,2026-08-07T19:00:00Z,523253.42619
app/bodegaai-production-alb/31b69d3d76ab5ed1,targetgroup/bodegaai-production-pos-api/cc856aef82a80a55,RequestCountPerTarget,2026-08-07T19:00:00Z,2026-08-07T20:00:00Z,816455.166674
app/bodegaai-production-alb/31b69d3d76ab5ed1,targetgroup/bodegaai-production-pos-api/cc856aef82a80a55,RequestCountPerTarget,2026-08-07T20:00:00Z,2026-08-07T21:00:00Z,899623
app/bodegaai-production-alb/31b69d3d76ab5ed1,targetgroup/bodegaai-production-pos-api/cc856aef82a80a55,RequestCountPerTarget,2026-08-07T21:00:00Z,2026-08-07T22:00:00Z,899113.5
app/bodegaai-production-alb/31b69d3d76ab5ed1,targetgroup/bodegaai-production-pos-api/cc856aef82a80a55,RequestCountPerTarget,2026-08-07T22:00:00Z,2026-08-07T23:00:00Z,893640
app/bodegaai-production-alb/31b69d3d76ab5ed1,targetgroup/bodegaai-production-pos-api/cc856aef82a80a55,RequestCountPerTarget,2026-08-07T23:00:00Z,2026-08-08T00:00:00Z,892389
app/bodegaai-production-alb/31b69d3d76ab5ed1,targetgroup/bodegaai-production-pos-api/cc856aef82a80a55,RequestCountPerTarget,2026-08-08T00:00:00Z,2026-08-08T01:00:00Z,886211
app/bodegaai-production-alb/31b69d3d76ab5ed1,targetgroup/bodegaai-production-pos-api/cc856aef82a80a55,RequestCountPerTarget,2026-08-08T01:00:00Z,2026-08-08T02:00:00Z,869915
app/bodegaai-production-alb/31b69d3d76ab5ed1,targetgroup/bodegaai-production-pos-api/cc856aef82a80a55,RequestCountPerTarget,2026-08-08T02:00:00Z,2026-08-08T03:00:00Z,861624
app/bodegaai-production-alb/31b69d3d76ab5ed1,targetgroup/bodegaai-production-pos-api/cc856aef82a80a55,RequestCountPerTarget,2026-08-08T03:00:00Z,2026-08-08T04:00:00Z,849791
app/bodegaai-production-alb/31b69d3d76ab5ed1,targetgroup/bodegaai-production-pos-api/cc856aef82a80a55,RequestCountPerTarget,2026-08-08T04:00:00Z,2026-08-08T05:00:00Z,836429
app/bodegaai-production-alb/31b69d3d76ab5ed1,targetgroup/bodegaai-production-pos-api/cc856aef82a80a55,RequestCountPerTarget,2026-08-08T05:00:00Z,2026-08-08T06:00:00Z,830915
app/bodegaai-production-alb/31b69d3d76ab5ed1,targetgroup/bodegaai-production-pos-api/cc856aef82a80a55,RequestCountPerTarget,2026-08-08T06:00:00Z,2026-08-08T07:00:00Z,829794
app/bodegaai-production-alb/31b69d3d76ab5ed1,targetgroup/bodegaai-production-pos-api/cc856aef82a80a55,RequestCountPerTarget,2026-08-08T07:00:00Z,2026-08-08T08:00:00Z,829730.5
app/bodegaai-production-alb/31b69d3d76ab5ed1,targetgroup/bodegaai-production-pos-api/cc856aef82a80a55,RequestCountPerTarget,2026-08-08T08:00:00Z,2026-08-08T09:00:00Z,829998.5
app/bodegaai-production-alb/31b69d3d76ab5ed1,targetgroup/bodegaai-production-pos-api/cc856aef82a80a55,RequestCountPerTarget,2026-08-08T09:00:00Z,2026-08-08T10:00:00Z,829765.5
app/bodegaai-production-alb/31b69d3d76ab5ed1,targetgroup/bodegaai-production-pos-api/cc856aef82a80a55,RequestCountPerTarget,2026-08-08T10:00:00Z,2026-08-08T11:00:00Z,831854
app/bodegaai-production-alb/31b69d3d76ab5ed1,targetgroup/bodegaai-production-pos-api/cc856aef82a80a55,RequestCountPerTarget,2026-08-08T11:00:00Z,2026-08-08T12:00:00Z,844597
app/bodegaai-production-alb/31b69d3d76ab5ed1,targetgroup/bodegaai-production-pos-api/cc856aef82a80a55,RequestCountPerTarget,2026-08-08T12:00:00Z,2026-08-08T13:00:00Z,856833
app/bodegaai-production-alb/31b69d3d76ab5ed1,targetgroup/bodegaai-production-pos-api/cc856aef82a80a55,RequestCountPerTarget,2026-08-08T13:00:00Z,2026-08-08T14:00:00Z,876114
app/bodegaai-production-alb/31b69d3d76ab5ed1,targetgroup/bodegaai-production-pos-api/cc856aef82a80a55,RequestCountPerTarget,2026-08-08T14:00:00Z,2026-08-08T15:00:00Z,883415.5
app/bodegaai-production-alb/31b69d3d76ab5ed1,targetgroup/bodegaai-production-pos-api/cc856aef82a80a55,RequestCountPerTarget,2026-08-08T15:00:00Z,2026-08-08T16:00:00Z,883765
app/bodegaai-production-alb/31b69d3d76ab5ed1,targetgroup/bodegaai-production-pos-api/cc856aef82a80a55,RequestCountPerTarget,2026-08-08T16:00:00Z,2026-08-08T17:00:00Z,885934
app/bodegaai-production-alb/31b69d3d76ab5ed1,targetgroup/bodegaai-production-pos-api/cc856aef82a80a55,RequestCountPerTarget,2026-08-08T17:00:00Z,2026-08-08T18:00:00Z,887170
app/bodegaai-production-alb/31b69d3d76ab5ed1,targetgroup/bodegaai-production-pos-api/cc856aef82a80a55,RequestCountPerTarget,2026-08-08T18:00:00Z,2026-08-08T19:00:00Z,889920
app/bodegaai-production-alb/31b69d3d76ab5ed1,targetgroup/bodegaai-production-pos-api/cc856aef82a80a55,RequestCountPerTarget,2026-08-08T19:00:00Z,2026-08-08T20:00:00Z,888414.5
app/bodegaai-production-alb/31b69d3d76ab5ed1,targetgroup/bodegaai-production-pos-api/cc856aef82a80a55,RequestCountPerTarget,2026-08-08T20:00:00Z,2026-08-08T21:00:00Z,891301
app/bodegaai-production-alb/31b69d3d76ab5ed1,targetgroup/bodegaai-production-pos-api/cc856aef82a80a55,RequestCountPerTarget,2026-08-08T21:00:00Z,2026-08-08T22:00:00Z,891367.5
app/bodegaai-production-alb/31b69d3d76ab5ed1,targetgroup/bodegaai-production-pos-api/cc856aef82a80a55,RequestCountPerTarget,2026-08-08T22:00:00Z,2026-08-08T23:00:00Z,891308.5
app/bodegaai-production-alb/31b69d3d76ab5ed1,targetgroup/bodegaai-production-pos-api/cc856aef82a80a55,RequestCountPerTarget,2026-08-08T23:00:00Z,2026-08-09T00:00:00Z,889344.5
app/bodegaai-production-alb/31b69d3d76ab5ed1,targetgroup/bodegaai-production-pos-api/cc856aef82a80a55,RequestCountPerTarget,2026-08-09T00:00:00Z,2026-08-09T01:00:00Z,885281
app/bodegaai-production-alb/31b69d3d76ab5ed1,targetgroup/bodegaai-production-pos-api/cc856aef82a80a55,RequestCountPerTarget,2026-08-09T01:00:00Z,2026-08-09T02:00:00Z,877763
app/bodegaai-production-alb/31b69d3d76ab5ed1,targetgroup/bodegaai-production-pos-api/cc856aef82a80a55,RequestCountPerTarget,2026-08-09T02:00:00Z,2026-08-09T03:00:00Z,864730
app/bodegaai-production-alb/31b69d3d76ab5ed1,targetgroup/bodegaai-production-pos-api/cc856aef82a80a55,RequestCountPerTarget,2026-08-09T03:00:00Z,2026-08-09T04:00:00Z,857401.5
app/bodegaai-production-alb/31b69d3d76ab5ed1,targetgroup/bodegaai-production-pos-api/cc856aef82a80a55,RequestCountPerTarget,2026-08-09T04:00:00Z,2026-08-09T05:00:00Z,850977.5
app/bodegaai-production-alb/31b69d3d76ab5ed1,targetgroup/bodegaai-production-pos-api/cc856aef82a80a55,RequestCountPerTarget,2026-08-09T05:00:00Z,2026-08-09T06:00:00Z,841861.5
app/bodegaai-production-alb/31b69d3d76ab5ed1,targetgroup/bodegaai-production-pos-api/cc856aef82a80a55,RequestCountPerTarget,2026-08-09T06:00:00Z,2026-08-09T07:00:00Z,840232.5
app/bodegaai-production-alb/31b69d3d76ab5ed1,targetgroup/bodegaai-production-pos-api/cc856aef82a80a55,RequestCountPerTarget,2026-08-09T07:00:00Z,2026-08-09T08:00:00Z,836849
app/bodegaai-production-alb/31b69d3d76ab5ed1,targetgroup/bodegaai-production-pos-api/cc856aef82a80a55,RequestCountPerTarget,2026-08-09T08:00:00Z,2026-08-09T09:00:00Z,838080.5
app/bodegaai-production-alb/31b69d3d76ab5ed1,targetgroup/bodegaai-production-pos-api/cc856aef82a80a55,RequestCountPerTarget,2026-08-09T09:00:00Z,2026-08-09T10:00:00Z,839059
app/bodegaai-production-alb/31b69d3d76ab5ed1,targetgroup/bodegaai-production-pos-api/cc856aef82a80a55,RequestCountPerTarget,2026-08-09T10:00:00Z,2026-08-09T11:00:00Z,840278
app/bodegaai-production-alb/31b69d3d76ab5ed1,targetgroup/bodegaai-production-pos-api/cc856aef82a80a55,RequestCountPerTarget,2026-08-09T11:00:00Z,2026-08-09T12:00:00Z,851015.5
app/bodegaai-production-alb/31b69d3d76ab5ed1,targetgroup/bodegaai-production-pos-api/cc856aef82a80a55,RequestCountPerTarget,2026-08-09T12:00:00Z,2026-08-09T13:00:00Z,860251
app/bodegaai-production-alb/31b69d3d76ab5ed1,targetgroup/bodegaai-production-pos-api/cc856aef82a80a55,RequestCountPerTarget,2026-08-09T13:00:00Z,2026-08-09T14:00:00Z,871083.5
app/bodegaai-production-alb/31b69d3d76ab5ed1,targetgroup/bodegaai-production-pos-api/cc856aef82a80a55,RequestCountPerTarget,2026-08-09T14:00:00Z,2026-08-09T15:00:00Z,877338.5
app/bodegaai-production-alb/31b69d3d76ab5ed1,targetgroup/bodegaai-production-pos-api/cc856aef82a80a55,RequestCountPerTarget,2026-08-09T15:00:00Z,2026-08-09T16:00:00Z,883049
app/bodegaai-production-alb/31b69d3d76ab5ed1,targetgroup/bodegaai-production-pos-api/cc856aef82a80a55,RequestCountPerTarget,2026-08-09T16:00:00Z,2026-08-09T17:00:00Z,884286.5
app/bodegaai-production-alb/31b69d3d76ab5ed1,targetgroup/bodegaai-production-pos-api/cc856aef82a80a55,RequestCountPerTarget,2026-08-09T17:00:00Z,2026-08-09T18:00:00Z,887497.5
app/bodegaai-production-alb/31b69d3d76ab5ed1,targetgroup/bodegaai-production-pos-api/cc856aef82a80a55,RequestCountPerTarget,2026-08-09T18:00:00Z,2026-08-09T19:00:00Z,886269.5
app/bodegaai-production-alb/31b69d3d76ab5ed1,targetgroup/bodegaai-production-pos-api/cc856aef82a80a55,RequestCountPerTarget,2026-08-09T19:00:00Z,2026-08-09T20:00:00Z,885793
app/bodegaai-production-alb/31b69d3d76ab5ed1,targetgroup/bodegaai-production-pos-api/cc856aef82a80a55,RequestCountPerTarget,2026-08-09T20:00:00Z,2026-08-09T21:00:00Z,885367
app/bodegaai-production-alb/31b69d3d76ab5ed1,targetgroup/bodegaai-production-pos-api/cc856aef82a80a55,RequestCountPerTarget,2026-08-09T21:00:00Z,2026-08-09T22:00:00Z,882103
app/bodegaai-production-alb/31b69d3d76ab5ed1,targetgroup/bodegaai-production-pos-api/cc856aef82a80a55,RequestCountPerTarget,2026-08-09T22:00:00Z,2026-08-09T23:00:00Z,877577.5
app/bodegaai-production-alb/31b69d3d76ab5ed1,targetgroup/bodegaai-production-pos-api/cc856aef82a80a55,RequestCountPerTarget,2026-08-09T23:00:00Z,2026-08-10T00:00:00Z,875137
app/bodegaai-production-alb/31b69d3d76ab5ed1,targetgroup/bodegaai-production-pos-api/cc856aef82a80a55,RequestCountPerTarget,2026-08-10T00:00:00Z,2026-08-10T01:00:00Z,871972
app/bodegaai-production-alb/31b69d3d76ab5ed1,targetgroup/bodegaai-production-pos-api/cc856aef82a80a55,RequestCountPerTarget,2026-08-10T01:00:00Z,2026-08-10T02:00:00Z,865122
app/bodegaai-production-alb/31b69d3d76ab5ed1,targetgroup/bodegaai-production-pos-api/cc856aef82a80a55,RequestCountPerTarget,2026-08-10T02:00:00Z,2026-08-10T03:00:00Z,858034.5
app/bodegaai-production-alb/31b69d3d76ab5ed1,targetgroup/bodegaai-production-pos-api/cc856aef82a80a55,RequestCountPerTarget,2026-08-10T03:00:00Z,2026-08-10T04:00:00Z,841360
app/bodegaai-production-alb/31b69d3d76ab5ed1,targetgroup/bodegaai-production-pos-api/cc856aef82a80a55,RequestCountPerTarget,2026-08-10T04:00:00Z,2026-08-10T05:00:00Z,828453
app/bodegaai-production-alb/31b69d3d76ab5ed1,targetgroup/bodegaai-production-pos-api/cc856aef82a80a55,RequestCountPerTarget,2026-08-10T05:00:00Z,2026-08-10T06:00:00Z,823957.5
app/bodegaai-production-alb/31b69d3d76ab5ed1,targetgroup/bodegaai-production-pos-api/cc856aef82a80a55,RequestCountPerTarget,2026-08-10T06:00:00Z,2026-08-10T07:00:00Z,822573.5
app/bodegaai-production-alb/31b69d3d76ab5ed1,targetgroup/bodegaai-production-pos-api/cc856aef82a80a55,RequestCountPerTarget,2026-08-10T07:00:00Z,2026-08-10T08:00:00Z,823611.5
app/bodegaai-production-alb/31b69d3d76ab5ed1,targetgroup/bodegaai-production-pos-api/cc856aef82a80a55,RequestCountPerTarget,2026-08-10T08:00:00Z,2026-08-10T09:00:00Z,821250.5
app/bodegaai-production-alb/31b69d3d76ab5ed1,targetgroup/bodegaai-production-pos-api/cc856aef82a80a55,RequestCountPerTarget,2026-08-10T09:00:00Z,2026-08-10T10:00:00Z,824206
app/bodegaai-production-alb/31b69d3d76ab5ed1,targetgroup/bodegaai-production-pos-api/cc856aef82a80a55,RequestCountPerTarget,2026-08-10T10:00:00Z,2026-08-10T11:00:00Z,826694
app/bodegaai-production-alb/31b69d3d76ab5ed1,targetgroup/bodegaai-production-pos-api/cc856aef82a80a55,RequestCountPerTarget,2026-08-10T11:00:00Z,2026-08-10T12:00:00Z,833498
app/bodegaai-production-alb/31b69d3d76ab5ed1,targetgroup/bodegaai-production-pos-api/cc856aef82a80a55,RequestCountPerTarget,2026-08-10T12:00:00Z,2026-08-10T13:00:00Z,846083
app/bodegaai-production-alb/31b69d3d76ab5ed1,targetgroup/bodegaai-production-pos-api/cc856aef82a80a55,RequestCountPerTarget,2026-08-10T13:00:00Z,2026-08-10T14:00:00Z,864711
app/bodegaai-production-alb/31b69d3d76ab5ed1,targetgroup/bodegaai-production-pos-api/cc856aef82a80a55,RequestCountPerTarget,2026-08-10T14:00:00Z,2026-08-10T15:00:00Z,874761.5
app/bodegaai-production-alb/31b69d3d76ab5ed1,targetgroup/bodegaai-production-pos-api/cc856aef82a80a55,RequestCountPerTarget,2026-08-10T15:00:00Z,2026-08-10T16:00:00Z,885355.5
app/bodegaai-production-alb/31b69d3d76ab5ed1,targetgroup/bodegaai-production-pos-api/cc856aef82a80a55,RequestCountPerTarget,2026-08-10T16:00:00Z,2026-08-10T17:00:00Z,886517.5
app/bodegaai-production-alb/31b69d3d76ab5ed1,targetgroup/bodegaai-production-pos-api/cc856aef82a80a55,RequestCountPerTarget,2026-08-10T17:00:00Z,2026-08-10T18:00:00Z,882914.5
app/bodegaai-production-alb/31b69d3d76ab5ed1,targetgroup/bodegaai-production-pos-api/cc856aef82a80a55,RequestCountPerTarget,2026-08-10T18:00:00Z,2026-08-10T19:00:00Z,880878
app/bodegaai-production-alb/31b69d3d76ab5ed1,targetgroup/bodegaai-production-pos-api/cc856aef82a80a55,RequestCountPerTarget,2026-08-10T19:00:00Z,2026-08-10T20:00:00Z,881675
app/bodegaai-production-alb/31b69d3d76ab5ed1,targetgroup/bodegaai-production-pos-api/cc856aef82a80a55,RequestCountPerTarget,2026-08-10T20:00:00Z,2026-08-10T21:00:00Z,887860
app/bodegaai-production-alb/31b69d3d76ab5ed1,targetgroup/bodegaai-production-pos-api/cc856aef82a80a55,RequestCountPerTarget,2026-08-10T21:00:00Z,2026-08-10T22:00:00Z,889295
app/bodegaai-production-alb/31b69d3d76ab5ed1,targetgroup/bodegaai-production-pos-api/cc856aef82a80a55,RequestCountPerTarget,2026-08-10T22:00:00Z,2026-08-10T23:00:00Z,887431.5
app/bodegaai-production-alb/31b69d3d76ab5ed1,targetgroup/bodegaai-production-pos-api/cc856aef82a80a55,RequestCountPerTarget,2026-08-10T23:00:00Z,2026-08-11T00:00:00Z,881541.5
app/bodegaai-production-alb/31b69d3d76ab5ed1,targetgroup/bodegaai-production-pos-api/cc856aef82a80a55,RequestCountPerTarget,2026-08-11T00:00:00Z,2026-08-11T01:00:00Z,877764
app/bodegaai-production-alb/31b69d3d76ab5ed1,targetgroup/bodegaai-production-pos-api/cc856aef82a80a55,RequestCountPerTarget,2026-08-11T01:00:00Z,2026-08-11T02:00:00Z,874724
app/bodegaai-production-alb/31b69d3d76ab5ed1,targetgroup/bodegaai-production-pos-api/cc856aef82a80a55,RequestCountPerTarget,2026-08-11T02:00:00Z,2026-08-11T03:00:00Z,867462
app/bodegaai-production-alb/31b69d3d76ab5ed1,targetgroup/bodegaai-production-pos-api/cc856aef82a80a55,RequestCountPerTarget,2026-08-11T03:00:00Z,2026-08-11T04:00:00Z,854415
app/bodegaai-production-alb/31b69d3d76ab5ed1,targetgroup/bodegaai-production-pos-api/cc856aef82a80a55,RequestCountPerTarget,2026-08-11T04:00:00Z,2026-08-11T05:00:00Z,845185.5
app/bodegaai-production-alb/31b69d3d76ab5ed1,targetgroup/bodegaai-production-pos-api/cc856aef82a80a55,RequestCountPerTarget,2026-08-11T05:00:00Z,2026-08-11T06:00:00Z,839467.5
app/bodegaai-production-alb/31b69d3d76ab5ed1,targetgroup/bodegaai-production-pos-api/cc856aef82a80a55,RequestCountPerTarget,2026-08-11T06:00:00Z,2026-08-11T07:00:00Z,838136.5
app/bodegaai-production-alb/31b69d3d76ab5ed1,targetgroup/bodegaai-production-pos-api/cc856aef82a80a55,RequestCountPerTarget,2026-08-11T07:00:00Z,2026-08-11T08:00:00Z,681447.666675
app/bodegaai-production-alb/31b69d3d76ab5ed1,targetgroup/bodegaai-production-pos-api/cc856aef82a80a55,RequestCountPerTarget,2026-08-11T08:00:00Z,2026-08-11T09:00:00Z,559727.000028
app/bodegaai-production-alb/31b69d3d76ab5ed1,targetgroup/bodegaai-production-pos-api/cc856aef82a80a55,RequestCountPerTarget,2026-08-11T09:00:00Z,2026-08-11T10:00:00Z,680282.666666
app/bodegaai-production-alb/31b69d3d76ab5ed1,targetgroup/bodegaai-production-pos-api/cc856aef82a80a55,RequestCountPerTarget,2026-08-11T10:00:00Z,2026-08-11T11:00:00Z,847284.5
app/bodegaai-production-alb/31b69d3d76ab5ed1,targetgroup/bodegaai-production-pos-api/cc856aef82a80a55,RequestCountPerTarget,2026-08-11T11:00:00Z,2026-08-11T12:00:00Z,858631
app/bodegaai-production-alb/31b69d3d76ab5ed1,targetgroup/bodegaai-production-pos-api/cc856aef82a80a55,RequestCountPerTarget,2026-08-11T12:00:00Z,2026-08-11T13:00:00Z,867426
app/bodegaai-production-alb/31b69d3d76ab5ed1,targetgroup/bodegaai-production-pos-api/cc856aef82a80a55,RequestCountPerTarget,2026-08-11T13:00:00Z,2026-08-11T14:00:00Z,878831.5
app/bodegaai-production-alb/31b69d3d76ab5ed1,targetgroup/bodegaai-production-pos-api/cc856aef82a80a55,RequestCountPerTarget,2026-08-11T14:00:00Z,2026-08-11T15:00:00Z,884987.5
app/bodegaai-production-alb/31b69d3d76ab5ed1,targetgroup/bodegaai-production-pos-api/cc856aef82a80a55,RequestCountPerTarget,2026-08-11T15:00:00Z,2026-08-11T16:00:00Z,885862.5
app/bodegaai-production-alb/31b69d3d76ab5ed1,targetgroup/bodegaai-production-pos-api/cc856aef82a80a55,RequestCountPerTarget,2026-08-11T16:00:00Z,2026-08-11T17:00:00Z,896368.5
app/bodegaai-production-alb/31b69d3d76ab5ed1,targetgroup/bodegaai-production-pos-api/cc856aef82a80a55,RequestCountPerTarget,2026-08-11T17:00:00Z,2026-08-11T18:00:00Z,805181.666663
app/bodegaai-production-alb/31b69d3d76ab5ed1,targetgroup/bodegaai-production-pos-api/cc856aef82a80a55,RequestCountPerTarget,2026-08-11T18:00:00Z,2026-08-11T19:00:00Z,901980
app/bodegaai-production-alb/31b69d3d76ab5ed1,targetgroup/bodegaai-production-pos-api/cc856aef82a80a55,RequestCountPerTarget,2026-08-11T19:00:00Z,2026-08-11T20:00:00Z,727962.999995
app/bodegaai-production-alb/31b69d3d76ab5ed1,targetgroup/bodegaai-production-pos-api/cc856aef82a80a55,RequestCountPerTarget,2026-08-11T20:00:00Z,2026-08-11T21:00:00Z,859684.333325
app/bodegaai-production-alb/31b69d3d76ab5ed1,targetgroup/bodegaai-production-pos-api/cc856aef82a80a55,RequestCountPerTarget,2026-08-11T21:00:00Z,2026-08-11T22:00:00Z,884623.5
app/bodegaai-production-alb/31b69d3d76ab5ed1,targetgroup/bodegaai-production-pos-api/cc856aef82a80a55,RequestCountPerTarget,2026-08-11T22:00:00Z,2026-08-11T23:00:00Z,890074.5
app/bodegaai-production-alb/31b69d3d76ab5ed1,targetgroup/bodegaai-production-pos-api/cc856aef82a80a55,RequestCountPerTarget,2026-08-11T23:00:00Z,2026-08-12T00:00:00Z,893468
app/bodegaai-production-alb/31b69d3d76ab5ed1,targetgroup/bodegaai-production-pos-api/cc856aef82a80a55,RequestCountPerTarget,2026-08-12T00:00:00Z,2026-08-12T01:00:00Z,891692
app/bodegaai-production-alb/31b69d3d76ab5ed1,targetgroup/bodegaai-production-pos-api/cc856aef82a80a55,RequestCountPerTarget,2026-08-12T01:00:00Z,2026-08-12T02:00:00Z,881419
app/bodegaai-production-alb/31b69d3d76ab5ed1,targetgroup/bodegaai-production-pos-api/cc856aef82a80a55,RequestCountPerTarget,2026-08-12T02:00:00Z,2026-08-12T03:00:00Z,870623.5
app/bodegaai-production-alb/31b69d3d76ab5ed1,targetgroup/bodegaai-production-pos-api/cc856aef82a80a55,RequestCountPerTarget,2026-08-12T03:00:00Z,2026-08-12T04:00:00Z,856491
app/bodegaai-production-alb/31b69d3d76ab5ed1,targetgroup/bodegaai-production-pos-api/cc856aef82a80a55,RequestCountPerTarget,2026-08-12T04:00:00Z,2026-08-12T05:00:00Z,839046.5
app/bodegaai-production-alb/31b69d3d76ab5ed1,targetgroup/bodegaai-production-pos-api/cc856aef82a80a55,RequestCountPerTarget,2026-08-12T05:00:00Z,2026-08-12T06:00:00Z,837317.5
app/bodegaai-production-alb/31b69d3d76ab5ed1,targetgroup/bodegaai-production-pos-api/cc856aef82a80a55,RequestCountPerTarget,2026-08-12T06:00:00Z,2026-08-12T07:00:00Z,837908
app/bodegaai-production-alb/31b69d3d76ab5ed1,targetgroup/bodegaai-production-pos-api/cc856aef82a80a55,RequestCountPerTarget,2026-08-12T07:00:00Z,2026-08-12T08:00:00Z,836883
app/bodegaai-production-alb/31b69d3d76ab5ed1,targetgroup/bodegaai-production-pos-api/cc856aef82a80a55,RequestCountPerTarget,2026-08-12T08:00:00Z,2026-08-12T09:00:00Z,841372.5
app/bodegaai-production-alb/31b69d3d76ab5ed1,targetgroup/bodegaai-production-pos-api/cc856aef82a80a55,RequestCountPerTarget,2026-08-12T09:00:00Z,2026-08-12T10:00:00Z,843289
app/bodegaai-production-alb/31b69d3d76ab5ed1,targetgroup/bodegaai-production-pos-api/cc856aef82a80a55,RequestCountPerTarget,2026-08-12T10:00:00Z,2026-08-12T11:00:00Z,840691.5
app/bodegaai-production-alb/31b69d3d76ab5ed1,targetgroup/bodegaai-production-pos-api/cc856aef82a80a55,RequestCountPerTarget,2026-08-12T11:00:00Z,2026-08-12T12:00:00Z,861918.5
app/bodegaai-production-alb/31b69d3d76ab5ed1,targetgroup/bodegaai-production-pos-api/cc856aef82a80a55,RequestCountPerTarget,2026-08-12T12:00:00Z,2026-08-12T13:00:00Z,871438.5
app/bodegaai-production-alb/31b69d3d76ab5ed1,targetgroup/bodegaai-production-pos-api/cc856aef82a80a55,RequestCountPerTarget,2026-08-12T13:00:00Z,2026-08-12T14:00:00Z,889351
app/bodegaai-production-alb/31b69d3d76ab5ed1,targetgroup/bodegaai-production-pos-api/cc856aef82a80a55,RequestCountPerTarget,2026-08-12T14:00:00Z,2026-08-12T15:00:00Z,897469
app/bodegaai-production-alb/31b69d3d76ab5ed1,targetgroup/bodegaai-production-pos-api/cc856aef82a80a55,RequestCountPerTarget,2026-08-12T15:00:00Z,2026-08-12T16:00:00Z,903027
app/bodegaai-production-alb/31b69d3d76ab5ed1,targetgroup/bodegaai-production-pos-api/cc856aef82a80a55,RequestCountPerTarget,2026-08-12T16:00:00Z,2026-08-12T17:00:00Z,904790
app/bodegaai-production-alb/31b69d3d76ab5ed1,targetgroup/bodegaai-production-pos-api/cc856aef82a80a55,RequestCountPerTarget,2026-08-12T17:00:00Z,2026-08-12T18:00:00Z,912033
app/bodegaai-production-alb/31b69d3d76ab5ed1,targetgroup/bodegaai-production-pos-api/cc856aef82a80a55,RequestCountPerTarget,2026-08-12T18:00:00Z,2026-08-12T19:00:00Z,911820
app/bodegaai-production-alb/31b69d3d76ab5ed1,targetgroup/bodegaai-production-pos-api/cc856aef82a80a55,RequestCountPerTarget,2026-08-12T19:00:00Z,2026-08-12T20:00:00Z,913841
app/bodegaai-production-alb/31b69d3d76ab5ed1,targetgroup/bodegaai-production-pos-api/cc856aef82a80a55,RequestCountPerTarget,2026-08-12T20:00:00Z,2026-08-12T21:00:00Z,910923.5
app/bodegaai-production-alb/31b69d3d76ab5ed1,targetgroup/bodegaai-production-pos-api/cc856aef82a80a55,RequestCountPerTarget,2026-08-12T21:00:00Z,2026-08-12T22:00:00Z,910637.5
app/bodegaai-production-alb/31b69d3d76ab5ed1,targetgroup/bodegaai-production-pos-api/cc856aef82a80a55,RequestCountPerTarget,2026-08-12T22:00:00Z,2026-08-12T23:00:00Z,907738.5
app/bodegaai-production-alb/31b69d3d76ab5ed1,targetgroup/bodegaai-production-pos-api/cc856aef82a80a55,RequestCountPerTarget,2026-08-12T23:00:00Z,2026-08-13T00:00:00Z,900912.5
app/bodegaai-production-alb/31b69d3d76ab5ed1,targetgroup/bodegaai-production-pos-api/cc856aef82a80a55,RequestCountPerTarget,2026-08-13T00:00:00Z,2026-08-13T01:00:00Z,898313
app/bodegaai-production-alb/31b69d3d76ab5ed1,targetgroup/bodegaai-production-pos-api/cc856aef82a80a55,RequestCountPerTarget,2026-08-13T01:00:00Z,2026-08-13T02:00:00Z,887520.5
app/bodegaai-production-alb/31b69d3d76ab5ed1,targetgroup/bodegaai-production-pos-api/cc856aef82a80a55,RequestCountPerTarget,2026-08-13T02:00:00Z,2026-08-13T03:00:00Z,879040
app/bodegaai-production-alb/31b69d3d76ab5ed1,targetgroup/bodegaai-production-pos-api/cc856aef82a80a55,RequestCountPerTarget,2026-08-13T03:00:00Z,2026-08-13T04:00:00Z,869179.5
app/bodegaai-production-alb/31b69d3d76ab5ed1,targetgroup/bodegaai-production-pos-api/cc856aef82a80a55,RequestCountPerTarget,2026-08-13T04:00:00Z,2026-08-13T05:00:00Z,856409.5
app/bodegaai-production-alb/31b69d3d76ab5ed1,targetgroup/bodegaai-production-pos-api/cc856aef82a80a55,RequestCountPerTarget,2026-08-13T05:00:00Z,2026-08-13T06:00:00Z,854224
app/bodegaai-production-alb/31b69d3d76ab5ed1,targetgroup/bodegaai-production-pos-api/cc856aef82a80a55,RequestCountPerTarget,2026-08-13T06:00:00Z,2026-08-13T07:00:00Z,851281.5
app/bodegaai-production-alb/31b69d3d76ab5ed1,targetgroup/bodegaai-production-pos-api/cc856aef82a80a55,RequestCountPerTarget,2026-08-13T07:00:00Z,2026-08-13T08:00:00Z,846082
app/bodegaai-production-alb/31b69d3d76ab5ed1,targetgroup/bodegaai-production-pos-api/cc856aef82a80a55,RequestCountPerTarget,2026-08-13T08:00:00Z,2026-08-13T09:00:00Z,852205
app/bodegaai-production-alb/31b69d3d76ab5ed1,targetgroup/bodegaai-production-pos-api/cc856aef82a80a55,RequestCountPerTarget,2026-08-13T09:00:00Z,2026-08-13T10:00:00Z,854160.5
app/bodegaai-production-alb/31b69d3d76ab5ed1,targetgroup/bodegaai-production-pos-api/cc856aef82a80a55,RequestCountPerTarget,2026-08-13T10:00:00Z,2026-08-13T11:00:00Z,859288
app/bodegaai-production-alb/31b69d3d76ab5ed1,targetgroup/bodegaai-production-pos-api/cc856aef82a80a55,RequestCountPerTarget,2026-08-13T11:00:00Z,2026-08-13T12:00:00Z,868475.5
app/bodegaai-production-alb/31b69d3d76ab5ed1,targetgroup/bodegaai-production-pos-api/cc856aef82a80a55,RequestCountPerTarget,2026-08-13T12:00:00Z,2026-08-13T13:00:00Z,883160
app/bodegaai-production-alb/31b69d3d76ab5ed1,targetgroup/bodegaai-production-pos-api/cc856aef82a80a55,RequestCountPerTarget,2026-08-13T13:00:00Z,2026-08-13T14:00:00Z,888451
app/bodegaai-production-alb/31b69d3d76ab5ed1,targetgroup/bodegaai-production-pos-api/cc856aef82a80a55,RequestCountPerTarget,2026-08-13T14:00:00Z,2026-08-13T15:00:00Z,615113.500027
app/bodegaai-production-alb/31b69d3d76ab5ed1,targetgroup/bodegaai-production-pos-api/cc856aef82a80a55,RequestCountPerTarget,2026-08-13T15:00:00Z,2026-08-13T16:00:00Z,889276.000003
app/bodegaai-production-alb/31b69d3d76ab5ed1,targetgroup/bodegaai-production-pos-api/cc856aef82a80a55,RequestCountPerTarget,2026-08-13T16:00:00Z,2026-08-13T17:00:00Z,909801
app/bodegaai-production-alb/31b69d3d76ab5ed1,targetgroup/bodegaai-production-pos-api/cc856aef82a80a55,RequestCountPerTarget,2026-08-13T17:00:00Z,2026-08-13T18:00:00Z,917102.5
app/bodegaai-production-alb/31b69d3d76ab5ed1,targetgroup/bodegaai-production-pos-api/cc856aef82a80a55,RequestCountPerTarget,2026-08-13T18:00:00Z,2026-08-13T19:00:00Z,923163.5
app/bodegaai-production-alb/31b69d3d76ab5ed1,targetgroup/bodegaai-production-pos-api/cc856aef82a80a55,RequestCountPerTarget,2026-08-13T19:00:00Z,2026-08-13T20:00:00Z,823592.16666
app/bodegaai-production-alb/31b69d3d76ab5ed1,targetgroup/bodegaai-production-pos-api/cc856aef82a80a55,RequestCountPerTarget,2026-08-13T20:00:00Z,2026-08-13T21:00:00Z,727821.250003
app/bodegaai-production-alb/31b69d3d76ab5ed1,targetgroup/bodegaai-production-pos-api/cc856aef82a80a55,RequestCountPerTarget,2026-08-13T21:00:00Z,2026-08-13T22:00:00Z,924146.5
app/bodegaai-production-alb/31b69d3d76ab5ed1,targetgroup/bodegaai-production-pos-api/cc856aef82a80a55,RequestCountPerTarget,2026-08-13T22:00:00Z,2026-08-13T23:00:00Z,913786
app/bodegaai-production-alb/31b69d3d76ab5ed1,targetgroup/bodegaai-production-pos-api/cc856aef82a80a55,RequestCountPerTarget,2026-08-13T23:00:00Z,2026-08-14T00:00:00Z,780688.333329
app/bodegaai-production-alb/31b69d3d76ab5ed1,targetgroup/bodegaai-production-pos-api/cc856aef82a80a55,RequestCountPerTarget,2026-08-14T00:00:00Z,2026-08-14T01:00:00Z,910664.5
app/bodegaai-production-alb/31b69d3d76ab5ed1,targetgroup/bodegaai-production-pos-api/cc856aef82a80a55,RequestCountPerTarget,2026-08-14T01:00:00Z,2026-08-14T02:00:00Z,905243
app/bodegaai-production-alb/31b69d3d76ab5ed1,targetgroup/bodegaai-production-pos-api/cc856aef82a80a55,RequestCountPerTarget,2026-08-14T02:00:00Z,2026-08-14T03:00:00Z,895242.5
app/bodegaai-production-alb/31b69d3d76ab5ed1,targetgroup/bodegaai-production-pos-api/cc856aef82a80a55,RequestCountPerTarget,2026-08-14T03:00:00Z,2026-08-14T04:00:00Z,880151
app/bodegaai-production-alb/31b69d3d76ab5ed1,targetgroup/bodegaai-production-pos-api/cc856aef82a80a55,RequestCountPerTarget,2026-08-14T04:00:00Z,2026-08-14T05:00:00Z,862677.5
app/bodegaai-production-alb/31b69d3d76ab5ed1,targetgroup/bodegaai-production-pos-api/cc856aef82a80a55,RequestCountPerTarget,2026-08-14T05:00:00Z,2026-08-14T06:00:00Z,859687.5
app/bodegaai-production-alb/31b69d3d76ab5ed1,targetgroup/bodegaai-production-pos-api/cc856aef82a80a55,RequestCountPerTarget,2026-08-14T06:00:00Z,2026-08-14T07:00:00Z,860152.5
app/bodegaai-production-alb/31b69d3d76ab5ed1,targetgroup/bodegaai-production-pos-api/cc856aef82a80a55,RequestCountPerTarget,2026-08-14T07:00:00Z,2026-08-14T08:00:00Z,856346.5
app/bodegaai-production-alb/31b69d3d76ab5ed1,targetgroup/bodegaai-production-pos-api/cc856aef82a80a55,RequestCountPerTarget,2026-08-14T08:00:00Z,2026-08-14T09:00:00Z,852735
app/bodegaai-production-alb/31b69d3d76ab5ed1,targetgroup/bodegaai-production-pos-api/cc856aef82a80a55,RequestCountPerTarget,2026-08-14T09:00:00Z,2026-08-14T10:00:00Z,855657
app/bodegaai-production-alb/31b69d3d76ab5ed1,targetgroup/bodegaai-production-pos-api/cc856aef82a80a55,RequestCountPerTarget,2026-08-14T10:00:00Z,2026-08-14T11:00:00Z,862681.5
app/bodegaai-production-alb/31b69d3d76ab5ed1,targetgroup/bodegaai-production-pos-api/cc856aef82a80a55,RequestCountPerTarget,2026-08-14T11:00:00Z,2026-08-14T12:00:00Z,875612
app/bodegaai-production-alb/31b69d3d76ab5ed1,targetgroup/bodegaai-production-pos-api/cc856aef82a80a55,RequestCountPerTarget,2026-08-14T12:00:00Z,2026-08-14T13:00:00Z,884342
app/bodegaai-production-alb/31b69d3d76ab5ed1,targetgroup/bodegaai-production-pos-api/cc856aef82a80a55,RequestCountPerTarget,2026-08-14T13:00:00Z,2026-08-14T14:00:00Z,790718.166668
app/bodegaai-production-alb/31b69d3d76ab5ed1,targetgroup/bodegaai-production-pos-api/cc856aef82a80a55,RequestCountPerTarget,2026-08-14T14:00:00Z,2026-08-14T15:00:00Z,507551.438097
app/bodegaai-production-alb/31b69d3d76ab5ed1,targetgroup/bodegaai-production-pos-api/cc856aef82a80a55,RequestCountPerTarget,2026-08-14T15:00:00Z,2026-08-14T16:00:00Z,466707.174996
app/bodegaai-production-alb/31b69d3d76ab5ed1,targetgroup/bodegaai-production-pos-api/cc856aef82a80a55,RequestCountPerTarget,2026-08-14T16:00:00Z,2026-08-14T17:00:00Z,916292.5
app/bodegaai-production-alb/31b69d3d76ab5ed1,targetgroup/bodegaai-production-pos-api/cc856aef82a80a55,RequestCountPerTarget,2026-08-14T17:00:00Z,2026-08-14T18:00:00Z,722132.16667
app/bodegaai-production-alb/31b69d3d76ab5ed1,targetgroup/bodegaai-production-pos-api/cc856aef82a80a55,RequestCountPerTarget,2026-08-14T18:00:00Z,2026-08-14T19:00:00Z,916917.5
app/bodegaai-production-alb/31b69d3d76ab5ed1,targetgroup/bodegaai-production-pos-api/cc856aef82a80a55,RequestCountPerTarget,2026-08-14T19:00:00Z,2026-08-14T20:00:00Z,916979.5
app/bodegaai-production-alb/31b69d3d76ab5ed1,targetgroup/bodegaai-production-pos-api/cc856aef82a80a55,RequestCountPerTarget,2026-08-14T20:00:00Z,2026-08-14T21:00:00Z,919311.5
app/bodegaai-production-alb/31b69d3d76ab5ed1,targetgroup/bodegaai-production-pos-api/cc856aef82a80a55,RequestCountPerTarget,2026-08-14T21:00:00Z,2026-08-14T22:00:00Z,919332.5
app/bodegaai-production-alb/31b69d3d76ab5ed1,targetgroup/bodegaai-production-pos-api/cc856aef82a80a55,RequestCountPerTarget,2026-08-14T22:00:00Z,2026-08-14T23:00:00Z,908651
app/bodegaai-production-alb/31b69d3d76ab5ed1,targetgroup/bodegaai-production-pos-api/cc856aef82a80a55,RequestCountPerTarget,2026-08-14T23:00:00Z,2026-08-15T00:00:00Z,907254.5
app/bodegaai-production-alb/31b69d3d76ab5ed1,targetgroup/bodegaai-production-pos-api/cc856aef82a80a55,RequestCountPerTarget,2026-08-15T00:00:00Z,2026-08-15T01:00:00Z,902849.5
app/bodegaai-production-alb/31b69d3d76ab5ed1,targetgroup/bodegaai-production-pos-api/cc856aef82a80a55,RequestCountPerTarget,2026-08-15T01:00:00Z,2026-08-15T02:00:00Z,896080
app/bodegaai-production-alb/31b69d3d76ab5ed1,targetgroup/bodegaai-production-pos-api/cc856aef82a80a55,RequestCountPerTarget,2026-08-15T02:00:00Z,2026-08-15T03:00:00Z,888019.5
app/bodegaai-production-alb/31b69d3d76ab5ed1,targetgroup/bodegaai-production-pos-api/cc856aef82a80a55,RequestCountPerTarget,2026-08-15T03:00:00Z,2026-08-15T04:00:00Z,873413
app/bodegaai-production-alb/31b69d3d76ab5ed1,targetgroup/bodegaai-production-pos-api/cc856aef82a80a55,RequestCountPerTarget,2026-08-15T04:00:00Z,2026-08-15T05:00:00Z,863873.5
app/bodegaai-production-alb/31b69d3d76ab5ed1,targetgroup/bodegaai-production-pos-api/cc856aef82a80a55,RequestCountPerTarget,2026-08-15T05:00:00Z,2026-08-15T06:00:00Z,855996.5
app/bodegaai-production-alb/31b69d3d76ab5ed1,targetgroup/bodegaai-production-pos-api/cc856aef82a80a55,RequestCountPerTarget,2026-08-15T06:00:00Z,2026-08-15T07:00:00Z,853363.5
app/bodegaai-production-alb/31b69d3d76ab5ed1,targetgroup/bodegaai-production-pos-api/cc856aef82a80a55,RequestCountPerTarget,2026-08-15T07:00:00Z,2026-08-15T08:00:00Z,853428
app/bodegaai-production-alb/31b69d3d76ab5ed1,targetgroup/bodegaai-production-pos-api/cc856aef82a80a55,RequestCountPerTarget,2026-08-15T08:00:00Z,2026-08-15T09:00:00Z,854103.5
app/bodegaai-production-alb/31b69d3d76ab5ed1,targetgroup/bodegaai-production-pos-api/cc856aef82a80a55,RequestCountPerTarget,2026-08-15T09:00:00Z,2026-08-15T10:00:00Z,851461.5
app/bodegaai-production-alb/31b69d3d76ab5ed1,targetgroup/bodegaai-production-pos-api/cc856aef82a80a55,RequestCountPerTarget,2026-08-15T10:00:00Z,2026-08-15T11:00:00Z,854959
app/bodegaai-production-alb/31b69d3d76ab5ed1,targetgroup/bodegaai-production-pos-api/cc856aef82a80a55,RequestCountPerTarget,2026-08-15T11:00:00Z,2026-08-15T12:00:00Z,868051
app/bodegaai-production-alb/31b69d3d76ab5ed1,targetgroup/bodegaai-production-pos-api/cc856aef82a80a55,RequestCountPerTarget,2026-08-15T12:00:00Z,2026-08-15T13:00:00Z,884934.5
app/bodegaai-production-alb/31b69d3d76ab5ed1,targetgroup/bodegaai-production-pos-api/cc856aef82a80a55,RequestCountPerTarget,2026-08-15T13:00:00Z,2026-08-15T14:00:00Z,900275
app/bodegaai-production-alb/31b69d3d76ab5ed1,targetgroup/bodegaai-production-pos-api/cc856aef82a80a55,RequestCountPerTarget,2026-08-15T14:00:00Z,2026-08-15T15:00:00Z,907936
app/bodegaai-production-alb/31b69d3d76ab5ed1,targetgroup/bodegaai-production-pos-api/cc856aef82a80a55,RequestCountPerTarget,2026-08-15T15:00:00Z,2026-08-15T16:00:00Z,912308.5
app/bodegaai-production-alb/31b69d3d76ab5ed1,targetgroup/bodegaai-production-pos-api/cc856aef82a80a55,RequestCountPerTarget,2026-08-15T16:00:00Z,2026-08-15T17:00:00Z,914126.5
app/bodegaai-production-alb/31b69d3d76ab5ed1,targetgroup/bodegaai-production-pos-api/cc856aef82a80a55,RequestCountPerTarget,2026-08-15T17:00:00Z,2026-08-15T18:00:00Z,913531.5
app/bodegaai-production-alb/31b69d3d76ab5ed1,targetgroup/bodegaai-production-pos-api/cc856aef82a80a55,RequestCountPerTarget,2026-08-15T18:00:00Z,2026-08-15T19:00:00Z,917613
app/bodegaai-production-alb/31b69d3d76ab5ed1,targetgroup/bodegaai-production-pos-api/cc856aef82a80a55,RequestCountPerTarget,2026-08-15T19:00:00Z,2026-08-15T20:00:00Z,921038.5
app/bodegaai-production-alb/31b69d3d76ab5ed1,targetgroup/bodegaai-production-pos-api/cc856aef82a80a55,RequestCountPerTarget,2026-08-15T20:00:00Z,2026-08-15T21:00:00Z,920296
app/bodegaai-production-alb/31b69d3d76ab5ed1,targetgroup/bodegaai-production-pos-api/cc856aef82a80a55,RequestCountPerTarget,2026-08-15T21:00:00Z,2026-08-15T22:00:00Z,918171.5
app/bodegaai-production-alb/31b69d3d76ab5ed1,targetgroup/bodegaai-production-pos-api/cc856aef82a80a55,RequestCountPerTarget,2026-08-15T22:00:00Z,2026-08-15T23:00:00Z,917688
app/bodegaai-production-alb/31b69d3d76ab5ed1,targetgroup/bodegaai-production-pos-api/cc856aef82a80a55,RequestCountPerTarget,2026-08-15T23:00:00Z,2026-08-16T00:00:00Z,913757
app/bodegaai-production-alb/31b69d3d76ab5ed1,targetgroup/bodegaai-production-pos-api/cc856aef82a80a55,RequestCountPerTarget,2026-08-16T00:00:00Z,2026-08-16T01:00:00Z,913271
app/bodegaai-production-alb/31b69d3d76ab5ed1,targetgroup/bodegaai-production-pos-api/cc856aef82a80a55,RequestCountPerTarget,2026-08-16T01:00:00Z,2026-08-16T02:00:00Z,907485
app/bodegaai-production-alb/31b69d3d76ab5ed1,targetgroup/bodegaai-production-pos-api/cc856aef82a80a55,RequestCountPerTarget,2026-08-16T02:00:00Z,2026-08-16T03:00:00Z,900287.5
app/bodegaai-production-alb/31b69d3d76ab5ed1,targetgroup/bodegaai-production-pos-api/cc856aef82a80a55,RequestCountPerTarget,2026-08-16T03:00:00Z,2026-08-16T04:00:00Z,885354.5
app/bodegaai-production-alb/31b69d3d76ab5ed1,targetgroup/bodegaai-production-pos-api/cc856aef82a80a55,RequestCountPerTarget,2026-08-16T04:00:00Z,2026-08-16T05:00:00Z,874736
app/bodegaai-production-alb/31b69d3d76ab5ed1,targetgroup/bodegaai-production-pos-api/cc856aef82a80a55,RequestCountPerTarget,2026-08-16T05:00:00Z,2026-08-16T06:00:00Z,869129
app/bodegaai-production-alb/31b69d3d76ab5ed1,targetgroup/bodegaai-production-pos-api/cc856aef82a80a55,RequestCountPerTarget,2026-08-16T06:00:00Z,2026-08-16T07:00:00Z,865809.5
app/bodegaai-production-alb/31b69d3d76ab5ed1,targetgroup/bodegaai-production-pos-api/cc856aef82a80a55,RequestCountPerTarget,2026-08-16T07:00:00Z,2026-08-16T08:00:00Z,863048.5
app/bodegaai-production-alb/31b69d3d76ab5ed1,targetgroup/bodegaai-production-pos-api/cc856aef82a80a55,RequestCountPerTarget,2026-08-16T08:00:00Z,2026-08-16T09:00:00Z,862329.5
app/bodegaai-production-alb/31b69d3d76ab5ed1,targetgroup/bodegaai-production-pos-api/cc856aef82a80a55,RequestCountPerTarget,2026-08-16T09:00:00Z,2026-08-16T10:00:00Z,862060
app/bodegaai-production-alb/31b69d3d76ab5ed1,targetgroup/bodegaai-production-pos-api/cc856aef82a80a55,RequestCountPerTarget,2026-08-16T10:00:00Z,2026-08-16T11:00:00Z,863724.5
app/bodegaai-production-alb/31b69d3d76ab5ed1,targetgroup/bodegaai-production-pos-api/cc856aef82a80a55,RequestCountPerTarget,2026-08-16T11:00:00Z,2026-08-16T12:00:00Z,871639
app/bodegaai-production-alb/31b69d3d76ab5ed1,targetgroup/bodegaai-production-pos-api/cc856aef82a80a55,RequestCountPerTarget,2026-08-16T12:00:00Z,2026-08-16T13:00:00Z,881944.5
app/bodegaai-production-alb/31b69d3d76ab5ed1,targetgroup/bodegaai-production-pos-api/cc856aef82a80a55,RequestCountPerTarget,2026-08-16T13:00:00Z,2026-08-16T14:00:00Z,892512.5
app/bodegaai-production-alb/31b69d3d76ab5ed1,targetgroup/bodegaai-production-pos-api/cc856aef82a80a55,RequestCountPerTarget,2026-08-16T14:00:00Z,2026-08-16T15:00:00Z,902824
app/bodegaai-production-alb/31b69d3d76ab5ed1,targetgroup/bodegaai-production-pos-api/cc856aef82a80a55,RequestCountPerTarget,2026-08-16T15:00:00Z,2026-08-16T16:00:00Z,905235.5
app/bodegaai-production-alb/31b69d3d76ab5ed1,targetgroup/bodegaai-production-pos-api/cc856aef82a80a55,RequestCountPerTarget,2026-08-16T16:00:00Z,2026-08-16T17:00:00Z,906218.5
app/bodegaai-production-alb/31b69d3d76ab5ed1,targetgroup/bodegaai-production-pos-api/cc856aef82a80a55,RequestCountPerTarget,2026-08-16T17:00:00Z,2026-08-16T18:00:00Z,908385.5
app/bodegaai-production-alb/31b69d3d76ab5ed1,targetgroup/bodegaai-production-pos-api/cc856aef82a80a55,RequestCountPerTarget,2026-08-16T18:00:00Z,2026-08-16T19:00:00Z,911245
app/bodegaai-production-alb/31b69d3d76ab5ed1,targetgroup/bodegaai-production-pos-api/cc856aef82a80a55,RequestCountPerTarget,2026-08-16T19:00:00Z,2026-08-16T20:00:00Z,912932
app/bodegaai-production-alb/31b69d3d76ab5ed1,targetgroup/bodegaai-production-pos-api/cc856aef82a80a55,RequestCountPerTarget,2026-08-16T20:00:00Z,2026-08-16T21:00:00Z,911620
app/bodegaai-production-alb/31b69d3d76ab5ed1,targetgroup/bodegaai-production-pos-api/cc856aef82a80a55,RequestCountPerTarget,2026-08-16T21:00:00Z,2026-08-16T22:00:00Z,909637
app/bodegaai-production-alb/31b69d3d76ab5ed1,targetgroup/bodegaai-production-pos-api/cc856aef82a80a55,RequestCountPerTarget,2026-08-16T22:00:00Z,2026-08-16T23:00:00Z,905825
app/bodegaai-production-alb/31b69d3d76ab5ed1,targetgroup/bodegaai-production-pos-api/cc856aef82a80a55,RequestCountPerTarget,2026-08-16T23:00:00Z,2026-08-17T00:00:00Z,906372
app/bodegaai-production-alb/31b69d3d76ab5ed1,targetgroup/bodegaai-production-pos-api/cc856aef82a80a55,RequestCountPerTarget,2026-08-17T00:00:00Z,2026-08-17T01:00:00Z,901945
app/bodegaai-production-alb/31b69d3d76ab5ed1,targetgroup/bodegaai-production-pos-api/cc856aef82a80a55,RequestCountPerTarget,2026-08-17T01:00:00Z,2026-08-17T02:00:00Z,895636
app/bodegaai-production-alb/31b69d3d76ab5ed1,targetgroup/bodegaai-production-pos-api/cc856aef82a80a55,RequestCountPerTarget,2026-08-17T02:00:00Z,2026-08-17T03:00:00Z,884528.5
app/bodegaai-production-alb/31b69d3d76ab5ed1,targetgroup/bodegaai-production-pos-api/cc856aef82a80a55,RequestCountPerTarget,2026-08-17T03:00:00Z,2026-08-17T04:00:00Z,870959.5
app/bodegaai-production-alb/31b69d3d76ab5ed1,targetgroup/bodegaai-production-pos-api/cc856aef82a80a55,RequestCountPerTarget,2026-08-17T04:00:00Z,2026-08-17T05:00:00Z,862888.5
app/bodegaai-production-alb/31b69d3d76ab5ed1,targetgroup/bodegaai-production-pos-api/cc856aef82a80a55,RequestCountPerTarget,2026-08-17T05:00:00Z,2026-08-17T06:00:00Z,857024
app/bodegaai-production-alb/31b69d3d76ab5ed1,targetgroup/bodegaai-production-pos-api/cc856aef82a80a55,RequestCountPerTarget,2026-08-17T06:00:00Z,2026-08-17T07:00:00Z,854062.5
app/bodegaai-production-alb/31b69d3d76ab5ed1,targetgroup/bodegaai-production-pos-api/cc856aef82a80a55,RequestCountPerTarget,2026-08-17T07:00:00Z,2026-08-17T08:00:00Z,858738.5
app/bodegaai-production-alb/31b69d3d76ab5ed1,targetgroup/bodegaai-production-pos-api/cc856aef82a80a55,RequestCountPerTarget,2026-08-17T08:00:00Z,2026-08-17T09:00:00Z,860939
app/bodegaai-production-alb/31b69d3d76ab5ed1,targetgroup/bodegaai-production-pos-api/cc856aef82a80a55,RequestCountPerTarget,2026-08-17T09:00:00Z,2026-08-17T10:00:00Z,857374.5
app/bodegaai-production-alb/31b69d3d76ab5ed1,targetgroup/bodegaai-production-pos-api/cc856aef82a80a55,RequestCountPerTarget,2026-08-17T10:00:00Z,2026-08-17T11:00:00Z,863566
app/bodegaai-production-alb/31b69d3d76ab5ed1,targetgroup/bodegaai-production-pos-api/cc856aef82a80a55,RequestCountPerTarget,2026-08-17T11:00:00Z,2026-08-17T12:00:00Z,873492
app/bodegaai-production-alb/31b69d3d76ab5ed1,targetgroup/bodegaai-production-pos-api/cc856aef82a80a55,RequestCountPerTarget,2026-08-17T12:00:00Z,2026-08-17T13:00:00Z,888475
app/bodegaai-production-alb/31b69d3d76ab5ed1,targetgroup/bodegaai-production-pos-api/cc856aef82a80a55,RequestCountPerTarget,2026-08-17T13:00:00Z,2026-08-17T14:00:00Z,900603.5
app/bodegaai-production-alb/31b69d3d76ab5ed1,targetgroup/bodegaai-production-pos-api/cc856aef82a80a55,RequestCountPerTarget,2026-08-17T14:00:00Z,2026-08-17T15:00:00Z,889676
app/bodegaai-production-alb/31b69d3d76ab5ed1,targetgroup/bodegaai-production-pos-api/cc856aef82a80a55,RequestCountPerTarget,2026-08-17T15:00:00Z,2026-08-17T16:00:00Z,904959
app/bodegaai-production-alb/31b69d3d76ab5ed1,targetgroup/bodegaai-production-pos-api/cc856aef82a80a55,RequestCountPerTarget,2026-08-17T16:00:00Z,2026-08-17T17:00:00Z,909128.5
app/bodegaai-production-alb/31b69d3d76ab5ed1,targetgroup/bodegaai-production-pos-api/cc856aef82a80a55,RequestCountPerTarget,2026-08-17T17:00:00Z,2026-08-17T18:00:00Z,907575
app/bodegaai-production-alb/31b69d3d76ab5ed1,targetgroup/bodegaai-production-pos-api/cc856aef82a80a55,RequestCountPerTarget,2026-08-17T18:00:00Z,2026-08-17T19:00:00Z,889430.249999
app/bodegaai-production-alb/31b69d3d76ab5ed1,targetgroup/bodegaai-production-pos-api/cc856aef82a80a55,RequestCountPerTarget,2026-08-17T19:00:00Z,2026-08-17T20:00:00Z,908475
app/bodegaai-production-alb/31b69d3d76ab5ed1,targetgroup/bodegaai-production-pos-api/cc856aef82a80a55,RequestCountPerTarget,2026-08-17T20:00:00Z,2026-08-17T21:00:00Z,824525.749996
app/bodegaai-production-alb/31b69d3d76ab5ed1,targetgroup/bodegaai-production-pos-api/cc856aef82a80a55,RequestCountPerTarget,2026-08-17T21:00:00Z,2026-08-17T22:00:00Z,608418.250005
app/bodegaai-production-alb/31b69d3d76ab5ed1,targetgroup/bodegaai-production-pos-api/cc856aef82a80a55,RequestCountPerTarget,2026-08-17T22:00:00Z,2026-08-17T23:00:00Z,612341.999987
